date,geography,geography code,Highest level of qualification: Total: All usual residents aged 16 years and over,Highest level of qualification: No qualifications,Highest level of qualification: Level 1 and entry level qualifications,Highest level of qualification: Level 2 qualifications,Highest level of qualification: Apprenticeship,Highest level of qualification: Level 3 qualifications,Highest level of qualification: Level 4 qualifications or above,Highest level of qualification: Other qualifications
2021,Astley Bridge,E05000650,11398,1999,1171,1749,703,2037,3502,237
2021,Bradshaw,E05000651,9455,1599,924,1197,724,1691,3075,245
2021,Breightmet,E05000652,11218,2903,1327,1704,872,1830,2269,313
2021,Bromley Cross,E05000653,11347,1368,928,1519,739,2054,4521,218
2021,Crompton (Bolton),E05000654,13336,3658,1539,1860,627,2028,3216,408
2021,Farnworth (Bolton),E05000655,12605,3442,1527,1999,816,1951,2523,347
2021,Great Lever,E05000656,13195,4204,1527,1627,516,1877,2942,502
2021,Halliwell,E05000657,12169,3873,1537,1546,514,1606,2541,552
2021,Harper Green,E05000658,11717,3109,1361,1755,635,1804,2664,389
2021,Heaton and Lostock,E05000659,11258,1548,853,1311,505,1619,5170,252
2021,Horwich and Blackrod,E05000660,11936,2073,1104,1649,869,2221,3767,253
2021,Horwich North East,E05000661,10620,1819,1012,1421,791,1817,3535,225
2021,Hulton,E05000662,11433,2568,1188,1510,740,1845,3225,357
2021,Kearsley,E05000663,12013,2697,1426,1830,881,2167,2699,313
2021,Little Lever and Darcy Lever,E05000664,10566,2171,1247,1634,885,2030,2339,260
2021,Rumworth,E05000665,13166,4565,1512,1620,477,1712,2737,543
2021,Smithills,E05000666,11663,2174,1196,1582,718,2007,3684,302
2021,Tonge with the Haulgh,E05000667,10672,2834,1197,1541,714,1718,2393,275
2021,Westhoughton North and Chew Moor,E05000668,11751,1978,1128,1611,840,2145,3745,304
2021,Westhoughton South,E05000669,10767,1872,1087,1686,763,2030,3131,198
2021,Alexandra (Oldham),E05000719,10204,3426,1255,1385,495,1312,1956,375
2021,Chadderton Central,E05000720,9029,1985,959,1300,629,1557,2367,232
2021,Chadderton North,E05000721,9139,2054,976,1224,629,1586,2419,251
2021,Chadderton South,E05000722,9155,2218,1094,1383,656,1628,1947,229
2021,Coldhurst,E05000723,10092,3683,1280,1330,356,1331,1827,285
2021,Crompton (Oldham),E05000724,8595,1645,940,1223,744,1623,2196,224
2021,Failsworth East,E05000725,8710,1902,964,1282,725,1630,1995,212
2021,Failsworth West,E05000726,8912,2080,970,1374,670,1561,2015,242
2021,Hollinwood,E05000727,9141,2795,1109,1329,571,1339,1754,244
2021,Medlock Vale,E05000728,10923,3294,1350,1482,532,1650,2249,366
2021,Royton North,E05000729,8305,1592,911,1161,665,1542,2216,218
2021,Royton South,E05000730,8999,1823,950,1320,713,1626,2321,246
2021,Saddleworth North,E05000731,8243,1015,620,1015,570,1433,3398,192
2021,Saddleworth South,E05000732,8408,1093,629,1031,530,1361,3627,137
2021,Saddleworth West and Lees,E05000733,9150,1537,863,1273,704,1829,2719,225
2021,St James' (Oldham),E05000734,9389,2078,1077,1424,688,1727,2131,264
2021,St Mary's (Oldham),E05000735,11646,4057,1414,1544,403,1501,2252,475
2021,Shaw (Oldham),E05000736,8244,1729,855,1175,640,1499,2112,234
2021,Waterhead,E05000737,10285,2842,1186,1435,687,1637,2173,325
2021,Werneth,E05000738,10461,3360,1269,1331,330,1457,2349,365
2021,Bramhall North,E05000779,10488,1117,712,1332,422,1569,5107,229
2021,Bramhall South and Woodford,E05000780,10529,1023,736,1342,427,1520,5237,244
2021,Bredbury and Woodley,E05000781,11285,1988,1168,1739,856,2150,3121,263
2021,Bredbury Green and Romiley,E05000782,11787,2239,1237,1695,795,1889,3641,291
2021,Brinnington and Central,E05000783,14046,3508,1734,1966,846,2112,3531,349
2021,Cheadle and Gatley,E05000784,12945,1753,918,1467,515,1746,6252,294
2021,Cheadle Hulme North,E05000785,10881,1595,963,1466,656,1748,4223,230
2021,Cheadle Hulme South,E05000786,11363,1221,863,1505,551,1752,5262,209
2021,Davenport and Cale Green,E05000787,12397,2352,1281,1675,630,2061,4060,338
2021,Edgeley and Cheadle Heath,E05000788,11421,1990,1161,1578,672,1934,3846,240
2021,Hazel Grove,E05000789,11567,1685,1038,1666,823,1947,4108,300
2021,Heald Green,E05000790,10528,1729,965,1444,568,1662,3862,298
2021,Heatons North,E05000791,11423,1427,810,1202,458,1491,5819,216
2021,Heatons South,E05000792,11416,1387,747,1317,492,1631,5602,240
2021,Manor (Stockport),E05000793,11359,1829,1257,1871,850,2264,3074,214
2021,Marple North,E05000794,10237,970,708,1227,580,1459,5080,213
2021,Marple South and High Lane,E05000795,9987,1509,927,1298,672,1631,3697,253
2021,Offerton,E05000796,11380,2021,1237,1737,891,2006,3215,273
2021,Reddish North,E05000797,12101,2475,1331,1822,814,2176,3226,257
2021,Reddish South,E05000798,11192,1935,1154,1526,736,1944,3640,257
2021,Stepping Hill,E05000799,10587,1326,883,1465,669,1869,4137,238
2021,Ashton Hurst,E05000800,9289,2130,1088,1374,592,1502,2302,301
2021,Ashton St Michael's,E05000801,9916,2303,1173,1472,642,1628,2376,322
2021,Ashton Waterloo,E05000802,9321,2371,1080,1356,646,1501,2096,271
2021,Audenshaw,E05000803,10295,2108,1165,1503,698,1832,2774,215
2021,Denton North East,E05000804,9177,2035,1012,1456,742,1763,1949,220
2021,Denton South,E05000805,8959,2137,1082,1413,683,1528,1842,274
2021,Denton West,E05000806,9583,1908,993,1503,764,1952,2252,211
2021,Droylsden East,E05000807,10065,2157,1143,1487,732,1780,2501,265
2021,Droylsden West,E05000808,9271,2135,1128,1458,726,1627,1976,221
2021,Dukinfield,E05000809,10138,2273,1183,1612,715,1832,2205,318
2021,Dukinfield Stalybridge,E05000810,9412,2042,1044,1428,727,1764,2190,217
2021,Hyde Godley,E05000811,10045,2292,1125,1556,610,1794,2386,282
2021,Hyde Newton,E05000812,11994,2535,1367,1907,739,2290,2828,328
2021,Hyde Werneth,E05000813,9497,1851,941,1401,632,1738,2586,348
2021,Longdendale,E05000814,8310,1903,869,1218,524,1392,2210,194
2021,Mossley,E05000815,9319,1447,929,1391,577,1737,3048,190
2021,St Peter's (Tameside),E05000816,11157,3097,1416,1532,655,1635,2444,378
2021,Stalybridge North,E05000817,10191,2231,1137,1584,735,1748,2509,247
2021,Stalybridge South,E05000818,9200,1484,936,1399,637,1804,2741,199
2021,Altrincham,E05000819,10156,1072,612,1003,405,1317,5561,186
2021,Ashton upon Mersey,E05000820,8223,958,614,980,344,1243,3915,169
2021,Bowdon,E05000821,7446,798,464,848,247,873,4093,123
2021,Broadheath (Trafford),E05000822,10938,1220,801,1407,511,1680,5066,253
2021,Brooklands (Trafford),E05000823,8242,777,520,925,414,1176,4257,173
2021,Bucklow-St Martins,E05000824,7732,1737,955,1303,496,1390,1624,227
2021,Clifford,E05000825,10567,2115,899,1130,305,1549,4275,294
2021,Davyhulme East,E05000826,7825,1199,785,1128,493,1424,2600,196
2021,Davyhulme West,E05000827,8247,1228,841,1245,530,1487,2742,174
2021,Flixton,E05000828,8903,1323,749,1203,595,1455,3358,220
2021,Gorse Hill (Trafford),E05000829,9472,1630,1024,1339,463,1548,3203,265
2021,Hale Barns,E05000830,7958,896,544,943,258,982,4177,158
2021,Hale Central,E05000831,8136,567,340,864,216,1020,5046,83
2021,Longford (Trafford),E05000832,10243,1787,824,1207,372,1477,4299,277
2021,Priory (Trafford),E05000833,8883,940,578,897,364,1214,4702,188
2021,St Mary's (Trafford),E05000834,9327,1458,878,1328,483,1436,3547,197
2021,Sale Moor,E05000835,8304,1203,745,1080,444,1283,3354,195
2021,Stretford,E05000836,9056,1555,852,1240,462,1442,3312,193
2021,Timperley,E05000837,8941,885,639,1150,524,1376,4182,185
2021,Urmston,E05000838,9234,1365,836,1193,531,1479,3583,247
2021,Village (Trafford),E05000839,8319,1279,808,1194,471,1290,3069,208
2021,Abram,E05000840,12724,3150,1388,2169,908,2151,2603,355
2021,Ashton (Wigan),E05000841,9756,1747,938,1499,734,1920,2661,257
2021,Aspull New Springs Whelley,E05000842,10612,2142,1011,1559,821,1859,2958,262
2021,Astley Mosley Common,E05000843,10618,1698,947,1653,687,2001,3406,226
2021,Atherleigh,E05000844,9882,1976,1120,1583,719,1779,2427,278
2021,Atherton,E05000845,12532,3148,1488,1924,883,2090,2672,327
2021,Bryn (Wigan),E05000846,9508,2045,1021,1582,748,1632,2207,273
2021,Douglas,E05000847,10576,2741,1198,1612,693,1722,2324,286
2021,Golborne and Lowton West,E05000848,9911,2181,1069,1563,672,1859,2335,232
2021,Hindley,E05000849,10816,2760,1221,1721,762,1901,2245,206
2021,Hindley Green,E05000850,9528,1992,954,1526,780,1867,2203,206
2021,Ince,E05000851,10572,3078,1372,1699,699,1570,1835,319
2021,Leigh East,E05000852,10679,2317,1164,1596,691,1910,2712,289
2021,Leigh South,E05000853,11579,2377,1146,1747,808,2084,3111,306
2021,Leigh West,E05000854,13349,3380,1541,2146,877,2261,2813,331
2021,Lowton East,E05000855,11379,1599,1089,1716,776,2284,3668,247
2021,Orrell,E05000856,10007,1580,835,1431,770,1787,3378,226
2021,Pemberton,E05000857,11227,3216,1448,1791,800,1707,1981,284
2021,Shevington with Lower Ground,E05000858,9730,1531,900,1346,757,1696,3256,244
2021,Standish with Langtree,E05000859,11566,1605,967,1599,720,2087,4343,245
2021,Tyldesley (Wigan),E05000860,11444,2152,1263,1764,749,2107,3122,287
2021,Wigan Central,E05000861,10183,1915,933,1372,650,1578,3470,265
2021,Wigan West,E05000862,11118,2344,1194,1813,844,1977,2709,237
2021,Winstanley (Wigan),E05000863,9499,1427,916,1458,727,1890,2875,206
2021,Worsley Mesnes,E05000864,9896,2470,1134,1596,722,1663,2040,271
2021,Allerton and Hunts Cross,E05000886,12550,2218,1119,1565,648,2135,4639,226
2021,Anfield,E05000887,11855,3460,1353,1543,690,1766,2499,544
2021,Belle Vale (Liverpool),E05000888,12656,3926,1359,1746,677,2059,2632,257
2021,Central (Liverpool),E05000889,23958,1905,678,1131,351,11372,7992,529
2021,Childwall,E05000890,10912,1594,887,1348,496,2163,4220,204
2021,Church (Liverpool),E05000891,11235,1277,714,1174,426,1693,5754,197
2021,Clubmoor,E05000892,12649,3920,1367,1798,677,2171,2414,302
2021,County,E05000893,10823,3232,1206,1537,611,1704,2250,283
2021,Cressington,E05000894,12263,2178,1007,1491,561,1865,4916,245
2021,Croxteth,E05000895,11587,3145,1205,1604,643,1947,2780,263
2021,Everton (Liverpool),E05000896,14241,4620,1301,1633,645,2363,3268,411
2021,Fazakerley,E05000897,13486,3201,1513,2123,726,2311,3362,250
2021,Greenbank,E05000898,13901,1434,586,811,261,5744,4871,194
2021,Kensington and Fairfield,E05000899,13508,3722,1128,1281,593,2680,3733,371
2021,Kirkdale,E05000900,15589,4590,1464,1601,700,2834,4024,376
2021,Knotty Ash,E05000901,11643,2956,1173,1537,631,1954,3129,263
2021,Mossley Hill,E05000902,10053,1435,733,1002,404,1320,4941,218
2021,Norris Green,E05000903,14637,4165,1574,2034,738,2421,3324,381
2021,Old Swan,E05000904,12883,3203,1457,1727,654,2268,3296,278
2021,Picton,E05000905,15526,3566,1142,1308,462,4483,4173,392
2021,Princes Park (Liverpool),E05000906,15391,3487,1203,1377,458,2898,5559,409
2021,Riverside (Liverpool),E05000907,20422,3921,1179,1676,642,3951,8647,406
2021,St Michael's (Liverpool),E05000908,11040,1584,610,996,359,1780,5545,166
2021,Speke-Garston,E05000909,16611,4831,1947,2474,811,2522,3632,394
2021,Tuebrook and Stoneycroft,E05000910,12866,3349,1326,1731,718,2070,3304,368
2021,Warbreck (Liverpool),E05000911,12750,2938,1510,1901,673,2364,3080,284
2021,Wavertree,E05000912,11850,2228,927,1323,457,2085,4614,216
2021,West Derby,E05000913,11647,2493,1113,1593,677,2049,3454,268
2021,Woolton,E05000914,11122,1912,847,1247,540,1656,4705,215
2021,Yew Tree,E05000915,13371,3558,1328,1831,695,2278,3393,288
2021,Ainsdale,E05000932,10642,1695,1059,1536,568,1834,3624,326
2021,Birkdale,E05000933,10429,1450,975,1561,630,1985,3621,207
2021,Blundellsands,E05000934,9690,1270,767,1256,497,1583,4113,204
2021,Cambridge,E05000935,11122,2582,1126,1400,716,1626,3291,381
2021,Church (Sefton),E05000936,10220,2115,1051,1375,554,1771,3162,192
2021,Derby (Sefton),E05000937,10639,3031,1301,1565,601,1770,2089,282
2021,Duke's,E05000938,12910,2816,1335,1495,806,1875,4063,520
2021,Ford,E05000939,10341,2598,1284,1618,628,1873,2140,200
2021,Harington,E05000940,9815,1151,804,1294,464,1519,4310,273
2021,Kew (Sefton),E05000941,11164,1962,1124,1586,604,2139,3472,277
2021,Linacre (Sefton),E05000942,10906,3321,1342,1532,573,1699,2091,348
2021,Litherland,E05000943,9703,2322,1151,1506,576,1810,2090,248
2021,Manor (Sefton),E05000944,10424,2006,1018,1444,598,1713,3393,252
2021,Meols,E05000945,10227,1613,1045,1460,745,1957,3135,272
2021,Molyneux,E05000946,10359,2014,1076,1504,706,2028,2811,220
2021,Netherton and Orrell,E05000947,10474,2476,1246,1626,619,1962,2299,246
2021,Norwood,E05000948,11793,1989,1188,1836,752,2255,3498,275
2021,Park (Sefton),E05000949,10037,1697,935,1340,677,1791,3314,283
2021,Ravenmeols,E05000950,10179,1540,901,1380,647,1716,3718,277
2021,St Oswald (Sefton),E05000951,9262,2705,1090,1397,521,1618,1716,215
2021,Sudell,E05000952,11127,2058,1091,1518,760,2046,3365,289
2021,Victoria (Sefton),E05000953,10916,1477,976,1496,560,2010,4178,219
2021,Bebington,E05000954,12474,1804,1095,1732,731,2370,4471,271
2021,Bidston and St James,E05000955,12010,3423,1233,1912,675,2008,2480,279
2021,Birkenhead and Tranmere,E05000956,12771,3270,1516,2043,719,2079,2812,332
2021,Bromborough,E05000957,13353,2372,1315,2010,808,2583,3961,304
2021,Clatterbridge,E05000958,11634,1554,942,1551,660,2073,4570,284
2021,Claughton,E05000959,12275,2400,1148,1752,755,2240,3679,301
2021,Eastham,E05000960,11446,1872,1151,1638,826,2206,3470,283
2021,"Greasby, Frankby and Irby",E05000961,11866,1442,960,1652,715,2173,4621,303
2021,Heswall,E05000962,11231,1156,732,1376,481,1581,5679,226
2021,Hoylake and Meols,E05000963,10920,1279,781,1383,523,1615,5079,260
2021,Leasowe and Moreton East,E05000964,11912,2610,1358,1989,763,2211,2672,309
2021,Liscard,E05000965,12636,2611,1427,2025,772,2401,3105,295
2021,Moreton West and Saughall Massie,E05000966,11572,2241,1196,1768,799,2244,3041,283
2021,New Brighton,E05000967,12441,2178,1215,1742,710,2266,4005,325
2021,Oxton,E05000968,11665,1845,1007,1540,760,2094,4152,267
2021,Pensby and Thingwall,E05000969,10888,1706,950,1535,716,1900,3776,305
2021,Prenton,E05000970,11902,1963,1092,1823,784,2386,3606,248
2021,Rock Ferry,E05000971,12022,2802,1471,2054,776,2004,2598,317
2021,Seacombe,E05000972,11399,2753,1430,1926,650,2133,2220,287
2021,Upton (Wirral),E05000973,13140,2777,1363,2008,874,2398,3351,369
2021,Wallasey,E05000974,12126,1644,1197,1793,710,2304,4177,301
2021,West Kirby and Thurstaston,E05000975,10432,1193,703,1324,459,1614,4928,211
2021,Central (Barnsley),E05000976,10113,2595,1129,1361,669,1612,2394,353
2021,Cudworth,E05000977,9280,2423,996,1477,617,1663,1868,236
2021,Darfield,E05000978,8955,2329,1007,1238,645,1530,1935,271
2021,Darton East,E05000979,9456,1945,949,1288,616,1751,2700,207
2021,Darton West,E05000980,9271,1922,881,1282,616,1732,2598,240
2021,Dearne North,E05000981,9457,3081,1145,1404,580,1430,1563,254
2021,Dearne South,E05000982,10016,2815,1224,1578,649,1699,1810,241
2021,Dodworth,E05000983,8818,1975,797,1156,601,1497,2556,236
2021,Hoyland Milton,E05000984,9875,2323,1063,1503,743,1785,2266,192
2021,Kingstone,E05000985,9274,2496,1036,1303,603,1458,2038,340
2021,Monk Bretton,E05000986,9724,2972,1162,1404,599,1495,1836,256
2021,North East,E05000987,10963,3258,1154,1644,668,1799,2126,314
2021,Old Town (Barnsley),E05000988,8663,1715,906,1253,547,1568,2456,218
2021,Penistone East,E05000989,9761,1490,781,1271,566,1609,3799,245
2021,Penistone West,E05000990,10736,1688,939,1444,671,1905,3882,207
2021,Rockingham,E05000991,9213,2267,1023,1322,784,1597,2003,217
2021,Royston,E05000992,9210,2236,1012,1458,598,1626,2060,220
2021,St Helens (Barnsley),E05000993,8593,2788,1053,1343,533,1323,1319,234
2021,Stairfoot,E05000994,10274,3073,1204,1511,673,1585,1946,282
2021,Wombwell,E05000995,10127,2538,1234,1592,714,1763,2019,267
2021,Worsbrough,E05000996,8011,2400,894,1149,499,1225,1624,220
2021,Birtley,E05001067,6928,1671,728,1026,551,1160,1568,224
2021,Blaydon,E05001068,8052,1714,788,1148,586,1496,2151,169
2021,Bridges,E05001069,7647,1384,551,728,327,1616,2873,168
2021,Chowdene,E05001071,7345,1669,798,1054,658,1216,1761,189
2021,Crawcrook and Greenside,E05001072,7622,1202,656,1032,569,1450,2502,211
2021,Deckham,E05001073,7656,1987,851,1040,485,1169,1912,212
2021,Dunston and Teams,E05001074,7035,1693,703,928,416,1084,2035,176
2021,Dunston Hill and Whickham East,E05001075,7349,1274,663,1027,549,1344,2309,183
2021,Felling,E05001076,7148,2219,796,992,471,974,1481,215
2021,High Fell,E05001077,7364,2125,863,1032,525,1135,1498,186
2021,Lamesley,E05001078,7994,1792,845,1101,616,1404,2045,191
2021,Lobley Hill and Bensham,E05001079,8307,2239,831,1169,568,1272,1953,275
2021,Low Fell,E05001080,6928,892,505,836,447,1072,3047,129
2021,Pelaw and Heworth,E05001081,7138,1476,723,1049,595,1290,1866,139
2021,"Ryton, Crookhill and Stella",E05001082,7265,1140,651,1055,497,1273,2459,190
2021,Saltwell,E05001083,7622,1444,739,1058,391,1278,2524,188
2021,Wardley and Leam Lane,E05001084,6541,1584,720,957,532,1139,1488,121
2021,Whickham North,E05001085,6582,1351,642,936,506,1116,1842,189
2021,Whickham South and Sunniside,E05001086,6801,1025,586,938,510,1189,2361,192
2021,Windy Nook and Whitehills,E05001087,7817,2095,887,1147,686,1276,1520,206
2021,Winlaton and High Spen,E05001088,7239,1471,697,1038,620,1313,1891,209
2021,Battle Hill,E05001115,8948,1680,1004,1365,829,1643,2171,256
2021,Benton,E05001116,8621,1500,763,1111,555,1359,3117,216
2021,Camperdown,E05001117,8632,1834,999,1346,618,1603,2006,226
2021,Chirton,E05001118,9134,2199,1097,1538,656,1503,1912,229
2021,Collingwood,E05001119,9172,1795,927,1405,670,1652,2468,255
2021,Cullercoats,E05001120,7815,1164,658,988,607,1247,2952,199
2021,Howdon,E05001121,9069,2256,1000,1435,714,1579,1852,233
2021,Killingworth,E05001122,9597,1525,936,1456,658,1636,3191,195
2021,Longbenton,E05001123,9218,1838,865,1252,526,1516,3029,192
2021,Monkseaton North,E05001124,7315,709,486,928,362,1053,3620,157
2021,Monkseaton South,E05001125,7958,1162,676,1109,529,1355,2916,211
2021,Northumberland,E05001126,7709,1478,763,1125,675,1468,2000,200
2021,Preston (North Tyneside),E05001127,6895,1028,545,895,525,1180,2575,147
2021,Riverside (North Tyneside),E05001128,9812,2246,1018,1468,693,1613,2529,245
2021,St Mary's (North Tyneside),E05001129,7302,702,521,956,389,1137,3420,177
2021,Tynemouth,E05001130,8763,1130,609,1000,406,1238,4204,176
2021,Valley (North Tyneside),E05001131,10872,1615,992,1558,700,2062,3756,189
2021,Wallsend,E05001132,8688,1750,859,1270,644,1535,2422,208
2021,Weetslade,E05001133,8379,1462,814,1247,673,1454,2508,221
2021,Whitley Bay,E05001134,7618,896,494,851,344,1135,3726,172
2021,Beacon and Bents,E05001135,7289,1653,710,1042,515,1233,1918,218
2021,Bede (South Tyneside),E05001136,5984,1424,650,944,550,1130,1134,152
2021,Biddick and All Saints,E05001137,6931,1843,869,1097,533,1198,1252,139
2021,Boldon Colliery,E05001138,7501,1426,766,1055,592,1455,2045,162
2021,Cleadon and East Boldon,E05001139,7044,786,492,829,460,1091,3215,171
2021,Cleadon Park,E05001140,6142,1330,633,872,501,1100,1541,165
2021,Fellgate and Hedworth,E05001141,6035,1275,674,876,550,1131,1352,177
2021,Harton,E05001142,6706,1440,661,936,542,1224,1727,176
2021,Hebburn North,E05001143,7585,1415,778,1183,579,1548,1932,150
2021,Hebburn South,E05001144,7625,1295,701,1073,662,1540,2182,172
2021,Horsley Hill,E05001145,7058,1341,687,976,598,1336,1932,188
2021,Monkton,E05001146,6990,1438,698,1009,587,1292,1792,174
2021,Primrose (South Tyneside),E05001147,6245,1480,720,940,517,1134,1290,164
2021,Simonside and Rekendyke,E05001148,7166,1796,835,1064,531,1255,1524,161
2021,Westoe,E05001149,6807,1124,636,883,518,1292,2147,207
2021,West Park (South Tyneside),E05001150,5693,1021,588,819,432,1038,1629,166
2021,Whitburn and Marsden,E05001151,6010,1169,531,818,508,1077,1755,152
2021,Whiteleas,E05001152,6481,1593,691,977,532,1191,1339,158
2021,Barnes (Sunderland),E05001153,8868,1759,887,1202,659,1535,2608,218
2021,Castle (Sunderland),E05001154,8748,2499,1066,1421,635,1522,1369,236
2021,Copt Hill,E05001155,9908,2151,1099,1409,753,1726,2537,233
2021,Doxford,E05001156,8457,1648,879,1258,654,1489,2314,215
2021,Fulwell,E05001157,9285,1314,844,1240,728,1746,3162,251
2021,Hendon (Sunderland),E05001158,9588,2581,989,1255,563,1557,2426,217
2021,Hetton,E05001159,9837,2409,1045,1502,743,1705,2215,218
2021,Houghton,E05001160,10764,2323,1136,1604,800,2009,2653,239
2021,Millfield (Sunderland),E05001161,8788,1991,838,1059,497,1279,2861,263
2021,Pallion,E05001162,9114,2400,1017,1279,648,1588,1938,244
2021,Redhill (Sunderland),E05001163,8919,2618,1176,1551,643,1379,1334,218
2021,Ryhope,E05001164,9254,2036,928,1376,675,1697,2353,189
2021,St Anne's,E05001165,8542,2337,1066,1328,646,1333,1623,209
2021,St Chad's,E05001166,7836,1834,813,1073,591,1372,1953,200
2021,St Michael's (Sunderland),E05001167,8808,1497,688,1118,550,1503,3218,234
2021,St Peter's (Sunderland),E05001168,8631,1723,731,1083,692,1530,2616,256
2021,Sandhill,E05001169,8589,2414,1118,1305,666,1427,1396,263
2021,Shiney Row,E05001170,10159,2099,1119,1606,765,1796,2518,256
2021,Silksworth,E05001171,8477,2121,919,1297,680,1405,1832,223
2021,Southwick (Sunderland),E05001172,8818,2668,986,1318,615,1328,1659,244
2021,Washington Central,E05001173,9019,1899,1047,1487,646,1595,2075,270
2021,Washington East,E05001174,9433,1790,976,1432,635,1678,2703,219
2021,Washington North,E05001175,8497,2224,1121,1455,577,1444,1473,203
2021,Washington South,E05001176,8290,1431,902,1326,582,1442,2407,200
2021,Washington West,E05001177,9450,1900,1140,1570,674,1598,2288,280
2021,Bablake,E05001218,13926,2437,1444,1845,1007,2597,4173,423
2021,Binley and Willenhall,E05001219,13902,3304,1684,2044,895,2120,3416,439
2021,Cheylesmore,E05001220,12904,2279,1191,1570,722,1929,4814,399
2021,Earlsdon,E05001221,12904,1395,833,1375,571,2102,6396,232
2021,Foleshill,E05001222,16430,4764,1949,2082,577,2114,4190,754
2021,Henley,E05001223,16161,3839,1802,2270,976,2295,4441,538
2021,Holbrook,E05001224,14895,3609,1792,2137,789,2382,3656,530
2021,Longford (Coventry),E05001225,15799,4031,1869,2317,905,2449,3673,555
2021,Lower Stoke,E05001226,18432,3425,1815,2337,842,3124,6287,602
2021,Radford (Coventry),E05001227,15829,3912,1754,2073,821,2400,4185,684
2021,St Michael's (Coventry),E05001228,24923,3774,1758,2141,646,8052,7447,1105
2021,Sherbourne,E05001229,14172,2595,1394,1797,842,2664,4490,390
2021,Upper Stoke,E05001230,15393,3666,1718,2023,849,2484,4083,570
2021,Wainbody,E05001231,13283,1214,712,1308,489,4207,4987,366
2021,Westwood,E05001232,16794,2729,1611,2057,790,3866,5265,476
2021,Whoberley,E05001233,13101,1876,1193,1630,704,2751,4562,385
2021,Woodlands (Coventry),E05001234,14533,2328,1523,2051,1034,2654,4561,382
2021,Wyken,E05001235,13495,2493,1500,1865,826,2335,4065,411
2021,Amblecote,E05001236,10735,1916,1167,1836,675,2071,2812,258
2021,Belle Vale (Dudley),E05001237,11530,2554,1261,1786,701,2080,2833,315
2021,Brierley Hill,E05001238,11940,2898,1465,1981,715,2136,2421,324
2021,Brockmoor and Pensnett,E05001239,11472,3250,1416,1754,648,1846,2246,312
2021,Castle and Priory,E05001240,13012,3104,1466,1951,754,2177,3231,329
2021,Coseley East,E05001241,10794,2984,1265,1716,690,1782,2008,349
2021,Cradley and Wollescote,E05001242,11141,2710,1262,1697,636,1997,2509,330
2021,Gornal,E05001243,10998,2735,1228,1580,785,1898,2431,341
2021,Halesowen North,E05001244,10700,2333,1109,1473,626,1938,2921,300
2021,Halesowen South,E05001245,10333,1825,958,1549,574,1789,3340,298
2021,Hayley Green and Cradley South,E05001246,9681,1870,981,1527,563,1683,2796,261
2021,Kingswinford North and Wall Heath,E05001247,10152,2000,1042,1460,687,1819,2859,285
2021,Kingswinford South,E05001248,10585,2028,1086,1561,710,1965,2941,294
2021,Lye and Stourbridge North,E05001249,10138,2497,1210,1575,600,1822,2113,321
2021,"Netherton, Woodside and St Andrews",E05001250,11794,3491,1432,1807,627,1815,2225,397
2021,Norton (Dudley),E05001251,9936,1681,900,1398,564,1617,3495,281
2021,Pedmore and Stourbridge East,E05001252,10299,1844,930,1459,516,1610,3638,302
2021,Quarry Bank and Dudley Wood,E05001253,10874,2986,1313,1716,667,1793,2052,347
2021,St James's (Dudley),E05001254,11473,2949,1302,1684,612,1821,2749,356
2021,St Thomas's (Dudley),E05001255,12229,3533,1438,1762,578,1783,2685,450
2021,Sedgley (Dudley),E05001256,9913,2191,951,1409,679,1817,2570,296
2021,Upper Gornal and Woodsetton,E05001257,11113,2953,1225,1679,744,1879,2330,303
2021,Wollaston and Stourbridge Town,E05001258,11194,2068,939,1583,619,1915,3804,266
2021,Wordsley,E05001259,10440,2167,1126,1538,733,2007,2577,292
2021,Abbey (Sandwell),E05001260,9721,1846,778,1118,398,1408,3915,258
2021,Blackheath (Sandwell),E05001261,9829,2627,1200,1505,573,1590,2033,301
2021,Bristnall,E05001262,9936,2828,1101,1384,506,1547,2259,311
2021,Charlemont with Grove Vale,E05001263,10428,2611,1157,1388,621,1647,2627,377
2021,Cradley Heath and Old Hill,E05001264,11788,3227,1361,1724,591,2018,2517,350
2021,Friar Park,E05001265,9677,3225,1234,1444,522,1425,1561,266
2021,Great Barr with Yew Tree,E05001266,10751,2378,1189,1544,495,1746,3076,323
2021,Great Bridge,E05001267,11294,3631,1319,1603,509,1657,2194,381
2021,Greets Green and Lyng,E05001268,11140,3760,1377,1330,490,1415,2226,542
2021,Hateley Heath,E05001269,11731,3684,1452,1573,578,1683,2253,508
2021,Langley,E05001270,11027,3085,1245,1638,579,1774,2360,346
2021,Newton (Sandwell),E05001271,9795,2345,1033,1315,502,1588,2655,357
2021,Old Warley,E05001272,10117,2320,1037,1434,498,1648,2883,297
2021,Oldbury,E05001273,11985,3357,1410,1531,497,1670,3054,466
2021,Princes End,E05001274,10695,3421,1370,1647,611,1578,1744,324
2021,Rowley (Sandwell),E05001275,10759,2836,1285,1704,616,1790,2193,335
2021,St Pauls (Sandwell),E05001276,12493,4133,1415,1487,410,1699,2737,612
2021,Smethwick,E05001277,11595,3883,1284,1471,472,1497,2373,615
2021,Soho and Victoria,E05001278,14164,4550,1574,1542,426,1887,3491,694
2021,Tipton Green,E05001279,12036,3678,1463,1646,567,1771,2535,376
2021,Tividale,E05001280,10192,2677,1144,1609,578,1663,2177,344
2021,Wednesbury North,E05001281,10409,3032,1216,1549,529,1580,2123,380
2021,Wednesbury South,E05001282,12093,3869,1422,1560,628,1706,2384,524
2021,West Bromwich Central,E05001283,12367,3832,1522,1429,560,1477,2945,602
2021,Bickenhill,E05001284,10663,2056,1073,1613,517,1803,3330,271
2021,Blythe,E05001285,12557,1334,1037,1604,493,2168,5683,238
2021,Castle Bromwich,E05001286,9642,2218,1104,1391,580,1744,2340,265
2021,Chelmsley Wood,E05001287,10191,3054,1380,1764,503,1519,1702,269
2021,Dorridge and Hockley Heath,E05001288,8844,886,597,1186,297,1352,4324,202
2021,Elmdon,E05001289,10083,1785,1040,1480,566,1845,3079,288
2021,Kingshurst and Fordbridge,E05001290,10168,2765,1362,1744,527,1636,1864,270
2021,Knowle (Solihull),E05001291,9172,1018,676,1170,379,1368,4344,217
2021,Lyndon,E05001292,11263,2198,1139,1618,581,2026,3376,325
2021,Meriden (Solihull),E05001293,10466,1464,775,1367,499,1624,4510,227
2021,Olton,E05001294,10280,1589,833,1300,439,1562,4301,256
2021,St Alphege,E05001295,11001,1061,717,1362,364,1533,5714,250
2021,Shirley East,E05001296,9563,1357,821,1330,437,1518,3881,219
2021,Shirley South (Solihull),E05001297,10040,1673,917,1380,480,1655,3629,306
2021,Shirley West,E05001298,10532,1897,1015,1517,528,1862,3464,249
2021,Silhill,E05001299,10229,1485,792,1224,388,1455,4636,249
2021,Smith's Wood,E05001300,9799,2802,1345,1637,490,1598,1670,257
2021,Aldridge Central and South,E05001301,11501,2307,1134,1642,705,1945,3437,331
2021,Aldridge North and Walsall Wood,E05001302,10886,2540,1166,1619,706,1812,2777,266
2021,Bentley and Darlaston North,E05001303,10769,3220,1373,1625,550,1551,2075,375
2021,Birchills Leamore,E05001304,12050,3790,1546,1751,559,1694,2320,390
2021,Blakenall,E05001305,11673,3678,1346,1681,556,1690,2306,416
2021,Bloxwich East,E05001306,10384,3286,1206,1450,631,1566,1919,326
2021,Bloxwich West,E05001307,10661,2995,1361,1569,615,1636,2162,323
2021,Brownhills,E05001308,10753,2787,1329,1645,615,1967,2101,309
2021,Darlaston South,E05001309,12697,3687,1607,1954,627,1936,2452,434
2021,Paddock,E05001310,10728,2154,925,1267,365,1436,4265,316
2021,Palfrey,E05001311,12333,3649,1465,1736,435,1792,2707,549
2021,Pelsall,E05001312,9499,2294,1003,1402,608,1703,2202,287
2021,Pheasey Park Farm,E05001313,9316,1972,969,1380,591,1713,2444,247
2021,Pleck,E05001314,11932,3772,1398,1639,474,1485,2627,537
2021,Rushall-Shelfield,E05001315,10010,2483,1184,1386,582,1769,2321,285
2021,St Matthew's (Walsall),E05001316,13542,3189,1322,1693,579,2150,4162,447
2021,Short Heath,E05001317,9643,2733,1188,1447,633,1573,1745,324
2021,Streetly,E05001318,11201,1833,1102,1465,690,1871,3949,291
2021,Willenhall North,E05001319,10157,2627,1221,1533,641,1727,2164,244
2021,Willenhall South,E05001320,13374,3786,1776,1854,661,2023,2770,504
2021,Bilston East,E05001321,12085,3731,1448,1713,563,1740,2517,373
2021,Bilston North,E05001322,10088,3036,1204,1487,509,1478,1977,397
2021,Blakenhall,E05001323,10032,3059,1077,1218,368,1095,2612,603
2021,Bushbury North,E05001324,9660,2480,1074,1503,600,1595,2121,287
2021,Bushbury South and Low Hill,E05001325,12971,3526,1595,1927,590,1823,3051,459
2021,East Park,E05001326,10011,3159,1169,1553,482,1377,1944,327
2021,Ettingshall,E05001327,12815,3564,1458,1739,499,1691,3184,680
2021,Fallings Park,E05001328,9612,2535,1141,1483,520,1576,2041,316
2021,Graiseley,E05001329,10255,2630,1171,1304,459,1421,2866,404
2021,Heath Town,E05001330,11476,2858,1271,1496,477,1729,3203,442
2021,Merry Hill,E05001331,9938,1924,998,1494,558,1621,3059,284
2021,Oxley,E05001332,9924,2257,1188,1521,553,1632,2485,288
2021,Park (Wolverhampton),E05001333,10494,2170,956,1210,393,1490,3867,408
2021,Penn,E05001334,10551,1738,951,1328,516,1691,4005,322
2021,St Peter's (Wolverhampton),E05001335,10471,2784,1165,1199,416,1715,2728,464
2021,Spring Vale,E05001336,10060,2701,1179,1415,609,1597,2193,366
2021,Tettenhall Regis,E05001337,10287,1786,867,1361,497,1712,3754,310
2021,Tettenhall Wightwick,E05001338,8985,1685,788,1040,450,1406,3368,248
2021,Wednesfield North,E05001339,9233,2599,1081,1417,582,1497,1776,281
2021,Wednesfield South,E05001340,9488,2582,1163,1332,598,1506,1961,346
2021,Baildon,E05001341,13271,2017,1272,1815,814,2292,4724,337
2021,Bingley,E05001342,15004,2117,1310,2005,893,2574,5731,374
2021,Bingley Rural,E05001343,15514,2482,1523,2100,1070,2869,5133,337
2021,Bolton and Undercliffe,E05001344,13364,3381,1619,1871,679,2208,3198,408
2021,Bowling and Barkerend,E05001345,16408,5462,2107,2238,707,2190,3093,611
2021,Bradford Moor,E05001346,15424,5656,1847,2015,418,1989,2883,616
2021,City (Bradford),E05001347,18281,5120,1866,1909,687,2821,5199,679
2021,Clayton and Fairweather Green,E05001348,13642,3506,1642,1991,749,2004,3352,398
2021,Craven,E05001349,14905,2171,1221,1989,1088,2657,5438,341
2021,Eccleshill,E05001350,15138,3895,1893,2411,984,2343,3160,452
2021,Great Horton,E05001351,13721,4121,1705,1805,609,1883,3105,493
2021,Heaton (Bradford),E05001352,14139,3779,1478,1817,392,1974,4207,492
2021,Idle and Thackley,E05001353,14195,2343,1377,2068,979,2629,4509,290
2021,Ilkley,E05001354,12621,1309,757,1477,524,1603,6691,260
2021,Keighley Central,E05001355,13832,4309,1666,1891,613,1961,2947,445
2021,Keighley East,E05001356,13516,2759,1497,1912,852,2367,3802,327
2021,Keighley West,E05001357,13214,3293,1511,2001,996,2330,2751,332
2021,Little Horton,E05001358,15303,5201,1975,2097,614,1969,2808,639
2021,Manningham,E05001359,15098,5638,1931,1797,507,1815,2810,600
2021,Queensbury (Bradford),E05001360,13975,2510,1562,2146,933,2763,3780,281
2021,Royds,E05001361,13722,3597,1751,2060,874,2244,2837,359
2021,Shipley,E05001362,12817,1974,1034,1527,573,1890,5543,276
2021,Thornton and Allerton,E05001363,14209,3173,1591,2070,817,2268,3900,390
2021,Toller (Bradford),E05001364,15234,5081,1733,1893,428,2067,3450,582
2021,Tong,E05001365,15674,4554,1932,2354,894,2195,3234,511
2021,Wharfedale (Bradford),E05001366,9773,1010,647,1129,481,1464,4856,186
2021,Wibsey,E05001367,12140,3100,1430,1747,783,1948,2738,394
2021,Windhill and Wrose,E05001368,13418,3000,1689,1915,1016,2353,3100,345
2021,Worth Valley,E05001369,11841,1771,1044,1652,864,2393,3916,201
2021,Wyke,E05001370,12171,2788,1441,1752,941,2211,2766,272
2021,Brighouse,E05001371,9087,1716,922,1226,653,1620,2730,220
2021,Calder (Calderdale),E05001372,9773,1102,661,1065,468,1405,4923,149
2021,Elland,E05001373,9780,1904,1104,1448,695,1809,2585,235
2021,Greetland and Stainland,E05001374,9207,1293,861,1302,635,1832,3091,193
2021,Hipperholme and Lightcliffe,E05001375,9514,1428,881,1293,564,1767,3383,198
2021,Illingworth and Mixenden,E05001376,9963,2333,1072,1649,751,1846,2062,250
2021,Luddendenfoot,E05001377,8360,1201,656,1137,517,1420,3254,175
2021,Northowram and Shelf,E05001378,9688,1542,954,1370,774,1866,2955,227
2021,Ovenden,E05001379,9776,2566,1160,1548,662,1748,1817,275
2021,Park (Calderdale),E05001380,11364,3875,1291,1508,343,1562,2375,410
2021,Rastrick,E05001381,9186,1806,959,1308,619,1596,2678,220
2021,Ryburn,E05001382,9426,1378,816,1356,543,1658,3519,156
2021,Skircoat,E05001383,10849,1682,881,1431,519,1854,4252,230
2021,Sowerby Bridge,E05001384,9899,1792,966,1392,737,1873,2954,185
2021,Todmorden,E05001385,10014,1770,853,1289,609,1713,3586,194
2021,Town (Calderdale),E05001386,10268,2300,1104,1471,716,1761,2619,297
2021,Warley (Calderdale),E05001387,10487,2278,1171,1560,721,1767,2637,353
2021,Ashbrow,E05001389,15853,3679,1631,2076,863,2427,4723,454
2021,Batley East,E05001390,14732,4016,1681,2163,624,2392,3307,549
2021,Batley West,E05001391,15439,4068,1710,2155,799,2561,3686,460
2021,Birstall and Birkenshaw,E05001392,13588,2555,1374,2016,963,2418,3904,358
2021,Cleckheaton,E05001393,14104,2739,1444,2055,1059,2601,3859,347
2021,Dalton,E05001396,13923,3082,1481,1921,1077,2424,3537,401
2021,Denby Dale,E05001397,13801,2313,1083,1831,969,2354,4944,307
2021,Dewsbury East,E05001398,15865,4068,1801,2360,1022,2721,3495,398
2021,Dewsbury South,E05001399,14880,4332,1616,2235,694,2263,3288,452
2021,Dewsbury West,E05001400,15696,5188,1790,2171,658,2213,3114,562
2021,Golcar,E05001401,15169,2747,1468,2043,1125,2906,4553,327
2021,Greenhead,E05001402,17103,3721,1559,1868,739,2648,6099,469
2021,Heckmondwike,E05001403,14194,3602,1580,2009,836,2450,3300,417
2021,Holme Valley South,E05001405,16169,1940,1173,2056,1027,2708,6965,300
2021,Lindley,E05001407,16458,2435,1368,1994,1067,2851,6367,376
2021,Liversedge and Gomersal,E05001408,15478,3246,1692,2195,1158,2765,4055,367
2021,Mirfield,E05001409,16365,2781,1511,2262,1188,2957,5255,411
2021,Newsome,E05001410,15895,3000,1358,1753,846,3671,4796,471
2021,"Ackworth, North Elmsall and Upton",E05001444,14364,3119,1397,2087,873,2456,4086,346
2021,Airedale and Ferry Fryston,E05001445,12619,4140,1531,1948,763,1769,2082,386
2021,Altofts and Whitwood,E05001446,15632,3566,1570,2452,1038,2892,3726,388
2021,Castleford Central and Glasshoughton,E05001447,14023,3556,1572,2249,951,2475,2846,374
2021,"Crofton, Ryhill and Walton",E05001448,13045,2924,1332,1923,837,2206,3505,318
2021,Featherstone,E05001449,14213,4064,1560,2209,952,2251,2798,379
2021,Hemsworth,E05001450,12942,3971,1415,1931,801,2100,2348,376
2021,Horbury and South Ossett,E05001451,12583,2453,1299,1853,891,2204,3547,336
2021,Knottingley,E05001452,11442,3586,1317,1810,780,1788,1881,280
2021,Normanton (Wakefield),E05001453,14155,3742,1565,2131,1000,2293,3025,399
2021,Ossett,E05001454,13528,2755,1453,2129,1008,2403,3472,308
2021,Pontefract North,E05001455,15600,3619,1708,2363,987,2718,3846,359
2021,Pontefract South,E05001456,12548,2900,1407,1881,775,1950,3264,371
2021,South Elmsall and South Kirkby,E05001457,15123,4688,1744,2349,920,2305,2647,470
2021,Stanley and Outwood East,E05001458,13780,2397,1343,1992,943,2441,4342,322
2021,Wakefield East,E05001459,13555,3981,1593,1812,829,1768,3073,499
2021,Wakefield North,E05001460,14590,3496,1658,2093,912,2175,3806,450
2021,Wakefield Rural,E05001461,14803,2665,1458,2113,1009,2606,4553,399
2021,Wakefield South,E05001462,11840,2398,1197,1547,633,1723,3952,390
2021,Wakefield West,E05001463,13006,3571,1535,1993,852,1876,2785,394
2021,Wrenthorpe and Outwood West,E05001464,14138,2640,1426,2076,954,2393,4211,438
2021,Billingham Central,E05001527,5635,1205,729,925,420,1055,1148,153
2021,Billingham East,E05001528,5243,1270,692,888,384,933,949,127
2021,Billingham North,E05001529,7220,1056,695,1068,548,1604,2067,182
2021,Billingham South,E05001530,5070,1135,556,740,408,943,1112,176
2021,Billingham West,E05001531,4418,725,424,602,403,828,1291,145
2021,Bishopsgarth and Elm Tree,E05001532,5289,1015,531,772,444,1014,1346,167
2021,Eaglescliffe,E05001533,8754,1132,661,1177,514,1469,3561,240
2021,Fairfield (Stockton-on-Tees),E05001534,4604,788,434,671,400,879,1282,150
2021,Grangefield,E05001535,5282,796,481,770,352,1003,1767,113
2021,Hardwick and Salters Lane,E05001536,5971,1670,718,937,377,974,1148,147
2021,Hartburn,E05001537,5351,685,486,721,433,1012,1861,153
2021,Ingleby Barwick East,E05001538,8402,903,675,1179,461,1796,3241,147
2021,Ingleby Barwick West,E05001539,10147,795,711,1395,542,2207,4317,180
2021,Mandale and Victoria,E05001540,8174,1982,925,1298,458,1423,1868,220
2021,Newtown (Stockton-on-Tees),E05001541,5509,1361,632,939,326,947,1154,150
2021,Northern Parishes,E05001542,3972,322,208,489,203,703,1969,78
2021,Norton North (Stockton-on-Tees),E05001543,5279,1162,574,766,400,934,1320,123
2021,Norton South,E05001544,6619,1536,655,1103,455,1200,1501,169
2021,Norton West,E05001545,5152,807,412,683,427,903,1808,112
2021,Parkfield and Oxbridge,E05001546,7474,1565,769,1073,396,1330,2133,208
2021,Roseworth,E05001547,5680,1687,637,884,389,928,1010,145
2021,Stainsby Hill,E05001548,4964,1358,597,770,388,845,839,167
2021,Stockton Town Centre,E05001549,6142,1813,679,843,340,954,1362,151
2021,Village (Stockton-on-Tees),E05001550,5493,1228,596,780,436,1077,1241,135
2021,Western Parishes,E05001551,3010,462,228,401,199,549,1119,52
2021,Yarm,E05001552,9141,983,619,1127,459,1492,4234,227
2021,Anchorsholme,E05001643,5383,1363,598,794,465,853,1142,168
2021,Bispham,E05001644,5299,1152,575,789,356,922,1360,145
2021,Bloomfield,E05001645,5910,1892,804,869,327,787,1039,192
2021,Brunswick,E05001646,5402,1344,634,768,337,898,1267,154
2021,Claremont (Blackpool),E05001647,6239,1816,869,949,354,900,1163,188
2021,Clifton (Blackpool),E05001648,5332,1468,692,842,357,855,984,134
2021,Greenlands (Blackpool),E05001649,5474,1187,648,886,368,984,1268,133
2021,Hawes Side,E05001650,5650,1408,710,915,378,1057,1060,122
2021,Highfield (Blackpool),E05001651,5271,1269,621,779,398,886,1179,139
2021,Ingthorpe,E05001652,5489,1260,589,882,406,939,1247,166
2021,Layton,E05001653,5480,1272,617,810,361,900,1356,164
2021,Marton,E05001654,5694,1035,641,935,381,1078,1514,110
2021,Norbreck,E05001655,5162,1056,539,757,392,906,1359,153
2021,Park (Blackpool),E05001656,5776,1475,659,860,362,932,1355,133
2021,Squires Gate,E05001657,5241,1148,524,812,398,955,1277,127
2021,Stanley (Blackpool),E05001658,5808,1381,614,844,450,1040,1335,144
2021,Talbot,E05001659,5624,1522,665,781,362,790,1313,191
2021,Tyldesley (Blackpool),E05001660,5456,1301,711,751,387,910,1271,125
2021,Victoria (Blackpool),E05001661,5301,1498,681,770,341,868,1002,141
2021,Warbreck (Blackpool),E05001662,5658,1257,638,850,366,968,1420,159
2021,Waterloo (Blackpool),E05001663,5697,1471,644,827,346,957,1266,186
2021,Beverley Rural,E05001687,12303,1350,1092,1807,772,2172,4769,341
2021,Bridlington Central and Old Town,E05001688,8863,2386,1073,1347,653,1350,1789,265
2021,Bridlington North,E05001689,11927,3209,1233,1567,1106,1734,2665,413
2021,Bridlington South,E05001690,11967,3281,1462,1932,780,1722,2432,358
2021,Cottingham North,E05001691,6769,997,589,801,497,1123,2572,190
2021,Cottingham South,E05001692,8051,1369,751,1004,624,1296,2757,250
2021,Dale,E05001693,14332,1579,1183,1965,899,2661,5720,325
2021,Driffield and Rural,E05001694,13144,2565,1350,1955,978,2370,3554,372
2021,East Wolds and Coastal,E05001695,12466,2260,1264,1737,904,2135,3796,370
2021,Goole North,E05001696,9183,2263,1137,1473,719,1600,1698,293
2021,Goole South,E05001697,8501,2388,1098,1308,628,1285,1461,333
2021,Hessle,E05001698,12877,2063,1196,1784,887,2537,4052,358
2021,Howden,E05001699,4604,753,441,634,315,836,1518,107
2021,Howdenshire,E05001700,13465,2330,1402,2081,919,2345,4053,335
2021,Mid Holderness,E05001701,11779,2178,1276,1557,1043,2192,3193,340
2021,Minster and Woodmansey,E05001702,13797,2263,1253,1882,805,2392,4836,366
2021,North Holderness,E05001703,9015,1896,967,1271,714,1480,2394,293
2021,Pocklington Provincial,E05001704,15616,2362,1441,2142,937,2621,5678,435
2021,St Mary's (East Riding of Yorkshire),E05001705,13521,1805,1144,1699,787,2247,5507,332
2021,"Snaith, Airmyn, Rawcliffe and Marshland",E05001706,8424,1620,879,1261,588,1550,2330,196
2021,South East Holderness,E05001707,12420,2951,1435,1779,1090,2092,2727,346
2021,South Hunsley,E05001708,8798,926,687,1112,470,1443,3939,221
2021,South West Holderness,E05001709,12104,2423,1380,1702,1045,2198,3010,346
2021,Tranby,E05001710,8570,1506,880,1193,687,1614,2449,241
2021,Willerby and Kirk Ella,E05001711,11336,1635,1011,1564,857,2014,3938,317
2021,Wolds Weighton,E05001712,14313,2118,1306,2009,921,2595,5013,351
2021,Croft Baker,E05001713,9239,2380,1064,1501,592,1492,1930,280
2021,East Marsh,E05001714,8146,2788,1253,1414,410,952,1098,231
2021,Freshney,E05001715,7649,1908,940,1314,552,1229,1479,227
2021,Haverstoe,E05001716,8213,1747,840,1193,705,1375,2088,265
2021,Heneage,E05001717,9089,2275,1194,1625,559,1518,1641,277
2021,Humberston and New Waltham,E05001718,10108,1930,1006,1500,838,1815,2674,345
2021,Immingham,E05001719,9561,2500,1289,1497,607,1651,1707,310
2021,Park (North East Lincolnshire),E05001720,9733,1916,1109,1455,547,1728,2702,276
2021,Scartho,E05001721,9340,1712,975,1450,652,1738,2556,257
2021,Sidney Sussex,E05001722,9283,2351,1353,1604,555,1499,1697,224
2021,South (North East Lincolnshire),E05001723,9496,2949,1338,1603,501,1292,1491,322
2021,Waltham,E05001724,5866,1135,529,828,445,1024,1734,171
2021,West Marsh,E05001725,5980,1856,840,1010,314,830,941,189
2021,Wolds,E05001726,6452,1066,598,967,426,1216,2005,174
2021,Yarborough,E05001727,9363,2392,1204,1552,609,1526,1792,288
2021,Ashby,E05001728,10625,2294,1352,1768,695,1994,2260,262
2021,Axholme Central,E05001729,6259,1068,573,893,414,1126,2032,153
2021,Axholme North,E05001730,6830,1394,770,1052,491,1351,1581,191
2021,Axholme South,E05001731,6058,1066,604,883,434,1106,1809,156
2021,Barton (North Lincolnshire),E05001732,9889,1876,1175,1474,693,1751,2630,290
2021,Bottesford (North Lincolnshire),E05001733,9173,1663,1055,1395,801,1752,2205,302
2021,Brigg and Wolds,E05001734,9751,2001,1051,1462,633,1664,2684,256
2021,Broughton and Appleby,E05001735,5459,1074,598,815,446,988,1361,177
2021,Brumby,E05001736,9031,2361,1331,1523,614,1313,1551,338
2021,Burringham and Gunness,E05001737,3190,958,374,465,223,497,563,110
2021,Burton upon Stather and Winterton,E05001738,9368,1664,1046,1431,741,1748,2480,258
2021,Crosby and Park,E05001739,11131,3494,1423,1481,806,1364,2025,538
2021,Ferry,E05001740,9530,1929,1043,1444,688,1681,2479,266
2021,Frodingham,E05001741,6488,1721,901,1072,434,1033,1099,228
2021,Kingsway with Lincoln Gardens,E05001742,8891,1887,1043,1474,599,1568,2048,272
2021,Ridge,E05001743,10775,1944,1103,1533,814,2048,3045,288
2021,Town (North Lincolnshire),E05001744,7030,2077,849,939,398,970,1509,288
2021,Abbey (Derby),E05001767,12257,2357,1164,1505,590,2175,4081,385
2021,Allestree,E05001768,11301,1337,856,1457,793,1857,4708,293
2021,Alvaston,E05001769,13417,3070,1636,1871,902,2189,3347,402
2021,Arboretum (Derby),E05001770,16558,5074,1765,1869,629,2403,4157,661
2021,Blagreaves,E05001771,10642,2092,1052,1376,699,1738,3306,379
2021,Boulton,E05001772,11385,2728,1402,1628,969,1912,2420,326
2021,Chaddesden,E05001773,10820,2168,1326,1687,997,2022,2306,314
2021,Chellaston,E05001774,12675,2058,1192,1762,811,2206,4345,301
2021,Darley,E05001775,13305,1665,863,1307,571,3361,5297,241
2021,Derwent,E05001776,11190,2760,1419,1811,810,1803,2254,333
2021,Littleover,E05001777,12009,1549,901,1470,562,1791,5414,322
2021,Mackworth,E05001778,12615,2291,1263,1680,757,2842,3497,285
2021,Mickleover,E05001779,12258,1590,988,1510,915,2240,4701,314
2021,Normanton (Derby),E05001780,14380,4637,1782,1837,625,1721,3072,706
2021,Oakwood (Derby),E05001781,11131,1491,1160,1538,735,2211,3776,220
2021,Sinfin,E05001782,12812,3302,1740,1962,710,1802,2712,584
2021,Spondon,E05001783,10437,1972,1077,1436,988,1962,2702,300
2021,Budshead,E05002078,10565,2031,1185,1615,815,1993,2662,264
2021,Compton,E05002079,10375,1351,768,1423,610,2129,3882,212
2021,Devonport,E05002080,12944,2590,1487,1988,915,2385,3252,327
2021,Drake,E05002081,10418,832,466,761,267,4988,2907,197
2021,Efford and Lipson,E05002082,11563,2231,1195,1631,755,2583,2880,288
2021,Eggbuckland,E05002083,10843,1819,1070,1584,953,2169,2917,331
2021,Ham,E05002084,11447,2562,1288,1826,881,2162,2465,263
2021,Honicknowle,E05002085,11412,3002,1428,1753,913,2058,1977,281
2021,Moor View,E05002086,11247,2336,1095,1542,979,2410,2610,275
2021,Peverell,E05002087,10968,1253,889,1420,710,2134,4337,225
2021,Plympton Chaddlewood,E05002088,6594,717,696,1072,536,1614,1844,115
2021,Plympton Erle,E05002089,7173,1153,742,1092,633,1441,1929,183
2021,Plympton St Mary,E05002090,10521,1627,965,1582,986,2268,2855,238
2021,Plymstock Dunstone,E05002091,10668,1619,995,1545,913,2129,3190,277
2021,Plymstock Radford,E05002092,11721,1731,997,1639,958,2364,3741,291
2021,St Budeaux,E05002093,10481,2437,1315,1714,819,1919,1976,301
2021,St Peter and the Waterfront,E05002094,15695,2689,1447,1841,856,3749,4715,398
2021,Southway,E05002095,10835,2149,1191,1623,893,2181,2518,280
2021,Stoke (Plymouth),E05002096,11404,1853,1048,1544,751,2217,3750,241
2021,Sutton and Mount Gould,E05002097,11754,1912,1121,1534,693,2469,3747,278
2021,Barnfield (Luton),E05002193,6294,942,559,790,275,1003,2564,161
2021,Biscot,E05002194,12150,3718,1417,1440,369,1541,3110,555
2021,Bramingham,E05002195,5992,975,617,771,364,962,2096,207
2021,Challney,E05002196,11476,2732,1206,1462,435,1502,3650,489
2021,Crawley,E05002197,6605,1285,733,822,340,983,2196,246
2021,Dallow,E05002198,12990,3740,1618,1546,430,1604,3351,701
2021,Farley,E05002199,10332,2633,1259,1282,499,1389,2808,462
2021,High Town,E05002200,8732,1874,859,930,443,1132,3095,399
2021,Icknield,E05002201,6547,1355,626,878,373,962,2094,259
2021,Leagrave,E05002202,10439,2419,1293,1386,494,1527,2958,362
2021,Lewsey,E05002203,10403,2441,1269,1413,544,1460,2923,353
2021,Limbury,E05002204,6687,1451,784,872,365,1034,1930,251
2021,Northwell,E05002205,6404,1505,841,916,318,926,1669,229
2021,Round Green,E05002206,9821,1908,1120,1338,540,1555,3037,323
2021,Saints,E05002207,12025,3198,1359,1569,394,1670,3295,540
2021,South (Luton),E05002208,14238,3275,1479,1436,760,1879,4735,674
2021,Stopsley,E05002209,5803,1036,682,798,428,1100,1582,177
2021,Sundon Park,E05002210,6477,1341,814,942,367,998,1764,251
2021,Wigmore,E05002211,9286,1653,1116,1352,608,1605,2689,263
2021,Belfairs,E05002212,7913,1870,901,1232,498,1267,1889,256
2021,Blenheim Park,E05002213,8777,1838,1014,1413,427,1538,2306,241
2021,Chalkwell (Southend-on-Sea),E05002214,8314,1512,833,1162,373,1373,2850,211
2021,Eastwood Park,E05002215,7935,1752,1054,1336,551,1388,1598,256
2021,Kursaal,E05002216,9543,2162,1283,1486,492,1581,2260,279
2021,Leigh,E05002217,8153,946,780,1262,333,1528,3126,178
2021,Milton (Southend-on-Sea),E05002218,9819,1819,1029,1369,484,1773,3055,290
2021,Prittlewell,E05002219,8586,1598,1052,1352,467,1403,2478,236
2021,St Laurence,E05002220,8566,1946,1152,1381,544,1429,1863,251
2021,St. Luke's (Southend-on-Sea),E05002221,8866,1905,1232,1458,423,1594,1985,269
2021,Shoeburyness,E05002222,9444,2144,1281,1599,481,1632,2040,267
2021,Southchurch,E05002223,8147,1845,1019,1359,383,1267,2022,252
2021,Thorpe (Southend-on-Sea),E05002224,7697,1297,905,1193,393,1363,2272,274
2021,Victoria (Southend-on-Sea),E05002225,10259,2216,1239,1568,437,1696,2786,317
2021,Westborough (Southend-on-Sea),E05002226,8769,1456,1040,1364,399,1640,2602,268
2021,West Leigh,E05002227,7538,876,712,1258,345,1448,2695,204
2021,West Shoebury,E05002228,8089,1642,1064,1361,401,1372,2009,240
2021,Aveley and Uplands,E05002229,8335,1891,1036,1311,389,1327,2153,228
2021,Belhus,E05002230,7985,2100,1000,1250,319,1250,1831,235
2021,Chadwell St Mary,E05002231,8141,2345,1111,1261,391,1161,1628,244
2021,Chafford and North Stifford,E05002232,6185,795,654,1003,274,1060,2250,149
2021,Corringham and Fobbing,E05002233,4764,1075,655,861,335,867,843,128
2021,East Tilbury,E05002234,5855,1105,793,1026,285,1071,1410,165
2021,Grays Riverside,E05002235,10056,1980,1129,1282,448,1460,3317,440
2021,Grays Thurrock,E05002236,7823,1874,963,1029,372,1171,2116,298
2021,Little Thurrock Blackshots,E05002237,5579,1204,633,900,274,982,1387,199
2021,Little Thurrock Rectory,E05002238,5090,1056,648,786,292,865,1270,173
2021,Ockendon,E05002239,9151,1877,1112,1447,443,1452,2529,291
2021,Orsett,E05002240,5376,1047,658,855,329,965,1365,157
2021,South Chafford,E05002241,5734,620,514,836,195,938,2468,163
2021,Stanford East and Corringham Town,E05002242,6967,1837,881,1246,420,1208,1141,234
2021,Stanford-le-Hope West,E05002243,6066,1157,752,1136,334,1164,1354,169
2021,Stifford Clays,E05002244,5388,1292,706,841,319,928,1134,168
2021,The Homesteads,E05002245,6926,1373,909,1265,440,1333,1393,213
2021,Tilbury Riverside and Thurrock Park,E05002246,5648,1490,733,796,240,779,1418,192
2021,Tilbury St Chads,E05002247,5057,1479,640,683,189,681,1198,187
2021,West Thurrock and South Stifford,E05002248,10243,1844,1113,1442,471,1488,3519,366
2021,Chatham Central,E05002249,12659,3018,1540,1929,647,1888,3183,454
2021,Cuxton and Halling,E05002250,5341,862,641,848,356,1048,1441,145
2021,Gillingham North,E05002251,15031,2814,1809,2260,768,3144,3794,442
2021,Gillingham South,E05002252,13268,2630,1678,2077,685,2116,3663,419
2021,Hempstead and Wigmore,E05002253,6754,1011,745,1045,463,1287,2025,178
2021,Lordswood and Capstone,E05002254,7241,1417,966,1303,483,1314,1546,212
2021,Luton and Wayfield,E05002255,11416,2782,1498,1820,679,1761,2490,386
2021,Peninsula,E05002256,12847,2834,1592,1999,898,2425,2711,388
2021,Princes Park (Medway),E05002257,8005,1411,970,1402,477,1565,1977,203
2021,Rainham Central,E05002258,10254,1737,1185,1661,762,1893,2668,348
2021,Rainham North,E05002259,7475,1400,936,1151,574,1371,1823,220
2021,Rainham South,E05002260,10886,1890,1346,1826,733,2194,2573,324
2021,River (Medway),E05002261,9967,1478,938,1461,445,1861,3518,266
2021,Rochester East,E05002262,8385,1545,957,1230,438,1394,2571,250
2021,Rochester South and Horsted,E05002263,11114,2154,1251,1610,721,1928,3109,341
2021,Rochester West,E05002264,9206,1500,959,1272,479,1516,3246,234
2021,Strood North,E05002265,11366,2127,1465,1850,667,1971,2946,340
2021,Strood Rural,E05002266,12661,2205,1474,2211,846,2522,3036,367
2021,Strood South,E05002267,12703,2833,1699,2153,743,2146,2758,371
2021,Twydall,E05002268,10739,2477,1419,1811,743,1864,2097,328
2021,Walderslade,E05002269,7774,1651,903,1303,515,1441,1749,212
2021,Watling (Medway),E05002270,7668,1383,930,1204,499,1358,2077,217
2021,Ascot,E05002271,4700,526,380,608,236,836,1992,122
2021,Binfield with Warfield,E05002272,9659,911,742,1312,404,1895,4197,198
2021,Bullbrook,E05002273,5520,821,615,786,290,918,1895,195
2021,Central Sandhurst,E05002274,4187,615,450,662,244,780,1321,115
2021,College Town,E05002275,4919,669,564,679,368,878,1632,129
2021,Crown Wood,E05002276,6225,847,705,1004,344,1185,1965,175
2021,Crowthorne,E05002277,4994,588,425,713,231,859,2082,96
2021,Great Hollands North,E05002278,6000,748,760,942,311,1071,2027,141
2021,Great Hollands South,E05002279,3929,627,516,612,201,730,1139,104
2021,Hanworth,E05002280,6561,1030,850,979,385,1161,1957,199
2021,Harmans Water,E05002281,7214,921,793,1029,334,1258,2677,202
2021,Little Sandhurst and Wellington,E05002282,4821,536,371,930,218,804,1844,118
2021,Old Bracknell,E05002283,4680,712,567,707,284,850,1437,123
2021,Owlsmoor,E05002284,4059,524,464,647,200,795,1297,132
2021,Priestwood and Garth,E05002285,6817,1110,887,1064,352,1204,2025,175
2021,Warfield Harvest Ride,E05002286,6382,483,596,1035,262,1148,2756,102
2021,Wildridings and Central,E05002287,5144,807,531,698,253,877,1802,176
2021,Winkfield and Cranbourne,E05002288,4124,705,364,523,255,625,1537,115
2021,Arborfield,E05002372,2277,245,229,328,95,436,904,40
2021,Barkham,E05002373,3607,270,248,468,147,665,1743,66
2021,Bulmershe and Whitegates,E05002374,7644,1305,775,918,329,1201,2881,235
2021,Charvil,E05002375,2486,256,191,331,77,376,1224,31
2021,Coronation,E05002376,4527,524,434,622,222,802,1828,95
2021,Emmbrook,E05002377,7897,680,605,1003,301,1239,3853,216
2021,Evendons,E05002378,7511,629,576,890,264,1180,3844,128
2021,Finchampstead North,E05002379,4448,363,347,595,189,712,2143,99
2021,Finchampstead South,E05002380,4997,549,385,654,225,751,2333,100
2021,Hawkedon,E05002381,7411,625,619,1010,276,1158,3560,163
2021,Hillside (Wokingham),E05002382,6857,582,487,805,244,981,3602,156
2021,Hurst,E05002383,2356,195,161,303,96,365,1191,45
2021,Loddon,E05002384,8190,942,829,1166,418,1435,3215,185
2021,Maiden Erlegh,E05002385,8583,690,561,906,284,2097,3840,205
2021,Norreys,E05002386,8995,1034,819,1149,373,1431,3947,242
2021,"Remenham, Wargrave and Ruscombe",E05002387,4536,526,302,522,154,623,2296,113
2021,Shinfield North,E05002388,2855,439,320,386,114,394,1114,88
2021,Shinfield South,E05002389,9496,904,692,1149,381,1587,4585,198
2021,Sonning,E05002390,2687,323,195,333,134,386,1259,57
2021,South Lake,E05002391,4609,618,476,590,262,672,1861,130
2021,Swallowfield,E05002392,2771,344,229,362,134,456,1168,78
2021,Twyford,E05002393,4872,482,333,577,215,675,2529,61
2021,Wescott,E05002394,6006,507,374,711,166,907,3193,148
2021,Winnersh,E05002395,8478,891,700,1114,356,1382,3867,168
2021,Wokingham Without,E05002396,6726,747,506,883,290,1083,3067,150
2021,Brunswick and Adelaide,E05002420,9082,605,410,786,266,1477,5361,177
2021,Central Hove,E05002421,8369,830,476,790,266,1296,4531,180
2021,East Brighton,E05002422,11932,2456,1166,1386,493,1732,4416,283
2021,Goldsmid,E05002423,13740,1277,725,1238,377,2108,7732,283
2021,Hangleton and Knoll,E05002424,12105,2342,1252,1626,586,1947,3974,378
2021,Hanover and Elm Grove,E05002425,13831,1127,627,1088,291,3783,6691,224
2021,Hollingdean and Stanmer,E05002426,14491,1838,973,1362,462,5412,4103,341
2021,Moulsecoomb and Bevendean,E05002427,14556,2546,1181,1485,516,4763,3737,328
2021,North Portslade,E05002428,8069,1503,1054,1251,489,1422,2125,225
2021,Patcham,E05002429,11713,1746,1093,1681,533,2025,4359,276
2021,Preston Park,E05002430,12583,819,573,1176,264,2207,7385,159
2021,Queen's Park (Brighton and Hove),E05002431,13811,1838,876,1392,405,2526,6487,287
2021,Regency,E05002432,9231,711,425,783,209,1652,5260,191
2021,Rottingdean Coastal,E05002433,12411,1578,894,1446,530,2006,5598,359
2021,St. Peter's and North Laine,E05002434,16111,1105,761,1296,329,3795,8422,403
2021,South Portslade,E05002435,8016,1338,850,1065,439,1378,2732,214
2021,Hove Park,E05002436,8815,903,571,1036,303,1336,4492,174
2021,Westbourne (Brighton and Hove),E05002437,8279,927,463,869,215,1190,4424,191
2021,Wish,E05002438,8100,1036,578,907,271,1151,3972,185
2021,Withdean,E05002439,12115,1056,726,1378,345,1825,6578,207
2021,Woodingdean,E05002440,8002,1634,871,1024,463,1328,2409,273
2021,Baffins,E05002441,12154,2137,1306,1871,887,2349,3264,340
2021,Central Southsea,E05002442,13697,1515,900,1401,484,4294,4806,297
2021,Charles Dickens,E05002443,18394,3898,1728,2117,670,5876,3604,501
2021,Copnor,E05002444,10743,1816,1256,1645,746,2166,2812,302
2021,Cosham,E05002445,11496,2352,1240,1672,724,2081,3133,294
2021,Drayton and Farlington,E05002446,11180,1548,1034,1590,774,2112,3842,280
2021,Eastney and Craneswater,E05002447,10871,1476,832,1273,519,1815,4625,331
2021,Fratton,E05002448,12219,2290,1406,1866,642,2418,3206,391
2021,Hilsea,E05002449,11251,2178,1167,1664,726,2139,3052,325
2021,Milton (Portsmouth),E05002450,11599,1789,1155,1566,633,2067,4116,273
2021,Nelson (Portsmouth),E05002451,11954,2901,1446,1705,751,2046,2736,369
2021,Paulsgrove,E05002452,11430,2863,1367,1789,688,1921,2470,332
2021,St Jude,E05002453,10752,1230,697,1040,395,2163,4975,252
2021,St Thomas (Portsmouth),E05002454,13081,1772,900,1204,452,3850,4552,351
2021,Bargate,E05002455,20388,2229,1149,1751,622,5556,8468,613
2021,Bassett,E05002456,12542,1586,773,1166,463,3220,5023,311
2021,Bevois,E05002457,15249,2658,1289,1460,559,3620,5122,541
2021,Bitterne,E05002458,11092,2786,1547,1820,833,1753,2032,321
2021,Bitterne Park,E05002459,11338,1707,1098,1579,736,2080,3854,284
2021,Coxford,E05002460,11394,2688,1350,1635,733,1841,2812,335
2021,Freemantle,E05002461,13645,1820,1073,1548,661,2272,5836,435
2021,Harefield,E05002462,11542,2368,1393,1792,873,2010,2728,378
2021,Millbrook,E05002463,12647,2649,1427,1840,765,1972,3553,441
2021,Peartree (Southampton),E05002464,11453,2027,1243,1791,778,2225,3111,278
2021,Portswood,E05002465,12906,1512,730,1006,403,3520,5392,343
2021,Redbridge,E05002466,12499,2993,1592,1966,841,2103,2653,351
2021,Shirley,E05002467,11904,1867,1059,1471,571,1770,4803,363
2021,Sholing,E05002468,11600,2284,1331,1754,927,2314,2641,349
2021,Swaythling,E05002469,11601,1871,960,1182,512,3516,3196,364
2021,Woolston,E05002470,12568,2336,1456,1910,822,2218,3438,388
2021,Alfreton,E05003280,7252,1931,871,1026,465,1260,1542,157
2021,Alport,E05003281,2241,329,180,275,127,329,948,53
2021,Belper Central,E05003282,4581,777,389,597,266,800,1660,92
2021,Belper East,E05003283,4886,677,469,759,311,974,1595,101
2021,Belper North,E05003284,4042,686,344,477,295,639,1522,79
2021,Codnor and Waingroves,E05003286,4203,984,491,568,352,808,906,94
2021,Crich,E05003287,2260,380,180,274,123,338,915,50
2021,Heage and Ambergate,E05003289,4173,755,353,514,302,789,1360,100
2021,Heanor and Loscoe,E05003290,4279,940,535,726,355,755,855,113
2021,Heanor West,E05003292,5269,1247,667,844,332,941,1106,132
2021,Ironville and Riddings,E05003293,5033,1201,648,762,324,897,1077,124
2021,Langley Mill and Aldercar,E05003295,4654,1144,599,772,294,871,879,95
2021,Ripley,E05003296,7681,1610,871,1167,559,1453,1835,186
2021,Ripley and Marehay,E05003297,4555,1073,510,656,327,819,1050,120
2021,Somercotes,E05003299,4945,1317,613,830,317,848,878,142
2021,South West Parishes,E05003300,3262,311,211,399,169,574,1545,53
2021,Swanwick,E05003301,4384,791,448,611,322,842,1251,119
2021,Wingfield,E05003302,1992,317,200,251,132,356,690,46
2021,Barrow Hill and New Whittington,E05003323,4657,1019,508,756,365,852,1041,116
2021,Brimington North,E05003324,3427,804,394,564,223,664,710,68
2021,Brimington South,E05003325,5187,1023,518,758,361,967,1420,140
2021,Brockwell,E05003326,5571,786,526,776,337,1011,2017,118
2021,Dunston,E05003327,5325,1262,668,782,346,934,1180,153
2021,Hasland,E05003328,5268,975,562,815,396,959,1413,148
2021,Hollingwood and Inkersall,E05003329,6277,1357,697,1068,440,1172,1377,166
2021,Holmebrook,E05003330,3565,729,401,568,193,704,871,99
2021,Linacre (Chesterfield),E05003331,3305,435,316,451,185,633,1192,93
2021,Loundsley Green,E05003332,3164,755,389,528,193,549,665,85
2021,Lowgates and Woodthorpe,E05003333,3836,954,465,591,267,700,745,114
2021,Middlecroft and Poolsbrook,E05003334,3828,1083,462,643,215,610,719,96
2021,Moor,E05003335,3629,823,453,543,250,648,826,86
2021,Old Whittington,E05003336,3449,828,412,546,237,587,762,77
2021,Rother,E05003337,5150,1387,683,820,331,798,1003,128
2021,St Helen's (Chesterfield),E05003338,3947,838,430,588,239,707,1044,101
2021,St Leonard's (Chesterfield),E05003339,6697,1048,662,1009,378,1315,2139,146
2021,Walton (Chesterfield),E05003340,4605,580,423,619,283,792,1775,133
2021,West (Chesterfield),E05003341,5121,694,412,627,275,848,2155,110
2021,Ashbourne North,E05003342,3133,582,331,424,170,454,1097,75
2021,Ashbourne South,E05003343,4671,863,387,679,243,809,1583,107
2021,Bakewell,E05003344,3746,582,325,487,189,545,1529,89
2021,Bradwell (Derbyshire Dales),E05003345,1545,247,127,197,97,250,598,29
2021,Brailsford,E05003346,1694,201,121,228,84,281,743,36
2021,Calver,E05003347,1561,171,101,177,64,240,779,29
2021,Carsington Water,E05003348,1530,251,119,189,87,226,626,32
2021,Chatsworth,E05003349,1384,173,103,201,52,195,632,28
2021,Clifton and Bradley,E05003350,1589,239,120,237,87,245,621,40
2021,Darley Dale,E05003351,4999,878,487,719,271,778,1741,125
2021,Dovedale and Parwich,E05003352,1370,237,146,183,75,226,467,36
2021,Doveridge and Sudbury,E05003353,2305,308,214,400,147,397,772,67
2021,Hartington and Taddington,E05003354,1419,253,137,175,76,221,533,24
2021,Hathersage and Eyam,E05003355,3184,335,233,357,138,426,1632,63
2021,Hulland,E05003356,1588,260,125,160,93,263,639,48
2021,Lathkill and Bradford,E05003357,1320,239,108,197,59,188,499,30
2021,Litton and Longstone,E05003358,1344,189,88,172,47,188,639,21
2021,Masson,E05003359,2470,393,215,322,143,369,992,36
2021,Matlock All Saints,E05003360,4626,657,441,613,216,803,1806,90
2021,Matlock St Giles,E05003361,4755,824,431,622,266,759,1722,131
2021,Norbury,E05003362,1460,191,136,185,75,243,608,22
2021,Stanton (Derbyshire Dales),E05003363,1545,214,123,212,94,247,634,21
2021,Tideswell,E05003364,1473,245,133,191,99,238,538,29
2021,Winster and South Darley,E05003365,1414,233,103,169,67,234,574,34
2021,Wirksworth,E05003366,4936,820,448,622,234,763,1935,114
2021,Bradninch,E05003510,1603,220,149,223,93,272,604,42
2021,Cadbury,E05003511,1391,158,93,201,67,229,606,37
2021,Canonsleigh,E05003512,2757,428,255,393,137,470,995,79
2021,Castle (Mid Devon),E05003513,3739,782,419,534,252,669,964,119
2021,Clare and Shuttern,E05003514,3031,493,283,424,183,469,1091,88
2021,Cranmore,E05003515,4202,905,464,654,294,721,1044,120
2021,Cullompton North,E05003516,3622,728,382,589,236,706,860,121
2021,Cullompton Outer,E05003517,2371,248,239,362,116,501,858,47
2021,Cullompton South,E05003518,3538,660,439,596,226,703,807,107
2021,Halberton,E05003519,1887,234,172,307,96,355,688,35
2021,Lawrence,E05003520,3190,592,339,476,240,517,941,85
2021,Lower Culm,E05003521,4863,900,522,796,265,882,1380,118
2021,Lowman,E05003522,5477,952,583,982,349,1008,1471,132
2021,Sandford and Creedy,E05003524,2847,437,262,436,136,493,1007,76
2021,Silverton,E05003525,1620,228,146,233,104,284,586,39
2021,Taw,E05003526,1421,201,160,220,80,217,512,31
2021,Taw Vale,E05003527,1468,275,156,208,94,237,457,41
2021,Upper Culm,E05003528,3543,485,302,543,189,642,1308,74
2021,Upper Yeo,E05003529,1510,236,142,235,93,274,496,34
2021,Way,E05003530,1428,192,128,206,80,284,510,28
2021,Westexe,E05003531,4829,987,515,779,330,903,1187,128
2021,Billericay East,E05004021,9780,1319,1021,1597,479,1840,3293,231
2021,Billericay West,E05004022,9720,1279,1093,1609,446,1788,3285,220
2021,Burstead,E05004023,9097,1467,1083,1499,525,1667,2620,236
2021,Crouch,E05004024,7048,1382,922,1195,439,1258,1674,178
2021,Fryerns,E05004025,11458,2782,1614,1937,604,1877,2310,334
2021,Laindon Park,E05004026,10782,2546,1424,1665,591,1758,2499,299
2021,Langdon Hills,E05004027,7367,1150,883,1249,360,1398,2127,200
2021,Lee Chapel North,E05004028,11149,2530,1610,1925,557,1733,2510,284
2021,Nethermayne,E05004029,11279,2128,1394,1657,539,1885,3375,301
2021,Pitsea North West,E05004030,10128,2693,1512,1670,494,1553,1879,327
2021,Pitsea South East,E05004031,9901,2820,1301,1544,581,1468,1879,308
2021,St Martin's (Basildon),E05004032,7756,1822,1067,1177,384,1162,1917,227
2021,Vange,E05004033,7798,2015,1194,1309,375,1168,1508,229
2021,Wickford Castledon,E05004034,6688,1384,866,1160,462,1230,1391,195
2021,Wickford North,E05004035,10964,2293,1441,1885,707,1945,2361,332
2021,Wickford Park,E05004036,7747,1217,1015,1413,419,1587,1913,183
2021,Brentwood North,E05004067,5834,849,496,915,262,1005,2172,135
2021,Brentwood South,E05004068,5177,829,450,727,255,883,1897,136
2021,Brentwood West,E05004069,6217,706,564,893,265,1138,2531,120
2021,Brizes and Doddinghurst,E05004070,4985,945,597,809,313,853,1322,146
2021,"Herongate, Ingrave and West Horndon",E05004071,3184,501,328,501,185,579,992,98
2021,Hutton Central,E05004072,3258,421,320,524,136,576,1190,91
2021,Hutton East,E05004073,2998,492,309,473,163,538,952,71
2021,Hutton North,E05004074,3392,583,355,525,153,572,1110,94
2021,Hutton South,E05004075,3084,335,292,535,110,512,1230,70
2021,"Ingatestone, Fryerning and Mountnessing",E05004076,5288,820,484,821,262,936,1812,153
2021,Pilgrims Hatch,E05004077,4909,1029,521,771,291,837,1299,161
2021,Shenfield,E05004078,4426,426,355,649,114,725,2046,111
2021,South Weald,E05004079,1606,239,174,248,82,262,555,46
2021,Tipps Cross,E05004080,3250,585,363,522,202,568,911,99
2021,Warley (Brentwood),E05004081,5257,722,463,755,171,806,2226,114
2021,Appleton (Castle Point),E05004082,5624,1167,765,970,358,1029,1177,158
2021,Boyce,E05004083,5636,931,719,1098,362,1027,1339,160
2021,Canvey Island Central,E05004084,5540,1776,757,877,328,846,763,193
2021,Canvey Island East,E05004085,5104,1404,722,854,381,815,754,174
2021,Canvey Island North,E05004086,5580,1838,727,880,416,810,711,198
2021,Canvey Island South,E05004087,6030,1754,922,986,412,904,853,199
2021,Canvey Island West,E05004088,4036,1147,593,667,292,637,577,123
2021,Canvey Island Winter Gardens,E05004089,5417,1214,837,1044,339,931,899,153
2021,Cedar Hall,E05004090,5351,1085,674,935,347,956,1168,186
2021,St George's (Castle Point),E05004091,4755,1055,627,770,346,891,910,156
2021,St James (Castle Point),E05004092,5776,1112,741,966,356,1046,1392,163
2021,St Mary's (Castle Point),E05004093,5253,1147,712,825,384,929,1060,196
2021,St Peter's (Castle Point),E05004094,5412,1107,744,945,392,951,1090,183
2021,Victoria (Castle Point),E05004095,4898,1016,613,817,320,888,1054,190
2021,Bicknacre and East and West Hanningfield,E05004096,4732,786,527,774,319,851,1356,119
2021,Boreham and The Leighs,E05004097,5484,799,592,946,290,1067,1651,139
2021,Broomfield and The Walthams,E05004098,8655,1222,811,1277,385,1451,3324,185
2021,Chelmer Village and Beaulieu Park,E05004099,8674,966,842,1417,378,1617,3264,190
2021,Chelmsford Rural West,E05004100,2632,431,275,410,134,458,871,53
2021,Galleywood,E05004101,4598,846,503,749,269,770,1328,133
2021,Goat Hall,E05004102,4878,655,517,775,282,882,1645,122
2021,Great Baddow East,E05004103,7078,1276,748,1040,410,1183,2211,210
2021,Great Baddow West,E05004104,5131,908,584,756,281,862,1581,159
2021,"Little Baddow, Danbury and Sandon",E05004105,6915,985,687,1085,361,1137,2499,161
2021,Marconi,E05004106,7200,948,569,857,253,1405,2989,179
2021,Moulsham and Central,E05004107,11108,1233,832,1358,448,1861,5106,270
2021,Moulsham Lodge,E05004108,4572,673,539,739,288,833,1368,132
2021,Patching Hall,E05004109,7406,1248,722,1059,417,1119,2614,227
2021,Rettendon and Runwell,E05004110,5452,1239,655,872,367,931,1227,161
2021,St Andrews (Chelmsford),E05004111,7299,1372,822,1072,330,1148,2352,203
2021,"South Hanningfield, Stock and Margaretting",E05004112,4805,800,524,823,248,822,1435,153
2021,South Woodham-Chetwood and Collingwood,E05004113,6578,925,797,1158,343,1341,1867,147
2021,South Woodham-Elmwood and Woodville,E05004114,6485,1026,863,1149,415,1266,1617,149
2021,Springfield North,E05004115,8313,1022,934,1270,435,1577,2882,193
2021,The Lawns,E05004116,4437,608,452,694,256,724,1535,168
2021,Trinity (Chelmsford),E05004117,5463,796,518,848,255,893,2007,146
2021,Waterhouse Farm,E05004118,5312,820,579,758,240,892,1866,157
2021,Writtle,E05004119,4530,816,426,622,214,833,1491,128
2021,"Broadley Common, Epping Upland and Nazeing",E05004147,1911,394,227,299,110,334,497,50
2021,Buckhurst Hill East,E05004148,3820,642,353,515,163,585,1453,109
2021,Buckhurst Hill West,E05004149,5683,714,422,726,205,828,2661,127
2021,Chigwell Row,E05004150,1941,385,192,277,105,286,641,55
2021,Chigwell Village,E05004151,3781,476,339,527,134,517,1687,101
2021,"Chipping Ongar, Greensted and Marden Ash",E05004152,3605,697,442,581,238,591,936,120
2021,Epping Hemnall,E05004153,5310,809,489,799,245,862,1982,124
2021,Epping Lindsey and Thornwood Common,E05004154,5768,1074,564,805,266,891,2024,144
2021,Grange Hill,E05004155,5986,1056,574,743,243,800,2385,185
2021,"High Ongar, Willingale and The Rodings",E05004157,2044,401,223,350,103,360,563,44
2021,Lambourne,E05004158,1710,398,214,248,119,286,391,54
2021,Loughton Alderton,E05004159,3828,764,442,562,200,639,1109,112
2021,Loughton Broadway,E05004160,3918,816,478,550,169,704,1086,115
2021,Loughton Fairmead,E05004161,3652,756,413,552,181,626,1008,116
2021,Loughton Forest,E05004162,3549,414,247,475,121,528,1701,63
2021,Loughton Roding,E05004163,3898,687,380,566,179,639,1343,104
2021,Loughton St John's,E05004164,3740,472,383,556,172,575,1502,80
2021,Loughton St Mary's,E05004165,4332,698,350,623,145,664,1731,121
2021,Lower Nazeing,E05004166,3640,785,384,540,248,597,969,117
2021,Lower Sheering,E05004167,1848,220,205,294,105,354,621,49
2021,North Weald Bassett,E05004169,3913,868,453,635,242,635,953,127
2021,Passingford,E05004170,2089,473,209,371,124,307,553,52
2021,Roydon,E05004171,1897,380,193,281,103,294,584,62
2021,Shelley,E05004172,2051,500,258,341,128,339,435,50
2021,Theydon Bois,E05004173,3482,558,316,517,147,588,1269,87
2021,Waltham Abbey High Beach,E05004174,2305,658,228,288,114,356,593,68
2021,Waltham Abbey Honey Lane,E05004175,5062,1123,660,765,288,860,1225,141
2021,Waltham Abbey North East,E05004176,3428,895,431,484,225,541,760,92
2021,Waltham Abbey Paternoster,E05004177,3927,1047,470,613,230,661,797,109
2021,Waltham Abbey South West,E05004178,3821,834,409,562,203,618,1083,112
2021,Bush Fair,E05004179,6380,1521,973,1053,371,1022,1258,182
2021,Church Langley,E05004180,7036,1036,898,1294,333,1418,1893,164
2021,Great Parndon,E05004181,5404,1276,701,831,324,903,1182,187
2021,Harlow Common,E05004182,6067,1422,839,990,350,1007,1282,177
2021,Little Parndon and Hare Street,E05004183,7758,1627,972,1105,390,1151,2237,276
2021,Mark Hall,E05004184,6199,1387,900,1042,365,974,1326,205
2021,Netteswell,E05004185,6652,1481,895,1012,367,1100,1573,224
2021,Old Harlow,E05004186,8791,1346,988,1401,477,1617,2789,173
2021,Staple Tye,E05004187,6008,1317,883,950,349,937,1385,187
2021,Sumners and Kingsmoor,E05004188,5975,1401,800,944,392,1005,1247,186
2021,Toddbrook,E05004189,6827,1550,952,996,403,998,1692,236
2021,Althorne,E05004190,3738,895,488,598,253,646,745,113
2021,Burnham-on-Crouch North,E05004191,3841,742,477,623,235,663,988,113
2021,Burnham-on-Crouch South,E05004192,3560,724,442,562,218,612,894,108
2021,Great Totham,E05004193,3179,559,351,540,187,534,930,78
2021,Heybridge East,E05004194,3442,603,440,568,234,625,862,110
2021,Heybridge West,E05004195,3840,756,481,645,251,718,883,106
2021,Maldon East,E05004196,2051,458,258,334,112,357,481,51
2021,Maldon North,E05004197,3765,828,422,526,238,549,1077,125
2021,Maldon South,E05004198,3211,586,427,528,178,569,833,90
2021,Maldon West,E05004199,3553,624,373,528,240,684,982,122
2021,Mayland,E05004200,3699,779,438,603,282,739,745,113
2021,Purleigh,E05004201,3029,494,351,516,190,519,870,89
2021,Southminster,E05004202,3961,853,551,699,264,696,804,94
2021,Tillingham,E05004203,1946,409,222,331,138,317,484,45
2021,Tollesbury,E05004204,1726,255,196,253,143,362,466,51
2021,Tolleshunt D'Arcy,E05004205,3760,673,458,587,273,671,976,122
2021,Wickham Bishops and Woodham,E05004206,3124,435,372,476,161,538,1059,83
2021,All Saints,E05004288,4723,397,292,463,135,762,2571,103
2021,Battledown,E05004289,4972,431,310,622,168,797,2569,75
2021,Benhall and The Reddings,E05004290,4111,521,352,557,240,617,1707,117
2021,Charlton Kings,E05004291,4532,476,255,573,196,646,2310,76
2021,Charlton Park,E05004292,4092,340,243,466,156,554,2237,96
2021,College (Cheltenham),E05004293,4958,403,252,606,142,677,2759,119
2021,Hesters Way,E05004294,5561,1141,680,816,324,828,1580,192
2021,Lansdown (Cheltenham),E05004295,4845,420,230,634,108,682,2626,145
2021,Leckhampton,E05004296,4478,414,294,491,182,529,2471,97
2021,Oakley (Cheltenham),E05004297,4590,1155,549,647,256,611,1247,125
2021,Park (Cheltenham),E05004298,5392,464,323,628,156,796,2912,113
2021,Pittville,E05004299,5311,497,344,560,191,953,2642,124
2021,Prestbury (Cheltenham),E05004300,5221,551,372,577,227,1025,2354,115
2021,St Mark's (Cheltenham),E05004301,5160,998,542,686,267,758,1764,145
2021,St Paul's (Cheltenham),E05004302,5461,794,403,574,175,1578,1828,109
2021,St Peter's (Cheltenham),E05004303,6155,919,496,714,263,994,2610,159
2021,Springbank,E05004304,5492,1166,612,826,331,890,1498,169
2021,Swindon Village,E05004305,4581,904,505,632,304,727,1371,138
2021,Up Hatherley,E05004306,4305,547,395,643,244,758,1620,98
2021,Warden Hill,E05004307,4498,640,398,623,273,707,1765,92
2021,Fareham East,E05004516,6343,853,589,917,382,1182,2262,158
2021,Fareham North,E05004517,5935,834,509,839,321,1192,2067,173
2021,Fareham North-West,E05004518,6025,1100,700,934,356,1167,1624,144
2021,Fareham South,E05004519,6053,1054,749,930,426,1188,1540,166
2021,Fareham West,E05004520,5610,856,622,750,418,1089,1688,187
2021,Hill Head,E05004521,6042,762,506,862,350,1078,2289,195
2021,Locks Heath,E05004522,5764,721,560,845,419,1027,2060,132
2021,Park Gate,E05004523,7636,967,728,1114,447,1589,2631,160
2021,Portchester East,E05004524,9213,1602,1041,1347,811,1703,2446,263
2021,Portchester West,E05004525,5921,884,625,838,427,1160,1809,178
2021,Sarisbury,E05004526,6309,455,501,990,307,1312,2657,87
2021,Stubbington,E05004527,6315,1005,568,827,476,1206,2050,183
2021,Titchfield,E05004528,6184,763,537,894,382,1154,2312,142
2021,Titchfield Common,E05004529,6334,738,636,977,411,1325,2109,138
2021,Warsash,E05004530,5959,658,503,888,356,1056,2367,131
2021,Barncroft,E05004566,5015,1325,658,843,317,921,826,125
2021,Battins,E05004567,5436,1527,790,900,313,924,828,154
2021,Bedhampton,E05004568,7917,1431,862,1168,545,1534,2165,212
2021,Bondfields,E05004569,5309,1442,720,905,332,867,888,155
2021,Cowplain,E05004570,7723,1255,831,1173,606,1517,2106,235
2021,Emsworth,E05004571,8763,1211,749,1147,481,1335,3634,206
2021,Hart Plain,E05004572,8179,1705,988,1307,578,1564,1799,238
2021,Hayling East,E05004573,7955,1677,893,1193,542,1325,2072,253
2021,Hayling West,E05004574,7365,1376,754,1055,463,1185,2314,218
2021,Purbrook,E05004575,7865,1353,882,1158,573,1584,2113,202
2021,St Faith's,E05004576,8676,1220,751,1289,446,1531,3217,222
2021,Stakes,E05004577,8324,1697,1019,1337,519,1544,1998,210
2021,Warren Park,E05004578,5613,1664,773,991,286,911,837,151
2021,Waterloo (Havant),E05004579,8726,1612,973,1252,592,1536,2466,295
2021,"Ashurst, Copythorne South and Netley Marsh",E05004580,4902,780,471,639,377,810,1677,148
2021,Barton (New Forest),E05004581,5007,876,513,652,411,757,1536,262
2021,Bashley,E05004582,2335,421,273,346,166,364,704,61
2021,Becton,E05004583,4282,819,466,635,359,646,1189,168
2021,Boldre and Sway,E05004584,4629,587,327,616,261,769,1928,141
2021,"Bramshaw, Copythorne North and Minstead",E05004585,2219,348,181,280,140,362,850,58
2021,Bransgore and Burley,E05004586,4596,596,386,636,257,792,1800,129
2021,Brockenhurst and Forest South East,E05004587,4737,549,349,648,216,720,2150,105
2021,Buckland (New Forest),E05004588,3055,402,334,470,206,529,1026,88
2021,Butts Ash and Dibden Purlieu,E05004589,5277,893,547,816,400,985,1481,155
2021,Dibden and Hythe East,E05004590,4703,710,492,704,317,908,1406,166
2021,"Fawley, Blackfield and Langley",E05004592,4972,874,558,731,401,949,1288,171
2021,Fernhill (New Forest),E05004593,5283,997,650,813,390,910,1378,145
2021,Furzedown and Hardley,E05004596,2811,528,344,414,247,540,675,63
2021,Holbury and North Blackfield,E05004597,5354,1106,685,933,449,1063,960,158
2021,Hordle,E05004598,4828,781,506,699,397,851,1434,160
2021,Hythe West and Langdown,E05004599,5260,876,598,800,408,982,1422,174
2021,Lymington Town,E05004600,5314,666,391,706,273,821,2299,158
2021,Lyndhurst,E05004601,2623,333,230,363,143,417,1076,61
2021,Marchwood,E05004602,4660,569,463,689,300,960,1565,114
2021,Milford (New Forest),E05004603,4375,608,359,582,296,675,1726,129
2021,Milton (New Forest),E05004604,5484,1131,661,820,399,934,1351,188
2021,Pennington,E05004605,5217,895,488,836,357,904,1596,141
2021,Ringwood East and Sopley,E05004606,2422,289,198,371,114,451,948,51
2021,Ringwood North,E05004607,5102,838,506,826,339,856,1613,124
2021,Ringwood South,E05004608,5397,972,532,795,343,949,1645,161
2021,Totton Central,E05004609,4339,680,475,669,331,876,1201,107
2021,Totton East,E05004610,5274,986,646,827,467,984,1211,153
2021,Totton North,E05004611,5084,849,656,840,347,1071,1191,130
2021,Totton South,E05004612,4784,740,542,745,358,931,1343,125
2021,Totton West,E05004613,4000,660,515,627,281,809,1003,105
2021,Adeyfield East,E05004691,4783,880,589,706,274,817,1359,158
2021,Adeyfield West,E05004692,4714,929,605,779,272,783,1221,125
2021,Aldbury and Wigginton,E05004693,1980,260,137,244,77,264,955,43
2021,Apsley and Corner Hall,E05004694,8285,1164,765,1109,376,1501,3183,187
2021,Ashridge,E05004695,2210,215,126,299,80,319,1125,46
2021,Bennetts End,E05004696,4720,777,589,699,288,836,1407,124
2021,Berkhamsted Castle,E05004697,5013,409,309,563,155,660,2817,100
2021,Berkhamsted East,E05004698,4851,496,360,580,151,613,2562,89
2021,Berkhamsted West,E05004699,4991,528,358,583,155,619,2648,100
2021,"Bovingdon, Flaunden and Chipperfield",E05004700,7975,1060,726,1242,390,1334,3011,212
2021,Boxmoor,E05004701,7146,813,588,986,303,1154,3137,165
2021,Chaulden and Warners End,E05004702,7390,1196,885,1195,420,1204,2320,170
2021,Gadebridge,E05004703,4538,748,609,730,235,826,1279,111
2021,Grovehill,E05004704,6293,1337,854,926,368,984,1642,182
2021,Hemel Hempstead Town,E05004705,5701,1056,665,785,275,861,1895,164
2021,Highfield (Dacorum),E05004706,4589,1044,607,622,219,744,1207,146
2021,Kings Langley,E05004707,4338,571,360,578,229,713,1805,82
2021,Leverstock Green,E05004708,7696,1261,934,1220,409,1249,2422,201
2021,Nash Mills,E05004709,3066,365,274,453,142,524,1234,74
2021,Northchurch,E05004710,2352,377,181,256,120,355,1010,53
2021,Tring Central,E05004711,4295,620,433,609,210,714,1622,87
2021,Tring East,E05004712,2751,257,174,424,100,396,1352,48
2021,Tring West and Rural,E05004713,4229,441,356,565,189,699,1890,89
2021,Watling (Dacorum),E05004714,4663,598,403,658,227,794,1891,92
2021,Woodhall Farm,E05004715,5215,764,612,783,267,885,1749,155
2021,Braughing,E05004721,2273,353,226,318,98,403,825,50
2021,Datchworth & Aston,E05004723,2010,263,194,284,80,337,807,45
2021,Great Amwell,E05004724,2268,357,257,360,118,382,743,51
2021,Hertford Bengeo,E05004725,6338,736,510,805,237,967,2958,125
2021,Hertford Castle,E05004726,7909,926,640,946,299,1255,3680,163
2021,Hertford Heath,E05004727,2714,453,261,514,136,426,858,66
2021,Hertford Kingsmead,E05004728,4640,485,385,676,186,873,1945,90
2021,Hertford Rural North,E05004729,1907,250,170,271,75,309,782,50
2021,Hertford Rural South,E05004730,2195,252,174,321,99,363,951,35
2021,Hertford Sele,E05004731,4639,758,459,615,212,762,1714,119
2021,Hunsdon,E05004732,2874,435,263,441,135,503,1021,76
2021,Little Hadham,E05004733,2038,243,194,313,88,331,820,49
2021,Much Hadham,E05004735,2511,498,231,326,128,380,899,49
2021,Puckeridge,E05004736,2356,403,257,346,153,436,718,43
2021,Sawbridgeworth,E05004737,7127,1073,760,1068,377,1157,2528,164
2021,Stanstead Abbots,E05004738,2575,449,278,383,131,418,865,51
2021,Thundridge & Standon,E05004739,2675,429,266,400,146,491,889,54
2021,Ware Chadwell,E05004741,2729,297,227,360,118,461,1202,64
2021,Ware Christchurch,E05004742,4695,751,403,647,259,739,1770,126
2021,Ware St Mary's,E05004743,4251,554,498,644,230,828,1406,91
2021,Ware Trinity,E05004744,4322,745,496,618,228,763,1355,117
2021,Watton-at-Stone,E05004745,2117,288,197,332,109,357,790,44
2021,Arbury (North Hertfordshire),E05004761,2285,269,164,302,91,329,1101,29
2021,Baldock East,E05004762,2400,230,227,301,111,407,1081,43
2021,Baldock Town,E05004763,6338,900,660,937,347,1051,2218,225
2021,Cadwell,E05004764,1948,292,178,253,90,307,795,33
2021,Chesfield,E05004765,5743,636,576,834,218,1070,2250,159
2021,Codicote,E05004766,2184,262,181,315,104,344,930,48
2021,Ermine,E05004767,2306,292,190,325,108,383,969,39
2021,Hitchin Bearton,E05004768,7014,768,439,745,230,964,3739,129
2021,Hitchin Highbury,E05004769,6785,720,459,797,268,942,3456,143
2021,Hitchin Oughton,E05004770,4035,774,482,603,177,592,1326,81
2021,Hitchin Priory,E05004771,3927,434,214,422,125,506,2137,89
2021,Hitchin Walsworth,E05004772,6614,890,621,818,277,996,2865,147
2021,"Hitchwood, Offa and Hoo",E05004773,6286,854,551,882,313,987,2555,144
2021,Kimpton,E05004774,1844,216,135,242,61,284,883,23
2021,Knebworth,E05004775,4498,535,352,597,214,694,2017,89
2021,Letchworth East,E05004776,5267,800,581,731,212,777,2049,117
2021,Letchworth Grange,E05004777,5930,1048,694,902,356,944,1829,157
2021,Letchworth South East,E05004778,5935,1102,663,843,301,885,1957,184
2021,Letchworth South West,E05004779,6220,761,530,764,238,870,2911,146
2021,Letchworth Wilbury,E05004780,4377,780,536,603,244,673,1416,125
2021,Royston Heath,E05004781,4565,496,447,569,190,726,2021,116
2021,Royston Meridian,E05004782,4541,625,413,627,258,775,1719,124
2021,Royston Palace,E05004783,4955,790,520,700,236,857,1752,100
2021,Weston and Sandon,E05004784,1739,173,173,246,64,283,766,34
2021,Bandley Hill,E05004805,5511,1000,765,851,282,925,1547,141
2021,Bedwell,E05004806,6386,1240,828,877,320,1021,1917,183
2021,Chells,E05004807,5305,949,726,855,302,984,1339,150
2021,Longmeadow,E05004808,4802,778,681,781,270,871,1293,128
2021,Martins Wood,E05004810,5123,924,748,857,287,874,1323,110
2021,Old Town (Stevenage),E05004811,6955,1076,788,926,327,1142,2515,181
2021,Pin Green,E05004812,5210,999,719,827,318,868,1321,158
2021,Roebuck,E05004813,5641,974,784,826,319,1056,1522,160
2021,St Nicholas,E05004814,6195,967,797,979,293,1063,1926,170
2021,Shephall,E05004815,5015,990,654,831,300,858,1243,139
2021,Symonds Green,E05004816,4946,861,629,731,304,775,1502,144
2021,Woodfield,E05004817,4815,613,482,726,228,780,1888,98
2021,Central (Gravesham),E05004964,5689,1136,587,765,297,906,1778,220
2021,Chalk,E05004965,1875,361,211,266,163,333,467,74
2021,Coldharbour,E05004966,3917,995,534,641,199,602,821,125
2021,Higham (Gravesham),E05004967,3300,577,355,527,239,583,923,96
2021,Istead Rise,E05004968,2899,532,333,495,243,493,701,102
2021,Meopham North,E05004969,3639,539,359,597,222,667,1150,105
2021,Meopham South and Vigo,E05004970,3678,528,427,640,252,674,1070,87
2021,Northfleet North,E05004971,6170,1407,839,920,325,928,1507,244
2021,Northfleet South,E05004972,6860,1319,829,1014,370,1125,1955,248
2021,Painters Ash,E05004973,4709,1134,582,733,300,807,977,176
2021,Pelham,E05004974,6350,1392,679,771,293,911,2056,248
2021,Riverside (Gravesham),E05004975,7313,1681,883,992,350,1134,1975,298
2021,Riverview,E05004976,3533,627,469,578,249,659,828,123
2021,"Shorne, Cobham and Luddesdown",E05004977,3419,532,378,536,232,585,1062,94
2021,Singlewell,E05004978,6325,1471,861,1000,381,1029,1381,202
2021,Westcourt,E05004979,5446,1301,706,893,284,866,1213,183
2021,Whitehill,E05004980,3639,756,455,553,223,617,892,143
2021,Woodlands (Gravesham),E05004981,5789,898,598,925,332,1042,1815,179
2021,Allington,E05004982,6496,1092,716,994,434,1196,1844,220
2021,Barming and Teston,E05004983,2063,334,208,311,120,342,680,68
2021,Bearsted,E05004984,6840,1006,697,1040,425,1137,2314,221
2021,Boughton Monchelsea and Chart Sutton,E05004985,2382,325,227,388,160,445,750,87
2021,Boxley,E05004986,7066,804,765,1227,454,1418,2232,166
2021,Bridge (Maidstone),E05004987,5622,898,527,792,303,887,2038,177
2021,Detling and Thurnham,E05004989,2647,347,263,421,139,493,920,64
2021,Downswood and Otham,E05004990,2690,327,288,432,166,566,866,45
2021,East (Maidstone),E05004991,7323,1328,832,1091,462,1260,2131,219
2021,Fant,E05004992,8391,1370,910,1278,444,1523,2629,237
2021,Harrietsham and Lenham,E05004993,5840,1163,652,893,384,1029,1561,158
2021,Headcorn,E05004994,4976,779,482,756,280,846,1701,132
2021,Heath (Maidstone),E05004995,5796,818,649,870,296,969,2040,154
2021,High Street (Maidstone),E05004996,9619,1959,1151,1377,530,1508,2739,355
2021,Leeds,E05004997,2026,328,225,303,161,354,590,65
2021,Marden and Yalding,E05004999,7657,1311,725,1152,403,1337,2565,164
2021,North (Maidstone),E05005000,8550,1483,900,1167,616,1578,2535,271
2021,North Downs,E05005001,2282,443,224,315,126,396,716,62
2021,Park Wood,E05005002,6700,1327,824,1139,360,1241,1643,166
2021,Shepway North,E05005003,7325,1730,904,1155,450,1185,1645,256
2021,Shepway South,E05005004,4672,1435,638,710,305,661,773,150
2021,Staplehurst,E05005006,5519,844,568,842,312,1035,1779,139
2021,Sutton Valence and Langley,E05005007,2600,513,275,407,161,430,746,68
2021,Cowden and Hever,E05005010,1778,235,154,254,91,297,701,46
2021,Crockenhill and Well Hill,E05005011,1669,338,201,262,105,269,454,40
2021,Dunton Green and Riverhead,E05005012,4617,479,313,575,169,724,2257,100
2021,Edenbridge North and East,E05005013,4409,695,484,679,244,786,1403,118
2021,Edenbridge South and West,E05005014,3445,649,378,539,162,590,1031,96
2021,"Farningham, Horton Kirby and South Darenth",E05005016,4038,746,445,660,262,689,1152,84
2021,Fawkham and West Kingsdown,E05005017,5119,1201,572,746,361,836,1245,158
2021,"Halstead, Knockholt and Badgers Mount",E05005018,2940,383,297,499,148,508,1028,77
2021,Kemsing,E05005021,3423,485,323,498,175,562,1299,81
2021,Sevenoaks Eastern,E05005026,3234,387,234,374,132,434,1603,70
2021,Sevenoaks Kippington,E05005027,3828,366,206,435,76,429,2246,70
2021,Sevenoaks Northern,E05005028,3515,547,346,519,153,496,1378,76
2021,Sevenoaks Town and St John's,E05005029,5579,543,267,664,126,633,3208,138
2021,Swanley St Mary's,E05005031,3755,982,484,578,196,529,893,93
2021,Swanley White Oak,E05005032,5249,1322,688,793,290,786,1237,133
2021,Beacon Road,E05005081,3716,739,441,569,237,675,971,84
2021,Birchington North,E05005082,3467,776,347,447,244,514,1001,138
2021,Birchington South,E05005083,5616,1419,632,804,429,870,1235,227
2021,Bradstowe,E05005084,3455,620,318,472,215,528,1173,129
2021,Central Harbour,E05005085,7014,1339,817,967,349,1224,2154,164
2021,Cliffsend and Pegwell,E05005086,4206,802,461,575,290,720,1223,135
2021,Cliftonville East,E05005087,5523,1191,564,722,398,878,1568,202
2021,Cliftonville West,E05005088,7692,1993,963,938,417,995,2052,334
2021,Dane Valley (Thanet),E05005089,6034,1421,808,980,348,1060,1258,159
2021,Eastcliff (Thanet),E05005090,6511,1357,777,969,342,1173,1702,191
2021,Garlinge,E05005091,4069,886,493,632,275,778,893,112
2021,Kingsgate,E05005092,1922,321,161,257,134,333,650,66
2021,Margate Central,E05005093,4947,1173,582,697,268,730,1371,126
2021,Nethercourt,E05005094,3982,876,444,579,261,716,986,120
2021,Newington (Thanet),E05005095,4275,1244,613,703,225,700,675,115
2021,Northwood (Thanet),E05005096,5463,1491,757,812,367,885,983,168
2021,St Peters (Thanet),E05005097,5891,1142,667,875,381,997,1637,192
2021,Salmestone,E05005098,4548,990,553,675,250,786,1156,138
2021,Sir Moses Montefiore,E05005099,4075,793,480,669,236,713,1065,119
2021,Thanet Villages,E05005100,6697,1312,748,1029,420,1272,1717,199
2021,Viking (Thanet),E05005101,6178,1073,605,836,399,993,2077,195
2021,Westbrook (Thanet),E05005102,3826,697,406,507,231,686,1188,111
2021,Westgate-on-Sea,E05005103,6315,1340,698,932,427,1068,1641,209
2021,Benenden and Cranbrook,E05005130,5940,921,510,1105,269,897,2119,119
2021,Brenchley and Horsmonden,E05005131,4303,557,317,629,183,655,1887,75
2021,Broadwater (Tunbridge Wells),E05005132,3684,590,366,537,170,537,1383,101
2021,Capel,E05005133,1915,304,194,294,108,356,613,46
2021,Culverden,E05005134,7096,681,449,856,216,1071,3678,145
2021,Frittenden and Sissinghurst,E05005135,1874,234,146,267,79,326,786,36
2021,Goudhurst and Lamberhurst,E05005136,3782,434,339,577,143,600,1616,73
2021,Hawkhurst and Sandhurst,E05005137,5200,770,481,798,268,946,1805,132
2021,Paddock Wood East,E05005138,3477,636,380,544,205,612,997,103
2021,Paddock Wood West,E05005139,3224,572,408,536,151,567,906,84
2021,Pantiles and St Mark's,E05005140,5477,372,299,627,148,744,3159,128
2021,Park (Tunbridge Wells),E05005141,6373,716,456,851,203,881,3055,211
2021,Pembury,E05005142,4751,724,446,717,245,798,1682,139
2021,Rusthall,E05005143,3882,685,372,584,213,588,1343,97
2021,St James' (Tunbridge Wells),E05005144,5043,591,429,618,199,777,2269,160
2021,St John's (Tunbridge Wells),E05005145,5667,605,447,825,209,895,2570,116
2021,Sherwood (Tunbridge Wells),E05005146,6474,1190,731,967,303,960,2157,166
2021,Southborough and High Brooms,E05005147,5930,992,615,871,294,968,2038,152
2021,Southborough North,E05005148,3551,446,273,541,127,532,1555,77
2021,Speldhurst and Bidborough,E05005149,4763,431,338,653,145,674,2395,127
2021,Bank Hall,E05005150,5170,1694,690,641,280,588,1059,218
2021,Briercliffe,E05005151,4655,756,423,658,389,974,1335,120
2021,Brunshaw,E05005152,5118,1335,603,781,378,902,992,127
2021,Cliviger with Worsthorne,E05005153,4422,657,367,554,377,843,1515,109
2021,Coal Clough with Deerplay,E05005154,4303,939,487,575,276,741,1161,124
2021,Daneshouse with Stoneyholme,E05005155,5685,1898,799,753,200,648,1169,218
2021,Gannow,E05005156,4732,1104,474,674,355,925,1087,113
2021,Gawthorpe,E05005157,5094,1245,608,762,376,894,1091,118
2021,Hapton with Park,E05005158,5093,1084,523,746,350,937,1341,112
2021,Lanehead,E05005159,5176,1306,541,731,325,827,1260,186
2021,Queensgate,E05005160,5198,1586,611,643,296,717,1107,238
2021,Rosegrove with Lowerhouse,E05005161,5562,1409,663,773,352,933,1288,144
2021,Rosehill with Burnley Wood,E05005162,5236,1208,546,733,348,925,1339,137
2021,Trinity (Burnley),E05005163,4831,1291,519,696,286,824,1049,166
2021,Whittlefield with Ightenhill,E05005164,4928,835,514,695,331,934,1506,113
2021,Ansdell,E05005185,3563,503,253,467,212,516,1500,112
2021,Ashton (Fylde),E05005186,3963,722,346,532,249,630,1378,106
2021,Central (Fylde),E05005187,3841,713,383,506,201,647,1289,102
2021,Clifton (Fylde),E05005188,3583,562,343,458,192,525,1385,118
2021,Elswick and Little Eccleston,E05005189,1399,191,121,181,103,221,546,36
2021,Fairhaven,E05005190,3706,583,318,432,222,528,1530,93
2021,Freckleton East,E05005191,2662,505,251,357,220,463,775,91
2021,Freckleton West,E05005192,2320,422,254,321,188,443,633,59
2021,Heyhouses,E05005193,4434,716,446,621,288,784,1455,124
2021,Kilnhouse,E05005194,3400,683,360,502,224,598,965,68
2021,Kirkham North,E05005195,3894,587,359,568,274,697,1305,104
2021,Kirkham South,E05005196,2790,538,320,438,187,493,708,106
2021,Medlar-with-Wesham,E05005197,3585,529,327,539,212,752,1137,89
2021,Newton and Treales,E05005198,2750,383,220,327,172,584,1004,60
2021,Park (Fylde),E05005199,4319,640,349,651,263,677,1613,126
2021,Ribby-with-Wrea,E05005200,1585,164,122,192,86,257,743,21
2021,St Johns (Fylde),E05005201,3853,490,316,538,216,695,1512,86
2021,St Leonards (Fylde),E05005202,4170,722,416,610,259,797,1262,104
2021,Singleton and Greenhalgh,E05005203,1214,200,116,156,86,214,412,30
2021,Staining and Weeton,E05005204,2739,360,290,422,166,499,951,51
2021,Warton and Westby,E05005205,5472,901,496,787,364,1037,1765,122
2021,Altham,E05005206,4288,784,435,661,321,875,1141,71
2021,Barnfield (Hyndburn),E05005207,3833,819,374,597,254,636,1048,105
2021,Baxenden,E05005208,3329,465,306,486,255,681,1060,76
2021,Central (Hyndburn),E05005209,4343,1523,568,628,170,575,731,148
2021,Church (Hyndburn),E05005210,4034,1111,506,621,238,618,806,134
2021,Clayton-le-Moors,E05005211,3706,747,387,467,294,687,1049,75
2021,Huncoat,E05005212,3855,691,387,581,291,730,1075,100
2021,Immanuel,E05005213,3601,789,318,460,352,621,967,94
2021,Milnshaw,E05005214,3945,1082,414,509,297,638,897,108
2021,Netherton,E05005215,3821,1001,388,508,257,645,932,90
2021,Overton (Hyndburn),E05005216,5169,986,485,707,396,975,1510,110
2021,Peel,E05005217,3464,827,409,593,241,599,710,85
2021,Rishton,E05005218,5468,1105,587,743,447,992,1479,115
2021,St Andrew's (Hyndburn),E05005219,3614,812,364,540,279,655,867,97
2021,St Oswald's (Hyndburn),E05005220,5114,930,470,659,475,988,1460,132
2021,Spring Hill,E05005221,4044,1281,445,561,209,610,785,153
2021,Cribden,E05005316,3106,500,276,410,151,555,1147,67
2021,Eden,E05005317,2999,378,225,386,170,559,1212,69
2021,Facit and Shawforth,E05005318,3098,634,295,415,222,625,840,67
2021,Goodshaw,E05005319,3349,462,284,438,216,612,1251,86
2021,Greenfield (Rossendale),E05005320,4659,771,451,699,309,845,1470,114
2021,Greensclough,E05005321,4949,959,465,767,345,895,1397,121
2021,Hareholme,E05005322,4520,885,467,642,265,764,1400,97
2021,Healey and Whitworth,E05005323,3298,611,315,478,265,636,927,66
2021,Helmshore,E05005324,5031,754,405,673,335,932,1813,119
2021,Irwell,E05005325,4854,996,535,742,305,954,1226,96
2021,Longholme,E05005326,4822,889,434,693,254,857,1610,85
2021,Stacksteads,E05005327,3226,790,338,483,201,557,787,70
2021,Whitewell,E05005328,4644,904,437,675,286,915,1327,100
2021,Worsley,E05005329,4745,1139,507,644,328,854,1158,115
2021,Ashurst,E05005357,5486,1005,608,878,303,1073,1495,124
2021,Aughton and Downholland,E05005358,4623,705,382,605,276,719,1831,105
2021,Aughton Park,E05005359,3239,457,248,417,160,539,1350,68
2021,Birch Green,E05005360,3519,947,460,518,191,662,638,103
2021,Burscough East,E05005361,3774,618,329,532,234,655,1302,104
2021,Burscough West,E05005362,4148,648,377,593,277,763,1352,138
2021,Derby (West Lancashire),E05005363,8673,637,348,780,293,4415,2106,94
2021,Digmoor,E05005364,3615,1063,456,554,225,558,614,145
2021,Halsall,E05005365,1868,336,165,267,133,318,595,54
2021,Hesketh-with-Becconsall,E05005366,3484,568,344,524,227,740,1019,62
2021,Knowsley,E05005367,4954,696,411,596,291,1103,1734,123
2021,Moorside (West Lancashire),E05005368,3090,854,376,522,169,500,574,95
2021,North Meols,E05005369,3997,799,362,551,307,716,1135,127
2021,Parbold,E05005370,3085,346,217,382,152,487,1428,73
2021,Rufford,E05005371,1850,241,170,241,112,303,740,43
2021,Scarisbrick,E05005372,3507,671,315,470,272,612,1055,112
2021,Scott,E05005373,5378,821,438,647,266,1354,1749,103
2021,Skelmersdale North,E05005374,3175,875,375,506,178,556,610,75
2021,Skelmersdale South,E05005375,5325,1267,652,828,336,981,1120,141
2021,Tanhouse,E05005376,4046,1006,475,706,257,705,807,90
2021,Tarleton,E05005377,5089,929,433,671,338,887,1669,162
2021,Up Holland,E05005378,5289,983,494,757,334,913,1696,112
2021,Wrightington,E05005379,3503,508,294,441,238,540,1388,94
2021,Bickerstaffe,E05005380,1857,284,179,229,122,318,687,38
2021,Newburgh,E05005381,1763,221,153,243,84,259,769,34
2021,Blaby South,E05005408,4267,831,455,647,348,780,1098,108
2021,Cosby with South Whetstone,E05005409,4407,641,415,628,312,914,1402,95
2021,Countesthorpe,E05005410,6482,1031,633,928,533,1270,1935,152
2021,Croft Hill,E05005411,2069,359,222,281,162,379,604,62
2021,Ellis,E05005412,4863,814,462,628,314,870,1653,122
2021,Enderby and St John's,E05005413,4906,775,505,735,300,918,1581,92
2021,Fairestone,E05005414,4061,865,385,482,329,644,1248,108
2021,Millfield (Blaby),E05005416,2213,503,242,270,159,392,586,61
2021,Muxloe,E05005417,3626,566,278,486,227,557,1424,88
2021,Narborough and Littlethorpe,E05005418,4420,681,450,661,337,841,1345,105
2021,Normanton (Blaby),E05005419,2344,376,245,342,162,456,712,51
2021,North Whetstone,E05005420,4299,779,405,659,362,869,1117,108
2021,Pastures,E05005421,3997,509,375,636,294,812,1289,82
2021,Ravenhurst and Fosse,E05005422,5899,1352,696,798,387,951,1518,197
2021,Saxondale,E05005423,6078,1171,640,836,441,1139,1709,142
2021,Stanton and Flamville,E05005424,7522,1192,736,1096,542,1463,2354,139
2021,Anstey,E05005426,6264,1171,586,882,434,1124,1916,151
2021,Barrow and Sileby West,E05005427,6013,835,535,815,393,1101,2216,118
2021,Birstall Wanlip,E05005428,6174,934,599,776,339,1042,2323,161
2021,Birstall Watermead,E05005429,5548,1105,637,759,404,947,1568,128
2021,East Goscote,E05005430,2371,423,274,343,211,478,571,71
2021,Forest Bradgate,E05005431,2809,303,187,393,141,497,1248,40
2021,Loughborough Ashby,E05005432,6678,597,328,418,166,4017,1017,135
2021,Loughborough Dishley and Hathern,E05005433,5347,920,526,723,350,911,1790,127
2021,Loughborough Garendon,E05005434,4818,861,445,569,350,833,1615,145
2021,Loughborough Hastings,E05005435,5526,1120,606,729,291,908,1705,167
2021,Loughborough Lemyngton,E05005436,5977,1104,579,679,245,1179,1956,235
2021,Loughborough Nanpantan,E05005437,4576,299,199,342,130,1772,1746,88
2021,Loughborough Outwoods,E05005438,4859,593,341,481,271,952,2106,115
2021,Loughborough Shelthorpe,E05005439,7450,1196,734,976,392,1282,2727,143
2021,Loughborough Southfields,E05005440,6941,577,279,521,194,2729,2502,139
2021,Loughborough Storer,E05005441,5894,843,370,495,221,2436,1416,113
2021,Mountsorrel,E05005442,5720,903,606,811,398,1101,1798,103
2021,Queniborough,E05005443,3900,550,388,525,243,689,1428,77
2021,Quorn and Mountsorrel Castle,E05005444,6044,796,461,705,309,942,2728,103
2021,Rothley and Thurcaston,E05005445,6670,757,506,837,387,1164,2893,126
2021,Shepshed East,E05005446,5839,984,623,885,492,1094,1579,182
2021,Shepshed West,E05005447,6497,1188,701,924,519,1263,1738,164
2021,Sileby,E05005448,6720,1115,733,1013,486,1369,1873,131
2021,Syston East,E05005449,5869,1227,659,868,456,993,1529,137
2021,Syston West,E05005450,5297,992,583,761,350,918,1607,86
2021,The Wolds,E05005451,2697,292,210,357,147,390,1250,51
2021,Thurmaston,E05005452,8094,2108,948,1040,530,1166,2066,236
2021,Wreake Villages,E05005453,2515,328,216,340,137,452,972,70
2021,Ambien,E05005479,3190,485,284,453,206,578,1119,65
2021,"Barlestone, Nailstone and Osbaston",E05005480,2747,536,277,397,197,538,734,68
2021,Barwell,E05005481,7578,1661,1022,1130,529,1407,1653,176
2021,Burbage St Catherines and Lash Hill,E05005482,5063,1088,553,721,304,865,1414,118
2021,Burbage Sketchley and Stretton,E05005483,8625,1281,740,1152,562,1538,3148,204
2021,"Cadeby, Carlton and Market Bosworth with Shackerstone",E05005484,3061,397,225,406,174,460,1336,63
2021,Earl Shilton,E05005485,8756,1900,1045,1333,584,1638,2020,236
2021,Groby,E05005486,5627,908,541,812,384,975,1852,155
2021,Hinckley Castle,E05005487,5789,1158,678,833,356,1068,1549,147
2021,Hinckley Clarendon,E05005488,7574,1328,883,1175,508,1475,2062,143
2021,Hinckley De Montfort,E05005489,8855,1525,974,1262,580,1576,2695,243
2021,Hinckley Trinity,E05005490,5946,1221,769,905,399,1073,1408,171
2021,"Markfield, Stanton and Fieldhead",E05005491,5103,945,506,668,388,900,1535,161
2021,Newbold Verdon with Desford and Peckleton,E05005492,7276,1286,666,1008,491,1211,2398,216
2021,"Ratby, Bagworth and Thornton",E05005493,6045,1058,618,930,407,1146,1745,141
2021,Twycross and Witherley with Sheepy,E05005494,2687,430,246,402,129,450,962,68
2021,Asfordby,E05005495,2946,569,299,464,204,581,760,69
2021,Bottesford (Melton),E05005496,3087,479,236,440,202,533,1113,84
2021,Croxton Kerrial,E05005497,1566,211,139,207,85,296,593,35
2021,Frisby-on-the-Wreake,E05005498,1637,151,122,245,99,304,689,27
2021,Gaddesby,E05005499,1475,189,117,204,83,257,591,34
2021,Long Clawson and Stathern,E05005500,3492,434,279,464,199,577,1450,89
2021,Melton Craven,E05005501,3015,587,352,450,241,550,734,101
2021,Melton Dorian,E05005502,4524,836,562,685,351,878,1067,145
2021,Melton Egerton,E05005503,3236,689,392,548,229,580,710,88
2021,Melton Newport,E05005504,4469,710,476,663,331,902,1252,135
2021,Melton Sysonby,E05005505,4475,677,483,705,322,929,1237,122
2021,Melton Warwick,E05005506,3017,601,308,424,182,503,921,78
2021,Old Dalby,E05005507,1616,257,153,215,88,302,563,38
2021,Somerby,E05005508,1549,211,140,207,101,261,601,28
2021,Waltham-on-the-Wolds,E05005509,1510,227,122,207,93,232,569,60
2021,Wymondham,E05005510,1326,206,113,175,83,224,498,27
2021,Oadby Brocks Hill,E05005531,3385,508,280,363,131,467,1521,115
2021,Oadby Grange,E05005532,5217,563,266,433,112,1842,1898,103
2021,Oadby St Peter's,E05005533,3696,774,368,470,202,494,1295,93
2021,Oadby Uplands,E05005534,3621,565,304,471,167,506,1499,109
2021,Oadby Woodlands,E05005535,3684,464,316,423,111,567,1713,90
2021,South Wigston,E05005536,6529,1541,774,993,467,1142,1433,179
2021,Wigston All Saints,E05005537,4982,1172,582,674,398,836,1181,139
2021,Wigston Fields,E05005538,5504,1245,668,778,366,929,1356,162
2021,Wigston Meadowcourt,E05005539,5253,879,537,683,394,1016,1624,120
2021,Wigston St Wolstan's,E05005540,5341,1060,485,747,344,932,1605,168
2021,Ashby de la Launde and Cranwell,E05005618,4805,602,387,683,223,1186,1641,83
2021,Bassingham and Brant Broughton,E05005619,4447,592,372,624,262,832,1639,126
2021,"Billinghay, Martin and North Kyme",E05005620,4525,1040,494,692,280,850,1037,132
2021,Bracebridge Heath and Waddington East,E05005621,8164,976,670,1176,523,1981,2655,183
2021,Branston (North Kesteven),E05005622,4573,692,452,687,297,865,1453,127
2021,Cliff Villages,E05005623,4696,708,370,607,304,853,1712,142
2021,"Eagle, Swinderby and Witham St Hughs",E05005624,5367,661,487,777,302,1093,1965,82
2021,Heckington Rural,E05005625,4920,978,543,772,321,880,1285,141
2021,Heighington and Washingborough,E05005626,6004,905,623,804,446,1151,1910,165
2021,Kirkby la Thorpe and South Kyme,E05005627,2109,380,219,342,122,407,584,55
2021,Leasingham and Rauceby,E05005628,1851,312,184,270,111,348,550,76
2021,Metheringham,E05005629,4521,773,421,718,300,839,1359,111
2021,North Hykeham Forum,E05005630,1573,274,157,228,133,289,439,53
2021,North Hykeham Memorial,E05005631,3070,521,297,443,219,633,889,68
2021,North Hykeham Mill,E05005632,5066,627,472,785,290,1061,1744,87
2021,North Hykeham Moor,E05005633,2190,397,265,319,215,415,497,82
2021,North Hykeham Witham,E05005634,1978,467,239,260,196,318,420,78
2021,Osbournby,E05005635,2113,299,236,292,117,397,717,55
2021,Ruskington,E05005636,4814,997,535,749,292,915,1171,155
2021,Skellingthorpe,E05005637,3043,531,316,416,242,614,841,83
2021,Sleaford Castle,E05005638,2247,410,270,351,118,480,557,61
2021,Sleaford Holdingham,E05005639,2868,518,345,487,173,581,693,71
2021,Sleaford Navigation,E05005640,2130,522,254,337,127,370,444,76
2021,Sleaford Quarrington and Mareham,E05005641,6410,788,621,1022,367,1444,2042,126
2021,Sleaford Westholme,E05005642,2355,570,276,398,159,399,482,71
2021,Waddington West,E05005643,2176,349,235,327,207,463,548,47
2021,Crowland and Deeping St Nicholas,E05005644,5547,1015,697,895,379,1106,1304,151
2021,"Donington, Quadring and Gosberton",E05005645,6201,1532,727,1009,442,1035,1242,214
2021,Fleet,E05005646,2130,564,264,319,147,356,383,97
2021,Gedney,E05005647,1948,493,305,304,122,318,343,63
2021,Holbeach Hurn,E05005648,1969,464,270,325,132,315,389,74
2021,Holbeach Town,E05005649,6714,1763,839,1115,524,1063,1153,257
2021,Long Sutton,E05005650,6466,1750,806,1091,405,1022,1139,253
2021,"Moulton, Weston and Cowbit",E05005651,6046,1316,713,989,382,1123,1360,163
2021,Pinchbeck and Surfleet,E05005652,6136,1337,780,981,474,1030,1331,203
2021,Spalding Castle,E05005653,2186,551,258,340,160,311,469,97
2021,Spalding Monks House,E05005654,4872,1176,586,733,380,720,1035,242
2021,Spalding St John's,E05005655,5434,1481,664,734,356,719,1099,381
2021,Spalding St Mary's,E05005656,3865,1045,449,548,268,537,823,195
2021,Spalding St Paul's,E05005657,4576,1279,625,681,352,575,819,245
2021,Spalding Wygate,E05005658,5234,1138,579,807,397,841,1227,245
2021,Sutton Bridge,E05005659,3688,1042,521,611,242,578,573,121
2021,The Saints,E05005660,2244,525,299,368,175,381,434,62
2021,Whaplode and Holbeach St John's,E05005661,3739,922,463,575,261,644,745,129
2021,Acle,E05005757,2411,514,291,372,147,402,607,78
2021,Aylsham,E05005758,7470,1330,844,1185,465,1279,2162,205
2021,Blofield with South Walsham,E05005759,5344,851,576,836,336,918,1685,142
2021,Brundall,E05005760,5277,777,522,798,351,933,1748,148
2021,Burlingham,E05005761,2253,428,253,342,175,440,534,81
2021,Buxton,E05005762,2277,346,229,382,186,432,643,59
2021,Coltishall,E05005763,2381,445,222,359,165,449,684,57
2021,Drayton North,E05005764,2388,324,286,412,166,493,662,45
2021,Drayton South,E05005765,2083,464,213,299,153,339,535,80
2021,Eynesford,E05005766,2767,524,288,423,175,509,774,74
2021,Great Witchingham,E05005767,2306,424,245,336,160,361,722,58
2021,Hellesdon North West,E05005768,4897,1118,597,753,476,782,1013,158
2021,Hellesdon South East,E05005769,4590,898,546,695,424,804,1082,141
2021,Hevingham,E05005770,2431,515,283,396,213,421,541,62
2021,Horsford and Felthorpe,E05005771,4600,781,555,849,290,913,1127,85
2021,Marshes,E05005772,2710,517,286,436,214,468,723,66
2021,Old Catton and Sprowston West,E05005773,7146,1213,849,1158,564,1312,1861,189
2021,Plumstead,E05005774,2895,370,243,480,156,567,1007,72
2021,Reepham,E05005775,2251,358,235,334,142,378,746,58
2021,Spixworth with St Faiths,E05005776,4523,881,534,689,438,837,1013,131
2021,Sprowston Central,E05005777,4473,869,533,694,338,864,1044,131
2021,Sprowston East,E05005778,7976,1471,929,1207,686,1482,1976,225
2021,Taverham North,E05005779,4309,609,468,764,254,889,1217,108
2021,Taverham South,E05005780,3883,630,418,642,321,693,1058,121
2021,Thorpe St Andrew North West,E05005781,6269,1167,712,909,478,1122,1692,189
2021,Thorpe St Andrew South East,E05005782,5936,767,556,909,313,1068,2191,132
2021,Wroxham,E05005783,4661,821,539,706,332,876,1273,114
2021,Bradwell North,E05005784,5481,1306,631,802,469,1013,1077,183
2021,Bradwell South and Hopton,E05005785,6438,1481,716,1067,501,1219,1275,179
2021,Caister North,E05005786,3805,1036,502,554,305,626,626,156
2021,Caister South,E05005787,3864,1030,501,637,321,583,662,130
2021,Central and Northgate,E05005788,6924,2157,1008,1063,412,950,1069,265
2021,Claydon,E05005789,6242,1755,873,1027,385,1067,938,197
2021,East Flegg,E05005790,4407,1205,513,691,343,706,770,179
2021,Fleggburgh,E05005791,2284,404,255,335,163,437,626,64
2021,Gorleston,E05005792,4481,860,518,696,304,715,1249,139
2021,Lothingland (Great Yarmouth),E05005793,4807,1192,600,710,411,839,911,144
2021,Magdalen,E05005794,5914,1590,821,931,358,900,1124,190
2021,Nelson (Great Yarmouth),E05005795,7266,2527,1080,1064,420,789,1042,344
2021,Ormesby (Great Yarmouth),E05005796,4083,908,476,681,360,714,805,139
2021,St Andrews (Great Yarmouth),E05005797,4068,1017,560,648,292,685,750,116
2021,Southtown and Cobholm,E05005798,4408,1310,669,716,304,639,632,138
2021,West Flegg,E05005799,4529,982,528,712,370,811,946,180
2021,Yarmouth North,E05005800,3717,1164,493,601,250,516,591,102
2021,Beckingham,E05006377,2068,370,188,297,166,400,588,59
2021,Blyth,E05006378,2017,331,200,270,143,353,653,67
2021,Carlton (Bassetlaw),E05006379,4721,1112,543,650,292,838,1172,114
2021,Clayworth,E05006380,1593,255,159,217,112,285,504,61
2021,East Markham,E05006381,2112,352,196,279,120,399,721,45
2021,East Retford East,E05006382,5971,1270,629,861,405,1008,1584,214
2021,East Retford North,E05006383,5391,1190,599,850,406,924,1256,166
2021,East Retford South,E05006384,4166,817,479,657,285,827,995,106
2021,East Retford West,E05006385,4195,724,466,666,265,815,1157,102
2021,Everton (Bassetlaw),E05006386,2118,284,152,284,141,363,842,52
2021,Harworth,E05006387,7102,1714,841,1225,421,1300,1428,173
2021,Langold,E05006388,2085,626,265,302,139,355,326,72
2021,Misterton (Bassetlaw),E05006389,2132,365,200,329,161,429,600,48
2021,Rampton,E05006390,2000,397,209,239,127,352,612,64
2021,Ranskill,E05006391,1983,365,193,251,121,343,642,68
2021,Sturton,E05006392,1970,305,198,278,129,381,628,51
2021,Sutton (Bassetlaw),E05006393,2673,462,346,414,163,406,777,105
2021,Tuxford and Trent,E05006394,3831,854,393,533,234,686,1027,104
2021,Welbeck,E05006395,1673,379,187,242,108,297,416,44
2021,Worksop East,E05006396,5248,1379,630,783,419,843,1010,184
2021,Worksop North,E05006397,7736,1351,818,1262,510,1511,2103,181
2021,Worksop North East,E05006398,5238,1227,586,683,412,885,1245,200
2021,Worksop North West,E05006399,6749,1386,748,1027,454,1145,1754,235
2021,Worksop South,E05006400,6035,1080,624,872,393,1000,1834,232
2021,Worksop South East,E05006401,6554,2416,802,921,388,818,968,241
2021,Alvescot and Filkins,E05006627,1543,147,126,248,51,255,679,37
2021,Ascott and Shipton,E05006628,1840,254,131,208,87,261,874,25
2021,Bampton and Clanfield,E05006629,3439,490,348,442,174,555,1358,72
2021,Carterton North East,E05006632,4610,453,479,812,234,1177,1357,98
2021,Carterton South,E05006634,3362,528,395,535,205,708,895,96
2021,Chipping Norton,E05006637,5986,1041,563,744,306,924,2237,171
2021,Ducklington,E05006638,2012,349,214,284,100,351,677,37
2021,Eynsham and Cassington,E05006639,5313,780,459,624,328,720,2255,147
2021,Freeland and Hanborough,E05006640,4097,500,352,513,248,633,1761,90
2021,"Kingham, Rollright and Enstone",E05006642,3537,525,290,463,178,531,1482,68
2021,Milton-under-Wychwood,E05006643,1849,272,177,239,88,298,739,36
2021,North Leigh,E05006644,1815,242,164,227,123,278,741,40
2021,"Standlake, Aston and Stanton Harcourt",E05006645,3783,487,357,514,192,561,1608,64
2021,Stonesfield and Tackley,E05006646,3635,405,275,471,161,567,1693,63
2021,The Bartons,E05006647,1611,221,145,191,92,277,652,33
2021,Witney Central,E05006648,4791,900,569,605,279,794,1502,142
2021,Witney East,E05006649,6244,806,601,830,308,1027,2534,138
2021,Witney North,E05006650,3332,570,322,465,206,516,1171,82
2021,Witney South,E05006651,5337,977,601,762,351,851,1638,157
2021,Witney West,E05006652,4529,468,455,667,250,891,1704,94
2021,Woodstock and Bladon,E05006653,3689,362,256,400,165,476,1962,68
2021,Brereton and Ravenhill,E05006902,5677,1354,704,873,364,1021,1180,181
2021,Cannock East,E05006903,5853,1580,819,917,366,956,1050,165
2021,Cannock North,E05006904,5832,1706,691,962,362,934,992,185
2021,Cannock South,E05006905,6757,1753,820,1077,380,1185,1362,180
2021,Cannock West,E05006906,6070,1207,641,911,332,1151,1652,176
2021,Etching Hill and The Heath,E05006907,5515,1162,687,846,359,1017,1288,156
2021,Hagley (Cannock Chase),E05006908,3616,871,464,584,204,687,723,83
2021,Hawks Green,E05006909,5712,696,639,954,320,1362,1647,94
2021,Heath Hayes East and Wimblebury,E05006910,5158,1037,599,845,302,1010,1242,123
2021,Hednesford Green Heath,E05006911,5606,878,623,939,323,1181,1530,132
2021,Hednesford North,E05006912,5814,1427,705,902,345,1064,1211,160
2021,Hednesford South,E05006913,4530,868,521,697,307,926,1096,115
2021,Norton Canes,E05006914,6771,1495,805,1105,410,1295,1497,164
2021,Rawnsley,E05006915,3911,776,422,578,264,747,1031,93
2021,Western Springs,E05006916,5660,1323,686,887,353,990,1248,173
2021,Abbey (East Staffordshire),E05006917,2444,431,216,330,131,436,851,49
2021,Anglesey (East Staffordshire),E05006918,5974,1787,772,831,374,749,1144,317
2021,Bagots,E05006919,2330,361,195,317,121,397,884,55
2021,Branston (East Staffordshire),E05006920,7509,1169,747,1067,454,1493,2387,192
2021,Brizlincote,E05006921,4438,713,382,653,281,836,1449,124
2021,Burton (East Staffordshire),E05006922,3518,807,398,503,217,588,846,159
2021,Churnet (East Staffordshire),E05006923,2332,515,243,356,132,365,665,56
2021,Crown,E05006924,3173,569,328,496,218,541,957,64
2021,Eton Park,E05006925,6097,1530,772,923,302,982,1360,228
2021,Heath (East Staffordshire),E05006926,5638,1169,636,867,353,1067,1419,127
2021,Horninglow,E05006927,7189,1684,825,1100,454,1164,1694,268
2021,Needwood,E05006928,4898,654,395,681,270,817,1982,99
2021,Rolleston on Dove,E05006929,2758,389,251,364,176,431,1066,81
2021,Shobnall,E05006930,6473,1767,815,819,367,940,1503,262
2021,Stapenhill,E05006931,6639,1712,869,1068,458,1045,1271,216
2021,Stretton,E05006932,6533,1067,668,948,455,1238,2007,150
2021,Town (East Staffordshire),E05006933,5816,1027,559,893,298,1096,1827,116
2021,Tutbury and Outwoods,E05006934,5914,882,571,806,354,1077,2086,138
2021,Weaver,E05006935,1755,325,139,222,99,292,629,49
2021,Winshill,E05006936,6727,1348,788,1007,403,1160,1835,186
2021,Yoxall,E05006937,2338,325,188,344,104,363,961,53
2021,Bilbrook,E05006988,3470,690,350,475,260,587,1022,86
2021,Brewood and Coven,E05006989,5657,1211,522,710,378,915,1772,149
2021,Cheslyn Hay North and Saredon,E05006990,3590,729,422,559,227,708,860,85
2021,Cheslyn Hay South,E05006991,2994,584,340,449,227,563,735,96
2021,Codsall North,E05006992,3748,656,329,540,216,630,1293,84
2021,Codsall South,E05006993,3313,493,281,435,199,534,1280,91
2021,Essington,E05006994,4320,1011,503,564,293,758,1073,118
2021,Featherstone and Shareshill,E05006995,7039,1560,872,1190,476,1176,1489,276
2021,Great Wyrley Landywood,E05006996,3918,867,464,611,265,747,874,90
2021,Great Wyrley Town,E05006997,5306,1199,611,786,407,977,1199,127
2021,Himley and Swindon,E05006998,2180,557,197,263,136,354,618,55
2021,Huntington and Hatherton,E05006999,4297,996,489,646,258,797,1010,101
2021,Kinver,E05007000,6138,1072,510,874,328,972,2211,171
2021,Pattingham and Patshull,E05007001,1860,289,168,244,96,298,713,52
2021,Penkridge North East and Acton Trussell,E05007002,3187,554,319,480,220,505,1014,95
2021,Penkridge South East,E05007003,4154,630,368,632,225,802,1403,94
2021,Penkridge West,E05007004,1851,369,154,301,104,337,545,41
2021,Perton Dippons,E05007005,1651,288,166,244,117,310,474,52
2021,Perton East,E05007006,1681,180,168,251,98,352,584,48
2021,Perton Lakeside,E05007007,5014,794,539,785,309,928,1520,139
2021,Trysull and Seisdon,E05007008,1940,381,175,275,116,340,596,57
2021,"Wheaton Aston, Bishopswood and Lapley",E05007009,3535,571,342,494,207,634,1200,87
2021,Wombourne North and Lower Penn,E05007010,5393,922,492,724,310,925,1873,147
2021,Wombourne South East,E05007011,3351,643,304,441,216,572,1073,102
2021,Wombourne South West,E05007012,3783,762,432,536,233,703,1017,100
2021,Alton,E05007039,1183,194,103,170,63,176,459,18
2021,Bagnall and Stanley,E05007040,1396,212,116,159,130,231,507,41
2021,Biddulph East,E05007041,4763,1130,507,784,288,895,1022,137
2021,Biddulph Moor,E05007042,1393,251,110,190,105,256,439,42
2021,Biddulph North,E05007043,4619,802,426,613,371,857,1435,115
2021,Biddulph South,E05007044,1422,330,140,180,127,249,356,40
2021,Biddulph West,E05007045,4259,957,452,558,369,807,988,128
2021,Brown Edge and Endon,E05007046,4053,720,370,557,357,713,1206,130
2021,Caverswall,E05007047,1540,354,136,187,132,248,444,39
2021,Cellarhead,E05007048,2740,534,263,375,228,539,685,116
2021,Cheadle North East,E05007049,2880,711,286,500,198,513,608,64
2021,Cheadle South East,E05007050,3020,729,293,453,246,521,714,64
2021,Cheadle West,E05007051,4248,916,430,594,287,786,1131,104
2021,Checkley,E05007052,4658,815,463,661,316,885,1442,76
2021,Cheddleton,E05007053,4484,735,360,669,309,872,1393,146
2021,Churnet (Staffordshire Moorlands),E05007054,2731,582,237,357,167,513,801,74
2021,Dane,E05007055,1333,275,101,192,62,218,457,28
2021,Forsbrook,E05007056,4303,848,430,599,355,793,1153,125
2021,Hamps Valley,E05007057,1453,262,134,206,77,243,491,40
2021,Horton,E05007058,1602,258,144,196,98,258,621,27
2021,Ipstones,E05007059,1515,280,133,198,111,260,490,43
2021,Leek East,E05007060,4194,812,432,574,257,709,1299,111
2021,Leek North,E05007061,4463,1159,489,672,251,735,1031,126
2021,Leek South,E05007062,4720,925,484,700,275,824,1383,129
2021,Leek West,E05007063,3760,639,403,544,239,671,1150,114
2021,Manifold,E05007064,1487,318,139,191,90,221,490,38
2021,Werrington (Staffordshire Moorlands),E05007065,2650,479,257,365,223,500,752,74
2021,Amington,E05007066,6796,1410,858,1142,344,1321,1559,162
2021,Belgrave (Tamworth),E05007067,6305,1539,857,1099,386,1094,1151,179
2021,Bolehall,E05007068,6125,1395,815,1030,318,1131,1270,166
2021,Castle (Tamworth),E05007069,6469,1503,777,976,377,1164,1520,152
2021,Glascote,E05007070,5969,1685,901,1057,309,914,909,194
2021,Mercian,E05007071,5808,1299,741,925,321,1083,1259,180
2021,Spital,E05007072,6656,1334,791,1067,331,1230,1722,181
2021,Stonydelph,E05007073,6080,1214,849,1102,354,1134,1247,180
2021,Trinity (Tamworth),E05007074,6069,1165,775,962,356,1138,1510,163
2021,Wilnecote,E05007075,7510,1355,920,1358,396,1519,1806,156
2021,Alexandra (Ipswich),E05007117,8935,1520,928,1132,420,1558,3140,237
2021,Bixley,E05007118,6198,1095,625,881,475,1013,1901,208
2021,Bridge (Ipswich),E05007119,7773,1900,1044,1006,475,1237,1838,273
2021,Castle Hill,E05007120,6136,1160,749,914,457,1126,1559,171
2021,Gainsborough,E05007121,6802,1882,911,1064,498,1039,1176,232
2021,Gipping,E05007122,7451,1964,936,1050,458,1031,1775,237
2021,Holywells,E05007123,6781,1129,697,911,384,1397,2059,204
2021,Priory Heath,E05007124,7510,1820,982,1103,447,1238,1682,238
2021,Rushmere,E05007125,6657,1186,733,1010,400,1142,1983,203
2021,St John's (Ipswich),E05007126,7737,1285,804,1100,491,1366,2503,188
2021,St Margaret's (Ipswich),E05007127,6910,940,578,875,305,989,3054,169
2021,Sprites,E05007128,5459,1489,804,851,408,815,913,179
2021,Stoke Park,E05007129,5702,1402,792,959,389,919,1048,193
2021,Westgate (Ipswich),E05007130,8115,1932,1012,1085,478,1177,2110,321
2021,Whitehouse,E05007131,7134,1758,960,1155,485,1183,1363,230
2021,Whitton (Ipswich),E05007132,6532,1791,882,1004,449,1008,1191,207
2021,Auriol,E05007273,3297,421,286,430,143,556,1374,87
2021,College (Epsom and Ewell),E05007274,4748,441,250,573,109,611,2657,107
2021,Court (Epsom and Ewell),E05007275,5812,1013,551,781,226,912,2160,169
2021,Cuddington,E05007276,4869,612,380,580,209,732,2193,163
2021,Ewell,E05007277,4886,634,372,645,231,743,2146,115
2021,Ewell Court,E05007278,4620,759,471,592,270,748,1642,138
2021,Nonsuch,E05007279,4984,442,307,616,160,726,2618,115
2021,Ruxley,E05007280,5151,893,563,733,251,793,1778,140
2021,Stamford,E05007281,5801,539,375,728,208,866,2944,141
2021,Stoneleigh,E05007282,3866,469,337,516,161,651,1613,119
2021,Town (Epsom and Ewell),E05007283,6829,865,455,744,219,1213,3142,191
2021,West Ewell,E05007284,4980,664,443,671,264,878,1946,114
2021,Woodcote,E05007285,4775,496,318,573,177,680,2433,98
2021,Ash South and Tongham,E05007286,7097,1086,696,993,430,1272,2419,201
2021,Ash Vale,E05007287,4651,589,479,661,242,816,1745,119
2021,Ash Wharf,E05007288,5016,922,550,698,296,890,1506,154
2021,Burpham,E05007289,4606,428,298,541,152,701,2398,88
2021,Christchurch,E05007290,4749,309,195,480,112,591,2977,85
2021,Clandon and Horsley,E05007291,7184,634,422,895,214,957,3912,150
2021,Effingham,E05007292,2225,256,152,339,86,361,988,43
2021,Friary and St Nicolas,E05007293,8733,654,457,664,200,1722,4836,200
2021,Holy Trinity,E05007294,7048,501,318,627,149,965,4342,146
2021,Lovelace,E05007295,2231,293,210,314,124,385,853,52
2021,Merrow,E05007296,6404,626,453,809,218,881,3291,126
2021,Normandy,E05007297,2649,491,282,293,159,397,959,68
2021,Onslow,E05007298,10091,539,220,492,141,4767,3727,205
2021,Pilgrims,E05007299,2110,221,158,249,80,309,1054,39
2021,Pirbright,E05007300,3801,260,351,724,178,973,1255,60
2021,Send,E05007301,3501,413,299,482,160,551,1508,88
2021,Shalford,E05007302,4546,488,304,533,185,647,2263,126
2021,Stoke (Guildford),E05007303,5145,1133,558,641,289,849,1540,135
2021,Stoughton,E05007304,7794,859,569,900,347,1541,3397,181
2021,Tillingbourne,E05007305,4715,469,327,604,172,732,2321,90
2021,Westborough (Guildford),E05007306,8051,1350,739,775,369,2104,2490,224
2021,Worplesdon,E05007307,7018,1020,611,816,384,1146,2838,203
2021,Ashtead Common,E05007308,3325,331,235,457,139,504,1574,85
2021,Ashtead Park,E05007309,3701,382,263,482,120,531,1824,99
2021,Ashtead Village,E05007310,4901,518,350,641,166,679,2434,113
2021,Beare Green,E05007311,1638,332,171,226,97,263,519,30
2021,Bookham North,E05007312,4927,498,397,647,159,789,2296,141
2021,Bookham South,E05007313,4720,572,421,636,217,690,2070,114
2021,Box Hill and Headley,E05007314,1715,368,174,231,130,253,500,59
2021,"Brockham, Betchworth and Buckland",E05007315,3724,438,319,507,196,580,1606,78
2021,"Capel, Leigh and Newdigate",E05007316,3593,488,342,539,208,588,1341,87
2021,Charlwood,E05007317,2036,309,256,327,121,377,603,43
2021,Dorking North,E05007318,3701,358,240,455,152,568,1842,86
2021,Dorking South,E05007319,6092,713,432,767,211,861,2955,153
2021,Fetcham East,E05007320,3237,338,288,453,143,481,1475,59
2021,Fetcham West,E05007321,3379,295,291,517,190,602,1408,76
2021,Holmwoods,E05007322,5154,902,600,782,284,806,1648,132
2021,Leatherhead North,E05007323,6214,972,693,839,272,1050,2237,151
2021,Leatherhead South,E05007324,3764,421,259,446,144,557,1843,94
2021,Leith Hill,E05007325,1377,102,92,188,48,255,673,19
2021,"Mickleham, Westhumble and Pixham",E05007326,1629,128,115,235,53,218,856,24
2021,Okewood,E05007327,1617,197,126,239,91,268,667,29
2021,Westcott,E05007328,1893,240,171,238,66,265,846,67
2021,Ashford Common,E05007362,6798,1295,798,1083,427,1168,1836,191
2021,Ashford East,E05007363,6238,1047,779,1024,339,1038,1820,191
2021,Ashford North and Stanwell South,E05007364,7479,1417,851,1047,393,1044,2455,272
2021,Ashford Town,E05007365,6285,902,729,977,329,1084,2103,161
2021,Halliford and Sunbury West,E05007366,5290,983,552,701,280,850,1775,149
2021,Laleham and Shepperton Green,E05007367,6716,1065,777,1037,410,1184,2057,186
2021,Riverside and Laleham,E05007368,5651,760,592,812,311,972,2038,166
2021,Shepperton Town,E05007369,5907,910,597,830,335,935,2147,153
2021,Staines,E05007370,7466,958,590,943,309,1111,3362,193
2021,Staines South,E05007371,5770,1121,716,845,288,911,1711,178
2021,Stanwell North,E05007372,6848,1538,916,941,335,936,1907,275
2021,Sunbury Common,E05007373,6663,1265,822,967,374,1011,1995,229
2021,Sunbury East,E05007374,6243,753,512,819,239,983,2784,153
2021,Chaldon,E05007391,1492,170,119,217,51,270,631,34
2021,Dormansland and Felcourt,E05007392,3387,422,330,463,163,534,1386,89
2021,Felbridge,E05007393,1969,283,165,314,110,355,699,43
2021,Godstone,E05007394,5014,784,532,798,256,896,1605,143
2021,Harestone,E05007395,3608,320,278,549,124,638,1623,76
2021,Limpsfield,E05007396,2998,250,189,404,85,468,1549,53
2021,Lingfield and Crowhurst,E05007397,3536,565,344,545,169,620,1199,94
2021,Oxted North and Tandridge,E05007398,4725,512,375,635,148,749,2191,115
2021,Oxted South,E05007399,5218,776,552,782,231,814,1947,116
2021,Portley,E05007400,3660,555,344,608,187,690,1190,86
2021,Queens Park (Tandridge),E05007401,3138,475,286,457,152,545,1137,86
2021,Tatsfield and Titsey,E05007402,1636,223,165,292,83,275,552,46
2021,Valley (Tandridge),E05007403,3546,500,362,515,146,672,1241,110
2021,Warlingham East and Chelsham and Farleigh,E05007404,4658,857,507,741,236,821,1362,134
2021,Warlingham West,E05007405,2985,359,275,442,103,502,1218,86
2021,Westway,E05007406,3794,547,419,610,174,740,1220,84
2021,Whyteleafe,E05007407,3659,350,330,557,125,741,1476,80
2021,Woldingham,E05007408,1828,227,105,339,59,213,866,19
2021,Bletchingley and Nutfield,E05007409,4826,698,403,699,190,785,1929,122
2021,"Burstow, Horne and Outwood",E05007410,5152,914,582,763,307,939,1495,152
2021,"Alfold, Cranleigh Rural and Ellens Green",E05007411,1715,305,146,218,108,241,620,77
2021,Blackheath and Wonersh,E05007412,1533,123,87,172,49,241,827,34
2021,"Bramley, Busbridge and Hascombe",E05007413,3998,405,239,488,142,558,2075,91
2021,Chiddingfold and Dunsfold,E05007414,3247,328,225,417,102,550,1559,66
2021,Cranleigh East,E05007415,5533,742,509,839,282,857,2169,135
2021,Cranleigh West,E05007416,4048,514,329,699,148,615,1637,106
2021,Elstead and Thursley,E05007417,3282,390,217,435,151,465,1548,76
2021,Ewhurst,E05007418,2034,195,139,464,82,297,809,48
2021,Farnham Bourne,E05007419,3468,234,159,413,88,425,2093,56
2021,Farnham Castle,E05007420,4077,453,285,484,166,758,1791,140
2021,Farnham Firgrove,E05007421,3604,345,213,414,127,532,1876,97
2021,Farnham Hale and Heath End,E05007422,3622,395,302,510,193,592,1540,90
2021,Farnham Moor Park,E05007423,4393,494,253,521,112,794,2115,104
2021,Farnham Shortheath and Boundstone,E05007424,3396,373,247,420,118,525,1645,68
2021,Farnham Upper Hale,E05007425,3489,463,346,463,194,619,1307,97
2021,Farnham Weybourne and Badshot Lea,E05007426,3871,545,323,530,228,691,1468,86
2021,Farnham Wrecclesham and Rowledge,E05007427,3986,404,309,575,118,611,1873,96
2021,"Frensham, Dockenfield and Tilford",E05007428,3421,366,222,426,105,489,1744,69
2021,Godalming Binscombe,E05007429,3342,610,376,422,191,542,1120,81
2021,Godalming Central and Ockford,E05007430,4205,600,319,462,155,604,1958,107
2021,Godalming Charterhouse,E05007431,3412,272,166,604,97,390,1823,60
2021,Godalming Farncombe and Catteshall,E05007432,4189,522,330,431,197,638,1956,115
2021,Godalming Holloway,E05007433,3477,180,144,396,74,410,2227,46
2021,Haslemere Critchmere and Shottermill,E05007434,5000,680,401,652,213,756,2202,96
2021,Haslemere East and Grayswood,E05007435,5414,551,366,643,185,758,2798,113
2021,Hindhead,E05007436,3671,377,280,486,136,565,1740,87
2021,Milford (Waverley),E05007437,3342,461,285,439,152,540,1391,74
2021,Shamley Green and Cranleigh North,E05007438,1546,181,89,201,48,227,768,32
2021,Witley and Hambledon,E05007439,3341,353,228,421,123,539,1613,64
2021,Arley and Whitacre,E05007457,4828,1136,554,681,294,860,1185,118
2021,Atherstone Central,E05007458,3374,918,427,575,159,561,657,77
2021,Atherstone North,E05007459,3121,723,339,506,169,550,752,82
2021,Atherstone South and Mancetter,E05007460,3173,891,346,487,185,484,693,87
2021,Baddesley and Grendon,E05007461,3592,785,408,590,233,640,854,82
2021,Coleshill North,E05007462,2663,457,314,406,195,528,715,48
2021,Coleshill South,E05007463,3127,641,369,482,210,501,848,76
2021,Curdworth,E05007464,2889,515,294,416,183,501,901,79
2021,Dordon,E05007465,2602,752,353,397,159,428,451,62
2021,Fillongley,E05007466,3055,584,293,404,215,533,942,84
2021,Hartshill,E05007467,3234,701,394,513,226,557,767,76
2021,Hurley and Wood End,E05007468,3193,685,421,568,195,522,736,66
2021,Kingsbury (North Warwickshire),E05007469,3021,652,394,472,187,558,689,69
2021,Newton Regis and Warton,E05007470,3131,645,318,439,162,555,943,69
2021,Polesworth East,E05007471,3216,759,355,519,161,598,743,81
2021,Polesworth West,E05007472,2754,568,313,379,162,540,702,90
2021,Water Orton,E05007473,2920,539,326,431,185,566,805,68
2021,Abbey (Nuneaton and Bedworth),E05007474,7511,2070,995,1027,392,1060,1713,254
2021,Arbury (Nuneaton and Bedworth),E05007475,5843,1224,717,897,366,1032,1459,148
2021,Attleborough,E05007476,6278,1381,740,943,392,1144,1529,149
2021,Bar Pool,E05007477,6030,1553,837,969,363,968,1172,168
2021,Bede (Nuneaton and Bedworth),E05007478,5675,1611,723,894,381,880,1022,164
2021,Bulkington,E05007479,5252,1262,549,680,418,854,1333,156
2021,Camp Hill,E05007480,7339,1935,959,1124,396,1155,1576,194
2021,Exhall,E05007481,6937,1663,855,1007,421,1153,1614,224
2021,Galley Common,E05007482,6732,1194,797,1083,440,1396,1660,162
2021,Heath (Nuneaton and Bedworth),E05007483,6196,1420,785,954,407,1050,1388,192
2021,Kingswood (Nuneaton and Bedworth),E05007484,5689,1457,750,918,373,931,1106,154
2021,Poplar (Nuneaton and Bedworth),E05007485,6373,1525,757,950,363,1047,1500,231
2021,St Nicolas (Nuneaton and Bedworth),E05007486,7086,912,602,1047,435,1373,2540,177
2021,Slough,E05007487,5881,1418,777,902,369,1075,1189,151
2021,Weddington,E05007488,7671,1185,697,1098,481,1455,2595,160
2021,Wem Brook,E05007489,6340,1883,807,917,359,853,1283,238
2021,Whitestone,E05007490,5753,874,566,852,389,1015,1899,158
2021,Buckingham,E05007562,3244,460,332,477,184,612,1088,91
2021,Churchill (Adur),E05007563,3761,858,477,604,248,607,863,104
2021,Cokeham,E05007564,3756,846,488,604,265,649,797,107
2021,Eastbrook,E05007565,3800,780,466,612,219,642,966,115
2021,Hillside (Adur),E05007566,3688,834,462,571,269,637,824,91
2021,Manor (Adur),E05007567,3624,624,420,595,269,650,975,91
2021,Marine (Adur),E05007568,3846,430,331,519,188,689,1594,95
2021,Mash Barn,E05007569,3601,775,478,579,251,640,788,90
2021,Peverel,E05007570,3651,883,504,535,254,652,707,116
2021,St Mary's (Adur),E05007571,4250,812,414,610,208,683,1433,90
2021,St Nicolas (Adur),E05007572,3427,451,286,473,163,518,1434,102
2021,Southlands,E05007573,3408,830,416,496,219,575,788,84
2021,Southwick Green,E05007574,3756,633,379,548,205,644,1256,91
2021,Widewater,E05007575,5141,1117,610,727,385,857,1271,174
2021,Ardingly and Balcombe,E05007668,5437,605,500,795,242,1064,2097,134
2021,Ashurst Wood,E05007669,2247,258,232,352,89,408,846,62
2021,Bolney,E05007670,2394,264,194,358,107,422,982,67
2021,Burgess Hill Dunstall,E05007671,4174,403,461,699,206,919,1392,94
2021,Burgess Hill Franklands,E05007672,4267,481,386,684,219,764,1590,143
2021,Burgess Hill Leylands,E05007673,3942,729,472,604,227,717,1081,112
2021,Burgess Hill Meeds,E05007674,4171,623,451,609,216,728,1412,132
2021,Burgess Hill St Andrews,E05007675,5105,622,488,837,260,1045,1747,106
2021,Burgess Hill Victoria,E05007676,4867,614,517,811,262,974,1576,113
2021,Copthorne and Worth,E05007677,4206,550,456,654,229,846,1340,131
2021,Crawley Down and Turners Hill,E05007678,6239,792,716,1018,404,1149,1990,170
2021,Cuckfield,E05007679,5146,451,364,765,196,924,2358,88
2021,East Grinstead Ashplats,E05007680,4754,651,565,827,258,898,1416,139
2021,East Grinstead Baldwins,E05007681,4120,570,427,642,222,768,1378,113
2021,East Grinstead Herontye,E05007682,3968,449,420,633,191,723,1456,96
2021,East Grinstead Imberhorne,E05007683,3892,453,399,612,195,709,1437,87
2021,East Grinstead Town,E05007684,5201,705,460,735,259,923,1938,181
2021,Hassocks,E05007685,6820,735,564,923,306,1089,3033,170
2021,Haywards Heath Ashenground,E05007686,4600,571,434,678,227,826,1758,106
2021,Haywards Heath Bentswood,E05007687,5018,683,526,731,229,849,1875,125
2021,Haywards Heath Franklands,E05007688,4604,472,406,746,180,836,1857,107
2021,Haywards Heath Heath,E05007689,4823,506,337,543,175,764,2378,120
2021,Haywards Heath Lucastes,E05007690,5743,471,378,755,139,1002,2852,146
2021,High Weald,E05007691,4164,456,305,579,190,747,1804,83
2021,Hurstpierpoint and Downs,E05007692,6939,761,569,995,297,1138,3034,145
2021,Lindfield,E05007693,6474,579,474,928,241,1026,3060,166
2021,Broadwater (Worthing),E05007694,7408,1154,800,1241,404,1404,2217,188
2021,Castle (Worthing),E05007695,7589,1418,948,1210,460,1351,1972,230
2021,Central (Worthing),E05007696,8988,1589,915,1185,416,1425,3190,268
2021,Durrington (Worthing),E05007697,4807,951,607,753,319,911,1118,148
2021,Gaisford,E05007698,7627,1040,736,1095,416,1470,2682,188
2021,Goring (Worthing),E05007699,7247,1203,738,1167,417,1224,2271,227
2021,Heene,E05007700,7722,1424,720,1035,347,1197,2708,291
2021,Marine (Worthing),E05007701,7053,918,666,1049,367,1157,2665,231
2021,Northbrook,E05007702,5592,774,704,1020,261,1166,1537,130
2021,Offington,E05007703,6756,911,651,1068,404,1258,2285,179
2021,Salvington,E05007704,7747,1367,942,1215,502,1323,2147,251
2021,Selden,E05007705,7020,1205,714,962,335,1194,2381,229
2021,Tarring,E05007706,6807,1024,728,1064,362,1336,2143,150
2021,Alfrick and Leigh,E05007846,3194,426,246,410,172,524,1353,63
2021,Baldwin,E05007847,1907,319,152,279,122,297,689,49
2021,Broadheath (Malvern Hills),E05007848,3268,460,270,461,182,564,1265,66
2021,Chase,E05007849,5173,742,451,707,273,801,2070,129
2021,Dyson Perrins,E05007850,3774,525,343,581,222,692,1330,81
2021,Hallow,E05007851,1745,263,146,221,109,265,711,30
2021,Kempsey,E05007852,4145,585,367,556,256,746,1522,113
2021,Lindridge,E05007853,1942,325,174,255,111,293,717,67
2021,Link,E05007854,5409,880,498,757,337,820,1955,162
2021,Longdon (Malvern Hills),E05007855,1861,248,157,281,96,283,751,45
2021,Martley,E05007856,1656,225,126,255,109,287,611,43
2021,Morton (Malvern Hills),E05007857,2043,284,166,270,100,327,854,42
2021,Pickersleigh,E05007858,5091,1105,572,799,299,786,1378,152
2021,Powick,E05007859,3547,519,274,475,217,587,1369,106
2021,Priory (Malvern Hills),E05007860,3722,336,254,539,168,484,1822,119
2021,Ripple,E05007861,1640,248,145,212,102,271,606,56
2021,Teme Valley,E05007862,1832,244,150,237,95,304,753,49
2021,Tenbury,E05007863,3345,615,331,550,164,581,1011,93
2021,Upton and Hanley,E05007864,3803,636,376,526,224,584,1388,69
2021,Wells (Malvern Hills),E05007865,2747,246,179,315,112,450,1375,70
2021,West (Malvern Hills),E05007866,3424,355,272,430,137,520,1669,41
2021,Woodbury,E05007867,1861,193,132,264,88,314,824,46
2021,Abbey (Redditch),E05007868,5606,1120,634,777,313,971,1617,174
2021,Astwood Bank and Feckenham,E05007869,5052,710,457,772,327,906,1770,110
2021,Batchley & Brockhill,E05007870,7249,1542,793,1200,359,1273,1892,190
2021,Central (Redditch),E05007871,5292,1229,651,762,282,802,1375,191
2021,Church Hill,E05007872,6520,1501,862,1074,369,1123,1395,196
2021,Crabbs Cross,E05007873,4651,703,486,726,287,888,1439,122
2021,Greenlands (Redditch),E05007874,7562,1715,1030,1244,409,1273,1644,247
2021,Headless Cross and Oakenshaw,E05007875,7027,1502,689,1050,427,1282,1888,189
2021,Lodge Park,E05007876,4408,1191,566,689,249,648,910,155
2021,Matchborough,E05007877,4966,1107,652,794,315,824,1102,172
2021,West (Redditch),E05007878,5199,787,492,828,333,961,1684,114
2021,Winyates,E05007879,6717,1497,855,1110,448,1157,1446,204
2021,Arboretum (Worcester),E05007880,5314,854,387,652,236,869,2173,143
2021,Battenhall,E05007881,4454,633,347,537,215,708,1903,111
2021,Bedwardine,E05007882,7311,1196,704,1022,441,1293,2476,179
2021,Cathedral,E05007883,9966,1499,791,1167,407,1835,3990,277
2021,Claines,E05007884,6773,945,525,839,385,1133,2789,157
2021,Gorse Hill (Worcester),E05007885,4352,1285,562,646,282,578,830,169
2021,Nunnery,E05007886,7025,1500,711,986,398,1141,2063,226
2021,Rainbow Hill,E05007887,4651,1167,494,689,241,708,1214,138
2021,St Clement (Worcester),E05007888,5148,656,345,553,279,1740,1471,104
2021,St John (Worcester),E05007889,7369,1435,740,1042,414,1632,1931,175
2021,St Peter's Parish,E05007890,4738,588,405,674,251,926,1787,107
2021,St Stephen (Worcester),E05007891,4645,815,434,618,259,818,1616,85
2021,Warndon,E05007892,4521,1258,641,726,292,619,849,136
2021,Warndon Parish North,E05007893,4348,448,397,624,196,842,1760,81
2021,Warndon Parish South,E05007894,4990,587,410,730,261,861,2022,119
2021,Badsey,E05007895,2757,528,329,346,182,485,824,63
2021,Bengeworth,E05007896,6333,1299,684,869,433,1083,1750,215
2021,Bowbrook (Wychavon),E05007897,2474,264,221,324,125,380,1119,41
2021,Bredon,E05007898,2234,241,183,320,120,391,920,59
2021,Bretforton and Offenham,E05007899,2497,564,246,355,145,418,702,67
2021,Broadway and Wickhamford,E05007900,4381,848,475,600,305,624,1392,137
2021,Dodderhill,E05007901,2445,457,254,314,145,406,818,51
2021,Drakes Broughton,E05007902,2300,344,248,324,116,428,772,68
2021,Droitwich Central,E05007903,2123,507,239,334,126,327,548,42
2021,Droitwich East,E05007904,4631,933,493,628,261,741,1412,163
2021,Droitwich South East,E05007905,5461,576,508,809,256,1015,2172,125
2021,Droitwich South West,E05007906,4121,769,416,584,232,659,1330,131
2021,Droitwich West,E05007907,4266,1034,589,639,253,691,942,118
2021,Eckington,E05007908,2423,325,197,323,138,363,1023,54
2021,Elmley Castle and Somerville,E05007909,2176,308,182,286,134,341,888,37
2021,Evesham North,E05007910,4392,1064,496,535,304,654,1162,177
2021,Evesham South,E05007911,4303,924,556,584,268,780,1010,181
2021,Fladbury,E05007912,2460,397,239,298,148,380,935,63
2021,Great Hampton,E05007913,3090,732,341,392,216,550,763,96
2021,Hartlebury,E05007914,2550,436,248,353,133,417,901,62
2021,Harvington and Norton,E05007915,2339,477,238,309,145,362,749,59
2021,Honeybourne and Pebworth,E05007916,2489,452,232,364,119,444,810,68
2021,Inkberrow,E05007917,5149,652,463,698,296,872,2039,129
2021,Little Hampton,E05007918,4698,914,539,696,286,861,1253,149
2021,Lovett and North Claines,E05007919,6118,836,551,860,298,1007,2415,151
2021,Norton and Whittington,E05007920,3149,321,277,462,155,582,1302,50
2021,Ombersley,E05007921,2134,418,173,283,116,325,765,54
2021,Pershore,E05007922,7044,1289,740,992,443,1137,2223,220
2021,Pinvin,E05007923,2806,482,287,368,162,462,964,81
2021,South Bredon Hill,E05007924,2076,285,185,264,118,308,863,53
2021,The Littletons,E05007925,2968,548,307,462,171,510,889,81
2021,Upton Snodsbury,E05007926,2339,311,181,337,117,393,937,63
2021,Abbey (Shropshire),E05008136,3899,508,303,531,227,617,1636,77
2021,Albrighton,E05008137,4083,782,388,621,253,675,1269,95
2021,Alveley and Claverley,E05008138,3599,612,354,527,236,582,1180,108
2021,Bagley,E05008139,4090,543,400,631,326,770,1334,86
2021,Battlefield,E05008140,4913,847,572,835,373,983,1195,108
2021,"Bayston Hill, Column and Sutton",E05008141,10527,1590,924,1471,736,1952,3550,304
2021,Belle Vue (Shropshire),E05008142,3758,459,292,485,183,611,1651,77
2021,Bishop's Castle,E05008143,3180,581,274,472,187,502,1067,97
2021,Bowbrook (Shropshire),E05008144,3565,455,315,490,225,640,1340,100
2021,Bridgnorth East and Astley Abbotts,E05008145,5790,1130,573,836,347,951,1782,171
2021,Bridgnorth West and Tasley,E05008146,5726,1000,563,848,352,943,1863,157
2021,Broseley,E05008147,4261,904,441,626,268,756,1142,124
2021,Brown Clee,E05008148,3784,574,361,515,224,646,1366,98
2021,Burnell,E05008149,3999,522,333,584,191,704,1567,98
2021,Castlefields and Ditherington,E05008150,3890,877,377,546,248,635,1108,99
2021,Cheswardine,E05008151,3532,615,319,511,199,624,1184,80
2021,Chirbury and Worthen,E05008152,2527,401,246,394,142,387,905,52
2021,Church Stretton and Craven Arms,E05008153,7753,1315,681,1064,454,1183,2800,256
2021,Clee,E05008154,3774,719,358,608,236,641,1120,92
2021,Cleobury Mortimer,E05008155,6394,1262,625,870,375,1080,2015,167
2021,Clun,E05008156,3286,512,278,461,185,518,1240,92
2021,Copthorne,E05008157,3381,286,219,480,152,526,1646,72
2021,Corvedale,E05008158,3182,411,295,470,158,530,1246,72
2021,Ellesmere Urban,E05008159,3674,729,384,547,229,611,1063,111
2021,Harlescott,E05008160,3905,865,478,713,355,673,715,106
2021,Highley,E05008161,3133,747,350,459,224,529,739,85
2021,Hodnet,E05008162,4344,767,461,740,265,742,1246,123
2021,Llanymynech,E05008163,3655,575,391,521,222,687,1169,90
2021,Longden,E05008164,3448,470,317,484,210,612,1266,89
2021,Loton,E05008165,3754,486,341,551,233,659,1382,102
2021,Ludlow East,E05008166,3256,735,364,540,213,524,790,90
2021,Ludlow North,E05008167,3405,624,275,527,165,517,1195,102
2021,Ludlow South,E05008168,3393,580,335,545,197,611,1031,94
2021,Market Drayton East,E05008169,4492,848,488,665,271,729,1348,143
2021,Market Drayton West,E05008170,7508,1550,826,1167,500,1339,1910,216
2021,Meole,E05008171,3609,531,374,507,236,555,1322,84
2021,Rea Valley,E05008172,3783,575,337,576,281,678,1246,90
2021,Monkmoor,E05008173,3514,754,412,656,256,583,751,102
2021,Much Wenlock,E05008174,3661,597,339,546,156,595,1323,105
2021,Porthill,E05008178,3764,396,247,633,155,565,1691,77
2021,Prees,E05008179,3859,712,397,561,246,647,1198,98
2021,Quarry and Coton Hill,E05008180,3812,458,294,419,185,768,1585,103
2021,Radbrook,E05008181,4660,491,379,609,213,797,2062,109
2021,St Martin's (Shropshire),E05008183,3840,749,368,563,210,700,1167,83
2021,Severn Valley,E05008186,4069,604,351,509,205,713,1579,108
2021,Shawbury,E05008187,3997,586,361,562,249,857,1282,100
2021,Shifnal North,E05008188,4952,789,525,737,270,963,1558,110
2021,Shifnal South and Cosford,E05008189,6498,656,414,1016,274,1621,2389,128
2021,Sundorne,E05008190,3256,746,392,558,285,532,658,85
2021,Tern,E05008191,4177,625,404,629,230,747,1400,142
2021,The Meres,E05008192,4156,530,357,667,249,684,1567,102
2021,Underdale,E05008193,3459,568,330,566,215,583,1116,81
2021,Wem,E05008194,7555,1315,768,1226,501,1432,2097,216
2021,Whitchurch North,E05008195,6239,1277,656,946,410,1007,1753,190
2021,Whitchurch South,E05008196,3618,749,399,569,232,580,1012,77
2021,Worfield,E05008198,3190,622,321,438,143,559,1035,72
2021,Belper South,E05008520,4697,832,448,580,311,751,1678,97
2021,Duffield,E05008521,4090,409,219,536,154,527,2157,88
2021,Heanor East,E05008522,4789,1080,575,758,368,898,1016,94
2021,"Kilburn, Denby and Holbrook",E05008523,6268,996,626,844,452,1217,2000,133
2021,"Shipley Park, Horsley and Horsley Woodhouse",E05008524,5524,881,529,784,375,1037,1798,120
2021,Boniface,E05008546,3409,618,404,510,199,642,951,85
2021,Newbrooke,E05008547,1341,190,99,164,54,215,589,30
2021,Yeo,E05008548,3124,467,320,476,211,570,1015,65
2021,Coxheath and Hunton,E05008553,6815,1217,747,1026,449,1189,2010,177
2021,Loose,E05008554,2079,269,221,317,132,378,709,53
2021,South (Maidstone),E05008555,8166,1336,896,1302,477,1504,2375,276
2021,Almondbury,E05008558,14506,2573,1350,1917,1100,2693,4511,362
2021,Colne Valley,E05008559,14497,2110,1294,1787,1079,2608,5289,330
2021,Crosland Moor and Netherton,E05008560,15265,3848,1611,1838,904,2313,4215,536
2021,Holme Valley North,E05008561,13797,2024,1157,1697,979,2544,5100,296
2021,Kirkburton,E05008562,13503,1765,1041,1712,885,2699,5169,232
2021,Alderley Edge,E05008610,4063,437,263,507,155,548,2052,101
2021,Alsager,E05008611,10958,1462,909,1486,670,1911,4275,245
2021,Audlem,E05008612,4534,665,356,640,259,713,1788,113
2021,Bollington,E05008613,7184,873,550,911,362,1156,3195,137
2021,Brereton Rural,E05008614,6018,703,440,864,294,1092,2531,94
2021,Broken Cross and Upton,E05008615,7264,901,601,1036,329,1209,3011,177
2021,Bunbury,E05008616,5195,585,382,740,225,1033,2127,103
2021,Chelford,E05008617,3937,431,300,511,165,641,1803,86
2021,Congleton East,E05008618,11605,1891,1086,1605,697,2076,3989,261
2021,Congleton West,E05008619,11996,1932,1095,1629,751,2248,4068,273
2021,Crewe Central,E05008620,5543,1531,690,712,397,780,1218,215
2021,Crewe East,E05008621,12787,2825,1441,1892,1044,2213,3007,365
2021,Crewe North,E05008622,3865,858,458,613,392,640,783,121
2021,Crewe St Barnabas,E05008623,4108,1120,526,611,321,584,802,144
2021,Crewe South,E05008624,10232,2734,1212,1291,795,1463,2332,405
2021,Crewe West,E05008625,8508,2007,920,1292,674,1391,1991,233
2021,Dane Valley (Cheshire East),E05008626,8594,1089,605,1119,403,1296,3900,182
2021,Disley,E05008627,3992,446,317,428,214,703,1789,95
2021,Gawsworth,E05008628,3786,469,275,555,205,626,1583,73
2021,Handforth,E05008629,7890,1289,746,1056,391,1304,2930,174
2021,Haslington,E05008630,7460,1066,599,1094,578,1354,2620,149
2021,High Legh,E05008631,4100,505,297,562,166,631,1858,81
2021,Knutsford,E05008632,10767,1366,716,1347,417,1557,5166,198
2021,Leighton,E05008633,4825,477,486,814,324,1115,1537,72
2021,Macclesfield Central,E05008634,7851,1079,618,992,396,1381,3226,159
2021,Macclesfield East,E05008635,3772,517,320,468,212,640,1543,72
2021,Macclesfield Hurdsfield,E05008636,3695,762,359,561,214,634,1070,95
2021,Macclesfield South,E05008637,6992,1276,686,1020,415,1186,2266,143
2021,Macclesfield Tytherington,E05008638,7559,840,549,1030,387,1261,3328,164
2021,Macclesfield West and Ivy,E05008639,6752,1296,663,1005,431,1265,1960,132
2021,Middlewich,E05008640,11939,1838,1186,1922,809,2325,3612,247
2021,Mobberley,E05008641,4001,662,303,501,228,593,1598,116
2021,Nantwich North and West,E05008642,7438,1474,719,946,457,1175,2464,203
2021,Nantwich South and Stapeley,E05008643,7893,935,599,1027,412,1313,3406,201
2021,Odd Rode,E05008644,7155,1177,675,1001,531,1318,2266,187
2021,Poynton East and Pott Shrigley,E05008645,6378,762,474,828,377,928,2843,166
2021,Poynton West and Adlington,E05008646,7048,829,595,916,379,1143,3022,164
2021,Prestbury (Cheshire East),E05008647,3718,329,240,476,146,490,1973,64
2021,Sandbach Elworth,E05008648,4748,536,369,677,288,875,1907,96
2021,Sandbach Ettiley Heath and Wheelock,E05008649,4671,475,352,681,270,1001,1806,86
2021,Sandbach Heath and East,E05008650,4135,673,364,609,302,692,1391,104
2021,Sandbach Town,E05008651,4526,657,415,572,285,744,1739,114
2021,Shavington,E05008652,4567,653,412,638,355,891,1514,104
2021,Sutton (Cheshire East),E05008653,3628,506,277,477,197,554,1562,55
2021,Willaston and Rope,E05008654,4433,501,360,586,251,858,1768,109
2021,Wilmslow Dean Row,E05008655,4189,278,277,492,120,654,2277,91
2021,Wilmslow East,E05008656,3703,294,214,420,111,429,2144,91
2021,Wilmslow Lacey Green,E05008657,4046,550,333,513,180,613,1740,117
2021,Wilmslow West and Chorley,E05008658,8091,737,473,978,309,1174,4279,141
2021,Wistaston,E05008659,7986,1099,743,1145,610,1413,2778,198
2021,Wrenbury,E05008660,4636,666,371,615,249,710,1940,85
2021,Wybunbury,E05008661,4732,464,353,704,250,834,2014,113
2021,Abbey Hulton and Townsend,E05008714,8482,2614,944,1341,588,1303,1460,232
2021,"Baddeley, Milton and Norton",E05008715,13977,3277,1434,2162,1234,2370,3112,388
2021,Bentilee and Ubberley,E05008716,8506,2787,1039,1329,536,1228,1353,234
2021,Birches Head and Central Forest Park,E05008717,8636,2202,966,1311,714,1475,1708,260
2021,Blurton East,E05008718,4586,1300,511,667,390,682,892,144
2021,Blurton West and Newstead,E05008719,5595,1262,603,955,313,911,1415,136
2021,Boothen and Oak Hill,E05008720,5151,1196,550,702,299,856,1359,189
2021,Bradeley and Chell Heath,E05008721,4521,1435,508,693,335,681,731,138
2021,Broadway and Longton East,E05008722,4576,1168,522,689,406,825,848,118
2021,Burslem Central,E05008723,5424,1621,672,793,312,797,1057,172
2021,Burslem Park,E05008724,3914,1017,438,642,313,647,764,93
2021,Dresden and Florence,E05008725,4017,1085,445,586,210,664,882,145
2021,Eaton Park,E05008726,3708,1108,421,565,352,550,597,115
2021,Etruria and Hanley,E05008727,6016,1844,624,793,280,717,1521,237
2021,Fenton East,E05008728,4787,1405,613,716,389,743,788,133
2021,Fenton West and Mount Pleasant,E05008729,4591,1299,569,711,300,728,856,128
2021,Ford Green and Smallthorne,E05008730,4957,1192,606,821,297,838,1105,98
2021,Goldenhill and Sandyford,E05008731,4826,1258,490,736,326,850,1072,94
2021,Great Chell and Packmoor,E05008732,8310,2162,872,1276,722,1418,1648,212
2021,Hanford and Trentham,E05008733,9685,1784,898,1296,671,1694,3075,267
2021,Hanley Park and Shelton,E05008734,5340,931,365,513,104,2042,1261,124
2021,Hartshill and Basford,E05008735,5910,997,511,693,303,1166,2060,180
2021,Hollybush and Longton West,E05008736,4643,1346,561,733,380,730,786,107
2021,Joiner's Square,E05008737,5485,1402,606,685,306,811,1490,185
2021,Lightwood North and Normacot,E05008738,4237,1214,464,648,222,634,937,118
2021,Little Chell and Stanfield,E05008739,5105,1489,609,827,340,767,947,126
2021,Meir Hay,E05008740,3669,820,423,579,281,752,736,78
2021,Meir North,E05008741,4694,1391,564,795,335,718,767,124
2021,Meir Park,E05008742,3934,715,390,538,298,733,1180,80
2021,Meir South,E05008743,4470,1315,538,683,270,691,871,102
2021,Moorcroft,E05008744,4746,1427,531,703,260,672,948,205
2021,Penkhull and Stoke,E05008745,5700,986,539,686,321,1149,1862,157
2021,Sandford Hill,E05008746,4910,1380,565,823,388,794,853,107
2021,Sneyd Green,E05008747,4285,1105,523,643,341,703,848,122
2021,Springfields and Trent Vale,E05008748,5345,1204,623,769,315,869,1446,119
2021,Tunstall,E05008749,4918,1481,611,730,324,721,881,170
2021,Weston Coyney,E05008750,4245,1135,425,613,371,749,834,118
2021,Brickhill,E05008751,6722,1018,675,910,436,1093,2397,193
2021,Bromham and Biddenham,E05008752,6615,672,536,883,312,1049,3048,115
2021,Castle (Bedford),E05008753,7743,1457,692,842,371,989,3121,271
2021,Cauldwell,E05008754,8584,2087,1041,1055,417,1120,2516,348
2021,Clapham,E05008755,3608,615,354,536,236,614,1135,118
2021,De Parys,E05008756,6086,909,477,753,289,1164,2316,178
2021,Eastcotts,E05008757,4291,503,491,656,234,829,1494,84
2021,Elstow and Stewartby,E05008758,4626,740,481,691,270,857,1468,119
2021,Goldington,E05008759,7527,1471,983,1108,462,1214,2022,267
2021,Great Barford,E05008760,6705,906,645,951,424,1202,2439,138
2021,Harpur,E05008761,7574,1557,677,894,422,997,2775,252
2021,Harrold,E05008762,3450,418,293,508,177,580,1399,75
2021,Kempston Central and East,E05008763,5955,1256,738,818,367,919,1618,239
2021,Kempston North,E05008764,3109,649,398,433,199,507,818,105
2021,Kempston Rural,E05008765,6939,647,567,934,287,1262,3097,145
2021,Kempston South,E05008766,3333,666,439,485,229,550,836,128
2021,Kempston West,E05008767,4323,781,564,604,270,726,1258,120
2021,Kingsbrook,E05008768,7844,1865,1043,1080,492,1107,1970,287
2021,Newnham (Bedford),E05008769,6564,887,601,854,350,1062,2667,143
2021,Oakley (Bedford),E05008770,3118,345,272,445,180,514,1291,71
2021,Putnoe,E05008771,5954,913,637,813,333,984,2104,170
2021,Queens Park (Bedford),E05008772,7149,1964,893,863,287,950,1908,284
2021,Riseley,E05008773,2830,350,241,378,175,494,1139,53
2021,Sharnbrook,E05008774,3363,365,276,484,204,554,1408,72
2021,Wilshamstead,E05008775,5116,652,482,720,280,970,1912,100
2021,Wootton (Bedford),E05008776,5744,673,576,827,347,1105,2067,149
2021,Wyboston,E05008777,3243,446,294,456,213,562,1187,85
2021,Arlesey,E05008779,13088,1900,1346,1988,747,2571,4278,258
2021,Aspley and Woburn,E05008780,3902,499,333,487,190,608,1689,96
2021,Barton-le-Clay,E05008781,4133,623,392,615,307,780,1313,103
2021,Biggleswade North,E05008782,8579,1387,891,1324,458,1631,2694,194
2021,Biggleswade South,E05008783,9404,1338,1001,1390,562,1771,3163,179
2021,Cranfield and Marston Moretaine,E05008785,13377,1633,1225,1832,689,2464,5257,277
2021,Dunstable-Central,E05008786,4279,688,505,612,274,751,1320,129
2021,Dunstable-Icknield,E05008787,7396,1324,860,989,538,1252,2174,259
2021,Dunstable-Watling,E05008790,7647,1176,791,1129,581,1458,2272,240
2021,Eaton Bray,E05008791,3553,617,396,509,251,599,1104,77
2021,Flitwick,E05008792,11393,1554,1177,1630,695,2143,3901,293
2021,Heath and Reach,E05008793,4356,595,401,603,254,814,1560,129
2021,Leighton Buzzard North,E05008796,12101,2166,1378,1832,693,2075,3623,334
2021,Leighton Buzzard South,E05008797,11840,1497,1242,1878,629,2309,4033,252
2021,Linslade,E05008798,9841,1168,969,1435,475,1646,3894,254
2021,Parkside (Central Bedfordshire),E05008800,3977,913,523,603,227,601,979,131
2021,Potton,E05008801,7171,1043,722,1088,435,1326,2397,160
2021,Shefford,E05008803,8917,1057,856,1360,533,1852,3084,175
2021,Silsoe and Shillington,E05008804,4790,590,416,641,267,903,1882,91
2021,Stotfold and Langford,E05008805,12622,1585,1270,1872,757,2335,4549,254
2021,Tithe Farm,E05008806,3486,868,485,491,204,519,825,94
2021,Toddington,E05008807,7999,1125,717,1258,489,1461,2770,179
2021,"Westoning, Flitton and Greenfield",E05008808,3936,499,348,640,245,721,1381,102
2021,Aston (South Derbyshire),E05008809,7504,839,580,975,445,1420,3056,189
2021,Church Gresley,E05008810,6815,1145,728,1094,415,1472,1825,136
2021,Etwall,E05008811,5716,581,463,679,321,1025,2526,121
2021,Hatton,E05008812,2101,423,213,303,174,405,526,57
2021,Hilton,E05008813,7939,756,693,1178,432,1576,3180,124
2021,Linton (South Derbyshire),E05008814,4959,940,475,776,289,965,1377,137
2021,Melbourne,E05008815,4559,655,350,558,288,727,1881,100
2021,Midway,E05008816,6678,1362,801,1156,487,1195,1497,180
2021,Newhall and Stanton,E05008817,6612,1530,863,1103,473,1198,1268,177
2021,Repton (South Derbyshire),E05008818,4852,564,362,722,241,790,2057,116
2021,Seales,E05008819,4572,881,463,652,285,837,1368,86
2021,Stenson,E05008820,4269,712,468,567,282,813,1276,151
2021,Swadlincote,E05008821,7228,1532,805,1163,504,1384,1615,225
2021,Willington and Findern,E05008822,5892,667,493,701,375,1106,2411,139
2021,Woodville,E05008823,7255,1333,840,1215,427,1452,1806,182
2021,Abbott,E05008857,1958,581,195,286,161,329,324,82
2021,Berry Hill (Mansfield),E05008858,2764,384,228,338,156,500,1094,64
2021,Brick Kiln,E05008859,2532,698,314,426,148,413,467,66
2021,Broomhill,E05008860,2620,785,321,422,174,379,438,101
2021,Bull Farm and Pleasley Hill,E05008861,3388,935,393,498,194,568,689,111
2021,Carr Bank,E05008862,2693,750,360,409,146,416,526,86
2021,Eakring,E05008863,2210,413,237,294,143,454,604,65
2021,Grange Farm,E05008864,2489,519,253,340,160,428,712,77
2021,Holly,E05008865,2552,420,289,407,166,553,639,78
2021,Hornby,E05008866,2216,438,243,300,164,436,559,76
2021,Kings Walk,E05008867,2708,267,249,429,136,617,940,70
2021,Kingsway (Mansfield),E05008868,2611,626,324,354,156,493,575,83
2021,Ladybrook,E05008869,2907,934,357,406,204,404,501,101
2021,Lindhurst,E05008870,2451,433,252,359,176,411,759,61
2021,Ling Forest,E05008871,2095,415,211,312,170,438,466,83
2021,Manor (Mansfield),E05008872,2325,548,249,322,188,453,480,85
2021,Market Warsop,E05008873,2472,698,312,378,159,433,413,79
2021,Maun Valley,E05008874,2811,489,318,461,166,588,712,77
2021,Meden,E05008875,2469,663,278,411,183,392,476,66
2021,Netherfield (Mansfield),E05008876,2254,580,294,357,159,377,419,68
2021,Newgate,E05008877,2498,805,322,316,145,371,425,114
2021,Newlands,E05008878,2575,684,359,349,167,463,480,73
2021,Oak Tree,E05008879,2135,641,334,301,129,303,367,60
2021,Oakham,E05008880,2265,299,189,315,136,450,842,34
2021,Park Hall,E05008881,2797,736,365,418,174,497,526,81
2021,Peafields,E05008882,2240,505,257,340,179,407,497,55
2021,Penniment,E05008883,2350,676,302,358,133,381,416,84
2021,Portland (Mansfield),E05008884,2384,710,281,322,160,308,469,134
2021,Racecourse,E05008885,2510,600,316,381,188,445,497,83
2021,Ransom Wood,E05008886,2296,669,295,355,161,352,400,64
2021,Sandhurst,E05008887,2354,537,266,306,161,433,570,81
2021,Sherwood (Mansfield),E05008888,2478,527,260,400,150,511,550,80
2021,Warsop Carrs,E05008889,2961,808,357,423,200,567,538,68
2021,Woodhouse (Mansfield),E05008890,2689,840,359,379,158,441,438,74
2021,Woodlands (Mansfield),E05008891,2163,600,249,271,145,324,470,104
2021,Yeoman Hill,E05008892,2945,700,349,473,197,523,624,79
2021,Downlands and Forest,E05008932,2485,310,188,336,138,434,1011,68
2021,Fordingbridge,E05008933,5722,985,580,833,370,1003,1805,146
2021,Forest North West,E05008934,2207,299,164,303,135,354,896,56
2021,"Hastingwood, Matching and Sheering Village",E05008940,2152,370,231,366,132,388,615,50
2021,Moreton and Fyfield,E05008941,1841,368,211,306,102,325,474,55
2021,Central (Swindon),E05008954,12427,2465,2010,1682,640,1387,3340,903
2021,Chiseldon and Lawn,E05008955,6418,806,624,950,331,1112,2424,171
2021,Covingham and Dorcan,E05008956,8955,1736,1261,1477,674,1529,1985,293
2021,Eastcott,E05008957,9913,1518,1106,1310,505,1479,3551,444
2021,Gorse Hill and Pinehurst,E05008958,11313,2684,1777,1772,713,1579,2310,478
2021,"Liden, Eldene and Park South",E05008960,9182,2200,1458,1551,548,1253,1834,338
2021,Lydiard and Freshbrook,E05008961,8898,1620,1186,1523,467,1545,2241,316
2021,Mannington and Western,E05008962,9057,1611,1229,1440,565,1420,2468,324
2021,Old Town (Swindon),E05008963,8951,949,752,1336,403,1427,3897,187
2021,Priory Vale,E05008965,9616,938,1064,1831,472,1973,3140,198
2021,Ridgeway (Swindon),E05008966,2839,294,221,412,142,456,1268,46
2021,Rodbourne Cheney,E05008967,10075,2187,1362,1728,656,1542,2266,334
2021,St Andrews (Swindon),E05008968,14043,1262,1457,2393,624,2976,5018,313
2021,St Margaret and South Marston,E05008969,9747,1716,1253,1620,708,1759,2388,303
2021,Shaw (Swindon),E05008970,8853,1004,1043,1569,463,1684,2858,232
2021,Walcot and Park North,E05008971,10614,2615,1762,1767,572,1388,2087,423
2021,Wroughton and Wichelstowe,E05008972,6826,1169,761,1028,490,1135,2061,182
2021,Benn,E05008974,7813,1680,887,1020,484,1127,2245,370
2021,Bilton,E05008975,5631,836,555,739,417,936,1964,184
2021,"Clifton, Newton and Churchover",E05008976,2333,286,179,307,131,437,951,42
2021,Coton and Boughton,E05008977,6409,614,584,910,292,1106,2763,140
2021,Hillmorton,E05008979,6069,935,533,848,413,1068,2110,162
2021,Leam Valley,E05008980,2102,255,182,257,111,314,943,40
2021,New Bilton,E05008981,6616,1390,786,942,490,1066,1697,245
2021,Newbold and Brownsover,E05008982,7270,1368,866,1081,475,1118,2122,240
2021,Paddox,E05008983,5860,762,515,834,388,1052,2158,151
2021,Revel and Binley Woods,E05008984,5485,902,525,771,403,838,1894,152
2021,Rokeby and Overslade,E05008985,6216,1207,683,815,468,901,1939,203
2021,Eastlands,E05008986,6835,1015,591,1084,381,1036,2529,199
2021,Wolvey and Shilton,E05008988,2489,362,217,315,230,540,771,54
2021,Aldershot Park,E05008989,5728,1386,748,846,314,943,1297,194
2021,Cherrywood,E05008990,7186,2002,1108,958,333,981,1464,340
2021,Cove and Southwood,E05008991,5847,878,676,953,348,1064,1788,140
2021,Empress,E05008992,5500,612,484,698,230,937,2411,128
2021,Fernhill (Rushmoor),E05008993,5697,1036,731,938,321,972,1542,157
2021,Knellwood,E05008994,6107,697,519,909,288,1141,2403,150
2021,Manor Park (Rushmoor),E05008995,7804,1746,988,953,400,1193,2244,280
2021,North Town,E05008996,6254,1181,770,984,406,1120,1618,175
2021,Rowhill,E05008997,6124,1273,715,812,368,981,1778,197
2021,St John's (Rushmoor),E05008998,5656,745,711,858,326,1084,1791,141
2021,St Mark's (Rushmoor),E05008999,6847,928,714,970,403,1276,2375,181
2021,Wellington (Rushmoor),E05009000,6492,1184,717,829,453,1182,1933,194
2021,West Heath (Rushmoor),E05009001,5627,1135,701,814,326,977,1470,204
2021,Broxbourne and Hoddesdon South,E05009002,7463,1219,752,1161,406,1246,2458,221
2021,Cheshunt North,E05009003,7603,1719,915,1084,448,1208,2010,219
2021,Cheshunt South and Theobalds,E05009004,7545,1670,801,1014,405,1209,2199,247
2021,Flamstead End,E05009005,7031,1512,856,1093,375,1224,1779,192
2021,Goffs Oak,E05009006,7603,1263,789,1190,449,1362,2366,184
2021,Hoddesdon North,E05009007,7874,1525,1008,1285,511,1454,1850,241
2021,Hoddesdon Town and Rye Park,E05009008,8201,1678,1055,1247,497,1495,1954,275
2021,Rosedale and Bury Green,E05009009,7798,1808,986,1146,427,1244,1976,211
2021,Waltham Cross,E05009010,9479,2400,1067,1118,491,1329,2756,318
2021,Wormley and Turnford,E05009011,8839,1764,1120,1389,497,1499,2341,229
2021,Annfield Plain,E05009030,6580,1654,778,999,429,1267,1287,166
2021,Aycliffe East,E05009031,6845,1563,751,1064,455,1324,1530,158
2021,Aycliffe North and Middridge,E05009032,8934,1414,893,1335,585,1845,2657,205
2021,Aycliffe West,E05009033,6136,1565,753,999,413,1144,1069,193
2021,Barnard Castle East,E05009034,7137,1294,616,1041,432,1165,2412,177
2021,Barnard Castle West,E05009035,7178,1186,688,992,447,1222,2421,222
2021,Belmont (County Durham),E05009036,11544,2220,937,1421,584,2143,3979,260
2021,Benfieldside,E05009037,6735,932,575,958,427,1286,2394,163
2021,Bishop Auckland Town,E05009038,6603,1291,594,937,483,1267,1877,154
2021,Bishop Middleham and Cornforth,E05009039,3101,732,292,445,221,531,794,86
2021,Blackhalls,E05009040,6692,1795,686,908,434,1147,1552,170
2021,Brandon,E05009041,8481,1812,791,1240,506,1521,2426,185
2021,Burnopfield and Dipton,E05009042,6582,1174,614,941,488,1213,1971,181
2021,Chester-le-Street East,E05009043,2990,505,265,405,208,463,1100,44
2021,Chester-le-Street North,E05009044,3179,657,328,438,268,570,836,82
2021,Chester-le-Street South,E05009045,6137,910,566,969,412,1090,2033,157
2021,Chester-le-Street West Central,E05009046,6452,1407,733,970,397,1217,1574,154
2021,Chilton (County Durham),E05009047,3910,854,396,595,245,774,932,114
2021,Consett North,E05009048,6650,1275,664,1000,449,1377,1713,172
2021,Consett South,E05009049,4171,713,430,645,230,899,1148,106
2021,Coundon,E05009050,3545,985,368,543,257,635,684,73
2021,Coxhoe,E05009051,10769,2140,959,1512,659,2035,3275,189
2021,Craghead and South Moor,E05009052,6723,1682,778,1021,443,1299,1343,157
2021,Crook,E05009053,10083,2319,1028,1528,676,1949,2342,241
2021,Dawdon,E05009054,7000,1795,800,1099,418,1214,1452,222
2021,Deerness,E05009055,10444,2358,1054,1488,660,1810,2813,261
2021,Delves Lane,E05009056,6767,1367,710,1057,445,1336,1656,196
2021,Deneside,E05009057,5742,1793,620,874,370,897,997,191
2021,Durham South,E05009058,1303,130,81,116,39,132,789,16
2021,Easington,E05009059,6356,1682,638,917,379,1087,1526,127
2021,Elvet and Gilesgate,E05009060,9282,484,169,361,122,5435,2534,177
2021,Esh and Witton Gilbert,E05009061,6646,1229,630,963,448,1213,2005,158
2021,Evenwood,E05009062,6861,1559,702,985,488,1183,1770,174
2021,Ferryhill,E05009063,9194,2270,990,1344,659,1753,1900,278
2021,Framwellgate and Newton Hall,E05009064,11811,1764,968,1592,667,1897,4624,299
2021,Horden,E05009065,5938,1941,728,921,338,921,939,150
2021,Lanchester,E05009066,6347,1080,533,811,379,1137,2263,144
2021,Leadgate and Medomsley,E05009067,7246,1504,683,1034,467,1338,2026,194
2021,Lumley,E05009068,6085,1126,678,865,413,1029,1801,173
2021,Murton,E05009069,6246,1542,671,995,426,1088,1348,176
2021,Neville's Cross,E05009070,12123,417,203,624,143,5689,4870,177
2021,North Lodge,E05009071,3350,432,241,431,244,605,1316,81
2021,Passfield,E05009072,3859,781,379,594,274,769,952,110
2021,Pelton,E05009073,10785,2052,1152,1616,844,2083,2777,261
2021,Peterlee East,E05009074,6139,1787,698,1045,354,1051,1047,157
2021,Peterlee West,E05009075,6475,1570,742,1146,361,1257,1230,169
2021,Sacriston,E05009076,6269,1339,651,936,407,1229,1535,172
2021,Seaham,E05009077,5441,948,501,802,362,1079,1617,132
2021,Sedgefield,E05009078,6821,1093,568,934,380,1199,2479,168
2021,Sherburn,E05009079,7137,1506,623,972,436,1171,2253,176
2021,Shildon and Dene Valley,E05009080,11011,2861,1167,1660,898,1976,2193,256
2021,Shotton and South Hetton,E05009081,7543,1977,783,1160,489,1383,1588,163
2021,Spennymoor,E05009082,9470,1984,899,1388,603,1901,2464,231
2021,Stanley (County Durham),E05009083,7206,2106,795,1234,492,1180,1209,190
2021,Tanfield,E05009084,6620,1355,708,1060,449,1251,1621,176
2021,Tow Law,E05009085,3825,893,375,599,295,701,887,75
2021,Trimdon and Thornley,E05009086,10481,2937,1043,1543,625,1947,2129,257
2021,Tudhoe,E05009087,7745,1646,748,1108,481,1474,2128,160
2021,Weardale,E05009088,6771,1284,578,865,437,1127,2289,191
2021,West Auckland,E05009089,7145,1648,713,1067,507,1351,1730,129
2021,Willington and Hunwick,E05009090,7327,1687,662,1106,475,1291,1933,173
2021,Wingate,E05009091,3410,807,317,491,212,668,817,98
2021,Woodhouse Close,E05009092,6592,1992,677,1016,430,1179,1162,136
2021,Alnwick,E05009093,8854,1534,821,1218,613,1403,3016,249
2021,Amble,E05009094,4232,933,486,623,342,769,970,109
2021,Amble West with Warkworth,E05009095,3672,521,311,491,283,621,1359,86
2021,Ashington Central,E05009096,3792,973,461,662,246,695,674,81
2021,Bamburgh,E05009097,3710,725,367,524,332,599,1066,97
2021,Bedlington Central,E05009098,4384,901,466,611,361,797,1122,126
2021,Bedlington East,E05009099,3721,924,435,568,264,729,733,68
2021,Bedlington West,E05009100,3790,502,367,545,261,802,1234,79
2021,Bellingham (Northumberland),E05009101,3230,591,311,438,211,549,1033,97
2021,Berwick East,E05009102,3881,956,487,597,343,608,781,109
2021,Berwick North,E05009103,3750,807,389,465,292,539,1162,96
2021,Berwick West with Ord,E05009104,3461,804,368,552,344,582,731,80
2021,Bywell,E05009106,3754,466,227,419,185,583,1800,74
2021,Choppington,E05009107,3717,838,432,578,255,730,777,107
2021,College (Northumberland),E05009108,4020,1000,433,656,263,786,773,109
2021,Corbridge,E05009109,3482,468,258,448,173,495,1548,92
2021,Cowpen,E05009110,3260,797,415,595,254,584,569,46
2021,Cramlington East,E05009111,3534,808,455,573,230,649,714,105
2021,Cramlington Eastfield,E05009112,4119,631,473,674,318,905,1020,98
2021,Cramlington North,E05009113,4019,385,346,646,246,845,1470,81
2021,Cramlington South East,E05009114,3879,744,428,566,390,696,911,144
2021,Cramlington Village,E05009115,3744,783,377,581,300,632,951,120
2021,Cramlington West,E05009116,5643,967,591,899,351,1172,1537,126
2021,Croft (Northumberland),E05009117,3760,1041,457,596,271,576,717,102
2021,Druridge Bay,E05009118,5852,1299,681,933,442,1047,1289,161
2021,Haltwhistle,E05009119,3949,860,447,600,326,651,938,127
2021,Hartley,E05009120,4041,677,390,578,342,745,1192,117
2021,Haydon,E05009121,3576,667,343,550,311,703,908,94
2021,Haydon and Hadrian,E05009122,3768,585,353,527,249,693,1273,88
2021,Hexham Central with Acomb,E05009123,3821,655,375,513,277,606,1312,83
2021,Hexham East,E05009124,3613,671,310,441,197,507,1388,99
2021,Hexham West,E05009125,3321,300,194,361,162,437,1810,57
2021,Hirst,E05009126,3976,1108,490,736,239,637,684,82
2021,Holywell (Northumberland),E05009127,4261,782,480,628,356,783,1091,141
2021,Humshaugh,E05009128,3542,532,281,456,210,571,1395,97
2021,Isabella,E05009129,3619,1006,473,619,297,629,521,74
2021,Kitty Brewster,E05009130,5775,1163,641,931,393,1196,1344,107
2021,Longhorsley,E05009131,3855,438,266,456,193,628,1793,81
2021,Longhoughton,E05009132,3743,480,317,502,220,685,1466,73
2021,Lynemouth,E05009133,3758,746,406,553,297,730,923,103
2021,Morpeth Kirkhill,E05009134,4370,540,318,537,251,720,1897,107
2021,Morpeth North,E05009135,3974,498,254,441,172,591,1880,138
2021,Morpeth Stobhill,E05009136,4050,609,328,518,234,665,1586,110
2021,Newbiggin Central and East,E05009137,3730,999,376,562,275,564,835,119
2021,Norham and Islandshires,E05009139,3648,600,346,516,265,565,1257,99
2021,Plessey,E05009141,3090,583,343,456,281,630,693,104
2021,Ponteland East and Stannington,E05009142,4136,425,318,543,205,647,1913,85
2021,Ponteland North,E05009143,4483,610,320,536,215,656,1993,153
2021,Ponteland South with Heddon,E05009144,3549,377,233,410,161,477,1802,89
2021,Ponteland West,E05009145,3508,309,258,429,181,626,1633,72
2021,Prudhoe North,E05009146,4218,547,389,663,293,885,1362,79
2021,Prudhoe South,E05009147,4639,929,456,749,325,885,1182,113
2021,Rothbury,E05009148,4272,597,358,547,314,687,1644,125
2021,Seaton with Newbiggin West,E05009149,4771,923,437,726,328,1094,1158,105
2021,Shilbottle,E05009151,4645,653,375,610,261,835,1824,87
2021,Sleekburn,E05009152,3520,871,393,533,244,663,731,85
2021,South Blyth,E05009153,3951,518,392,616,315,807,1207,96
2021,South Tynedale,E05009154,4056,488,295,519,228,674,1762,90
2021,Stakeford,E05009155,3875,872,383,514,275,804,910,117
2021,Stocksfield and Broomhaugh,E05009156,4061,472,261,495,205,609,1940,79
2021,Wensleydale,E05009157,4486,815,434,652,357,942,1170,116
2021,Wooler,E05009158,3807,712,372,547,302,574,1177,123
2021,"Gobowen, Selattyn and Weston Rhyn",E05009281,5761,1047,555,944,382,981,1705,147
2021,Oswestry East,E05009282,7699,1498,955,1309,559,1367,1762,249
2021,Oswestry South,E05009283,3870,604,386,601,216,649,1333,81
2021,Oswestry West,E05009284,3140,622,339,498,191,505,872,113
2021,Ruyton and Baschurch,E05009285,3562,431,296,557,182,646,1384,66
2021,St Oswald (Shropshire),E05009286,4025,603,365,629,235,699,1396,98
2021,Whittington,E05009287,3664,558,335,535,233,720,1194,89
2021,Chopwell and Rowlands Gill,E05009313,7371,1530,798,992,526,1168,2161,196
2021,Walkern,E05009315,2270,265,214,332,126,407,874,52
2021,Manor (Stevenage),E05009316,5327,741,612,839,284,988,1757,106
2021,Bethnal Green,E05009317,17084,2782,1270,1448,383,3082,7585,534
2021,Blackwall & Cubitt Town,E05009318,18177,1785,834,1150,372,2120,11395,521
2021,Bow East,E05009319,16304,2439,941,1351,293,2031,8848,401
2021,Bow West,E05009320,11317,1921,723,892,248,1358,5913,262
2021,Bromley North,E05009321,9223,1780,767,927,242,1270,3972,265
2021,Bromley South,E05009322,10918,1930,866,1144,244,1596,4832,306
2021,Canary Wharf,E05009323,15242,1573,736,927,265,1526,9804,411
2021,Island Gardens,E05009324,12499,1685,780,930,246,1624,6876,358
2021,Lansbury,E05009325,16704,3277,1445,1734,444,2345,6918,541
2021,Limehouse,E05009326,5759,654,276,337,76,613,3662,141
2021,Mile End (Tower Hamlets),E05009327,17064,3106,1323,1585,445,2310,7815,480
2021,Poplar (Tower Hamlets),E05009328,6078,1236,580,647,157,800,2439,219
2021,St Dunstan's,E05009329,11502,2473,928,1182,278,1698,4570,373
2021,St Katharine's & Wapping,E05009330,10473,898,420,613,118,1022,7183,219
2021,St Peter's (Tower Hamlets),E05009331,16387,2980,1174,1450,332,2117,7900,434
2021,Shadwell,E05009332,10272,2348,935,1096,290,1365,3891,347
2021,Spitalfields & Banglatown,E05009333,11330,1917,695,918,215,1425,5849,311
2021,Stepney Green,E05009334,9733,2263,817,1011,257,1480,3615,290
2021,Weavers,E05009335,11121,1820,729,888,231,1376,5807,270
2021,Whitechapel,E05009336,15703,2133,917,1204,306,2188,8425,530
2021,Baylis and Stoke,E05009337,7727,2054,954,945,275,1131,2010,358
2021,Britwell and Northborough,E05009338,8359,1732,1081,1252,368,1135,2462,329
2021,Central (Slough),E05009339,9994,1968,963,953,427,1161,4035,487
2021,Chalvey,E05009340,9908,2398,1021,1113,401,1170,3333,472
2021,Cippenham Green,E05009341,7966,1388,832,1085,387,1314,2624,336
2021,Cippenham Meadows,E05009342,9138,1577,1007,1159,427,1352,3249,367
2021,Colnbrook with Poyle,E05009343,4918,849,594,635,244,735,1610,251
2021,Elliman,E05009344,8012,1907,915,874,312,1024,2539,441
2021,Farnham,E05009345,8400,2058,934,1017,431,1066,2410,484
2021,Foxborough,E05009346,2923,595,362,369,145,462,859,131
2021,Haymill and Lynch Hill,E05009347,7935,1367,824,1040,358,1172,2918,256
2021,Langley Kedermister,E05009348,7988,1477,884,992,291,1053,3018,273
2021,Langley St Mary's,E05009349,8816,1309,818,993,397,1255,3743,301
2021,Upton (Slough),E05009350,8221,1253,633,833,248,1019,3944,291
2021,Wexham Lea,E05009351,8633,2034,943,1077,294,1132,2670,483
2021,Blackwater and Hawley,E05009352,7746,1088,965,1188,531,1493,2254,227
2021,Crookham East,E05009353,5977,621,505,892,295,1035,2457,172
2021,Crookham West and Ewshot,E05009354,8600,760,640,1254,348,1654,3722,222
2021,Fleet Central,E05009355,7448,1040,698,936,344,1147,3065,218
2021,Fleet East,E05009356,6481,571,501,827,259,1053,3156,114
2021,Fleet West,E05009357,7111,452,511,970,197,1241,3630,110
2021,Hartley Wintney,E05009358,7783,976,636,1022,352,1211,3433,153
2021,Hook,E05009359,7687,694,600,1050,293,1420,3483,147
2021,Odiham,E05009360,7455,715,480,993,312,1439,3373,143
2021,Yateley East,E05009361,7044,1008,800,1055,422,1287,2275,197
2021,Yateley West,E05009362,6998,816,731,1120,447,1340,2372,172
2021,Burford,E05009363,1701,254,157,236,75,229,700,50
2021,Brize Norton and Shilton,E05009364,3126,246,200,398,181,1043,1015,43
2021,Carterton North West,E05009365,4266,599,515,703,270,959,1126,94
2021,Brownswood,E05009367,7702,907,364,474,149,798,4876,134
2021,Cazenove,E05009368,11108,2644,905,1099,303,1222,4540,395
2021,Clissold,E05009369,10432,1248,494,771,230,1072,6427,190
2021,Dalston,E05009370,7771,758,307,453,150,835,5102,166
2021,De Beauvoir,E05009371,7692,962,341,487,144,761,4825,172
2021,Hackney Central,E05009372,10573,1689,658,883,237,1301,5568,237
2021,Hackney Downs,E05009373,10856,1651,665,868,299,1249,5854,270
2021,Hackney Wick,E05009374,10101,1818,717,1006,270,1395,4667,228
2021,Haggerston,E05009375,12245,1920,692,954,225,1383,6793,278
2021,Homerton,E05009376,11088,1973,777,941,276,1466,5362,293
2021,Hoxton East & Shoreditch,E05009377,10155,1410,530,699,217,1152,5858,289
2021,Hoxton West,E05009378,11806,1668,629,829,267,1373,6700,340
2021,King's Park,E05009379,10366,1905,699,1007,302,1330,4836,287
2021,Lea Bridge (Hackney),E05009380,11279,1708,678,960,226,1312,6103,292
2021,London Fields,E05009381,10757,1654,578,776,224,1182,6083,260
2021,Shacklewell,E05009382,7503,1190,452,604,157,841,4067,192
2021,Springfield,E05009383,10487,3195,910,1287,296,1251,3105,443
2021,Stamford Hill West,E05009384,6925,1972,529,859,259,760,2309,237
2021,Stoke Newington,E05009385,11123,1396,532,811,253,1228,6684,219
2021,Victoria (Hackney),E05009386,10042,1567,575,883,214,1178,5417,208
2021,Woodberry Down,E05009387,9456,1810,747,800,240,1082,4548,229
2021,Abingdon,E05009388,6812,543,211,401,94,740,4618,205
2021,Brompton & Hans Town,E05009389,6802,594,261,380,96,829,4398,244
2021,Campden,E05009390,7206,432,202,427,72,740,5115,218
2021,Chelsea Riverside,E05009391,6524,933,358,614,140,853,3431,195
2021,Colville,E05009392,7479,1006,440,613,187,925,4103,205
2021,Courtfield,E05009393,7277,526,195,311,94,918,5025,208
2021,Dalgarno,E05009394,5892,1311,454,660,169,826,2264,208
2021,Earl's Court,E05009395,7937,796,302,412,170,1039,4949,269
2021,Golborne,E05009396,7562,1424,621,721,244,1076,3237,239
2021,Holland,E05009397,7521,684,321,536,126,829,4784,241
2021,Norland,E05009398,4872,451,195,325,56,573,3184,88
2021,Notting Dale,E05009399,7570,1588,569,839,209,1097,3043,225
2021,Pembridge,E05009400,4763,320,141,246,98,530,3304,124
2021,Queen's Gate,E05009401,6871,484,137,339,65,1003,4597,246
2021,Redcliffe,E05009402,7978,618,230,485,92,1067,5200,286
2021,Royal Hospital,E05009403,7439,727,233,481,171,796,4766,265
2021,St. Helen's (Kensington and Chelsea),E05009404,5186,681,298,476,149,700,2751,131
2021,Stanley (Kensington and Chelsea),E05009405,7404,853,278,537,148,898,4460,230
2021,Bletchley East,E05009406,13534,2861,1689,1991,702,2090,3777,424
2021,Bletchley Park,E05009407,12635,2571,1657,1805,722,2034,3444,402
2021,Bletchley West,E05009408,11948,2472,1635,1766,711,1964,3001,399
2021,Bradwell (Milton Keynes),E05009409,10546,2001,1254,1605,549,1565,3243,329
2021,Broughton (Milton Keynes),E05009410,14840,1544,1199,1903,472,2203,7139,380
2021,Campbell Park & Old Woughton,E05009411,11237,1865,1188,1516,506,1769,4024,369
2021,Central Milton Keynes,E05009412,13348,2347,1432,1649,589,1878,4955,498
2021,Danesborough & Walton,E05009413,11462,1266,1080,1661,543,1943,4715,254
2021,Loughton & Shenley,E05009414,11887,1580,1051,1598,519,1775,5093,271
2021,Monkston,E05009415,10276,1101,1022,1625,351,1668,4211,298
2021,Newport Pagnell North & Hanslope,E05009416,10766,1439,1148,1607,679,2001,3608,284
2021,Newport Pagnell South,E05009417,9700,1355,1039,1470,543,1746,3294,253
2021,Olney,E05009418,10301,1321,858,1412,527,1560,4376,247
2021,Shenley Brook End,E05009419,10913,1202,1111,1634,386,1797,4503,280
2021,Stantonbury,E05009420,12720,2362,1632,1925,575,1951,3886,389
2021,Stony Stratford,E05009421,12505,1544,1215,1659,502,1983,5298,304
2021,Tattenhoe,E05009422,9511,860,819,1424,294,1588,4326,200
2021,Wolverton,E05009423,12581,2131,1359,1741,676,2109,4256,309
2021,Woughton & Fishermead,E05009424,14117,3755,2034,2020,631,1738,3395,544
2021,Abbots Langley & Bedmond,E05009425,5285,811,525,714,303,839,1957,136
2021,Carpenders Park,E05009426,5647,1051,575,730,362,863,1877,189
2021,Chorleywood North & Sarratt,E05009427,5805,533,363,721,193,842,3028,125
2021,Chorleywood South & Maple Cross,E05009428,6230,683,476,843,220,917,2980,111
2021,Dickinsons,E05009429,5155,555,368,644,230,804,2434,120
2021,Durrants,E05009430,5550,674,496,727,309,916,2295,133
2021,Gade Valley,E05009431,5527,741,553,795,264,962,2117,95
2021,Leavesden,E05009432,6566,794,684,953,298,1075,2623,139
2021,Moor Park & Eastbury,E05009433,5154,371,197,503,83,638,3292,70
2021,Oxhey Hall & Hayling,E05009434,5892,995,664,811,302,919,2047,154
2021,Penn & Mill End,E05009435,5617,860,535,782,246,924,2144,126
2021,Rickmansworth Town,E05009436,6403,664,416,770,201,885,3327,140
2021,South Oxhey,E05009437,6170,1290,687,845,320,894,1902,232
2021,Arrow,E05009438,3131,475,286,443,161,550,1127,89
2021,Aylestone Hill,E05009439,2882,467,321,398,183,484,948,81
2021,Backbury,E05009440,2677,458,211,332,146,429,1027,74
2021,Belmont Rural,E05009441,3018,491,303,511,214,616,805,78
2021,Birch (Herefordshire),E05009442,2602,322,218,336,116,459,1087,64
2021,Bircher,E05009443,3320,433,299,434,198,547,1330,79
2021,Bishops Frome & Cradley,E05009444,2650,335,224,332,116,425,1160,58
2021,Bobblestock,E05009445,2873,550,322,424,219,542,723,93
2021,Bromyard Bringsty,E05009446,3071,550,288,404,187,459,1088,95
2021,Bromyard West,E05009447,2711,614,270,421,176,452,708,70
2021,Castle (Herefordshire),E05009448,2710,400,244,396,159,475,976,60
2021,Central (Herefordshire),E05009449,2912,501,269,363,157,438,1106,78
2021,College (Herefordshire),E05009450,3072,667,331,406,182,587,809,90
2021,Dinedor Hill,E05009452,3017,448,282,414,168,604,1020,81
2021,Eign Hill,E05009453,3091,533,263,379,183,540,1105,88
2021,Golden Valley North,E05009454,2563,365,225,365,136,442,969,61
2021,Golden Valley South,E05009455,2756,438,245,389,126,431,1046,81
2021,Greyfriars (Herefordshire),E05009456,3289,527,282,450,177,615,1126,112
2021,Hagley (Herefordshire),E05009457,3522,517,293,487,216,677,1277,55
2021,Hampton (Herefordshire),E05009458,3065,456,254,423,174,511,1166,81
2021,Hinton & Hunderton,E05009459,3502,930,418,556,223,551,733,91
2021,Holmer,E05009460,3485,521,306,482,198,679,1208,91
2021,Hope End,E05009461,3088,377,230,351,125,416,1487,102
2021,Kerne Bridge,E05009462,2677,390,226,361,127,391,1119,63
2021,Kings Acre,E05009463,2625,527,309,372,199,447,665,106
2021,Kington (Herefordshire),E05009464,2759,575,300,382,208,392,810,92
2021,Ledbury North,E05009465,2590,491,208,316,132,346,1021,76
2021,Ledbury South,E05009466,3053,633,284,416,172,453,983,112
2021,Ledbury West,E05009467,2938,523,308,487,154,509,878,79
2021,Leominster East,E05009468,3628,869,394,497,260,606,885,117
2021,Leominster North & Rural,E05009469,3270,664,298,506,203,580,952,67
2021,Leominster South,E05009470,2638,588,252,401,160,442,707,88
2021,Leominster West,E05009471,2298,483,272,349,154,386,584,70
2021,Llangarron,E05009472,2906,390,221,396,141,472,1201,85
2021,Mortimer,E05009473,2820,421,241,422,130,497,1045,64
2021,Newton Farm,E05009474,3401,989,460,485,229,486,624,128
2021,Old Gore,E05009475,2703,409,195,374,122,463,1073,67
2021,Penyard,E05009476,3072,415,273,374,175,510,1269,56
2021,Red Hill,E05009478,3190,819,419,493,224,495,641,99
2021,Ross East,E05009479,3341,722,322,478,201,455,1070,93
2021,Ross North,E05009480,2990,630,349,455,200,477,793,86
2021,Ross West,E05009481,2953,573,307,486,162,459,891,75
2021,Saxon Gate,E05009482,3106,667,301,477,201,638,724,98
2021,Three Crosses,E05009485,3090,455,285,436,145,497,1194,78
2021,Tupsley,E05009486,2560,366,212,339,153,456,953,81
2021,Weobley,E05009487,3156,460,293,452,171,532,1161,87
2021,Whitecross,E05009488,3123,653,295,474,219,570,815,97
2021,Widemarsh,E05009489,2681,680,269,393,174,435,625,105
2021,Wormside,E05009490,3023,543,272,469,174,525,961,79
2021,Bassenhally,E05009491,4530,1092,610,774,280,848,813,113
2021,"Benwick, Coates & Eastrea",E05009492,3852,778,516,612,225,768,841,112
2021,Birch (Fenland),E05009493,2122,520,270,339,139,354,440,60
2021,Clarkson,E05009494,2285,693,272,317,162,270,416,155
2021,Doddington & Wimblington,E05009495,4121,920,504,644,302,726,897,128
2021,Elm & Christchurch,E05009496,4115,1008,507,685,316,701,779,119
2021,Kirkgate,E05009497,2162,644,271,335,150,297,338,127
2021,Lattersey,E05009498,2302,650,276,326,173,362,431,84
2021,Manea,E05009499,2269,454,283,392,150,485,445,60
2021,March East,E05009500,6321,1644,844,988,422,1092,1147,184
2021,March North,E05009501,6445,1480,863,1162,416,1114,1223,187
2021,March West,E05009502,6313,1579,785,1014,438,1037,1241,219
2021,Medworth,E05009503,2704,985,349,315,185,305,436,129
2021,Octavia Hill,E05009504,4701,1427,622,664,331,615,785,257
2021,Parson Drove & Wisbech St Mary,E05009505,4512,1135,546,746,343,782,846,114
2021,Peckover,E05009506,2062,538,269,327,118,310,436,64
2021,Roman Bank,E05009507,5791,1466,770,942,376,971,1104,162
2021,St Andrews (Fenland),E05009508,2540,652,323,378,172,412,526,77
2021,Slade Lode,E05009509,2347,497,333,393,113,425,522,64
2021,Staithe,E05009510,1947,633,274,279,133,257,278,93
2021,Stonald,E05009511,2326,431,266,422,155,442,557,53
2021,The Mills,E05009512,2344,511,299,373,174,419,501,67
2021,Waterlees Village,E05009513,4467,1639,639,581,316,464,596,232
2021,Wenneye,E05009514,2251,513,252,337,144,384,556,65
2021,Abbey (Swale),E05009544,4425,793,432,626,230,739,1485,120
2021,"Bobbing, Iwade and Lower Halstow",E05009545,4983,757,532,800,324,1068,1394,108
2021,Borden and Grove Park,E05009546,5290,1144,641,822,383,943,1192,165
2021,Boughton and Courtenay,E05009547,4842,848,462,618,289,811,1690,124
2021,Chalkwell (Swale),E05009548,2888,555,337,435,168,516,776,101
2021,East Downs,E05009549,2382,407,222,352,117,363,858,63
2021,"Hartlip, Newington and Upchurch",E05009550,5417,1059,614,760,358,995,1490,141
2021,Homewood,E05009551,5085,1042,610,814,340,929,1199,151
2021,Kemsley,E05009552,5328,942,695,915,302,1037,1273,164
2021,Milton Regis,E05009553,4852,1194,656,763,289,836,942,172
2021,Minster Cliffs,E05009554,6702,1642,943,988,531,1168,1229,201
2021,Murston,E05009555,5212,1209,724,829,331,898,1062,159
2021,Priory (Swale),E05009556,2333,663,271,350,144,300,543,62
2021,Queenborough and Halfway,E05009557,6641,1771,937,1025,433,1184,1100,191
2021,Roman (Swale),E05009558,5552,1435,822,800,338,900,1055,202
2021,St Ann's (Swale),E05009559,4568,822,485,675,295,729,1460,102
2021,Sheerness,E05009560,9870,3035,1574,1649,510,1453,1354,295
2021,Sheppey Central,E05009561,7248,1654,910,1277,455,1369,1401,182
2021,Sheppey East,E05009562,7322,2148,858,1195,552,1009,1257,303
2021,Teynham and Lynsted,E05009563,5403,1065,614,809,346,976,1421,172
2021,The Meads,E05009564,2936,403,338,522,163,595,847,68
2021,Watling (Swale),E05009565,5363,1027,564,793,290,843,1728,118
2021,West Downs,E05009566,2417,377,265,374,142,462,736,61
2021,Woodstock (Swale),E05009567,4934,831,523,784,335,903,1418,140
2021,Aylesford North and Walderslade,E05009568,5216,800,609,815,365,966,1527,134
2021,Aylesford South,E05009569,4285,731,504,704,277,767,1168,134
2021,Borough Green and Long Mill,E05009570,6175,802,613,938,297,999,2383,143
2021,Burham and Wouldham,E05009571,3215,447,343,547,214,662,940,62
2021,Cage Green,E05009572,3697,656,438,555,226,570,1130,122
2021,Castle (Tonbridge and Malling),E05009573,3947,487,317,680,160,578,1602,123
2021,Ditton,E05009574,3989,709,447,629,289,788,1012,115
2021,Downs and Mereworth,E05009575,3831,538,385,577,204,684,1358,85
2021,Hadlow and East Peckham,E05009577,6004,1123,617,965,343,959,1817,180
2021,Higham (Tonbridge and Malling),E05009578,3875,629,445,621,230,659,1188,103
2021,Hildenborough,E05009579,3986,443,339,616,179,622,1715,72
2021,Judd,E05009580,4347,600,445,641,205,738,1599,119
2021,Larkfield North,E05009582,3873,621,408,689,253,756,1032,114
2021,Larkfield South,E05009583,3538,691,487,579,252,618,795,116
2021,Medway,E05009584,5965,870,529,815,264,948,2396,143
2021,Snodland East and Ham Hill,E05009585,4008,867,567,711,225,789,729,120
2021,Snodland West and Holborough Lakes,E05009586,5333,925,653,913,352,1022,1344,124
2021,Trench,E05009587,3759,836,515,631,238,577,845,117
2021,Vauxhall (Tonbridge and Malling),E05009588,4189,489,360,609,179,643,1800,109
2021,Wateringbury,E05009589,1655,227,153,262,78,325,577,33
2021,West Malling and Leybourne,E05009590,5818,781,536,895,311,1137,2023,135
2021,"Wrotham, Ightham and Stansted",E05009591,3639,500,304,563,168,575,1444,85
2021,Bare,E05009592,5912,1059,554,795,453,1085,1807,159
2021,Bolton & Slyne,E05009593,6240,781,543,836,436,1150,2330,164
2021,Bulk,E05009594,7965,1266,585,925,273,1777,2982,157
2021,Carnforth & Millhead,E05009595,4980,841,526,737,394,953,1390,139
2021,Castle (Lancaster),E05009596,4956,431,206,332,114,1747,2012,114
2021,Ellel,E05009597,3572,472,275,457,201,636,1464,67
2021,Halton-with-Aughton,E05009598,2371,283,149,279,119,479,1010,52
2021,Harbour,E05009599,6212,1311,766,970,463,1216,1312,174
2021,Heysham Central,E05009600,3907,768,391,609,285,694,1063,97
2021,Heysham North,E05009601,3825,797,451,622,314,705,840,96
2021,Heysham South,E05009602,5317,763,571,831,400,1161,1452,139
2021,John O'Gaunt,E05009603,6094,586,382,490,209,1887,2451,89
2021,Kellet,E05009604,1919,262,168,211,116,344,772,46
2021,Lower Lune Valley,E05009605,3816,533,276,493,218,676,1537,83
2021,Marsh,E05009606,5073,597,380,570,183,1082,2178,83
2021,Overton (Lancaster),E05009607,2121,479,191,271,165,405,553,57
2021,Poulton,E05009608,4364,1062,538,664,275,732,951,142
2021,Scotforth East,E05009609,3519,533,295,366,217,599,1423,86
2021,Scotforth West,E05009610,5982,624,307,667,201,1326,2733,124
2021,Silverdale (Lancaster),E05009611,1686,188,109,182,70,221,872,44
2021,Skerton East,E05009612,5580,1092,594,745,300,1180,1544,125
2021,Skerton West,E05009613,5631,1316,616,899,350,1080,1230,140
2021,Torrisholme,E05009614,3831,675,347,510,304,746,1119,130
2021,University & Scotforth Rural,E05009615,4991,122,54,134,64,3560,899,158
2021,Upper Lune Valley,E05009616,2010,233,153,247,102,318,926,31
2021,Warton,E05009617,1738,240,145,228,110,289,694,32
2021,Westgate (Lancaster),E05009618,6025,1572,739,923,453,1010,1119,209
2021,Forest (Blaby),E05009619,6488,969,613,927,406,1135,2276,162
2021,Winstanley (Blaby),E05009620,5725,1047,619,845,327,1039,1695,153
2021,Coastal (Boston),E05009621,3431,973,420,525,266,529,616,102
2021,Fenside,E05009622,3945,1327,553,500,282,379,592,312
2021,Fishtoft,E05009623,5920,1421,715,931,448,876,1291,238
2021,Five Village,E05009624,3431,886,499,500,243,524,663,116
2021,Kirton and Frampton,E05009625,6045,1484,718,907,469,1015,1237,215
2021,Old Leake and Wrangle,E05009626,3036,867,359,476,214,440,572,108
2021,St Thomas' (Boston),E05009627,2073,544,238,299,156,313,416,107
2021,Skirbeck,E05009628,6595,2088,924,851,513,795,1065,359
2021,Staniland,E05009629,3512,1230,425,460,265,407,532,193
2021,Station,E05009630,2154,814,283,239,150,194,320,154
2021,Swineshead and Holland Fen,E05009631,3543,832,469,530,262,644,691,115
2021,Trinity (Boston),E05009632,4338,1104,494,604,303,500,1132,201
2021,West (Boston),E05009633,1824,312,194,308,129,351,469,61
2021,Witham (Boston),E05009634,3791,1142,491,502,246,500,645,265
2021,Wyberton,E05009635,3944,897,535,638,298,690,722,164
2021,Bardney,E05009636,2272,428,225,333,162,459,611,54
2021,Caistor and Yarborough,E05009637,4686,886,478,730,310,784,1379,119
2021,Cherry Willingham,E05009638,6599,1163,627,843,495,1289,2007,175
2021,Dunholme and Welton,E05009639,7124,1018,637,1010,418,1343,2496,202
2021,Gainsborough East,E05009640,5694,1447,831,962,398,890,973,193
2021,Gainsborough North,E05009641,6044,1174,737,1004,487,1218,1255,169
2021,Gainsborough South-West,E05009642,4512,1082,609,775,320,731,857,138
2021,Hemswell,E05009643,2249,400,242,361,148,433,617,48
2021,Kelsey Wold,E05009644,2262,327,221,323,130,376,828,57
2021,Lea,E05009645,1839,305,182,256,161,325,561,49
2021,Market Rasen,E05009646,7215,1496,747,1034,453,1228,2061,196
2021,Nettleham,E05009647,3801,502,315,501,245,656,1485,97
2021,Saxilby,E05009648,4960,747,476,703,312,919,1686,117
2021,Scampton,E05009649,2261,198,195,355,113,534,830,36
2021,Scotter and Blyton,E05009650,6418,1163,637,931,477,1172,1881,157
2021,Stow (West Lindsey),E05009651,2067,335,216,273,150,356,669,68
2021,Sudbrooke,E05009652,2238,256,168,284,117,417,951,45
2021,Torksey,E05009653,2544,581,254,326,209,432,670,72
2021,Waddingham and Spital,E05009654,2090,354,180,276,132,386,707,55
2021,Wold View,E05009655,2242,465,217,336,124,373,669,58
2021,Bestwood St Albans,E05009689,4499,872,496,640,310,867,1200,114
2021,Calverton,E05009690,6231,1277,695,866,450,1167,1618,158
2021,Carlton (Gedling),E05009691,4768,930,452,703,302,881,1362,138
2021,Carlton Hill,E05009692,7391,1505,826,1065,435,1394,1936,230
2021,Cavendish,E05009693,4312,892,475,625,284,831,1074,131
2021,Colwick,E05009694,2277,319,205,360,131,488,742,32
2021,Coppice,E05009695,4843,923,538,727,311,948,1267,129
2021,Daybrook,E05009696,4846,1082,520,728,265,860,1266,125
2021,Dumbles,E05009697,2430,375,193,296,171,392,940,63
2021,Ernehale,E05009698,5075,1027,533,721,331,936,1399,128
2021,Gedling,E05009699,5169,824,456,693,346,1034,1693,123
2021,Netherfield (Gedling),E05009700,4524,986,536,698,271,788,1142,103
2021,Newstead Abbey,E05009701,7196,973,575,923,410,1217,2916,182
2021,Phoenix,E05009702,4400,863,469,641,303,861,1157,106
2021,Plains,E05009703,6964,1099,610,926,430,1248,2470,181
2021,Porchester,E05009704,6405,825,531,765,359,1073,2705,147
2021,Redhill (Gedling),E05009705,5386,997,508,784,340,1029,1588,140
2021,Trent Valley,E05009706,4712,710,367,613,293,854,1775,100
2021,Woodthorpe,E05009707,5030,524,350,554,221,792,2479,110
2021,Abbey (Rushcliffe),E05009708,4176,380,226,441,122,576,2374,57
2021,Bingham East,E05009709,4145,604,352,516,204,703,1647,119
2021,Bingham West,E05009710,3919,473,345,561,188,706,1568,78
2021,Bunny,E05009711,2078,194,146,281,99,330,993,35
2021,Compton Acres,E05009712,4578,379,284,527,164,667,2451,106
2021,Cotgrave,E05009713,6590,1107,711,980,375,1248,2021,148
2021,Cranmer,E05009714,2954,463,275,456,176,493,1002,89
2021,Cropwell,E05009715,2054,288,183,299,122,345,770,47
2021,East Bridgford,E05009716,2352,262,160,301,105,416,1053,55
2021,Edwalton,E05009717,4579,545,279,522,168,671,2289,105
2021,Gamston North,E05009718,2291,309,141,263,81,345,1108,44
2021,Gamston South,E05009719,2039,175,121,259,60,306,1096,22
2021,Gotham,E05009720,2114,284,189,280,139,374,797,51
2021,Keyworth & Wolds,E05009721,6921,924,562,912,400,1176,2773,174
2021,Lady Bay,E05009722,4172,341,169,365,97,593,2548,59
2021,Leake,E05009723,7392,882,552,927,431,1376,3071,153
2021,Lutterell,E05009724,4882,594,282,490,176,850,2364,126
2021,Musters,E05009725,3714,251,162,336,86,466,2360,53
2021,Nevile & Langar,E05009726,2513,317,196,316,112,381,1136,55
2021,Radcliffe on Trent,E05009727,6852,955,526,861,356,1040,2926,188
2021,Ruddington,E05009728,6193,944,455,728,304,998,2623,141
2021,Sutton Bonington,E05009729,2097,135,76,164,72,864,754,32
2021,Thoroton,E05009730,2085,202,171,287,101,376,918,30
2021,Tollerton,E05009731,2073,239,159,257,105,299,952,62
2021,Trent Bridge,E05009732,4965,483,206,398,133,1050,2633,62
2021,Benson & Crowmarsh,E05009733,6862,669,439,845,310,1379,3060,160
2021,Berinsfield,E05009734,3331,673,429,459,183,444,1074,69
2021,Chalgrove,E05009735,2790,404,275,406,178,485,994,48
2021,Chinnor,E05009736,7559,912,747,1045,466,1293,2941,155
2021,Didcot West,E05009740,6605,846,660,853,355,1185,2547,159
2021,Garsington & Horspath,E05009742,3039,530,271,329,215,422,1198,74
2021,Goring (South Oxfordshire),E05009743,3308,313,195,382,117,415,1821,65
2021,Thame,E05009749,10701,1383,951,1458,567,1724,4427,191
2021,Watlington (South Oxfordshire),E05009751,3349,395,246,441,126,485,1577,79
2021,Abingdon Abbey Northcourt,E05009754,5305,591,451,548,203,699,2684,129
2021,Abingdon Caldecott,E05009755,6148,1235,626,731,320,859,2210,167
2021,Abingdon Fitzharris,E05009757,5403,807,431,637,248,755,2393,132
2021,Ridgeway (Vale of White Horse),E05009769,2625,361,218,325,124,422,1126,49
2021,Stanford,E05009770,3087,402,276,380,158,505,1303,63
2021,Steventon & the Hanneys,E05009771,3357,409,292,420,185,505,1481,65
2021,Aldwick East,E05009800,4671,973,478,629,338,714,1363,176
2021,Aldwick West,E05009801,5390,1078,595,839,377,868,1459,174
2021,Angmering & Findon,E05009802,9090,1348,997,1456,500,1722,2811,256
2021,Arundel & Walberton,E05009803,7251,1081,643,1087,364,1198,2694,184
2021,Barnham,E05009804,7634,1174,761,1194,445,1392,2488,180
2021,Beach,E05009805,4137,755,531,652,280,709,1075,135
2021,Bersted,E05009806,8240,1693,963,1275,572,1551,1887,299
2021,Brookfield (Arun),E05009807,5146,938,695,842,306,1057,1170,138
2021,Courtwick with Toddington,E05009808,8975,1778,1190,1496,508,1678,2090,235
2021,East Preston,E05009809,6951,1379,767,976,425,1097,2024,283
2021,Felpham East,E05009810,5022,805,578,813,346,914,1415,151
2021,Felpham West,E05009811,5167,831,556,919,296,952,1455,158
2021,Ferring,E05009812,4416,860,482,669,273,665,1309,158
2021,Hotham,E05009813,5346,1270,593,701,374,1078,1103,227
2021,Marine (Arun),E05009814,6161,1488,724,789,429,910,1537,284
2021,Middleton-on-Sea,E05009815,4391,808,519,657,357,695,1207,148
2021,Orchard,E05009816,5594,1348,705,816,382,991,1133,219
2021,Pagham,E05009817,5734,1502,701,817,451,848,1214,201
2021,Pevensey,E05009818,4525,1143,616,692,310,672,942,150
2021,River (Arun),E05009819,7946,1872,968,1212,508,1297,1798,291
2021,Rustington East,E05009820,4774,951,541,678,344,735,1327,198
2021,Rustington West,E05009821,7239,1426,854,1158,533,1211,1826,231
2021,Yapton,E05009822,5747,1031,687,951,384,1030,1511,153
2021,Alvechurch South,E05009823,2529,421,171,320,119,381,1062,55
2021,Alvechurch Village,E05009824,2357,367,203,330,118,340,953,46
2021,Aston Fields,E05009825,2847,352,267,452,134,504,1087,51
2021,Avoncroft,E05009826,2836,475,252,402,158,472,1011,66
2021,Barnt Green & Hopwood,E05009827,2521,359,177,280,109,334,1199,63
2021,Belbroughton & Romsley,E05009828,5596,944,462,757,290,852,2127,164
2021,Bromsgrove Central,E05009829,2828,409,241,453,156,450,1032,87
2021,Catshill North,E05009830,2279,425,294,325,124,429,629,53
2021,Catshill South,E05009831,2562,500,256,345,153,420,790,98
2021,Charford,E05009832,2664,606,371,483,157,409,562,76
2021,Cofton,E05009833,2587,231,171,325,101,431,1273,55
2021,Drakes Cross,E05009834,2273,452,195,325,135,414,696,56
2021,Hagley East,E05009835,2728,303,195,362,98,415,1291,64
2021,Hagley West,E05009836,3041,340,221,415,114,446,1440,65
2021,Hill Top,E05009837,1626,227,170,238,94,285,577,35
2021,Hollywood,E05009838,2587,481,275,365,174,421,795,76
2021,Lickey Hills,E05009839,2518,306,172,305,100,365,1202,68
2021,Lowes Hill,E05009840,2477,367,218,345,143,413,934,57
2021,Marlbrook,E05009841,2439,309,204,304,140,392,1034,56
2021,Norton (Bromsgrove),E05009842,2930,345,283,413,148,533,1146,62
2021,Perryfields,E05009843,1404,192,125,211,78,252,511,35
2021,Rock Hill,E05009844,2810,458,290,427,147,499,905,84
2021,Rubery North,E05009845,2553,411,303,391,189,494,697,68
2021,Rubery South,E05009846,2754,517,301,372,211,533,755,65
2021,Sanders Park,E05009847,2795,615,270,392,171,470,805,72
2021,Sidemoor,E05009848,3554,794,385,511,192,614,940,118
2021,Slideslow,E05009849,2662,222,209,401,103,457,1230,40
2021,Tardebigge,E05009850,3064,419,220,451,157,530,1218,69
2021,Wythall East,E05009851,2562,355,217,369,170,475,903,73
2021,Wythall West,E05009852,2711,524,238,364,155,444,894,92
2021,Acklam,E05009853,4780,738,438,705,320,930,1527,122
2021,Ayresome,E05009854,4777,1131,493,695,271,850,1207,130
2021,Berwick Hills & Pallister,E05009855,6582,2137,794,1104,368,1039,970,170
2021,Brambles & Thorntree,E05009856,6795,2158,749,1143,426,1070,1104,145
2021,Central (Middlesbrough),E05009857,9425,2443,861,980,316,1744,2787,294
2021,Coulby Newham,E05009858,6943,1442,663,994,492,1330,1826,196
2021,Hemlington,E05009859,5166,1447,609,791,362,825,982,150
2021,Kader,E05009860,4145,848,354,521,354,761,1196,111
2021,Ladgate,E05009861,4403,1009,416,627,329,834,1069,119
2021,Linthorpe,E05009862,5365,1077,476,678,293,956,1740,145
2021,Longlands & Beechwood,E05009863,8625,2478,1020,1232,527,1414,1719,235
2021,Marton East,E05009864,4919,681,393,586,343,994,1823,99
2021,Marton West,E05009865,4473,626,356,509,343,883,1660,96
2021,Newport (Middlesbrough),E05009866,8350,2656,889,892,410,1083,2136,284
2021,North Ormesby,E05009867,2583,929,246,346,165,353,463,81
2021,Nunthorpe,E05009868,4376,473,328,539,270,808,1850,108
2021,Park (Middlesbrough),E05009869,7498,1574,697,933,413,1331,2366,184
2021,Park End & Beckfield,E05009870,6518,2217,757,960,408,1003,1009,164
2021,Stainton & Thornton,E05009871,3083,375,222,396,210,645,1161,74
2021,Trimdon,E05009872,5128,841,459,640,418,1124,1530,116
2021,Alford,E05009873,4092,1022,495,681,296,673,793,132
2021,Binbrook,E05009874,2171,426,224,319,123,352,658,69
2021,Burgh le Marsh,E05009875,2239,615,272,327,173,350,446,56
2021,Chapel St Leonards,E05009876,4285,1630,487,568,356,527,574,143
2021,Coningsby & Mareham,E05009877,7822,1512,843,1167,487,2000,1620,193
2021,Croft (East Lindsey),E05009878,2111,532,233,322,181,353,434,56
2021,Friskney,E05009879,1962,578,275,289,131,303,324,62
2021,Fulstow,E05009880,2415,415,279,368,191,435,652,75
2021,Grimoldby,E05009881,1936,330,243,307,120,359,528,49
2021,Hagworthingham,E05009882,2014,372,182,317,132,360,588,63
2021,Halton Holegate,E05009883,2342,572,296,327,178,367,528,74
2021,Holton-le-Clay & North Thoresby,E05009884,4301,780,410,646,354,772,1215,124
2021,Horncastle,E05009885,6489,1351,753,1032,453,1158,1572,170
2021,Ingoldmells,E05009886,2028,874,244,253,128,222,230,77
2021,Legbourne,E05009887,1858,332,185,281,131,328,557,44
2021,Mablethorpe,E05009888,7220,2630,889,999,557,894,1000,251
2021,Marshchapel & Somercotes,E05009889,3918,948,470,594,304,626,849,127
2021,North Holme,E05009890,2088,436,248,357,125,377,489,56
2021,Priory & St James',E05009891,4103,828,441,646,234,757,1106,91
2021,Roughton (East Lindsey),E05009892,2091,437,217,288,157,336,569,87
2021,St Clement's (East Lindsey),E05009893,4611,1516,548,713,315,676,685,158
2021,St Margaret's (East Lindsey),E05009894,2287,447,219,405,146,384,629,57
2021,St Mary's (East Lindsey),E05009895,2030,339,180,296,108,370,680,57
2021,St Michael's (East Lindsey),E05009896,1800,422,224,252,116,309,417,60
2021,Scarbrough & Seacroft,E05009897,8052,2446,982,1317,482,1248,1304,273
2021,Sibsey & Stickney,E05009898,4392,1058,511,637,350,727,988,121
2021,Spilsby,E05009899,2592,642,318,420,174,428,518,92
2021,Sutton on Sea,E05009900,4092,1274,435,607,389,519,705,163
2021,Tetford & Donington,E05009901,2171,375,206,335,131,358,708,58
2021,Tetney,E05009902,2138,329,241,330,185,370,611,72
2021,Trinity (East Lindsey),E05009903,1994,467,266,375,108,342,389,47
2021,Wainfleet,E05009904,2268,637,333,360,160,359,357,62
2021,Willoughby with Sloothby,E05009905,2170,596,268,306,155,312,454,79
2021,Winthorpe,E05009906,4987,1749,599,768,301,699,726,145
2021,Withern & Theddlethorpe,E05009907,2267,537,279,330,188,365,475,93
2021,Woodhall Spa,E05009908,3896,746,375,522,266,644,1216,127
2021,Wragby,E05009909,2185,432,260,338,155,413,539,48
2021,Ashdon,E05009910,1782,232,125,249,89,279,780,28
2021,Broad Oak & the Hallingburys,E05009911,3430,496,348,544,171,618,1171,82
2021,Clavering,E05009912,1927,218,145,294,87,311,832,40
2021,Debden & Wimbish,E05009913,1783,163,165,267,105,377,678,28
2021,Elsenham & Henham,E05009914,3951,472,409,654,207,775,1346,88
2021,Felsted & Stebbing,E05009915,3801,546,364,655,205,588,1341,102
2021,Flitch Green & Little Dunmow,E05009916,2088,169,188,386,96,458,760,31
2021,Great Dunmow North,E05009917,4009,559,438,712,226,749,1238,87
2021,Great Dunmow South & Barnston,E05009918,5402,987,537,847,311,934,1626,160
2021,Hatfield Heath,E05009919,1890,310,203,314,106,311,597,49
2021,High Easter & the Rodings,E05009920,2048,295,216,330,113,394,653,47
2021,"Littlebury, Chesterford & Wenden Lofts",E05009921,3637,367,225,470,140,527,1856,52
2021,Newport (Uttlesford),E05009922,3353,487,292,484,156,584,1289,61
2021,Saffron Walden Audley,E05009923,3539,472,307,487,146,484,1559,84
2021,Saffron Walden Castle,E05009924,3812,531,347,559,159,599,1535,82
2021,Saffron Walden Shire,E05009925,6047,843,541,921,282,935,2386,139
2021,Stansted North,E05009926,3776,495,373,521,194,672,1437,84
2021,Stansted South & Birchanger,E05009927,3863,511,417,590,205,721,1331,88
2021,Stort Valley,E05009928,1676,227,156,255,73,253,675,37
2021,Takeley,E05009929,5520,793,591,926,309,1090,1671,140
2021,Thaxted & the Eastons,E05009930,4350,710,445,679,255,731,1428,102
2021,The Sampfords,E05009931,1834,235,146,278,104,298,738,35
2021,Bourne,E05009932,5302,895,526,857,373,1147,1396,108
2021,Breck,E05009933,3785,569,343,546,208,618,1432,69
2021,Brock with Catterall,E05009934,4109,508,319,706,247,889,1366,74
2021,Calder (Wyre),E05009935,2056,245,152,266,121,345,865,62
2021,Carleton,E05009936,3778,504,355,566,259,663,1346,85
2021,Cleveleys Park,E05009937,3979,1034,448,543,335,651,844,124
2021,Garstang,E05009938,5778,1241,500,735,450,902,1807,143
2021,Great Eccleston,E05009939,3644,517,315,523,208,645,1349,87
2021,Hambleton & Stalmine,E05009940,3964,771,352,514,364,687,1181,95
2021,Hardhorn with High Cross,E05009941,5210,747,484,722,356,952,1821,128
2021,Jubilee (Wyre),E05009942,3977,1019,434,568,299,624,925,108
2021,Marsh Mill,E05009943,5385,1120,557,783,429,977,1366,153
2021,Mount,E05009944,4141,991,471,630,282,729,930,108
2021,Park (Wyre),E05009945,3951,1015,511,714,232,639,730,110
2021,Pharos,E05009946,4334,1181,563,658,268,721,832,111
2021,Pheasant's Wood,E05009947,1560,234,171,249,85,336,455,30
2021,Pilling,E05009948,2196,377,216,300,187,397,662,57
2021,Preesall,E05009949,4938,1199,486,681,461,758,1210,143
2021,Rossall,E05009950,5061,1389,590,762,389,768,994,169
2021,Stanah,E05009951,3911,656,383,606,277,748,1141,100
2021,Tithebarn,E05009952,3687,577,331,541,264,637,1247,90
2021,Victoria & Norcross,E05009953,3739,613,347,556,247,703,1187,86
2021,Warren,E05009954,3884,958,495,601,280,640,812,98
2021,Wyresdale,E05009955,1980,330,147,231,108,343,780,41
2021,Ash and New Ash Green,E05009956,4844,671,592,829,289,948,1414,101
2021,Eynsford,E05009958,1556,216,123,241,87,264,581,44
2021,Hartley and Hodsoll Street,E05009959,5045,932,504,792,319,803,1539,156
2021,Hextable,E05009960,3423,599,425,525,209,593,951,121
2021,Leigh and Chiddingstone Causeway,E05009961,1954,206,177,279,62,302,892,36
2021,Otford and Shoreham,E05009962,3833,457,341,538,148,594,1666,89
2021,"Penshurst, Fordcombe and Chiddingstone",E05009963,1988,229,181,257,75,301,914,31
2021,Swanley Christchurch and Swanley Village,E05009964,5100,913,583,803,293,865,1497,146
2021,Westerham and Crockham Hill,E05009965,3690,529,347,583,154,612,1391,74
2021,Admaston & Bratton,E05009966,2414,285,236,377,118,488,850,60
2021,Apley Castle,E05009967,2615,339,265,360,114,518,960,59
2021,Arleston,E05009968,2745,674,436,415,143,434,550,93
2021,Brookside,E05009969,4867,1193,729,841,257,771,897,179
2021,Church Aston & Lilleshall,E05009970,2681,425,227,353,146,465,1004,61
2021,College (Telford and Wrekin),E05009971,3009,683,356,413,123,443,892,99
2021,Dawley & Aqueduct,E05009972,7556,1789,943,1238,463,1400,1516,207
2021,Donnington (Telford and Wrekin),E05009973,5361,1534,700,917,366,795,858,191
2021,Dothill,E05009974,2403,410,255,383,162,490,629,74
2021,Edgmond & Ercall Magna,E05009975,5987,912,429,743,304,1490,1977,132
2021,Ercall,E05009976,3008,515,277,415,163,494,1057,87
2021,Hadley & Leegomery,E05009977,8859,2028,1066,1409,497,1545,1979,335
2021,Haygate,E05009978,3060,624,368,468,170,563,766,101
2021,Horsehay & Lightmoor,E05009979,6427,759,595,1002,313,1423,2223,112
2021,Ironbridge Gorge,E05009980,2703,432,223,385,109,443,1075,36
2021,Ketley & Overdale,E05009981,9448,1656,1009,1551,462,1945,2586,239
2021,Madeley & Sutton Hill,E05009982,8639,2257,1082,1340,513,1423,1745,279
2021,Malinslee & Dawley Bank,E05009983,5446,1415,763,906,317,911,968,166
2021,Muxton,E05009984,5726,921,581,906,304,1176,1703,135
2021,Newport North & West,E05009985,5896,912,543,827,262,1277,1928,147
2021,Newport South & East,E05009986,4913,802,459,669,251,1107,1484,141
2021,Oakengates & Ketley Bank,E05009987,7875,1611,868,1263,522,1481,1881,249
2021,Park (Telford and Wrekin),E05009988,2137,430,214,356,162,390,504,81
2021,Priorslee,E05009989,5674,575,458,839,251,1192,2227,132
2021,St Georges (Telford and Wrekin),E05009990,5247,1104,658,847,328,1006,1145,159
2021,Shawbirch,E05009991,2417,258,226,423,145,518,794,53
2021,The Nedge,E05009992,8001,1829,1091,1306,436,1277,1781,281
2021,Woodside (Telford and Wrekin),E05009993,5468,1499,783,1001,307,856,874,148
2021,Wrockwardine,E05009994,2854,464,238,417,145,552,965,73
2021,Wrockwardine Wood & Trench,E05009995,5244,1332,654,851,362,891,984,170
2021,Broadmead,E05010015,3494,585,348,554,172,608,1129,98
2021,Cheriton,E05010016,10822,2094,1416,1717,650,1998,2630,317
2021,East Folkestone,E05010017,9034,1895,1174,1499,524,1664,2044,234
2021,Folkestone Central,E05010018,8919,1807,888,1142,422,1395,2981,284
2021,Folkestone Harbour,E05010019,5210,1123,614,793,296,904,1327,153
2021,Hythe,E05010020,9690,1581,1022,1319,534,1498,3398,338
2021,Hythe Rural,E05010021,5265,998,618,773,400,949,1400,127
2021,New Romney,E05010022,6243,1465,743,921,475,1059,1312,268
2021,North Downs East,E05010023,9507,1457,1056,1547,531,1853,2771,292
2021,North Downs West,E05010024,5326,832,531,762,321,899,1814,167
2021,Romney Marsh,E05010025,6319,1638,816,887,499,978,1253,248
2021,Sandgate & West Folkestone,E05010026,5161,753,520,683,493,826,1751,135
2021,Walland & Denge Marsh,E05010027,6570,1528,896,1004,474,1162,1258,248
2021,Balderton South,E05010064,4628,906,530,717,350,897,1100,128
2021,Bilsthorpe,E05010066,2884,700,330,460,198,512,607,77
2021,Boughton,E05010067,2824,740,365,439,171,435,592,82
2021,Bridge (Newark and Sherwood),E05010068,5996,1353,811,878,426,921,1365,242
2021,Collingham,E05010070,4891,760,375,691,288,798,1858,121
2021,Devon,E05010071,7697,2059,958,1110,544,1181,1603,242
2021,Dover Beck,E05010072,2532,317,189,338,137,432,1070,49
2021,Edwinstowe & Clipstone,E05010073,9451,1839,1009,1436,588,1908,2408,263
2021,Farnsfield,E05010075,2640,327,196,340,126,475,1106,70
2021,Lowdham,E05010076,3148,500,312,499,238,482,1022,95
2021,Muskham,E05010077,2486,327,205,357,140,445,938,74
2021,Ollerton,E05010078,7708,1983,964,1197,485,1416,1485,178
2021,Rainworth North & Rufford,E05010079,5337,1030,597,828,354,1081,1305,142
2021,Rainworth South & Blidworth,E05010080,5091,1246,525,837,309,907,1155,112
2021,Southwell,E05010081,7617,884,519,923,323,1534,3295,139
2021,Sutton-on-Trent,E05010082,2723,413,236,390,160,523,935,66
2021,Trent,E05010083,2455,258,141,303,115,387,1197,54
2021,Appleby,E05010090,2071,279,204,278,103,336,806,65
2021,Ashby Castle,E05010091,2569,265,162,327,92,447,1227,49
2021,Ashby Holywell,E05010092,2608,385,250,373,112,434,995,59
2021,Ashby Ivanhoe,E05010093,2701,439,213,348,128,447,1047,79
2021,Ashby Money Hill,E05010094,2606,371,209,373,143,454,999,57
2021,Ashby Willesley,E05010095,1806,347,164,227,88,266,672,42
2021,Ashby Woulds,E05010096,2229,377,222,344,125,428,685,48
2021,Bardon,E05010097,2246,318,255,330,138,493,668,44
2021,Blackfordby,E05010098,2569,545,265,354,171,473,693,68
2021,Broom Leys,E05010099,1876,414,183,250,157,358,434,80
2021,Castle Donington Castle,E05010100,2169,449,213,307,169,397,567,67
2021,Castle Donington Central,E05010101,1928,235,164,288,137,358,713,33
2021,Castle Donington Park,E05010102,1999,263,195,289,107,352,757,36
2021,Castle Rock,E05010103,2167,478,248,310,149,334,561,87
2021,Coalville East,E05010104,2160,342,250,334,141,450,591,52
2021,Coalville West,E05010105,2403,674,270,362,166,416,454,61
2021,Daleacre Hill,E05010106,2233,308,177,237,123,600,754,34
2021,Ellistown & Battleflat,E05010107,2162,462,252,326,142,411,504,65
2021,Greenhill (North West Leicestershire),E05010108,2720,741,378,397,164,429,534,77
2021,Hermitage (North West Leicestershire),E05010109,2194,404,229,309,189,422,597,44
2021,Holly Hayes,E05010110,2221,459,227,345,198,395,530,67
2021,Hugglescote St John's,E05010111,2229,394,196,304,169,453,661,52
2021,Hugglescote St Mary's,E05010112,2426,431,235,405,192,506,608,49
2021,Ibstock East,E05010113,2119,463,218,337,142,386,528,45
2021,Ibstock West,E05010114,2455,535,286,369,160,521,517,67
2021,Kegworth,E05010115,2164,263,164,267,121,539,778,32
2021,Long Whatton & Diseworth,E05010116,2209,307,203,272,135,383,862,47
2021,Measham North,E05010117,2327,387,246,340,142,504,655,53
2021,Measham South,E05010118,2067,572,224,262,129,356,443,81
2021,Oakthorpe & Donisthorpe,E05010119,2327,435,271,335,123,470,651,42
2021,Ravenstone & Packington,E05010120,2633,387,224,333,172,514,950,53
2021,Sence Valley,E05010121,2432,402,236,318,186,543,704,43
2021,Snibston North,E05010122,2823,601,336,408,207,538,642,91
2021,Snibston South,E05010123,1457,331,196,241,96,259,292,42
2021,Thornborough,E05010124,1737,417,172,229,149,287,441,42
2021,Thringstone,E05010125,2338,563,251,338,185,406,554,41
2021,Valley (North West Leicestershire),E05010126,2476,413,195,370,165,394,890,49
2021,Worthington & Breedon,E05010127,2312,361,189,298,152,415,850,47
2021,Allington & Strete,E05010128,2577,358,246,355,125,439,1000,54
2021,Bickleigh & Cornwood,E05010129,2412,373,209,285,165,419,897,64
2021,Blackawton & Stoke Fleming,E05010130,2145,262,189,328,126,375,814,51
2021,Charterlands,E05010131,2678,278,193,380,109,443,1218,57
2021,Dartington & Staverton,E05010132,2494,247,156,284,95,354,1289,69
2021,Dartmouth & East Dart,E05010133,6900,1070,633,890,485,1099,2462,261
2021,Ermington & Ugborough,E05010134,2365,287,192,250,123,397,1059,57
2021,Ivybridge East,E05010135,4939,633,433,751,302,969,1755,96
2021,Ivybridge West,E05010136,5249,680,513,770,359,1008,1781,138
2021,Kingsbridge,E05010137,4837,792,459,735,329,784,1583,155
2021,Loddiswell & Aveton Gifford,E05010138,2374,279,227,334,137,416,930,51
2021,Marldon & Littlehempston,E05010139,2536,351,238,349,148,446,944,60
2021,Newton & Yealmpton,E05010140,5231,570,402,710,282,857,2297,113
2021,Salcombe & Thurlestone,E05010141,4342,613,348,645,288,717,1625,106
2021,South Brent,E05010142,4595,564,367,525,238,734,2052,115
2021,Stokenham,E05010143,2299,347,204,333,143,392,839,41
2021,Totnes,E05010144,7652,1004,594,922,363,1140,3484,145
2021,Wembury & Brixton,E05010145,4576,530,351,651,297,833,1816,98
2021,West Dart,E05010146,2231,214,173,263,93,327,1116,45
2021,Woolwell,E05010147,2532,267,199,363,188,533,916,66
2021,Aveland,E05010148,2151,359,194,344,117,371,712,54
2021,Belmont (South Kesteven),E05010149,3909,599,473,617,272,826,1027,95
2021,Belvoir,E05010150,4123,697,391,585,303,685,1347,115
2021,Bourne Austerby,E05010151,6123,782,577,995,358,1340,1932,139
2021,Bourne East,E05010152,3994,869,466,627,301,645,951,135
2021,Bourne West,E05010153,4345,717,499,669,325,834,1148,153
2021,Casewick,E05010154,4857,736,485,721,310,807,1676,122
2021,Castle (South Kesteven),E05010155,1918,296,190,276,100,354,650,52
2021,Deeping St James,E05010156,6018,786,673,994,378,1216,1805,166
2021,Dole Wood,E05010157,2052,296,216,293,120,342,738,47
2021,Glen (South Kesteven),E05010158,1952,238,176,297,89,383,737,32
2021,Grantham Arnoldfield,E05010159,4582,530,448,746,279,939,1512,128
2021,Grantham Barrowby Gate,E05010160,4068,752,418,583,343,783,1098,91
2021,Grantham Earlesfield,E05010161,4923,1367,714,808,338,674,852,170
2021,Grantham Harrowby,E05010162,3739,1000,476,592,247,616,704,104
2021,Grantham St Vincent's,E05010163,6238,1222,760,928,457,1111,1565,195
2021,Grantham St Wulfram's,E05010164,4557,881,503,659,314,748,1333,119
2021,Grantham Springfield,E05010165,4432,790,519,725,290,847,1118,143
2021,Isaac Newton,E05010166,4047,736,406,635,280,691,1184,115
2021,Lincrest,E05010167,2186,321,198,311,125,379,805,47
2021,Loveden Heath,E05010168,2194,302,202,328,100,365,855,42
2021,Market & West Deeping,E05010169,5872,946,673,932,371,1061,1731,158
2021,Morton (South Kesteven),E05010170,2106,346,235,342,131,408,591,53
2021,Peascliffe & Ridgeway,E05010171,4064,786,409,609,306,691,1162,101
2021,Stamford All Saints,E05010172,3971,681,388,558,241,699,1315,89
2021,Stamford St George's,E05010173,4330,781,447,604,290,752,1324,132
2021,Stamford St John's,E05010174,4641,548,435,697,310,864,1690,97
2021,Stamford St Mary's,E05010175,4170,615,291,571,201,625,1745,122
2021,Toller (South Kesteven),E05010176,2237,422,223,297,165,412,650,68
2021,Viking (South Kesteven),E05010177,4203,563,338,602,248,766,1593,93
2021,Alcester Town,E05010178,3273,769,352,478,182,521,891,80
2021,Alcester & Rural,E05010179,3130,449,282,414,159,470,1273,83
2021,Avenue (Stratford-on-Avon),E05010180,3029,461,268,415,119,514,1174,78
2021,Bidford East,E05010181,3509,548,339,577,187,627,1130,101
2021,Bidford West & Salford,E05010182,3483,534,311,486,198,667,1197,90
2021,Bishop's Itchington,E05010183,3501,484,316,446,160,674,1345,76
2021,Bishopton,E05010184,2721,445,276,384,182,432,923,79
2021,Brailes & Compton,E05010185,2931,385,238,388,126,453,1270,71
2021,Bridgetown,E05010186,3888,362,275,466,139,617,1946,83
2021,Clopton,E05010187,2251,396,238,276,134,352,781,74
2021,Ettington,E05010188,3049,308,210,436,111,488,1428,68
2021,Guildhall (Stratford-on-Avon),E05010189,2917,462,227,321,153,384,1248,122
2021,Harbury,E05010190,3303,432,278,394,171,533,1425,70
2021,Hathaway,E05010191,2930,526,305,390,191,446,971,101
2021,Henley-in-Arden,E05010192,3394,542,310,470,145,528,1310,89
2021,Kineton,E05010193,3015,442,269,361,138,446,1298,61
2021,Kinwarton,E05010194,2433,282,213,345,121,382,1044,46
2021,Long Itchington & Stockton,E05010195,3653,498,287,458,199,651,1490,70
2021,Napton & Fenny Compton,E05010196,2916,293,241,376,141,529,1295,41
2021,Quinton (Stratford-on-Avon),E05010197,3004,387,247,431,143,596,1130,70
2021,Red Horse,E05010198,2860,326,226,358,113,475,1312,50
2021,Shipston North,E05010199,3385,484,339,498,188,546,1259,71
2021,Shipston South,E05010200,3465,551,333,486,194,613,1223,65
2021,Shottery,E05010201,2270,233,173,318,90,337,1068,51
2021,Snitterfield,E05010202,2977,330,196,354,128,431,1477,61
2021,Southam North,E05010203,3230,627,323,453,204,556,988,79
2021,Southam South,E05010204,3456,368,295,513,192,630,1364,94
2021,Studley with Mappleborough Green,E05010205,3268,566,318,501,188,539,1073,83
2021,Studley with Sambourne,E05010206,3202,593,301,459,207,592,958,92
2021,Tanworth-in-Arden,E05010207,2759,436,221,371,148,432,1078,73
2021,Tiddington,E05010208,2997,348,225,354,119,425,1465,61
2021,Welcombe,E05010209,2738,361,205,277,103,421,1274,97
2021,Welford-on-Avon,E05010210,3747,533,294,519,169,564,1578,90
2021,Wellesbourne East,E05010211,3166,414,273,460,144,528,1278,69
2021,Wellesbourne West,E05010212,3676,490,372,526,212,674,1312,90
2021,Wotton Wawen,E05010213,3111,564,265,390,170,464,1174,84
2021,Bamber Bridge East,E05010214,4085,758,490,589,333,804,1031,80
2021,Bamber Bridge West,E05010215,3529,796,415,478,294,614,846,86
2021,Broad Oak,E05010216,3385,413,268,460,186,601,1387,70
2021,Broadfield (South Ribble),E05010217,4003,846,482,576,282,807,897,113
2021,Buckshaw & Worden,E05010218,3796,333,308,501,208,783,1592,71
2021,Charnock,E05010219,3221,604,322,430,254,601,937,73
2021,Coupe Green & Gregson Lane,E05010220,3573,501,331,499,307,634,1219,82
2021,Earnshaw Bridge,E05010221,4004,793,408,586,333,776,997,111
2021,Farington East,E05010222,3694,565,346,490,283,788,1161,61
2021,Farington West,E05010223,3413,489,265,475,258,711,1139,76
2021,Hoole,E05010224,3543,523,344,504,279,685,1134,74
2021,Howick & Priory,E05010225,5974,643,474,782,413,1076,2425,161
2021,Leyland Central,E05010226,4030,597,368,597,303,810,1280,75
2021,Longton & Hutton West,E05010227,4973,724,429,673,336,842,1794,175
2021,Lostock Hall,E05010228,5190,882,517,771,435,1005,1465,115
2021,Middleforth,E05010229,6009,1017,585,848,411,1133,1850,165
2021,Moss Side (South Ribble),E05010230,3176,493,317,456,217,608,1016,69
2021,New Longton & Hutton East,E05010231,3863,511,300,537,257,667,1505,86
2021,St Ambrose,E05010232,3533,585,368,555,275,714,942,94
2021,Samlesbury & Walton,E05010233,3459,503,337,471,229,672,1162,85
2021,Seven Stars,E05010234,3402,755,418,527,249,571,808,74
2021,Walton-le-Dale East,E05010235,3787,549,355,577,256,753,1236,61
2021,Walton-le-Dale West,E05010236,3860,477,334,505,283,765,1414,82
2021,All Saints & Wayland,E05010237,6589,1208,726,1068,403,1173,1816,195
2021,Ashill,E05010238,2346,589,300,320,147,395,514,81
2021,Bedingfeld,E05010239,2730,610,318,409,172,487,654,80
2021,Attleborough Burgh & Haverscroft,E05010240,4327,990,519,687,319,752,926,134
2021,Attleborough Queens & Besthorpe,E05010241,6490,1290,736,1062,420,1199,1596,187
2021,Dereham Neatherd,E05010242,6250,1251,701,990,450,1099,1554,205
2021,Dereham Toftwood,E05010243,4956,1070,611,891,395,907,922,160
2021,Dereham Withburga,E05010244,4695,1135,647,825,292,812,836,148
2021,Forest (Breckland),E05010245,2626,582,305,409,202,425,600,103
2021,Guiltcross,E05010246,2869,497,310,429,153,444,942,94
2021,Harling & Heathlands,E05010247,2634,538,293,420,192,447,675,69
2021,Hermitage (Breckland),E05010248,2404,484,260,358,163,399,665,75
2021,Launditch,E05010249,2180,418,212,344,136,390,640,40
2021,Lincoln,E05010250,4639,879,519,752,317,877,1167,128
2021,Mattishall,E05010251,4775,900,507,696,355,834,1339,144
2021,Nar Valley,E05010252,2459,572,275,379,184,403,567,79
2021,Necton,E05010253,2309,581,276,345,191,361,470,85
2021,Saham Toney,E05010254,4551,920,585,748,295,856,1002,145
2021,Shipdham-with-Scarning,E05010255,4740,855,574,778,339,900,1152,142
2021,Swaffham,E05010256,7257,1792,884,1136,491,1115,1594,245
2021,The Buckenhams & Banham,E05010257,2748,496,303,396,159,459,861,74
2021,Thetford Boudica,E05010258,4062,975,554,638,329,704,718,144
2021,Thetford Burrell,E05010259,4854,1376,714,737,295,670,873,189
2021,Thetford Castle,E05010260,5126,1247,621,739,344,834,1114,227
2021,Thetford Priory,E05010261,6094,1736,847,915,418,835,1070,273
2021,Upper Wensum,E05010262,5490,991,620,856,322,1008,1563,130
2021,Watton,E05010263,7651,2246,978,1053,582,1127,1377,288
2021,Backwell,E05010276,3827,401,289,502,151,613,1785,86
2021,Banwell & Winscombe,E05010277,6964,1160,637,1007,435,1158,2369,198
2021,Blagdon & Churchill,E05010278,3492,381,249,425,186,618,1558,75
2021,Clevedon East,E05010279,3764,525,387,569,243,723,1199,118
2021,Clevedon South,E05010280,3468,541,384,577,266,701,906,93
2021,Clevedon Walton,E05010281,3930,443,288,502,183,592,1833,89
2021,Clevedon West,E05010282,3261,470,325,411,192,562,1220,81
2021,Clevedon Yeo,E05010283,3505,478,413,531,217,771,1016,79
2021,Congresbury & Puxton,E05010284,3457,478,271,485,158,676,1304,85
2021,Gordano Valley,E05010285,3553,504,283,521,214,565,1382,84
2021,Hutton & Locking,E05010286,6425,1037,707,927,435,1271,1868,180
2021,Long Ashton,E05010287,7125,663,496,858,287,975,3702,144
2021,Nailsea Golden Valley,E05010288,3572,329,288,529,167,664,1516,79
2021,Nailsea West End,E05010289,2743,360,303,419,153,514,920,74
2021,Nailsea Yeo,E05010290,3373,536,360,510,226,579,1050,112
2021,Nailsea Youngwood,E05010291,3431,444,353,549,215,598,1172,100
2021,Pill,E05010292,3605,579,321,444,209,610,1364,78
2021,Portishead East,E05010293,6247,542,497,914,256,1178,2750,110
2021,Portishead North,E05010294,3985,534,282,534,197,656,1702,80
2021,Portishead South,E05010295,3466,537,319,523,239,593,1132,123
2021,Portishead West,E05010296,7606,876,672,1074,442,1272,3126,144
2021,Weston-super-Mare South,E05010297,7282,1773,904,1247,413,1187,1523,235
2021,Weston-super-Mare Central,E05010298,7960,1886,887,1072,499,1242,2048,326
2021,Weston-super-Mare Hillside,E05010299,7644,1328,751,1098,461,1377,2401,228
2021,Weston-super-Mare Kewstoke,E05010300,7375,1233,760,1175,547,1287,2169,204
2021,Weston-super-Mare Mid Worle,E05010301,3273,743,383,480,235,630,693,109
2021,Weston-super-Mare Milton,E05010302,7977,1379,866,1307,591,1539,2042,253
2021,Weston-super-Mare North Worle,E05010303,6819,937,754,1091,479,1541,1837,180
2021,Weston-super-Mare South Worle,E05010304,7207,1249,840,1170,507,1446,1809,186
2021,Weston-super-Mare Uphill,E05010305,7039,1160,706,1153,437,1191,2180,212
2021,Weston-super-Mare Winterstoke,E05010306,7012,779,663,1212,384,1733,2074,167
2021,Wick St Lawrence & St Georges,E05010307,3754,463,377,655,211,842,1126,80
2021,Winford,E05010308,3640,497,303,480,238,598,1437,87
2021,Wrington,E05010309,3450,430,257,472,185,534,1477,95
2021,Yatton,E05010310,7338,941,644,1062,409,1341,2798,143
2021,Acomb,E05010311,7409,1335,699,989,521,1230,2438,197
2021,Bishopthorpe,E05010312,3437,495,260,421,203,486,1484,88
2021,Clifton (York),E05010313,7828,1379,664,939,317,1296,3088,145
2021,Copmanthorpe,E05010314,3436,384,237,431,194,562,1560,68
2021,Dringhouses & Woodthorpe,E05010315,9606,1359,804,1231,545,1527,3955,185
2021,Fishergate,E05010316,8621,774,399,590,366,2505,3811,176
2021,Fulford & Heslington,E05010317,3422,389,231,327,190,714,1498,73
2021,Guildhall (York),E05010318,13453,1090,614,1000,360,4113,6046,230
2021,Haxby & Wigginton,E05010319,9952,1554,940,1328,666,1728,3448,288
2021,Heworth,E05010320,11253,1711,876,1252,559,2601,4021,233
2021,Heworth Without,E05010321,3455,523,271,428,255,547,1349,82
2021,Holgate,E05010322,10024,1340,810,1200,543,1602,4357,172
2021,Hull Road,E05010323,13535,1101,502,765,394,7504,3045,224
2021,Huntington & New Earswick,E05010324,10437,2020,993,1418,847,1640,3253,266
2021,Micklegate,E05010325,10767,960,554,976,353,1525,6240,159
2021,Osbaldwick & Derwent,E05010326,7103,941,549,841,436,1396,2774,166
2021,Rawcliffe & Clifton Without,E05010327,10243,1409,846,1369,643,1763,3983,230
2021,Rural West York,E05010328,6797,726,478,893,333,1101,3106,160
2021,Strensall,E05010329,6800,872,591,1009,424,1194,2583,127
2021,Westfield (York),E05010330,11115,2223,1256,1715,718,1821,3124,258
2021,Wheldrake,E05010331,3382,369,224,427,163,554,1584,61
2021,Bocking Blackwater,E05010365,8124,1325,1060,1499,474,1558,1976,232
2021,Bocking North,E05010366,4314,1050,525,689,272,705,929,144
2021,Bocking South,E05010367,5391,1175,779,928,323,870,1168,148
2021,Braintree Central & Beckers Green,E05010368,7723,1668,1126,1254,464,1351,1622,238
2021,Braintree South,E05010369,5214,984,737,904,292,1004,1155,138
2021,Braintree West,E05010370,5082,893,610,828,300,1011,1264,176
2021,Bumpstead,E05010371,2439,387,248,372,141,458,780,53
2021,Coggeshall,E05010372,4912,827,483,741,284,798,1659,120
2021,Great Notley & Black Notley,E05010374,7994,1030,955,1483,384,1592,2368,182
2021,Hedingham,E05010378,4915,894,616,828,340,913,1192,132
2021,Kelvedon & Feering,E05010379,4752,788,508,776,243,824,1518,95
2021,Rayne,E05010380,2404,366,299,430,136,442,662,69
2021,Stour Valley North,E05010382,2492,398,257,393,163,433,799,49
2021,Stour Valley South,E05010383,2609,405,290,415,137,457,864,41
2021,The Colnes,E05010384,4949,817,496,825,291,917,1488,115
2021,Three Fields,E05010385,4909,777,561,786,311,862,1479,133
2021,Witham South,E05010388,5011,879,607,779,243,997,1377,129
2021,Witham West,E05010389,5488,1160,739,925,344,1022,1135,163
2021,Yeldham,E05010390,2370,471,298,368,155,412,603,63
2021,Beltinge,E05010392,5970,1222,680,862,387,1003,1597,219
2021,Blean Forest,E05010393,9137,632,353,658,211,4417,2673,193
2021,Chestfield,E05010395,6035,987,630,908,377,1028,1934,171
2021,Gorrell,E05010396,8798,1407,825,1169,483,1414,3263,237
2021,Greenhill (Canterbury),E05010397,3473,848,480,487,243,643,662,110
2021,Herne & Broomfield,E05010398,7271,1277,856,1112,470,1396,1952,208
2021,Heron,E05010399,11092,2443,1288,1695,648,1936,2779,303
2021,Northgate (Canterbury),E05010402,6083,1071,468,618,171,1881,1700,174
2021,Seasalter,E05010404,6604,1275,710,941,483,1026,1970,199
2021,St Stephen's (Canterbury),E05010405,8626,907,519,765,220,2956,3088,171
2021,Swalecliffe,E05010407,3502,853,387,462,247,535,897,121
2021,Tankerton,E05010408,3028,447,256,415,155,430,1250,75
2021,West Bay,E05010409,3440,817,452,518,226,574,752,101
2021,Westgate (Canterbury),E05010410,7957,930,502,794,222,1757,3520,232
2021,Wincheap,E05010411,7788,1168,578,813,306,1455,3280,188
2021,Bank Top & Lascelles,E05010412,5846,1633,629,821,414,1020,1170,159
2021,Brinkburn & Faverdale,E05010413,5498,714,450,866,370,1209,1782,107
2021,Cockerton,E05010414,5018,1171,547,795,362,960,1049,134
2021,College (Darlington),E05010415,3593,332,228,446,160,583,1798,46
2021,Eastbourne,E05010416,4985,1369,519,712,374,892,973,146
2021,Harrowgate Hill,E05010417,5267,838,492,820,448,1144,1409,116
2021,Haughton & Springfield,E05010418,5242,1296,518,767,424,941,1127,169
2021,Heighington & Coniscliffe,E05010419,3902,481,296,526,226,736,1557,80
2021,Hummersknott,E05010420,3172,395,223,409,177,481,1387,100
2021,Hurworth,E05010421,3078,437,219,412,220,530,1187,73
2021,Mowden,E05010422,3232,456,220,454,241,545,1207,109
2021,North Road,E05010423,5124,1244,629,798,428,910,984,131
2021,Northgate (Darlington),E05010424,3336,815,425,492,249,537,728,90
2021,Park East,E05010425,6010,1436,653,902,365,1071,1434,149
2021,Park West,E05010426,3560,391,227,423,170,527,1736,86
2021,Pierremont,E05010427,4945,796,463,719,351,1007,1476,133
2021,Red Hall & Lingfield,E05010428,3671,862,377,593,298,678,769,94
2021,Sadberge & Middleton St George,E05010429,5610,740,448,789,356,1022,2126,129
2021,Stephenson,E05010430,3751,983,394,532,269,706,766,101
2021,Whinfield,E05010431,3269,585,319,457,313,641,851,103
2021,Abbey (Leicester),E05010458,17171,4377,2030,2213,864,2521,4399,767
2021,Aylestone,E05010459,9611,2185,1021,1295,602,1510,2688,310
2021,Beaumont Leys,E05010460,14256,3497,1707,1948,688,1984,3958,474
2021,Belgrave (Leicester),E05010461,16766,7054,2094,1565,466,1356,2936,1295
2021,Braunstone Park & Rowley Fields,E05010462,16028,4817,1954,2098,849,2086,3620,604
2021,Castle (Leicester),E05010463,22175,1810,910,1470,439,8556,8403,587
2021,Evington,E05010464,13573,3772,1436,1646,507,1742,3885,585
2021,Eyres Monsell,E05010465,9072,2734,1165,1386,507,1327,1652,301
2021,Fosse,E05010466,11269,2833,1293,1371,602,1731,2884,555
2021,Humberstone & Hamilton,E05010467,15704,3421,1666,2215,597,2339,4906,560
2021,Knighton,E05010468,13766,2051,945,1459,456,1865,6622,368
2021,North Evington,E05010469,18203,7555,2429,1965,498,1645,2964,1147
2021,Rushey Mead,E05010470,14344,5044,1887,1510,449,1435,3287,732
2021,Saffron,E05010471,10972,2294,1025,1196,389,2796,2960,312
2021,Spinney Hills,E05010472,9832,3379,1167,1239,200,1174,2185,488
2021,Stoneygate,E05010473,16492,4079,1664,1882,389,2778,5065,635
2021,Thurncourt,E05010474,9272,2504,1033,1301,454,1313,2251,416
2021,Troon,E05010475,11395,3249,1380,1470,424,1514,2905,453
2021,Westcotes,E05010476,13633,2367,1000,1071,541,3711,4410,533
2021,Western,E05010477,15670,4161,1824,2187,823,2220,3886,569
2021,Wycliffe,E05010478,11812,4509,1523,1466,278,1257,2035,744
2021,Barlaston,E05010479,2381,416,194,347,182,366,800,76
2021,Baswich,E05010480,4999,640,421,682,284,850,1986,136
2021,Common,E05010481,3798,773,391,554,235,673,1063,109
2021,Coton,E05010482,6970,1060,749,1055,408,1313,2190,195
2021,Doxey & Castletown,E05010483,3345,552,350,494,176,639,1064,70
2021,Eccleshall,E05010484,6055,871,519,831,324,1035,2323,152
2021,Forebridge,E05010485,3087,476,288,444,134,541,1123,81
2021,Fulford,E05010486,5067,901,486,686,371,830,1673,120
2021,Gnosall & Woodseaves,E05010487,5807,927,547,738,298,1001,2148,148
2021,Haywood & Hixon,E05010488,5727,854,503,796,343,951,2098,182
2021,Highfields & Western Downs,E05010489,5609,1189,664,924,281,1009,1355,187
2021,Holmcroft,E05010490,5624,1101,629,805,334,979,1588,188
2021,Littleworth,E05010491,4738,758,464,668,282,845,1607,114
2021,Manor (Stafford),E05010492,5928,1156,718,917,377,1036,1546,178
2021,Milford (Stafford),E05010493,2470,275,174,317,128,385,1146,45
2021,Milwich,E05010494,5803,697,460,772,316,1145,2279,134
2021,Penkside,E05010495,2705,606,305,422,136,450,727,59
2021,Rowley (Stafford),E05010496,2663,289,195,328,131,423,1237,60
2021,St Michael's & Stonefield,E05010497,8560,1251,727,1168,416,1401,3403,194
2021,Seighford & Church Eaton,E05010498,5824,851,518,699,280,1041,2276,159
2021,Swynnerton & Oulton,E05010499,5428,724,416,746,328,897,2198,119
2021,Walton (Stafford),E05010500,5732,930,525,833,343,1030,1918,153
2021,Weeping Cross & Wildwood,E05010501,5292,609,467,719,314,920,2114,149
2021,Aggborough & Spennells,E05010502,7321,1312,747,1103,431,1390,2163,175
2021,Areley Kings & Riverside,E05010503,7062,1799,811,944,511,1143,1651,203
2021,Bewdley & Rock,E05010504,7598,1530,702,1067,494,1154,2427,224
2021,Blakebrook & Habberley South,E05010505,7835,1687,857,1247,517,1449,1861,217
2021,Broadwaters,E05010506,7366,1585,815,1200,483,1284,1786,213
2021,Foley Park & Hoobrook,E05010507,8490,2142,1018,1307,528,1317,1955,223
2021,Franche & Habberley North,E05010508,8064,1786,949,1256,608,1433,1776,256
2021,Lickhill,E05010509,2067,382,220,349,159,391,502,64
2021,Mitton,E05010510,8296,1822,871,1231,599,1495,2074,204
2021,Offmore & Comberton,E05010511,7915,1800,900,1159,526,1340,1942,248
2021,Wribbenhall & Arley,E05010512,4527,942,454,673,281,694,1350,133
2021,Wyre Forest Rural,E05010513,8022,1627,711,1147,472,1312,2571,182
2021,Attenborough & Chilwell East,E05010514,5958,902,492,646,299,885,2571,163
2021,"Awsworth, Cossall & Trowell",E05010515,4262,800,473,601,343,832,1111,102
2021,Beeston Central,E05010516,5506,844,365,406,173,1340,2268,110
2021,Beeston North,E05010517,5401,808,398,483,183,1337,2076,116
2021,Beeston Rylands,E05010518,4056,667,349,444,238,615,1638,105
2021,Beeston West,E05010519,4771,519,249,419,166,683,2649,86
2021,Bramcote,E05010520,6102,688,442,690,292,863,2985,142
2021,Brinsley,E05010521,1919,426,210,233,153,356,473,68
2021,Chilwell West,E05010522,6165,1143,649,821,372,987,2028,165
2021,Eastwood Hall,E05010523,2189,418,246,361,158,454,496,56
2021,Eastwood Hilltop,E05010524,4028,1051,511,571,344,706,731,114
2021,Eastwood St Mary's,E05010525,3946,1032,538,540,280,681,771,104
2021,Greasley,E05010526,5551,1135,542,771,452,1062,1448,141
2021,Kimberley,E05010527,5585,1138,569,794,421,1044,1491,128
2021,Nuthall East & Strelley,E05010528,4294,629,344,526,242,801,1635,117
2021,Stapleford North,E05010529,3817,803,438,577,259,698,946,96
2021,Stapleford South East,E05010530,4263,822,461,567,278,739,1297,99
2021,Stapleford South West,E05010531,4411,864,528,655,281,799,1201,83
2021,Toton & Chilwell Meadows,E05010532,6632,800,559,898,356,1177,2650,192
2021,Watnall & Nuthall West,E05010533,3690,590,397,485,246,715,1174,83
2021,Bere Ferrers,E05010550,3152,492,332,450,238,502,1046,92
2021,Bridestowe,E05010551,2804,408,292,418,174,508,917,87
2021,Buckland Monachorum,E05010552,3227,363,202,413,164,483,1524,78
2021,Burrator,E05010553,3080,454,283,393,226,495,1137,92
2021,Chagford,E05010554,1355,161,114,194,58,199,596,33
2021,Dartmoor,E05010555,2114,366,224,335,137,380,631,41
2021,Drewsteignton,E05010556,1484,164,143,180,77,248,638,34
2021,Exbourne,E05010557,3525,549,385,562,184,673,1079,93
2021,Hatherleigh,E05010558,2750,559,330,412,162,470,751,66
2021,Mary Tavy,E05010559,1427,192,113,183,80,213,592,54
2021,Milton Ford,E05010560,1657,228,151,239,97,290,603,49
2021,Okehampton North,E05010561,4654,845,564,771,306,826,1235,107
2021,Okehampton South,E05010562,3261,650,420,521,219,541,829,81
2021,South Tawton,E05010563,1647,228,150,219,99,239,669,43
2021,Tamarside,E05010564,1561,291,171,222,108,265,462,42
2021,Tavistock North,E05010565,4598,665,398,674,277,738,1731,115
2021,Tavistock South East,E05010566,3386,464,276,478,229,507,1351,81
2021,Tavistock South West,E05010567,2672,450,311,414,213,538,677,69
2021,Awsworth Road,E05010604,4143,1036,592,659,301,749,698,108
2021,Breaston,E05010605,3726,585,350,498,294,591,1313,95
2021,Cotmanhay,E05010606,4038,1179,562,635,279,625,655,103
2021,Derby Road East,E05010607,4457,797,515,710,281,813,1261,80
2021,Derby Road West,E05010608,5714,1144,612,834,377,951,1658,138
2021,Draycott & Risley,E05010609,3516,596,345,494,257,622,1101,101
2021,Hallam Fields,E05010610,4089,709,385,692,309,902,1015,77
2021,Kirk Hallam & Stanton-by-Dale,E05010611,5245,1365,652,817,407,907,961,136
2021,Larklands,E05010612,7090,1760,902,1104,554,1321,1265,184
2021,Little Eaton & Stanley,E05010613,3697,545,304,468,264,614,1424,78
2021,Little Hallam,E05010614,3978,819,424,592,315,786,930,112
2021,Long Eaton Central,E05010615,6108,1244,706,983,432,1106,1481,156
2021,Nottingham Road,E05010616,4072,757,449,634,290,710,1117,115
2021,Ockbrook & Borrowash,E05010617,5976,949,561,846,438,1077,1984,121
2021,Sandiacre,E05010618,6697,1330,706,1041,504,1232,1695,189
2021,Sawley,E05010619,5396,1163,630,774,440,918,1310,161
2021,Shipley View,E05010620,4084,671,478,614,322,897,1005,97
2021,West Hallam & Dale Abbey,E05010621,5282,902,516,708,455,996,1576,129
2021,Wilsthorpe,E05010622,6219,978,751,919,464,1221,1753,133
2021,Barms,E05010623,1475,300,169,224,85,277,380,40
2021,Blackbrook (High Peak),E05010624,3760,454,305,483,189,714,1531,84
2021,Burbage,E05010625,1688,211,158,228,92,347,615,37
2021,Buxton Central,E05010626,3162,516,294,410,162,550,1176,54
2021,Chapel East,E05010627,1791,320,149,263,130,332,557,40
2021,Chapel West,E05010628,4087,688,420,539,285,812,1240,103
2021,Corbar,E05010629,3496,500,273,416,206,507,1514,80
2021,Cote Heath,E05010630,3317,533,385,503,235,693,878,90
2021,Dinting,E05010631,2020,194,122,251,108,338,973,34
2021,Gamesley,E05010632,1800,470,261,303,117,304,315,30
2021,Hadfield North,E05010633,1907,367,214,277,120,379,504,46
2021,Hadfield South,E05010634,3418,543,336,491,215,683,1063,87
2021,Hayfield,E05010635,1699,228,140,205,91,267,737,31
2021,Hope Valley,E05010636,3129,418,234,348,155,462,1440,72
2021,Howard Town,E05010637,3997,578,350,571,222,757,1444,75
2021,Limestone Peak,E05010638,1820,337,224,297,137,354,423,48
2021,New Mills East,E05010639,3313,639,345,483,235,579,950,82
2021,New Mills West,E05010640,3536,372,301,454,208,667,1489,45
2021,Old Glossop,E05010641,3746,437,323,509,210,679,1505,83
2021,Padfield,E05010642,1843,225,177,279,109,320,696,37
2021,St John's (High Peak),E05010643,1629,188,140,218,84,286,683,30
2021,Sett,E05010644,1621,174,93,200,114,261,748,31
2021,Simmondley,E05010645,3353,315,291,445,185,652,1404,61
2021,Stone Bench,E05010646,3437,761,418,595,243,682,662,76
2021,Temple,E05010647,1503,147,108,188,76,228,711,45
2021,Tintwistle,E05010648,1821,307,180,252,118,369,558,37
2021,Whaley Bridge,E05010649,5364,702,459,717,323,953,2101,109
2021,Whitfield (High Peak),E05010650,1928,382,196,263,121,304,622,40
2021,Alrewas & Fradley,E05010651,5440,714,462,759,260,958,2171,116
2021,Armitage with Handsacre,E05010652,6564,1228,675,886,408,1249,1935,183
2021,Boley Park,E05010653,3286,336,271,360,116,539,1596,68
2021,Boney Hay & Central,E05010654,5400,1239,659,786,384,978,1193,161
2021,Bourne Vale,E05010655,2623,432,376,464,141,396,696,118
2021,Chadsmead,E05010656,3658,721,414,534,177,519,1190,103
2021,Chase Terrace,E05010657,3934,775,434,591,255,839,942,98
2021,Chasetown,E05010658,3907,737,491,663,231,727,963,95
2021,Colton & the Ridwares,E05010659,1977,333,211,279,114,349,651,40
2021,Curborough,E05010660,3479,838,470,535,181,574,790,91
2021,Fazeley,E05010661,3817,918,467,555,236,637,909,95
2021,Hammerwich with Wall,E05010662,3646,777,388,512,242,611,1013,103
2021,Highfield (Lichfield),E05010663,3832,564,359,547,224,710,1319,109
2021,Leomansley,E05010664,6018,772,513,708,221,909,2743,152
2021,Little Aston & Stonnall,E05010665,4160,641,323,554,181,629,1708,124
2021,Longdon (Lichfield),E05010666,1782,241,159,250,120,293,671,48
2021,Mease Valley,E05010667,1707,297,141,256,71,298,605,39
2021,St John's (Lichfield),E05010668,4837,543,354,593,182,782,2293,90
2021,Shenstone,E05010669,1859,238,144,279,89,290,773,46
2021,Stowe,E05010670,5791,1096,574,717,293,891,2037,183
2021,Summerfield & All Saints,E05010671,5052,1015,603,836,368,1003,1077,150
2021,Whittington & Streethay,E05010672,5820,656,440,818,249,1060,2511,86
2021,Abbey Hill,E05010673,2727,727,370,481,178,381,516,74
2021,Annesley & Kirkby Woodhouse,E05010674,6160,1410,709,903,451,1118,1425,144
2021,Ashfields,E05010675,3202,486,359,586,203,683,807,78
2021,Carsic,E05010676,2934,918,409,512,175,397,429,94
2021,Sutton Central & New Cross,E05010677,6182,1599,795,1058,369,1030,1127,204
2021,Hucknall Central,E05010678,6097,1404,715,882,393,1127,1409,167
2021,Hucknall North,E05010679,8510,1625,899,1209,579,1691,2314,193
2021,Hucknall South,E05010680,6231,1459,763,923,413,1075,1435,163
2021,Hucknall West,E05010681,8648,1854,1057,1325,617,1642,1938,215
2021,Huthwaite & Brierley,E05010682,6223,1448,763,1019,450,1116,1265,162
2021,Jacksdale & Westwood,E05010683,2796,672,385,437,213,501,528,60
2021,Kingsway (Ashfield),E05010684,2281,635,269,384,175,399,365,54
2021,Kirkby Cross & Portland,E05010685,3721,742,398,553,227,751,947,103
2021,Larwood,E05010686,3117,444,361,535,173,704,855,45
2021,Leamington,E05010687,3294,1052,447,518,208,477,496,96
2021,Sutton St Mary's,E05010688,3109,870,372,477,229,465,620,76
2021,Selston,E05010689,5269,1288,631,815,363,959,1080,133
2021,Skegby,E05010690,5647,1453,607,875,408,1016,1144,144
2021,Stanton Hill & Teversal,E05010691,2675,676,327,389,172,441,602,68
2021,Greenwood & Summit,E05010692,5623,1655,739,951,323,926,904,125
2021,Sutton Junction & Harlow Wood,E05010693,2938,565,328,452,224,551,756,62
2021,The Dales,E05010694,2785,700,337,481,211,456,534,66
2021,Underwood,E05010695,2682,599,260,373,200,487,687,76
2021,Abbey (Cotswold),E05010696,2144,287,161,275,99,450,824,48
2021,Blockley,E05010697,2216,299,195,288,75,331,989,39
2021,Bourton Vale,E05010698,2397,339,228,312,104,400,965,49
2021,Bourton Village,E05010699,2681,483,289,350,142,463,875,79
2021,Campden & Vale,E05010700,5223,745,445,745,256,855,2053,124
2021,Chedworth & Churn Valley,E05010701,2096,233,141,261,86,341,986,48
2021,Chesterton,E05010702,2075,376,224,296,105,383,647,44
2021,Coln Valley,E05010703,1914,202,156,252,76,307,883,38
2021,Ermin,E05010704,2237,200,135,254,83,332,1146,87
2021,Fairford North,E05010705,1977,264,220,294,117,338,705,39
2021,Fosseridge,E05010706,2249,296,179,315,95,339,976,49
2021,Four Acres,E05010707,1597,162,178,231,78,331,578,39
2021,Grumbolds Ash with Avening,E05010708,2166,262,172,287,95,336,977,37
2021,Kemble,E05010709,2184,213,173,279,83,342,1056,38
2021,"Lechlade, Kempsford & Fairford South",E05010710,5121,690,439,716,274,787,2068,147
2021,Moreton East,E05010711,2731,358,252,413,116,492,1041,59
2021,Moreton West,E05010712,2079,440,206,269,97,304,700,63
2021,New Mills,E05010713,2263,382,267,408,123,435,582,66
2021,Northleach,E05010714,2439,321,173,354,111,379,1055,46
2021,St Michael's (Cotswold),E05010715,2113,330,184,264,108,313,860,54
2021,Sandywell,E05010716,2160,210,134,283,87,340,1072,34
2021,Siddington & Cerney Rural,E05010717,2439,358,189,364,134,402,896,96
2021,South Cerney Village,E05010718,2264,309,228,347,126,357,832,65
2021,Stow (Cotswold),E05010719,2226,422,199,316,115,329,783,62
2021,Stratton (Cotswold),E05010720,2133,235,177,317,131,333,892,48
2021,Tetbury East & Rural,E05010721,2255,269,168,269,106,377,992,74
2021,Tetbury Town,E05010722,1963,289,203,283,123,368,660,37
2021,Tetbury with Upton,E05010723,1903,284,160,234,103,303,777,42
2021,The Ampneys & Hampton,E05010724,2341,244,197,309,103,393,1048,47
2021,The Beeches,E05010725,2208,306,241,352,117,351,798,43
2021,The Rissingtons,E05010726,2008,168,174,299,73,355,890,49
2021,Watermoor,E05010727,2509,459,281,400,128,414,759,68
2021,Adwick le Street & Carcroft,E05010728,13048,3760,1657,2121,874,2097,2218,321
2021,Armthorpe,E05010729,11618,2859,1343,1756,880,2076,2332,372
2021,Balby South,E05010730,7570,2107,889,1146,554,1204,1434,236
2021,Bentley,E05010731,14509,3733,1765,2396,995,2448,2740,432
2021,Bessacarr,E05010732,12286,2307,1198,1684,675,1984,4061,377
2021,Conisbrough,E05010733,13181,4006,1485,1997,888,2139,2385,281
2021,Edenthorpe & Kirk Sandall,E05010734,8318,1447,889,1320,638,1628,2198,198
2021,Edlington & Warmsworth,E05010735,9809,2658,1192,1513,654,1559,1959,274
2021,Finningley,E05010736,14549,2132,1329,2154,924,2735,4938,337
2021,Hatfield,E05010737,14429,3423,1669,2420,1051,2523,2907,436
2021,Hexthorpe & Balby North,E05010738,9641,3010,1318,1369,650,1285,1643,366
2021,Mexborough,E05010739,12477,3620,1591,1975,794,2010,2192,295
2021,Norton & Askern,E05010740,12497,2894,1426,1950,771,2154,2996,306
2021,Roman Ridge,E05010741,8943,1968,986,1411,695,1695,1957,231
2021,Rossington & Bawtry,E05010742,14561,3250,1588,2342,961,2576,3458,386
2021,Sprotbrough,E05010743,9159,1501,875,1263,644,1615,3026,235
2021,Stainforth & Barnby Dun,E05010744,7769,2451,894,1137,541,1171,1359,216
2021,Thorne & Moorends,E05010745,14653,4280,1846,2254,991,2367,2464,451
2021,Tickhill & Wadsworth,E05010746,9338,1477,767,1297,574,1677,3328,218
2021,Town (Doncaster),E05010747,18444,5136,2233,2313,1130,2483,4383,766
2021,Wheatley Hills & Intake,E05010748,14126,3785,1781,2085,881,2168,2953,473
2021,Blunsdon and Highworth,E05010755,9584,1518,1072,1504,639,1715,2862,274
2021,Haydon Wick,E05010756,9940,1710,1294,1618,705,1775,2559,279
2021,Penhill and Upper Stratton,E05010757,9897,2432,1638,1757,633,1457,1660,320
2021,Admirals and Cawston,E05010758,7495,929,681,1153,427,1329,2815,161
2021,Dunsmore,E05010759,6981,938,563,893,368,1081,2995,143
2021,Wolston and the Lawfords,E05010760,6589,972,627,951,396,1208,2278,157
2021,Chadlington and Churchill,E05010781,1670,204,160,220,71,242,734,39
2021,Charlbury and Finstock,E05010782,3192,433,254,333,141,426,1519,86
2021,"Hailey, Minster Lovell and Leafield",E05010783,3485,540,331,480,209,554,1300,71
2021,Abbey (Lincoln),E05010784,9378,1706,808,1186,536,1916,2938,288
2021,Birchwood (Lincoln),E05010785,7077,1449,901,1196,440,1217,1657,217
2021,Boultham,E05010786,10220,1044,591,897,427,4795,2248,218
2021,Carholme,E05010787,10172,761,472,808,276,4424,3323,108
2021,Castle (Lincoln),E05010788,6446,1203,646,846,363,1262,1964,162
2021,Glebe,E05010789,6812,1578,850,1046,434,1108,1615,181
2021,Hartsholme,E05010790,6893,1223,806,1063,509,1366,1740,186
2021,Minster,E05010791,6773,1256,687,895,370,1337,2053,175
2021,Moorland,E05010792,6366,1539,840,944,460,1033,1345,205
2021,Park (Lincoln),E05010793,10316,2203,1053,1212,517,2477,2475,379
2021,Witham (Lincoln),E05010794,6619,1173,807,1056,515,1320,1585,163
2021,Byfleet and West Byfleet,E05010795,9476,1291,918,1344,455,1519,3679,270
2021,Canalside,E05010796,8288,1629,861,1000,295,1119,3104,280
2021,Goldsworth Park,E05010797,7538,1185,817,1032,341,1231,2726,206
2021,Heathlands,E05010798,7862,742,531,949,284,1079,4102,175
2021,Hoe Valley,E05010799,7678,1157,717,1005,331,1160,3103,205
2021,Horsell,E05010800,8128,797,541,920,276,1114,4317,163
2021,Knaphill,E05010801,8747,1091,785,1195,384,1358,3717,217
2021,Mount Hermon,E05010802,9088,853,522,795,199,1121,5367,231
2021,Pyrford,E05010803,8344,1207,659,1036,287,1109,3790,256
2021,St John's (Woking),E05010804,7832,1043,652,1047,357,1327,3207,199
2021,Barnack,E05010805,2817,335,216,380,133,460,1253,40
2021,Bretton,E05010806,8067,1931,1101,1216,503,1096,1837,383
2021,Central (Peterborough),E05010807,10922,3278,1283,1149,493,1213,2983,523
2021,Dogsthorpe,E05010808,8175,2379,1176,1173,468,1062,1478,439
2021,East (Peterborough),E05010809,9119,2591,1205,1202,536,1168,1985,432
2021,"Eye, Thorney and Newborough",E05010810,8173,1570,982,1302,531,1523,2022,243
2021,Fletton and Stanground,E05010811,8782,2095,1042,1287,545,1383,2103,327
2021,Fletton and Woodston,E05010812,9087,1576,1064,1277,460,1402,2992,316
2021,Glinton and Castor,E05010813,5478,822,530,880,374,966,1776,130
2021,Gunthorpe,E05010814,7646,1472,954,1233,570,1336,1843,238
2021,Hampton Vale,E05010815,6011,845,603,914,224,1066,2160,199
2021,Hargate and Hempsted,E05010816,7150,812,669,1100,300,1377,2704,188
2021,North (Peterborough),E05010817,8758,3134,1296,1045,459,1000,1443,381
2021,Orton Longueville,E05010818,8636,2091,1218,1352,511,1304,1831,329
2021,Orton Waterville,E05010819,7931,1351,855,1145,439,1427,2499,215
2021,Park (Peterborough),E05010820,8809,2441,1145,1121,412,1107,2175,408
2021,Paston and Walton,E05010821,8591,2161,1299,1292,521,1287,1697,334
2021,Ravensthorpe,E05010822,9572,2429,1274,1411,462,1202,2377,417
2021,Stanground South,E05010823,8186,1509,968,1240,461,1461,2260,287
2021,Werrington (Peterborough),E05010824,8306,1530,1059,1331,527,1510,2082,267
2021,West (Peterborough),E05010825,4572,847,503,664,219,624,1569,146
2021,Wittering,E05010826,2791,274,224,479,139,753,885,37
2021,Berechurch,E05010827,8686,1755,1077,1434,507,1575,2120,218
2021,Castle (Colchester),E05010828,9483,1260,847,1266,390,1592,3846,282
2021,Greenstead,E05010829,12369,2268,1226,1651,489,3477,2881,377
2021,Highwoods,E05010830,8220,1068,952,1284,375,1520,2828,193
2021,Lexden and Braiswick,E05010831,7930,987,736,1242,375,1335,3065,190
2021,Marks Tey and Layer,E05010832,8921,1273,906,1468,499,1727,2826,222
2021,Mersea and Pyefleet,E05010833,8623,1554,946,1315,587,1425,2569,227
2021,Mile End (Colchester),E05010834,10924,1012,925,1551,407,1939,4857,233
2021,New Town and Christ Church,E05010835,11571,1399,1001,1681,449,2176,4584,281
2021,Old Heath and The Hythe,E05010836,10369,1690,1140,1486,576,2347,2859,271
2021,Prettygate,E05010837,8581,1443,909,1280,537,1508,2666,238
2021,Rural North,E05010838,8948,1343,802,1345,456,1572,3198,232
2021,St Anne's and St John's,E05010839,8890,1837,1083,1315,530,1468,2407,250
2021,Shrub End,E05010840,9251,1416,1039,1488,496,1918,2685,209
2021,Stanway,E05010841,7743,1272,903,1227,483,1402,2260,196
2021,Tiptree,E05010842,8082,1639,1085,1295,594,1403,1841,225
2021,Wivenhoe,E05010843,7746,824,548,866,389,2036,2909,174
2021,Downhall and Rawreth,E05010844,5298,825,663,1002,302,1041,1354,111
2021,Foulness and The Wakerings,E05010845,5845,1223,796,1058,381,1049,1173,165
2021,Hawkwell East,E05010846,4949,947,658,869,335,956,1062,122
2021,Hawkwell West,E05010847,5361,879,709,1005,362,1029,1215,162
2021,Hockley,E05010848,5416,847,637,914,329,1086,1421,182
2021,Hockley and Ashingdon,E05010849,5281,995,727,955,313,949,1185,157
2021,Hullbridge,E05010850,5697,1476,768,879,429,890,1031,224
2021,Lodge,E05010851,5462,989,702,966,368,975,1304,158
2021,Roche North and Rural,E05010852,5385,1166,725,942,332,986,1091,143
2021,Roche South,E05010853,5313,1058,607,910,301,1019,1278,140
2021,Sweyne Park and Grange,E05010854,5505,992,725,932,311,1083,1317,145
2021,Trinity (Rochford),E05010855,5769,1050,677,991,345,1107,1424,175
2021,Wheatley (Rochford),E05010856,5428,1109,690,931,333,927,1242,196
2021,Beauchief and Greenhill,E05010857,15612,2952,1746,2144,986,2401,4966,417
2021,Beighton,E05010858,14769,3078,1744,2156,1142,2709,3604,336
2021,Birley,E05010859,13775,3265,1592,2020,1166,2559,2817,356
2021,Broomhill and Sharrow Vale,E05010860,19847,1243,580,1017,294,7759,8713,241
2021,Burngreave,E05010861,19907,6716,2255,2383,943,2405,4472,733
2021,City (Sheffield),E05010862,20616,1069,493,985,292,7612,9742,423
2021,Crookes and Crosspool,E05010863,14677,1118,604,1104,492,3242,7898,219
2021,Darnall,E05010864,16666,5712,1915,2056,833,2272,3310,568
2021,Dore and Totley,E05010865,15367,1502,1017,1834,599,2141,7948,326
2021,East Ecclesfield,E05010866,15275,3323,1675,2145,1336,2636,3764,396
2021,Ecclesall,E05010867,16198,1096,796,1568,456,1967,10077,238
2021,Firth Park,E05010868,17064,5321,2196,2468,988,2230,3345,516
2021,Fulwood,E05010869,15216,836,619,1153,360,4239,7751,258
2021,Gleadless Valley,E05010870,16420,3410,1647,2074,875,2341,5658,415
2021,Graves Park,E05010871,14223,1991,1195,1734,907,2302,5818,276
2021,Hillsborough,E05010872,15928,2693,1606,2141,948,2629,5538,373
2021,Manor Castle,E05010873,17850,4937,1910,2105,855,2881,4682,480
2021,Mosborough,E05010874,14470,3063,1639,2048,1120,2564,3688,348
2021,Nether Edge and Sharrow,E05010875,20024,2846,1190,1551,429,4160,9499,349
2021,Park and Arbourthorne,E05010876,15085,4132,1581,1897,952,2187,3923,413
2021,Richmond (Sheffield),E05010877,15437,3966,1833,2280,1244,2592,3149,373
2021,Shiregreen and Brightside,E05010878,15928,4390,2087,2414,1086,2318,3190,443
2021,Southey,E05010879,16127,4998,2111,2349,1153,2305,2789,422
2021,Stannington,E05010880,15399,2487,1403,2045,1112,2519,5450,383
2021,Stocksbridge and Upper Don,E05010881,15331,2696,1576,2145,1134,2812,4558,410
2021,Walkley,E05010882,19442,3108,1335,1576,753,3750,8467,453
2021,West Ecclesfield,E05010883,14486,2869,1479,2103,1265,2481,3886,403
2021,Woodhouse (Sheffield),E05010884,15108,3605,1629,2094,1145,2700,3495,440
2021,Ashley,E05010885,17125,1413,746,1356,324,3424,9627,235
2021,Avonmouth and Lawrence Weston,E05010886,17326,4014,1990,2573,1000,2656,4573,520
2021,Bedminster,E05010887,10971,1493,784,1016,452,1668,5343,215
2021,Bishopston and Ashley Down,E05010888,11016,625,370,781,190,2189,6748,113
2021,Bishopsworth,E05010889,9983,1863,1065,1453,720,1820,2826,236
2021,Brislington East,E05010890,9788,1695,955,1290,553,1623,3429,243
2021,Brislington West,E05010891,9832,1443,892,1198,482,1598,3993,226
2021,Central (Bristol),E05010892,17233,970,541,919,215,6906,7335,347
2021,Clifton (Bristol),E05010893,11885,440,276,737,135,3018,7116,163
2021,Clifton Down,E05010894,10611,262,244,535,105,3208,6159,98
2021,Cotham,E05010895,10564,260,223,501,97,3132,6254,97
2021,Easton (Bristol),E05010896,11706,1684,814,1124,363,1599,5866,256
2021,Eastville,E05010897,12172,1934,955,1342,500,2246,4883,312
2021,Filwood,E05010898,11048,3118,1315,1593,592,1498,2601,331
2021,Frome Vale,E05010899,11693,1949,997,1329,574,2307,4246,291
2021,Hartcliffe and Withywood,E05010900,14259,4329,1990,2374,838,2010,2258,460
2021,Henbury and Brentry,E05010901,10439,1993,1122,1508,584,1611,3318,303
2021,Hengrove and Whitchurch Park,E05010902,15060,3278,1828,2457,1153,2784,3153,407
2021,Hillfields,E05010903,10348,2044,1100,1405,513,1793,3218,275
2021,Horfield,E05010904,11509,1393,761,1131,421,2383,5179,241
2021,Hotwells and Harbourside,E05010905,5636,252,157,294,76,1284,3476,97
2021,Knowle (Bristol),E05010906,11087,2144,1002,1412,486,1650,4125,268
2021,Lawrence Hill,E05010907,15008,2938,1377,1467,448,2722,5626,430
2021,Lockleaze,E05010908,10694,2035,895,1268,449,1894,3866,287
2021,Redland,E05010909,10840,451,263,804,174,1776,7255,117
2021,St George Central,E05010910,10623,2020,1045,1351,606,1766,3530,305
2021,St George Troopers Hill,E05010911,5390,873,511,739,416,978,1744,129
2021,St George West,E05010912,5770,900,386,550,212,836,2748,138
2021,Southmead,E05010913,10431,2308,1208,1401,501,1510,3199,304
2021,Southville,E05010914,11038,1069,503,776,323,1464,6750,153
2021,Stockwood,E05010915,9768,2073,1136,1593,710,1780,2201,275
2021,Stoke Bishop,E05010916,11088,913,577,948,298,3361,4791,200
2021,Westbury-on-Trym and Henleaze,E05010917,16221,1233,635,1574,446,1940,10096,297
2021,Windmill Hill,E05010918,11542,1249,687,991,321,1550,6573,171
2021,Banbury Cross and Neithrop,E05010921,8601,1895,981,1102,492,1199,2594,338
2021,Banbury Grimsbury and Hightown,E05010922,8548,1784,1047,1098,517,1254,2537,311
2021,Banbury Hardwick,E05010923,8233,1233,966,1384,455,1555,2417,223
2021,Banbury Ruscote,E05010924,8869,2403,1222,1346,523,1263,1801,311
2021,Bicester East,E05010925,7273,1392,876,1071,386,1192,2106,250
2021,Bicester North and Caversfield,E05010926,7465,872,757,1055,397,1300,2889,195
2021,Bicester West,E05010928,7274,1466,987,1082,436,1150,1916,237
2021,"Cropredy, Sibfords and Wroxton",E05010929,7175,828,610,963,390,1159,3062,163
2021,Deddington,E05010930,7898,945,609,1077,337,1255,3532,143
2021,Kidlington East,E05010932,8140,1485,874,941,572,1202,2823,243
2021,Kidlington West,E05010933,7776,1103,752,962,506,1161,3062,230
2021,Launton and Otmoor,E05010934,7538,1115,698,1040,414,1151,2947,173
2021,Cherryfield,E05010935,8590,2591,988,1269,471,1418,1652,201
2021,Halewood North,E05010936,8639,1703,862,1311,465,1599,2493,206
2021,Halewood South,E05010937,8440,2165,939,1202,494,1433,1998,209
2021,Northwood (Knowsley),E05010938,9088,3165,1085,1354,419,1363,1513,189
2021,Page Moss,E05010939,9039,2775,927,1267,427,1492,1934,217
2021,Prescot North,E05010940,8780,1875,837,1213,461,1644,2548,202
2021,Prescot South,E05010941,8147,1868,818,1178,413,1492,2213,165
2021,Roby,E05010942,8057,1513,721,1060,497,1457,2628,181
2021,Shevington,E05010943,8819,2213,936,1337,479,1618,2079,157
2021,St Gabriels,E05010944,7794,2042,835,1114,433,1434,1762,174
2021,St Michaels (Knowsley),E05010945,7509,2287,818,1031,417,1188,1605,163
2021,Stockbridge,E05010946,8369,2592,940,1175,465,1346,1676,175
2021,Swanside,E05010947,7640,1449,767,1098,512,1367,2273,174
2021,Whiston and Cronton,E05010948,7378,1821,821,1154,435,1250,1712,185
2021,Whitefield,E05010949,8009,2540,911,1135,432,1307,1492,192
2021,Abbeydale,E05010950,5871,1006,684,990,427,1105,1504,155
2021,Abbeymead,E05010951,4958,487,525,858,275,1026,1679,108
2021,Barnwood,E05010952,5537,697,574,845,322,1036,1942,121
2021,Barton and Tredworth,E05010953,9237,2312,1230,1325,459,1362,2155,394
2021,Coney Hill,E05010954,2642,743,374,382,148,409,511,75
2021,Elmbridge,E05010955,5262,788,565,802,322,980,1691,114
2021,Grange (Gloucester),E05010956,5808,1240,745,896,455,1054,1228,190
2021,Hucclecote,E05010957,5253,909,602,754,439,912,1487,150
2021,Kingsholm and Wotton,E05010958,6138,1058,520,780,300,1263,2022,195
2021,Kingsway (Gloucester),E05010959,4958,531,520,822,238,1026,1720,101
2021,Longlevens,E05010960,7965,983,824,1289,578,1671,2391,229
2021,"Matson, Robinswood and White City",E05010961,7752,2026,1115,1223,471,1175,1516,226
2021,Moreland,E05010962,8371,1799,1045,1290,462,1495,2022,258
2021,Podsmead,E05010963,2761,657,381,406,145,450,642,80
2021,Quedgeley Fieldcourt,E05010964,5872,935,651,969,436,1222,1518,141
2021,Quedgeley Severn Vale,E05010965,5030,622,579,851,293,1111,1465,109
2021,Tuffley,E05010966,5068,1206,639,750,347,866,1131,129
2021,Westgate (Gloucester),E05010967,8450,1474,762,1100,415,1801,2672,226
2021,Berkeley Vale,E05010969,6085,954,609,916,377,1127,1940,162
2021,Cam East,E05010972,3759,597,376,540,241,638,1276,91
2021,Cam West,E05010973,3396,590,350,496,244,609,1023,84
2021,Coaley and Uley,E05010975,2039,222,158,256,83,313,969,38
2021,Dursley,E05010976,6017,893,609,819,360,1087,2093,156
2021,Painswick and Upton,E05010981,6267,609,375,782,241,962,3182,116
2021,"Randwick, Whiteshill and Ruscombe",E05010982,1743,187,134,197,95,272,808,50
2021,Stroud Central,E05010986,1800,225,154,231,99,327,731,33
2021,Stroud Farmhill and Paganhill,E05010987,2075,298,231,331,134,390,622,69
2021,Stroud Slade,E05010988,1955,338,213,249,119,322,680,34
2021,Stroud Uplands,E05010990,1749,270,171,238,123,305,598,44
2021,Stroud Valley,E05010991,1845,179,177,238,76,326,811,38
2021,The Stanleys,E05010992,3890,558,381,554,257,689,1386,65
2021,Alresford and Itchen Valley,E05010995,7314,953,524,932,338,1090,3319,158
2021,Badger Farm and Oliver's Battery,E05010996,6753,523,391,777,253,996,3704,109
2021,Bishop's Waltham,E05010997,6670,921,579,870,351,1094,2686,169
2021,Central Meon Valley,E05010998,7896,832,582,1007,359,1353,3597,166
2021,Colden Common and Twyford,E05010999,4743,554,327,603,226,730,2229,74
2021,Denmead,E05011000,7311,999,651,1025,424,1395,2636,181
2021,St Barnabas,E05011001,7316,827,534,855,262,1002,3667,169
2021,St Bartholomew (Winchester),E05011002,7712,1029,563,821,238,1271,3622,168
2021,St Luke (Winchester),E05011003,5118,742,411,570,179,1731,1400,85
2021,St Michael (Winchester),E05011004,7399,830,405,953,220,1016,3831,144
2021,St Paul (Winchester),E05011005,8542,429,298,836,103,2795,3957,124
2021,Southwick and Wickham,E05011006,5674,851,475,835,323,1067,1989,134
2021,The Worthys,E05011007,5552,480,404,613,229,953,2753,120
2021,Upper Meon Valley,E05011008,4661,540,292,596,194,741,2211,87
2021,Whiteley and Shedfield,E05011009,5452,566,430,786,269,975,2322,104
2021,Wonston and Micheldever,E05011010,6646,550,454,922,245,1230,3110,135
2021,Alphington,E05011011,6947,1196,754,966,571,1219,2061,180
2021,Duryard and St James,E05011012,14472,726,360,684,272,8375,3769,286
2021,Exwick,E05011013,7909,1392,952,1230,564,1417,2155,199
2021,Heavitree,E05011014,7857,1008,543,834,347,1649,3324,152
2021,Mincinglake and Whipton,E05011015,7040,1544,904,1030,452,1101,1838,171
2021,Newtown and St Leonard's,E05011016,9617,879,461,818,254,2599,4405,201
2021,Pennsylvania,E05011017,9069,961,586,850,362,2721,3395,194
2021,Pinhoe,E05011018,7542,1157,795,1074,456,1314,2537,209
2021,Priory (Exeter),E05011019,7089,1566,761,919,414,948,2289,192
2021,St David's (Exeter),E05011020,9698,1010,592,935,266,2585,4081,229
2021,St Loyes,E05011021,7698,1146,838,1145,470,1362,2550,187
2021,St Thomas (Exeter),E05011022,8203,1418,815,1105,523,1358,2758,226
2021,Topsham,E05011023,8186,1075,737,1142,366,1263,3448,155
2021,Appleton (Warrington),E05011024,8780,944,559,1144,378,1346,4251,158
2021,Bewsey and Whitecross,E05011025,9684,2084,1125,1367,539,1513,2741,315
2021,Birchwood (Warrington),E05011026,8788,1450,956,1424,508,1531,2691,228
2021,Burtonwood and Winwick,E05011027,5242,966,533,694,370,890,1626,163
2021,Chapelford and Old Hall,E05011028,9377,996,810,1403,394,1714,3879,181
2021,"Culcheth, Glazebury and Croft",E05011029,9924,1437,856,1432,536,1553,3859,251
2021,Fairfield and Howley,E05011030,9575,1974,1106,1505,628,1605,2414,343
2021,Grappenhall,E05011031,5714,566,391,797,267,938,2608,147
2021,Great Sankey North and Whittle Hall,E05011032,8326,948,741,1147,479,1621,3248,142
2021,Great Sankey South,E05011033,9149,1605,1007,1445,584,1784,2455,269
2021,Latchford East,E05011034,7069,1446,819,1174,396,1302,1747,185
2021,Latchford West,E05011035,6470,1234,735,944,471,1109,1787,190
2021,Lymm North and Thelwall,E05011036,9531,1149,745,1274,585,1503,4060,215
2021,Lymm South,E05011037,5134,527,344,648,212,686,2614,103
2021,Orford,E05011038,9679,2418,1218,1538,664,1667,1892,282
2021,Penketh and Cuerdley,E05011039,8434,1458,846,1235,596,1566,2536,197
2021,Poplars and Hulme,E05011040,9576,2362,1238,1701,592,1637,1809,237
2021,Poulton North,E05011041,8139,1410,884,1152,532,1582,2347,232
2021,Poulton South,E05011042,5364,911,563,835,435,1019,1460,141
2021,Rixton and Woolston,E05011043,7775,1311,834,1133,575,1415,2299,208
2021,Stockton Heath,E05011044,5628,587,421,739,276,875,2600,130
2021,Westbrook (Warrington),E05011045,5363,672,506,755,278,975,2034,143
2021,Callowland,E05011046,6852,1115,677,784,263,1015,2752,246
2021,Central (Watford),E05011047,8592,1312,661,862,353,1068,4063,273
2021,Holywell (Watford),E05011048,7664,1473,806,941,265,1060,2861,258
2021,Leggatts,E05011049,6449,1149,680,862,288,1074,2231,165
2021,Meriden (Watford),E05011050,6253,1247,718,876,309,942,1960,201
2021,Nascot,E05011051,7317,897,461,771,222,941,3845,180
2021,Oxhey,E05011052,5831,724,470,744,215,843,2675,160
2021,Park (Watford),E05011053,6853,663,437,794,171,907,3733,148
2021,Stanborough,E05011054,6039,958,606,850,343,1065,2026,191
2021,Tudor (Watford),E05011055,5746,823,554,767,266,872,2277,187
2021,Vicarage,E05011056,7129,1287,697,829,256,948,2846,266
2021,Woodside (Watford),E05011057,6232,1192,694,880,347,942,1986,191
2021,Brookmans Park and Little Heath,E05011058,5622,701,461,791,239,890,2415,125
2021,Haldens,E05011059,5331,930,586,789,324,896,1668,138
2021,Handside,E05011060,5751,699,463,703,197,826,2737,126
2021,Hatfield Central,E05011061,6711,1278,733,798,324,1111,2222,245
2021,Hatfield East,E05011062,6652,1101,628,764,310,981,2654,214
2021,Hatfield South West,E05011063,9646,1174,631,978,357,3093,3098,315
2021,Hatfield Villages,E05011064,8967,866,619,981,292,2527,3443,239
2021,Hollybush,E05011065,5375,798,615,766,261,889,1898,148
2021,Howlands,E05011066,5722,896,626,869,276,1040,1867,148
2021,Northaw and Cuffley,E05011067,5086,767,490,746,247,826,1894,116
2021,Panshanger,E05011068,4895,705,483,723,206,841,1775,162
2021,Peartree (Welwyn Hatfield),E05011069,6199,1023,721,833,277,1062,2157,126
2021,Sherrards,E05011070,4690,568,392,647,215,742,2019,107
2021,Welham Green and Hatfield South,E05011071,6350,1264,686,797,344,1147,1896,216
2021,Welwyn East,E05011072,5429,599,456,690,244,890,2426,124
2021,Welwyn West,E05011073,5054,604,404,658,238,817,2211,122
2021,Claygate,E05011074,5725,554,300,681,160,713,3229,88
2021,Cobham and Downside,E05011075,6974,1016,539,824,280,950,3153,212
2021,Esher,E05011076,7277,845,509,876,226,943,3717,161
2021,Hersham Village,E05011077,6614,739,482,766,233,995,3251,148
2021,Hinchley Wood and Weston Green,E05011078,6675,468,335,709,156,798,4105,104
2021,Long Ditton,E05011079,5606,516,303,571,115,764,3263,74
2021,Molesey East,E05011080,6883,729,461,752,214,1000,3558,169
2021,Molesey West,E05011081,7191,1167,657,923,371,1149,2738,186
2021,Oatlands and Burwood Park,E05011082,6426,520,323,711,140,826,3745,161
2021,Oxshott and Stoke D'Abernon,E05011083,7521,594,335,802,134,917,4550,189
2021,Thames Ditton,E05011084,7246,552,304,766,164,889,4435,136
2021,Walton Central,E05011085,6754,771,479,779,288,1004,3272,161
2021,Walton North,E05011086,6889,1090,699,892,352,1063,2616,177
2021,Walton South,E05011087,7108,766,534,859,262,995,3538,154
2021,Weybridge Riverside,E05011088,6536,654,410,705,202,841,3547,177
2021,Weybridge St George's Hill,E05011089,7354,773,381,824,218,965,3960,233
2021,Borough & Bankside,E05011095,8197,762,327,480,170,1521,4701,236
2021,Camberwell Green,E05011096,12962,2147,980,1111,402,1540,6436,346
2021,Champion Hill,E05011097,7478,899,406,617,172,775,4441,168
2021,Chaucer,E05011098,12547,1486,700,873,287,2134,6772,295
2021,Dulwich Hill,E05011099,7755,764,328,554,168,947,4872,122
2021,Dulwich Village,E05011100,7944,606,247,542,103,668,5702,76
2021,Dulwich Wood,E05011101,8323,994,439,784,167,977,4800,162
2021,Faraday,E05011102,10028,1992,838,936,355,1195,4450,262
2021,Goose Green,E05011103,11134,1000,450,690,223,1014,7598,159
2021,London Bridge & West Bermondsey,E05011104,13179,1443,673,819,282,1561,8128,273
2021,Newington (Southwark),E05011105,11175,1950,837,1100,317,1444,5200,327
2021,North Bermondsey,E05011106,13147,1804,701,931,301,1369,7733,308
2021,North Walworth,E05011107,13596,1936,772,980,405,1820,7356,327
2021,Nunhead & Queen's Road,E05011108,12914,2164,905,1062,366,1637,6500,280
2021,Old Kent Road,E05011109,15331,2935,1462,1588,518,1882,6466,480
2021,Peckham,E05011110,12080,2191,983,1126,368,1653,5441,318
2021,Peckham Rye,E05011111,7931,948,493,650,178,858,4644,160
2021,Rotherhithe,E05011112,13171,1776,765,1008,328,1406,7540,348
2021,Rye Lane,E05011113,11972,1683,736,941,290,1297,6787,238
2021,St George's (Southwark),E05011114,7371,802,380,502,123,1267,4106,191
2021,St Giles,E05011115,13368,1739,813,1071,311,1774,7357,303
2021,South Bermondsey,E05011116,13255,2405,1105,1153,450,1715,6058,369
2021,Surrey Docks,E05011117,11276,1089,513,614,223,1119,7425,293
2021,Acocks Green,E05011118,18758,4854,1943,2650,723,2906,5090,592
2021,Allens Cross,E05011119,8580,2066,877,1232,400,1405,2393,207
2021,Alum Rock,E05011120,19824,7378,2350,2687,397,2703,3651,658
2021,Aston (Birmingham),E05011121,17818,6298,2300,2176,493,2402,3531,618
2021,Balsall Heath West,E05011122,9248,2697,975,1091,247,1561,2384,293
2021,Bartley Green,E05011123,17591,4453,1976,2561,813,2850,4380,558
2021,Billesley,E05011124,16214,3789,1553,2252,616,2549,4980,475
2021,Birchfield (Birmingham),E05011125,9410,2849,1107,1243,296,1402,2203,310
2021,Bordesley & Highgate,E05011126,11195,2559,1172,1219,279,1682,3910,374
2021,Bordesley Green,E05011127,9036,3238,1201,1155,215,1220,1642,365
2021,Bournbrook & Selly Park,E05011128,20589,1763,668,953,274,11031,5548,352
2021,Bournville & Cotteridge,E05011129,15607,2602,1120,1781,533,2599,6677,295
2021,Brandwood & King's Heath,E05011130,15004,2561,1168,1713,505,2106,6602,349
2021,Bromford & Hodge Hill,E05011131,16346,4508,1882,2414,601,2550,3866,525
2021,Castle Vale,E05011132,7734,2424,1007,1213,395,1211,1273,211
2021,Druids Heath & Monyhull,E05011133,9053,2240,994,1256,420,1584,2303,256
2021,Edgbaston,E05011134,16064,1677,649,1068,283,4670,7348,369
2021,Erdington,E05011135,17026,3888,1865,2131,827,2683,5156,476
2021,Frankley Great Park,E05011136,9728,2600,1125,1445,435,1695,2227,201
2021,Garretts Green,E05011137,8470,2535,1067,1320,325,1285,1690,248
2021,Glebe Farm & Tile Cross,E05011138,17869,5413,2192,2631,742,2660,3599,632
2021,Gravelly Hill,E05011139,8301,2377,965,1014,342,1278,2071,254
2021,Hall Green North,E05011140,18501,4227,1861,2505,564,2920,5828,596
2021,Hall Green South,E05011141,8659,1559,799,1140,324,1467,3192,178
2021,Handsworth,E05011142,8982,3094,1033,1098,268,1188,1919,382
2021,Handsworth Wood,E05011143,16476,3672,1585,1815,507,2670,5666,561
2021,Harborne,E05011144,18424,2792,1216,1572,498,2358,9546,442
2021,Heartlands,E05011145,9438,3257,1104,1285,252,1349,1873,318
2021,Highter's Heath,E05011146,8540,2045,1071,1324,445,1537,1911,207
2021,Holyhead,E05011147,8459,2684,1116,1034,321,1145,1766,393
2021,King's Norton North,E05011148,9234,1948,933,1321,444,1561,2793,234
2021,King's Norton South,E05011149,8691,2244,1034,1271,394,1381,2151,216
2021,Kingstanding,E05011150,16184,4667,2030,2405,817,2572,3217,476
2021,Ladywood,E05011151,22208,3028,1373,1641,515,3579,11424,648
2021,Longbridge & West Heath,E05011152,17246,4155,1955,2569,914,3026,4170,457
2021,Lozells,E05011153,8656,3008,1072,1091,213,1284,1677,311
2021,Moseley,E05011154,17894,3258,1300,1711,347,2329,8619,330
2021,Nechells,E05011155,12435,2600,1041,1136,293,3920,3084,361
2021,Newtown (Birmingham),E05011156,12405,2606,1174,1280,292,3945,2810,298
2021,North Edgbaston,E05011157,18183,4258,1654,1871,538,2556,6733,573
2021,Northfield (Birmingham),E05011158,8510,1637,866,1142,442,1413,2740,270
2021,Oscott,E05011159,16102,3854,1910,2389,922,2871,3724,432
2021,Perry Barr,E05011160,16207,3509,1732,2156,749,2816,4744,501
2021,Perry Common,E05011161,9326,2566,1035,1218,460,1405,2362,280
2021,Pype Hayes,E05011162,8620,2351,981,1203,409,1374,2069,233
2021,Quinton (Birmingham),E05011163,16972,3394,1612,2091,688,2523,6223,441
2021,Rubery & Rednal,E05011164,8039,1736,927,1282,419,1503,1963,209
2021,Shard End,E05011165,9377,2768,1139,1522,461,1559,1683,245
2021,Sheldon,E05011166,15988,3841,1909,2387,851,2835,3727,438
2021,Small Heath,E05011167,15783,5411,1977,2129,259,2306,3099,602
2021,Soho & Jewellery Quarter,E05011168,20555,4629,1791,1945,627,2821,8015,727
2021,South Yardley,E05011169,8335,1862,935,1268,390,1491,2121,268
2021,Sparkbrook & Balsall Heath East,E05011170,19720,6758,2433,2631,448,2780,4011,659
2021,Sparkhill,E05011171,15729,5211,1886,1971,367,2242,3467,585
2021,Stirchley,E05011172,8157,1436,707,985,274,1265,3339,151
2021,Stockland Green,E05011173,18333,4776,2108,2360,860,2940,4662,627
2021,Sutton Four Oaks,E05011174,7762,992,547,989,292,1163,3619,160
2021,Sutton Mere Green,E05011175,8150,1110,656,1089,340,1230,3507,218
2021,Sutton Reddicap,E05011176,7897,1476,830,1124,406,1345,2515,201
2021,Sutton Roughley,E05011177,9433,1230,766,1256,457,1537,3980,207
2021,Sutton Trinity,E05011178,7815,976,640,934,284,1188,3644,149
2021,Sutton Vesey,E05011179,16493,2409,1245,2034,810,2731,6885,379
2021,Sutton Walmley & Minworth,E05011180,13571,2357,1254,1832,714,2323,4753,338
2021,Sutton Wylde Green,E05011181,7820,1097,530,914,322,1135,3637,185
2021,Tyseley & Hay Mills,E05011182,8349,2583,1080,1164,337,1234,1635,316
2021,Ward End,E05011183,9636,3216,1217,1350,275,1462,1801,315
2021,Weoley & Selly Oak,E05011184,18383,3987,1707,2104,747,2867,6454,517
2021,Yardley East,E05011185,8743,2249,997,1180,377,1434,2239,267
2021,Yardley West & Stechford,E05011186,9738,2902,1155,1292,335,1434,2283,337
2021,Bishopstoke,E05011187,8739,1351,923,1265,674,1651,2646,229
2021,Botley,E05011188,5507,640,501,793,349,1173,1908,143
2021,Bursledon & Hound North,E05011189,8121,1060,801,1244,510,1625,2719,162
2021,Chandler's Ford,E05011190,8743,1177,827,1208,566,1582,3134,249
2021,Eastleigh Central,E05011191,8740,1309,1038,1330,475,1591,2804,193
2021,Eastleigh North,E05011192,7874,1230,859,1155,530,1517,2386,197
2021,Eastleigh South,E05011193,9043,1527,1091,1382,524,1727,2574,218
2021,Fair Oak & Horton Heath,E05011194,9120,1049,936,1392,668,1863,3000,212
2021,Hamble & Netley,E05011195,8603,1276,907,1233,600,1567,2787,233
2021,Hedge End North,E05011196,8083,782,698,1378,433,1686,2960,146
2021,Hedge End South,E05011197,9102,1381,937,1358,713,1801,2648,264
2021,Hiltingbury,E05011198,8463,761,612,1116,434,1306,4010,224
2021,West End North,E05011199,4918,858,519,757,373,920,1341,150
2021,West End South,E05011200,5272,750,560,787,400,998,1624,153
2021,Ashdown,E05011201,4504,735,545,731,248,913,1205,127
2021,Baird,E05011202,4251,1046,573,707,239,660,907,119
2021,Braybrooke,E05011203,4561,783,432,643,231,799,1560,113
2021,Castle (Hastings),E05011204,5898,1067,568,820,238,1001,2050,154
2021,Central St Leonards,E05011205,5972,1070,620,775,268,873,2206,160
2021,Conquest,E05011206,4220,792,460,604,260,794,1195,115
2021,Gensing,E05011207,5636,1046,557,771,225,903,1963,171
2021,Hollington,E05011208,4397,1157,602,723,188,781,830,116
2021,Maze Hill,E05011209,4682,907,502,626,258,777,1466,146
2021,Old Hastings,E05011210,4540,729,410,678,229,720,1676,98
2021,Ore,E05011211,4421,966,549,712,222,796,1043,133
2021,St Helens (Hastings),E05011212,4131,857,403,588,286,653,1211,133
2021,Silverhill,E05011213,4749,980,558,734,248,890,1219,120
2021,Tressell,E05011214,4039,891,542,722,198,668,904,114
2021,West St Leonards,E05011215,3997,817,430,689,222,744,983,112
2021,Wishing Tree,E05011216,4700,1196,640,732,252,795,935,150
2021,Barnehurst,E05011217,9281,1707,1154,1417,533,1567,2640,263
2021,Belvedere,E05011218,13849,2793,1446,1839,645,2038,4610,478
2021,Bexleyheath,E05011219,12736,2258,1371,1901,778,2093,3972,363
2021,Blackfen & Lamorbey,E05011220,13577,2246,1561,2155,809,2571,3847,388
2021,Blendon & Penhill,E05011221,12607,2033,1447,2130,732,2377,3520,368
2021,Crayford,E05011222,12935,2410,1502,1949,714,2156,3807,397
2021,Crook Log,E05011223,12325,2107,1311,1775,699,1973,4104,356
2021,East Wickham,E05011224,12910,2657,1418,1864,714,2005,3865,387
2021,Erith,E05011225,9659,1776,976,1249,411,1504,3446,297
2021,Falconwood & Welling,E05011226,13197,2286,1458,1908,702,2292,4128,423
2021,Longlands,E05011227,8335,1285,836,1240,436,1476,2843,219
2021,Northumberland Heath,E05011228,8679,1765,1114,1315,453,1447,2328,257
2021,St Mary's & St James (Bexley),E05011229,8694,1375,894,1320,446,1462,2970,227
2021,Sidcup,E05011230,12706,2220,1232,1758,631,2321,4193,351
2021,Slade Green & Northend,E05011231,9457,2012,1030,1222,354,1274,3310,255
2021,Thamesmead East,E05011232,11945,2306,1222,1487,447,1658,4507,318
2021,West Heath (Bexley),E05011233,12939,2346,1441,2007,721,2303,3746,375
2021,Aldborough,E05011234,12099,2091,1111,1324,358,1617,5206,392
2021,Barkingside,E05011235,12156,1960,985,1349,308,1621,5545,388
2021,Bridge (Redbridge),E05011236,10773,1758,981,1300,457,1594,4341,342
2021,Chadwell,E05011237,12321,2182,1113,1481,387,1934,4811,413
2021,Churchfields,E05011238,12440,1642,895,1385,414,1754,6015,335
2021,Clayhall,E05011239,11723,1815,968,1341,316,1722,5165,396
2021,Clementswood,E05011240,10226,2447,1105,1125,305,1420,3316,508
2021,Cranbrook (Redbridge),E05011241,10627,1961,860,1117,235,1382,4729,343
2021,Fairlop,E05011242,11559,1976,1111,1412,455,1615,4549,441
2021,Fullwell,E05011243,12151,2252,1101,1514,431,1635,4753,465
2021,Goodmayes,E05011244,11708,2391,1155,1290,414,1591,4419,448
2021,Hainault,E05011245,12164,2489,1241,1491,486,1698,4336,423
2021,Ilford Town,E05011246,8937,1595,739,810,248,1003,4168,374
2021,Loxford,E05011247,11129,2433,1017,1374,329,1450,3996,530
2021,Mayfield,E05011248,12337,2348,1275,1472,385,1897,4458,502
2021,Monkhams,E05011249,7777,1002,539,952,259,1012,3808,205
2021,Newbury,E05011250,11252,1971,978,1279,284,1634,4632,474
2021,Seven Kings,E05011251,11467,2311,1054,1298,357,1592,4313,542
2021,South Woodford,E05011252,10414,1266,608,1009,292,1362,5609,268
2021,Valentines,E05011253,11776,2134,982,1246,306,1504,5129,475
2021,Wanstead Park,E05011254,6386,732,406,638,238,808,3400,164
2021,Wanstead Village,E05011255,10596,1191,656,957,297,1227,5998,270
2021,Alconbury,E05011256,3093,475,257,436,165,587,1093,80
2021,Brampton (Huntingdonshire),E05011257,7098,808,605,1052,299,1291,2898,145
2021,Buckden,E05011258,2856,433,276,407,138,466,1072,64
2021,Fenstanton,E05011259,3301,410,301,470,171,610,1266,73
2021,Godmanchester & Hemingford Abbots,E05011260,7971,1088,723,1091,407,1381,3115,166
2021,Great Paxton,E05011261,2558,281,188,349,100,390,1203,47
2021,Great Staughton,E05011262,3883,559,408,592,250,661,1331,82
2021,Hemingford Grey & Houghton,E05011263,5307,598,450,737,244,952,2208,118
2021,Holywell-cum-Needingworth,E05011264,5740,764,580,798,341,1033,2128,96
2021,Huntingdon East,E05011265,5840,1059,671,839,350,933,1796,192
2021,Huntingdon North,E05011266,10086,2298,1299,1378,586,1447,2670,408
2021,Kimbolton,E05011267,2895,303,225,393,111,451,1357,55
2021,Ramsey,E05011268,8659,1545,1055,1382,539,1613,2320,205
2021,St Ives East,E05011269,5423,750,658,805,307,1077,1700,126
2021,St Ives South,E05011270,6525,1063,639,871,336,976,2453,187
2021,St Ives West,E05011271,2458,404,263,347,154,429,783,78
2021,St Neots East,E05011272,2889,283,270,393,103,497,1312,31
2021,St Neots Eatons,E05011273,9193,1688,1067,1362,601,1648,2581,246
2021,St Neots Eynesbury,E05011274,9660,1767,1190,1465,572,1664,2709,293
2021,St Neots Priory Park & Little Paxton,E05011275,8797,1334,972,1277,481,1538,2956,239
2021,Sawtry,E05011276,5430,789,622,896,294,1049,1635,145
2021,Somersham,E05011277,3104,462,364,461,172,604,967,74
2021,"Stilton, Folksworth & Washingley",E05011278,5452,745,565,824,312,933,1934,139
2021,The Stukeleys,E05011279,4693,579,415,584,195,883,1914,123
2021,Warboys,E05011280,6334,1020,672,960,382,1203,1941,156
2021,Yaxley,E05011281,9006,1687,1052,1437,610,1704,2249,267
2021,Balsham,E05011282,3024,368,255,400,142,458,1336,65
2021,Bar Hill,E05011283,3250,434,327,426,211,539,1226,87
2021,Barrington,E05011284,2838,306,215,359,144,392,1369,53
2021,Bassingbourn,E05011285,3325,533,353,468,162,568,1180,61
2021,Caldecote,E05011286,2758,260,198,346,97,417,1398,42
2021,Cottenham,E05011289,5572,832,450,660,300,788,2394,148
2021,Fen Ditton & Fulbourn,E05011291,8693,1086,660,892,390,1019,4432,214
2021,Foxton,E05011292,2796,286,251,339,144,361,1379,36
2021,Gamlingay,E05011293,3096,564,343,417,214,530,945,83
2021,Girton,E05011294,4333,331,240,373,142,652,2510,85
2021,Hardwick,E05011295,2681,290,208,330,136,417,1248,52
2021,Harston & Comberton,E05011296,8472,797,503,853,325,1016,4829,149
2021,Histon & Impington,E05011297,9236,1105,702,949,405,1117,4745,213
2021,Linton (South Cambridgeshire),E05011298,5961,768,482,779,319,877,2615,121
2021,Melbourn,E05011300,6720,1034,619,843,318,998,2775,133
2021,Milton & Waterbeach,E05011301,8980,1169,625,908,464,1183,4437,194
2021,Shelford,E05011304,5991,550,310,576,205,624,3608,118
2021,Swavesey,E05011305,3022,331,269,414,130,495,1329,54
2021,The Mordens,E05011306,2771,349,226,380,144,431,1185,56
2021,Whittlesford,E05011307,2541,258,183,317,121,375,1241,46
2021,"Adderbury, Bloxham and Bodicote",E05011348,8082,1003,675,1175,415,1369,3257,188
2021,Banbury Calthorpe and Easington,E05011349,9303,1516,960,1404,584,1632,2977,230
2021,Ancoats & Beswick,E05011350,13010,1733,520,915,266,1564,7801,211
2021,Ardwick,E05011351,17164,2969,1095,1472,430,4554,6111,533
2021,Baguley,E05011352,12387,3008,1391,1805,656,2010,3199,318
2021,Brooklands (Manchester),E05011353,12045,2518,1253,1732,626,1895,3745,276
2021,Burnage,E05011354,14068,3198,1345,1767,531,2121,4698,408
2021,Charlestown,E05011355,13202,3326,1384,1792,776,1925,3619,380
2021,Cheetham,E05011356,15848,3958,1537,1731,471,1987,5564,600
2021,Chorlton,E05011357,10760,1004,420,779,236,1169,6990,162
2021,Chorlton Park,E05011358,14146,2137,895,1368,363,1794,7301,288
2021,Clayton & Openshaw,E05011359,14763,4007,1518,1861,729,1963,4183,502
2021,Crumpsall,E05011360,13188,3649,1475,1480,534,1727,3781,542
2021,Deansgate,E05011361,13377,437,254,705,177,3427,8055,322
2021,Didsbury East,E05011362,12043,1183,575,1009,266,1321,7490,199
2021,Didsbury West,E05011363,13223,924,401,740,188,1375,9394,201
2021,Fallowfield,E05011364,12705,1764,660,823,266,5562,3393,237
2021,Gorton & Abbey Hey,E05011365,15432,4334,1676,2066,891,2005,3811,649
2021,Harpurhey,E05011366,14395,4134,1497,1854,659,1777,3930,544
2021,Higher Blackley,E05011367,11905,3340,1299,1632,647,1827,2829,331
2021,Hulme,E05011368,17267,1609,797,1153,322,5146,7920,320
2021,Levenshulme,E05011369,14657,3366,1360,1605,439,1907,5416,564
2021,Longsight,E05011370,14749,4325,1600,1955,509,1880,3862,618
2021,Miles Platting & Newton Heath,E05011371,14604,4286,1550,1759,823,1902,3900,384
2021,Moss Side (Manchester),E05011372,15874,3520,1344,1551,420,3299,5247,493
2021,Moston,E05011373,14312,3519,1619,1872,890,2262,3728,422
2021,Northenden,E05011374,11552,2623,1185,1449,607,1646,3751,291
2021,Old Moat,E05011375,13118,1760,758,994,305,3643,5403,255
2021,Piccadilly,E05011376,11378,593,260,528,199,2155,7400,243
2021,Rusholme,E05011377,14721,2444,891,1104,216,5096,4546,424
2021,Sharston,E05011378,13224,3549,1456,1855,665,1978,3326,395
2021,Whalley Range,E05011379,13201,2288,910,1225,334,1691,6410,343
2021,Withington,E05011380,13721,1295,607,808,228,5211,5360,212
2021,Woodhouse Park,E05011381,11920,3312,1456,1777,654,1803,2598,320
2021,Ardsley & Robin Hood,E05011384,18856,3486,1986,2831,1219,3557,5357,420
2021,Armley,E05011385,21285,5105,2465,2780,1235,3071,5986,643
2021,Bramley & Stanningley,E05011387,19156,4476,2271,2703,1197,3198,4898,413
2021,Burmantofts & Richmond Hill,E05011388,21708,6021,2573,2552,1177,3116,5577,692
2021,Calverley & Farsley,E05011389,19838,2998,1703,2423,1123,3277,7876,438
2021,Chapel Allerton,E05011390,20370,3640,1684,2072,679,2937,8929,429
2021,Cross Gates & Whinmoor,E05011391,19861,4331,2251,2790,1337,3350,5342,460
2021,Gipton & Harehills,E05011394,22105,7193,2643,2789,1003,2717,4832,928
2021,Guiseley & Rawdon,E05011395,19885,2406,1691,2583,1137,3423,8243,402
2021,Harewood (Leeds),E05011396,15258,1974,1175,1878,794,2117,6995,325
2021,Headingley & Hyde Park,E05011397,29503,1488,678,1317,297,15588,9798,337
2021,Hunslet & Riverside,E05011399,21245,4528,1906,2028,890,2702,8591,600
2021,Killingbeck & Seacroft,E05011400,20570,5511,2597,2863,1160,2950,4910,579
2021,Kippax & Methley,E05011401,18329,3543,1939,2772,1285,3418,4962,410
2021,Kirkstall,E05011402,18957,3144,1360,1778,724,3724,7886,341
2021,Little London & Woodhouse,E05011403,28175,2553,1005,1591,522,11428,10349,727
2021,Middleton Park,E05011404,22362,6141,2734,3234,1388,3214,4998,653
2021,Moortown,E05011405,19153,2600,1412,2014,699,2454,9563,411
2021,Morley North,E05011406,19209,3627,1978,2751,1387,3369,5645,452
2021,Morley South,E05011407,19694,3597,1959,2849,1278,3435,6094,482
2021,Pudsey,E05011409,20545,3784,2151,2824,1570,3590,6178,448
2021,Rothwell,E05011410,16827,3330,1800,2322,1172,2741,5061,401
2021,Roundhay,E05011411,18806,2468,1275,1998,616,2319,9748,382
2021,Weetwood,E05011413,18220,2190,1104,1710,665,3176,9046,329
2021,Wetherby,E05011414,18163,2800,1504,2382,942,2675,7438,422
2021,Audley,E05011415,7020,1383,645,1013,587,1315,1928,149
2021,Bradwell (Newcastle-under-Lyme),E05011416,6909,1571,756,1017,492,1292,1621,160
2021,Clayton,E05011417,2370,488,249,328,196,404,649,56
2021,Crackley & Red Street,E05011418,4752,1032,486,744,305,868,1211,106
2021,Cross Heath,E05011419,4440,1191,455,612,294,786,991,111
2021,Holditch & Chesterton,E05011420,4521,1255,546,723,325,766,783,123
2021,Keele,E05011421,2743,85,49,133,28,1753,665,30
2021,Kidsgrove & Ravenscliffe,E05011422,7486,1837,912,1105,583,1225,1620,204
2021,Knutton,E05011423,2226,654,291,336,116,361,411,57
2021,Loggerheads,E05011424,3700,514,301,506,228,629,1426,96
2021,Madeley & Betley,E05011425,4640,817,411,616,270,787,1634,105
2021,Maer & Whitmore,E05011426,2312,307,172,326,128,395,936,48
2021,May Bank,E05011427,7285,1243,684,1036,548,1317,2287,170
2021,Newchapel & Mow Cop,E05011428,4888,957,520,668,424,965,1236,118
2021,Silverdale (Newcastle-under-Lyme),E05011429,4668,1095,488,659,341,847,1116,122
2021,Talke & Butt Lane,E05011430,7253,1877,837,1060,505,1217,1581,176
2021,Thistleberry,E05011431,4684,851,362,558,281,940,1581,111
2021,Town (Newcastle-under-Lyme),E05011432,5041,902,407,508,215,1418,1483,108
2021,Westbury Park & Northwood,E05011433,4165,719,386,542,293,680,1430,115
2021,Westlands,E05011434,6951,964,511,869,379,1248,2836,144
2021,Wolstanton,E05011435,5133,944,524,696,347,987,1515,120
2021,Arthur's Hill,E05011436,11315,2009,641,672,278,4435,3020,260
2021,Benwell & Scotswood,E05011437,10252,2857,1045,1342,634,1498,2540,336
2021,Blakelaw,E05011438,8775,2526,997,1129,541,1234,2106,242
2021,Byker,E05011439,9802,2659,1028,1172,614,1329,2737,263
2021,Callerton & Throckley,E05011440,8613,1767,899,1130,620,1474,2534,189
2021,Castle (Newcastle upon Tyne),E05011441,11053,1422,860,1276,539,1775,4953,228
2021,Chapel,E05011442,7998,1331,791,1004,760,1402,2432,278
2021,Dene & South Gosforth,E05011443,8005,702,360,697,264,1253,4574,155
2021,Denton & Westerhope,E05011444,9936,2575,1113,1411,781,1666,2109,281
2021,Elswick,E05011445,11468,4340,1345,1146,488,1226,2496,427
2021,Fawdon & West Gosforth,E05011446,8236,1712,754,959,474,1192,2952,193
2021,Gosforth (Newcastle upon Tyne),E05011447,8624,700,346,748,185,913,5585,147
2021,Heaton (Newcastle upon Tyne),E05011448,9561,817,377,667,273,1825,5455,147
2021,Kenton (Newcastle upon Tyne),E05011449,9051,2063,958,1190,542,1411,2682,205
2021,Kingston Park South & Newbiggin Hall,E05011450,8550,2140,1070,1238,572,1286,2020,224
2021,Lemington,E05011451,8341,1785,982,1303,668,1488,1905,210
2021,Manor Park (Newcastle upon Tyne),E05011452,7825,1140,583,901,412,1119,3473,197
2021,Monument,E05011453,13028,1084,428,699,227,4666,5621,303
2021,North Jesmond,E05011454,10062,253,156,327,80,5309,3861,76
2021,Ouseburn (Newcastle upon Tyne),E05011455,11958,858,362,609,194,5614,4138,183
2021,Parklands,E05011456,9633,970,570,1042,388,1278,5178,207
2021,South Jesmond,E05011457,9320,479,207,381,118,3869,4183,83
2021,Walker,E05011458,9145,3251,1039,1294,629,1218,1457,257
2021,Walkergate,E05011459,10227,2578,1181,1452,854,1657,2274,231
2021,West Fenham,E05011460,8728,2175,867,1168,544,1410,2323,241
2021,Wingrove,E05011461,8940,2039,771,934,266,1217,3453,260
2021,Addiscombe East,E05011462,9404,1371,842,1109,367,1377,4101,237
2021,Addiscombe West,E05011463,12945,1963,1022,1397,425,1758,6009,371
2021,Bensham Manor,E05011464,13408,2570,1351,1605,546,1873,4961,502
2021,Broad Green,E05011465,15410,3250,1571,1953,538,2256,5276,566
2021,Coulsdon Town,E05011466,12056,1403,923,1564,415,1962,5503,286
2021,Crystal Palace & Upper Norwood,E05011467,13201,1601,975,1256,412,1745,6856,356
2021,Fairfield (Croydon),E05011468,12583,1565,835,1119,370,1581,6710,403
2021,Kenley,E05011469,8831,981,746,1212,348,1432,3885,227
2021,New Addington North,E05011470,7861,2124,979,1227,288,1092,1926,225
2021,New Addington South,E05011471,8709,2292,1105,1263,409,1196,2181,263
2021,Norbury & Pollards Hill,E05011472,9842,1776,839,1128,379,1310,4027,383
2021,Norbury Park,E05011473,8798,1519,777,992,320,1252,3686,252
2021,Old Coulsdon,E05011474,8098,1261,774,1188,365,1380,2917,213
2021,Park Hill & Whitgift,E05011475,4698,526,263,412,151,548,2686,112
2021,Purley & Woodcote,E05011476,12338,1551,884,1484,367,1661,6060,331
2021,Purley Oaks & Riddlesdown,E05011477,7820,808,620,1009,242,1190,3767,184
2021,Sanderstead,E05011478,12773,1517,1092,1737,496,2038,5588,305
2021,Selhurst,E05011479,10083,1989,1047,1240,405,1485,3570,347
2021,Selsdon & Addington Village,E05011480,8126,1234,806,1151,378,1294,3024,239
2021,Selsdon Vale & Forestdale,E05011481,8090,1151,894,1198,401,1412,2794,240
2021,Shirley North,E05011482,12533,2195,1325,1720,592,2024,4320,357
2021,Shirley South (Croydon),E05011483,8545,1380,838,1287,369,1370,3094,207
2021,South Croydon,E05011484,14464,1736,1134,1680,505,2087,6971,351
2021,South Norwood,E05011485,13103,2180,1132,1452,491,1797,5615,436
2021,Thornton Heath,E05011486,14303,2548,1416,1688,568,2134,5442,507
2021,Waddon,E05011487,14468,2476,1330,1795,531,2152,5773,411
2021,West Thornton,E05011488,14449,2901,1588,1676,584,2020,5148,532
2021,Woodside (Croydon),E05011489,13455,2007,1264,1698,521,2109,5454,402
2021,Audley & Queen's Park,E05011508,7940,2511,971,1149,270,1102,1613,324
2021,Bastwell & Daisyfield,E05011509,6694,2288,812,843,175,883,1440,253
2021,Billinge & Beardwood,E05011510,7122,1356,621,922,256,1042,2697,228
2021,Blackburn Central,E05011511,7105,2440,834,969,302,893,1400,267
2021,Blackburn South & Lower Darwen,E05011512,6213,817,579,986,438,1249,2025,119
2021,Blackburn South East,E05011513,7592,2056,921,1145,478,1078,1705,209
2021,Darwen East,E05011514,7964,2140,956,1220,489,1244,1713,202
2021,Darwen South,E05011515,6787,1294,719,981,481,1222,1942,148
2021,Darwen West,E05011516,6860,1193,750,985,476,1250,2022,184
2021,Ewood,E05011517,7451,1791,876,1094,503,1173,1828,186
2021,Little Harwood & Whitebirk,E05011518,6748,2034,802,904,322,927,1495,264
2021,Livesey with Pleasington,E05011519,6786,1055,591,867,540,1253,2321,159
2021,Mill Hill & Moorgate,E05011520,6576,1632,786,939,530,1155,1359,175
2021,Roe Lee,E05011521,7053,1364,685,958,418,1179,2261,188
2021,Shear Brow & Corporation Park,E05011522,6932,1999,729,851,163,1046,1884,260
2021,Wensley Fold,E05011523,7012,2163,810,928,267,956,1598,290
2021,West Pennine,E05011524,6676,793,528,835,439,1171,2750,160
2021,Avenue (Kingston upon Hull),E05011525,10730,1928,950,1268,554,1534,4159,337
2021,Beverley & Newland,E05011526,13386,2905,1189,1496,930,2888,3505,473
2021,Boothferry,E05011527,9775,2034,1074,1451,792,1934,2219,271
2021,Bricknell,E05011528,7006,1257,700,933,488,1391,2061,176
2021,Central (Kingston upon Hull),E05011529,8725,2909,982,963,591,993,1850,437
2021,Derringham,E05011530,9742,2079,1147,1533,795,1827,2099,262
2021,Drypool,E05011531,10017,2469,1074,1430,694,1536,2499,315
2021,Holderness,E05011532,9847,1993,1179,1522,746,2035,2107,265
2021,Ings,E05011533,7603,2089,836,1051,568,1362,1479,218
2021,Kingswood (Kingston upon Hull),E05011534,7382,693,624,1041,497,1839,2600,88
2021,Longhill & Bilton Grange,E05011535,9904,2992,1265,1524,728,1552,1555,288
2021,Marfleet,E05011536,10162,3306,1336,1712,640,1412,1400,356
2021,Newington & Gipsyville,E05011537,13188,3545,1622,1861,905,2003,2700,552
2021,North Carr,E05011538,11075,3246,1426,1696,678,1807,1886,336
2021,Orchard Park,E05011539,11805,3861,1576,1744,780,1529,1798,517
2021,Pickering (Kingston upon Hull),E05011540,6902,1926,785,1061,538,1145,1265,182
2021,St Andrew's & Docklands,E05011541,13603,4182,1433,1686,867,1569,3278,588
2021,Southcoates,E05011542,12152,3310,1550,1890,895,2061,2046,400
2021,Sutton (Kingston upon Hull),E05011543,11029,2590,1335,1610,906,2021,2246,321
2021,University (Kingston upon Hull),E05011544,9807,1709,757,1066,396,3432,2196,251
2021,West Carr,E05011545,10031,2982,1325,1600,703,1546,1563,312
2021,Horsforth,E05011547,19407,2234,1365,2063,951,3030,9393,371
2021,Otley & Yeadon,E05011549,18788,3263,1771,2559,1222,3006,6571,396
2021,Balderton North & Coddington,E05011552,5616,1115,623,798,394,1064,1492,130
2021,Beacon (Newark and Sherwood),E05011553,7528,1256,836,1123,489,1426,2182,216
2021,Castle (Newark and Sherwood),E05011554,2915,599,314,408,183,485,860,66
2021,Farndon & Fernwood,E05011555,5788,834,542,841,342,1093,2004,132
2021,"Brasted, Chevening and Sundridge",E05011558,5178,544,384,690,205,807,2435,113
2021,Seal and Weald,E05011559,3389,430,231,448,111,444,1656,69
2021,Bottisham,E05011560,4822,624,390,592,279,707,2082,148
2021,Burwell,E05011561,5268,747,479,712,369,928,1925,108
2021,Downham Villages,E05011562,2506,444,287,357,154,416,784,64
2021,Ely East,E05011563,4985,824,470,605,292,646,2002,146
2021,Ely North,E05011564,3755,421,266,499,148,608,1724,89
2021,Ely West,E05011565,8016,1071,705,1006,353,1113,3604,164
2021,Fordham & Isleham,E05011566,5202,902,509,711,372,886,1692,130
2021,Haddenham,E05011567,2816,497,276,388,193,493,904,65
2021,Littleport,E05011568,7932,1648,962,1104,510,1378,2075,255
2021,Soham North,E05011569,5533,1076,629,838,358,971,1529,132
2021,Soham South,E05011570,5009,1053,515,700,351,833,1413,144
2021,Stretham,E05011571,5451,903,542,729,365,949,1830,133
2021,Sutton (East Cambridgeshire),E05011572,4608,726,486,681,266,863,1467,119
2021,Woodditton,E05011573,5522,887,476,714,376,945,1976,148
2021,Devonshire,E05011574,11914,2367,1396,1619,638,2048,3452,394
2021,Hampden Park,E05011575,8506,1907,1214,1454,535,1475,1693,228
2021,Langney,E05011576,8543,1945,1123,1415,543,1522,1725,270
2021,Meads,E05011577,9878,1618,937,1171,442,1492,3805,413
2021,Old Town (Eastbourne),E05011578,8844,1071,849,1295,433,1536,3441,219
2021,Ratton,E05011579,7986,1369,843,1080,525,1272,2626,271
2021,St Anthony's,E05011580,9239,1842,1054,1578,616,1763,2109,277
2021,Sovereign,E05011581,10084,1800,1129,1595,627,1804,2779,350
2021,Upperton,E05011582,9585,1648,834,1187,449,1524,3584,359
2021,"Chailey, Barcombe & Hamsey",E05011583,4215,493,351,619,169,698,1797,88
2021,Ditchling & Westmeston,E05011584,2218,320,161,277,88,264,1038,70
2021,East Saltdean & Telscombe Cliffs,E05011585,6197,1077,679,888,356,1111,1918,168
2021,Kingston,E05011586,1624,144,104,194,53,216,888,25
2021,Lewes Bridge,E05011587,4080,522,350,470,162,610,1881,85
2021,Lewes Castle,E05011588,3210,494,269,340,111,449,1475,72
2021,Lewes Priory,E05011589,6526,630,449,744,214,869,3509,111
2021,Newhaven North,E05011590,4001,759,513,680,255,764,919,111
2021,Newhaven South,E05011591,6073,1245,758,941,338,1122,1512,157
2021,Newick,E05011592,2061,239,156,332,93,376,809,56
2021,Ouse Valley & Ringmer,E05011593,5397,864,541,749,310,833,1939,161
2021,Peacehaven East,E05011594,4443,976,553,671,289,776,1056,122
2021,Peacehaven North,E05011595,4231,829,526,653,294,753,1056,120
2021,Peacehaven West,E05011596,4133,949,479,636,318,688,921,142
2021,"Plumpton, Streat, East Chiltington & St John",E05011597,1907,197,152,313,65,323,825,32
2021,Seaford Central,E05011598,4375,714,465,597,250,768,1436,145
2021,Seaford East,E05011599,4080,664,463,659,284,676,1183,151
2021,Seaford North,E05011600,4297,754,519,644,259,748,1246,127
2021,Seaford South,E05011601,3835,570,386,542,196,639,1381,121
2021,Seaford West,E05011602,3982,709,420,544,280,644,1236,149
2021,Wivelsfield,E05011603,2330,225,204,345,110,464,952,30
2021,Bexhill Central,E05011604,4775,989,548,741,263,830,1251,153
2021,Bexhill Collington,E05011605,3864,793,412,507,265,528,1209,150
2021,Bexhill Kewhurst,E05011606,4211,811,470,625,275,616,1258,156
2021,Bexhill Old Town & Worsham,E05011607,3538,704,415,508,243,648,900,120
2021,Bexhill Pebsham & St Michaels,E05011608,4348,1008,486,642,312,758,1007,135
2021,Bexhill Sackville,E05011609,4360,931,494,614,261,654,1210,196
2021,Bexhill Sidley,E05011610,4819,1144,718,776,287,845,929,120
2021,Bexhill St Marks,E05011611,4409,787,504,621,296,686,1368,147
2021,Bexhill St Stephens,E05011612,4059,745,562,630,263,703,1045,111
2021,Brede & Udimore,E05011613,1913,354,187,299,127,300,596,50
2021,Burwash & the Weald,E05011614,3890,505,361,579,191,671,1474,109
2021,Catsfield & Crowhurst,E05011615,2107,329,169,307,107,331,809,55
2021,Eastern Rother,E05011616,4131,938,477,565,290,655,1077,129
2021,Hurst Green & Ticehurst,E05011617,4332,625,461,634,226,778,1512,96
2021,"North Battle, Netherfield & Whatlington",E05011618,3775,592,375,533,188,620,1378,89
2021,Northern Rother,E05011619,4287,746,451,671,205,720,1377,117
2021,Robertsbridge,E05011620,2212,318,205,284,119,367,841,78
2021,Rye & Winchelsea,E05011621,4226,837,450,627,229,642,1305,136
2021,Sedlescombe & Westfield,E05011622,4528,779,456,689,254,801,1418,131
2021,South Battle & Telham,E05011623,1998,288,201,307,106,369,667,60
2021,Southern Rother,E05011624,3692,784,400,529,220,507,1112,140
2021,Arlington,E05011625,2513,435,205,342,151,355,942,83
2021,Buxted,E05011626,3221,412,284,466,163,584,1226,86
2021,"Chiddingly, East Hoathly & Waldron",E05011627,2830,347,291,429,160,512,1025,66
2021,Crowborough Central,E05011628,3519,585,351,537,170,591,1194,91
2021,Crowborough Jarvis Brook,E05011629,3423,452,412,614,204,605,1063,73
2021,Crowborough North,E05011630,2696,348,288,493,143,504,838,82
2021,Crowborough South East,E05011631,3156,420,368,538,193,602,963,72
2021,Crowborough South West,E05011632,2665,402,301,471,130,462,835,64
2021,Crowborough St Johns,E05011633,2562,331,228,391,128,410,1003,71
2021,Danehill & Fletching,E05011634,3257,318,226,480,156,584,1434,59
2021,Forest Row,E05011635,3396,344,249,434,146,583,1573,67
2021,Framfield & Cross-in-Hand,E05011636,2765,323,310,400,138,468,1047,79
2021,Frant & Wadhurst,E05011637,5798,616,453,832,254,928,2592,123
2021,Hadlow Down & Rotherfield,E05011638,2767,285,235,412,136,470,1151,78
2021,Hailsham Central,E05011639,3001,612,365,466,223,524,703,108
2021,Hailsham East,E05011640,3749,952,524,603,240,611,724,95
2021,Hailsham North,E05011641,2371,338,298,421,175,481,592,66
2021,Hailsham North West,E05011642,3042,542,343,502,195,607,750,103
2021,Hailsham South,E05011643,2908,553,384,441,186,514,745,85
2021,Hailsham West,E05011644,3437,741,409,564,235,635,754,99
2021,Hartfield,E05011645,2777,299,215,376,110,502,1222,53
2021,Heathfield North,E05011646,3298,541,385,527,183,598,963,101
2021,Heathfield South,E05011647,3444,448,387,580,226,678,1040,85
2021,Hellingly,E05011648,3927,499,431,658,225,836,1195,83
2021,Herstmonceux & Pevensey Levels,E05011649,5938,1001,615,896,410,1066,1762,188
2021,Horam & Punnetts Town,E05011650,5857,840,591,936,344,1096,1923,127
2021,Lower Willingdon,E05011651,2895,475,325,458,203,515,821,98
2021,Maresfield,E05011652,3156,459,306,453,133,552,1172,81
2021,Mayfield & Five Ashes,E05011653,3017,347,236,423,125,531,1286,69
2021,Pevensey Bay,E05011654,2615,598,309,384,226,399,598,101
2021,Polegate Central,E05011655,4008,549,444,671,245,842,1171,86
2021,Polegate North,E05011656,3270,700,363,531,229,592,745,110
2021,Polegate South & Willingdon Watermill,E05011657,2986,656,374,420,235,473,721,107
2021,South Downs,E05011658,2705,324,189,360,124,397,1241,70
2021,Stone Cross,E05011659,2910,387,301,491,190,594,869,78
2021,Uckfield East,E05011660,2662,406,300,465,145,545,737,64
2021,Uckfield New Town,E05011661,4815,681,523,748,281,939,1491,152
2021,Uckfield North,E05011662,2504,427,318,406,150,471,654,78
2021,Uckfield Ridgewood & Little Horsted,E05011663,2516,245,266,422,117,502,910,54
2021,Upper Willingdon,E05011664,2844,515,341,428,209,476,786,89
2021,Withyham,E05011665,2437,210,198,369,105,425,1088,42
2021,Chichester Central,E05011666,2725,338,178,292,105,707,1044,61
2021,Chichester East,E05011667,5620,862,525,793,224,1117,1939,160
2021,Chichester North,E05011668,5759,485,355,674,183,1390,2573,99
2021,Chichester South,E05011669,5780,885,572,771,243,1154,2024,131
2021,Chichester West,E05011670,5398,766,396,703,265,968,2144,156
2021,Easebourne,E05011671,2513,331,184,364,94,379,1085,76
2021,Fernhurst,E05011672,5494,667,417,715,232,890,2459,114
2021,Fittleworth,E05011673,2809,316,205,453,99,453,1215,68
2021,Goodwood,E05011674,2916,389,268,409,148,500,1140,62
2021,Harbour Villages,E05011675,9046,1056,650,1214,424,1494,3993,215
2021,Harting,E05011676,3060,404,203,394,105,485,1397,72
2021,Lavant,E05011677,2745,394,238,336,107,445,1159,66
2021,Loxwood,E05011678,5957,690,565,898,272,1018,2400,114
2021,Midhurst,E05011679,6180,1015,591,914,353,1014,2155,138
2021,North Mundham & Tangmere,E05011680,6537,1051,668,969,350,1127,2216,156
2021,Petworth,E05011681,2985,570,287,447,163,510,941,67
2021,Selsey South,E05011682,5600,1276,615,779,446,898,1362,224
2021,Sidlesham with Selsey North,E05011683,5086,1231,618,672,353,768,1258,186
2021,Southbourne,E05011684,6782,887,642,968,497,1357,2265,166
2021,The Witterings,E05011685,8807,1544,845,1191,532,1438,3000,257
2021,Westbourne (Chichester),E05011686,2900,379,242,403,139,473,1220,44
2021,Cholsey,E05011701,7417,839,564,906,336,1150,3495,127
2021,Didcot North East,E05011702,8487,844,831,1184,376,1516,3545,191
2021,Didcot South,E05011703,10538,1783,1152,1373,540,1688,3730,272
2021,Forest Hill & Holton,E05011704,3102,368,245,317,132,467,1508,65
2021,Haseley Brook,E05011705,3539,402,285,426,163,597,1591,75
2021,Kidmore End & Whitchurch,E05011707,3015,294,186,379,107,429,1567,53
2021,Sandford & the Wittenhams,E05011708,3336,392,222,357,144,465,1680,76
2021,Wallingford,E05011710,6891,898,615,858,331,1033,2982,174
2021,Wheatley (South Oxfordshire),E05011711,3623,497,267,442,203,572,1552,90
2021,Woodcote & Rotherfield,E05011712,7426,781,542,946,317,1099,3570,171
2021,Blewbury & Harwell,E05011713,7101,721,524,810,279,1123,3525,119
2021,Cumnor,E05011714,5587,653,399,552,241,642,2958,142
2021,Drayton,E05011715,3018,417,298,363,166,464,1252,58
2021,Sutton Courtenay,E05011717,2685,379,213,315,128,388,1198,64
2021,Thames (Vale of White Horse),E05011718,2835,287,185,332,122,384,1492,33
2021,Wootton (Vale of White Horse),E05011719,2900,414,248,357,169,425,1220,67
2021,Aylesford & East Stour,E05011743,5040,980,625,815,264,909,1302,145
2021,Beaver,E05011744,5868,1677,848,878,339,843,1082,201
2021,Biddenden,E05011745,2557,480,260,355,168,405,812,77
2021,Bircholt,E05011746,2303,323,204,314,125,394,883,60
2021,Bockhanger,E05011747,1886,471,244,303,122,291,395,60
2021,Bybrook,E05011748,2652,522,334,414,166,445,688,83
2021,Charing,E05011749,2313,501,215,331,124,365,721,56
2021,Conningbrook & Little Burton Farm,E05011750,1670,195,202,271,67,296,593,46
2021,Downs North,E05011751,2098,281,195,263,115,326,855,63
2021,Downs West,E05011752,2224,279,197,330,119,376,860,63
2021,Furley,E05011753,5157,948,597,808,286,807,1551,160
2021,Goat Lees,E05011754,2182,301,258,344,121,427,681,50
2021,Godinton,E05011755,2226,312,296,373,122,414,640,69
2021,Highfield (Ashford),E05011756,1988,276,223,338,131,393,568,59
2021,Isle of Oxney,E05011757,2319,421,287,329,134,392,700,56
2021,Kennington (Ashford),E05011758,1926,305,185,272,121,343,637,63
2021,Kingsnorth Village & Bridgefield,E05011759,1969,278,213,316,99,354,660,49
2021,"Mersham, Sevington South with Finberry",E05011760,2050,221,217,293,86,394,799,40
2021,Norman,E05011761,2427,559,344,393,144,382,525,80
2021,Park Farm North,E05011762,1954,196,198,330,104,428,644,54
2021,Park Farm South,E05011763,2085,248,229,327,88,428,706,59
2021,Repton (Ashford),E05011764,3834,471,399,570,178,763,1370,83
2021,Rolvenden & Tenterden West,E05011765,2021,307,216,294,93,344,704,63
2021,Roman (Ashford),E05011766,2661,330,282,467,150,544,834,54
2021,Saxon Shore,E05011767,2190,336,202,362,129,405,700,56
2021,Singleton East,E05011768,2168,365,239,360,138,421,598,47
2021,Singleton West,E05011769,2312,229,244,415,101,506,762,55
2021,Stanhope,E05011770,2430,720,415,430,104,305,360,96
2021,Tenterden North,E05011771,1917,353,179,281,116,291,639,58
2021,Tenterden South,E05011772,2335,415,241,366,133,379,730,71
2021,Tenterden St Michael's,E05011773,2341,387,266,375,151,389,683,90
2021,Upper Weald,E05011774,2190,411,185,348,106,378,708,54
2021,Victoria (Ashford),E05011775,5855,1126,713,900,285,876,1771,184
2021,Washford,E05011776,1934,385,253,294,132,357,449,64
2021,Weald Central,E05011777,3609,715,412,542,225,637,977,101
2021,Weald North,E05011778,2098,315,199,340,123,332,736,53
2021,Weald South,E05011779,4553,903,480,640,323,737,1315,155
2021,Willesborough,E05011780,5412,992,623,792,364,904,1573,164
2021,Wye with Hinxhill,E05011781,2016,295,181,240,59,253,938,50
2021,Axminster,E05011782,6789,1237,764,1063,460,1185,1880,200
2021,Beer & Branscombe,E05011783,2051,333,213,298,145,290,709,63
2021,Broadclyst,E05011784,5599,632,510,892,328,1114,2039,84
2021,Budleigh & Raleigh,E05011785,6803,937,573,987,400,980,2717,209
2021,Clyst Valley,E05011786,2061,327,178,287,123,322,770,54
2021,Coly Valley,E05011787,4124,645,421,561,299,673,1421,104
2021,Cranbrook (East Devon),E05011788,4761,358,406,770,229,1183,1760,55
2021,Dunkeswell & Otterhead,E05011789,4893,816,477,697,335,794,1643,131
2021,Exe Valley,E05011790,2087,285,185,285,119,312,854,47
2021,Exmouth Brixington,E05011791,6364,1151,765,1000,484,1164,1620,180
2021,Exmouth Halsdon,E05011792,6282,904,636,1000,454,1156,1955,177
2021,Exmouth Littleham,E05011793,7082,1340,686,1009,413,971,2393,270
2021,Exmouth Town,E05011794,6207,934,673,984,394,1095,1931,196
2021,Exmouth Withycombe Raleigh,E05011795,4123,679,481,656,292,801,1124,90
2021,Feniton,E05011796,2230,315,237,337,137,429,704,71
2021,Honiton St Michael's,E05011797,5723,1119,721,892,452,973,1408,158
2021,Honiton St Paul's,E05011798,4174,884,457,619,296,701,1078,139
2021,Newbridges,E05011799,2227,341,225,319,131,365,771,75
2021,Newton Poppleford & Harpford,E05011800,1958,270,205,298,140,340,651,54
2021,Ottery St Mary,E05011801,6538,903,615,954,390,1183,2354,139
2021,Seaton (East Devon),E05011802,6393,1226,689,899,504,1035,1824,216
2021,Sidmouth Rural,E05011803,1890,228,147,263,111,281,818,42
2021,Sidmouth Sidford,E05011804,6763,1003,739,1103,486,1095,2159,178
2021,Sidmouth Town,E05011805,4031,558,329,552,223,532,1666,171
2021,Tale Vale,E05011806,2052,251,161,312,105,342,833,48
2021,Trinity (East Devon),E05011807,2196,246,190,295,127,352,918,68
2021,West Hill & Aylesbeare,E05011808,2216,222,154,303,111,299,1090,37
2021,Whimple & Rockbeare,E05011809,2530,292,246,355,145,452,978,62
2021,Woodbury & Lympstone,E05011810,5073,482,365,687,222,940,2265,112
2021,Yarty,E05011811,2174,291,207,332,150,363,781,50
2021,Billingshurst,E05011812,8446,995,872,1381,422,1591,3005,180
2021,"Bramber, Upper Beeding & Woodmancote",E05011813,4492,657,440,668,284,789,1537,117
2021,Broadbridge Heath,E05011814,4796,450,462,800,251,990,1751,92
2021,Colgate & Rusper,E05011815,4816,451,391,736,191,1004,1943,100
2021,"Cowfold, Shermanbury & West Grinstead",E05011816,4627,589,453,726,283,892,1549,135
2021,Denne,E05011817,8632,1075,776,1248,407,1520,3370,236
2021,Forest (Horsham),E05011818,7169,927,692,1006,291,1154,2908,191
2021,Henfield,E05011819,4969,752,444,757,243,885,1749,139
2021,Holbrook East,E05011820,4829,443,445,730,217,899,1982,113
2021,Holbrook West,E05011821,5285,623,503,792,240,971,2047,109
2021,"Itchingfield, Slinfold & Warnham",E05011822,4803,662,433,755,202,843,1779,129
2021,Nuthurst & Lower Beeding,E05011823,2582,262,218,405,115,476,1056,50
2021,"Pulborough, Coldwaltham & Amberley",E05011824,6234,896,606,967,327,1098,2194,146
2021,Roffey North,E05011825,5124,743,564,777,291,931,1660,158
2021,Roffey South,E05011826,5448,711,537,884,276,1000,1895,145
2021,Rudgwick,E05011827,2419,261,221,361,103,442,967,64
2021,Southwater North,E05011828,5047,497,465,1042,176,968,1805,94
2021,Southwater South & Shipley,E05011829,5338,670,561,895,302,1110,1664,136
2021,Steyning & Ashurst,E05011830,5190,656,469,800,221,816,2095,133
2021,Storrington & Washington,E05011831,7947,1191,749,1202,393,1297,2845,270
2021,Trafalgar,E05011832,5088,659,436,710,240,857,2058,128
2021,"West Chiltington, Thakeham & Ashington",E05011833,7381,902,679,1157,366,1343,2756,178
2021,Bacton (North Norfolk),E05011834,2076,443,263,304,139,337,523,67
2021,Beeston Regis & The Runtons,E05011835,2265,436,262,327,162,317,679,82
2021,Briston,E05011836,2132,488,235,328,148,338,533,62
2021,Coastal (North Norfolk),E05011837,2053,359,211,269,116,292,754,52
2021,Cromer Town,E05011838,4474,1028,524,665,303,652,1145,157
2021,Erpingham,E05011839,2328,350,232,355,142,410,778,61
2021,Gresham,E05011840,2067,366,226,332,137,343,610,53
2021,Happisburgh,E05011841,2344,510,253,312,162,378,646,83
2021,Hickling,E05011842,2302,554,287,316,164,351,544,86
2021,Holt (North Norfolk),E05011843,4080,830,424,640,303,539,1235,109
2021,Hoveton & Tunstead,E05011844,4486,884,500,666,330,682,1286,138
2021,Lancaster North,E05011845,2028,478,267,313,176,362,372,60
2021,Lancaster South,E05011846,4756,1147,599,685,318,849,1020,138
2021,Mundesley,E05011847,2427,560,269,339,188,370,589,112
2021,North Walsham East,E05011848,4097,876,535,712,288,740,807,139
2021,North Walsham Market Cross,E05011849,2559,579,270,363,215,430,620,82
2021,North Walsham West,E05011850,4382,945,526,738,352,816,880,125
2021,Poppyland,E05011851,2288,470,261,360,167,331,626,73
2021,Priory (North Norfolk),E05011852,1991,357,217,285,94,293,696,49
2021,Roughton (North Norfolk),E05011853,2404,455,285,360,168,456,609,71
2021,St Benet's,E05011854,2108,402,254,285,168,326,614,59
2021,Sheringham North,E05011855,2210,423,253,330,155,321,661,67
2021,Sheringham South,E05011856,4264,794,497,634,327,666,1208,138
2021,Stalham,E05011857,4853,1089,626,803,357,843,987,148
2021,Stibbard,E05011858,2380,413,249,356,151,367,769,75
2021,Stody,E05011859,2124,332,225,310,132,348,726,51
2021,Suffield Park,E05011860,2153,477,250,365,135,312,523,91
2021,The Raynhams,E05011861,2253,436,273,379,166,465,467,67
2021,Trunch,E05011862,2256,463,246,354,165,337,614,77
2021,Walsingham,E05011863,2173,457,271,344,134,331,571,65
2021,Wells with Holkham,E05011864,2030,452,246,255,145,272,579,81
2021,Worstead,E05011865,2813,476,304,491,192,558,716,76
2021,"Beck Vale, Dickleburgh & Scole",E05011866,5538,1106,629,864,346,951,1497,145
2021,Bressingham & Burston,E05011867,2897,538,298,455,185,475,859,87
2021,Brooke,E05011868,2883,395,245,408,175,485,1106,69
2021,Bunwell,E05011869,2587,472,297,407,156,443,752,60
2021,Central Wymondham,E05011870,4733,961,452,712,324,713,1459,112
2021,Cringleford,E05011871,4235,398,276,497,122,587,2267,88
2021,Diss & Roydon,E05011872,9261,2259,1089,1396,584,1499,2148,286
2021,Easton (South Norfolk),E05011874,1643,263,183,273,107,273,501,43
2021,Forncett,E05011875,2868,446,275,447,165,496,970,69
2021,Hempnall,E05011877,2672,424,294,421,156,492,814,71
2021,Hethersett,E05011878,7117,1074,651,1002,370,1269,2567,184
2021,Hingham & Deopham,E05011879,2620,520,247,370,142,422,829,90
2021,Loddon & Chedgrave,E05011880,4960,975,535,731,313,865,1428,113
2021,Mulbarton & Stoke Holy Cross,E05011881,7655,1129,707,1050,435,1384,2775,175
2021,New Costessey,E05011882,5221,1276,637,744,432,854,1093,185
2021,Newton Flotman,E05011883,2547,407,213,381,176,433,886,51
2021,North Wymondham,E05011884,4993,699,489,785,265,960,1674,121
2021,Old Costessey,E05011885,8103,971,813,1196,380,1596,2994,153
2021,"Poringland, Framinghams & Trowse",E05011886,6679,867,653,992,386,1202,2438,141
2021,Rockland,E05011887,2904,464,227,433,143,443,1109,85
2021,South Wymondham,E05011888,5008,649,461,789,273,946,1791,99
2021,Stratton (South Norfolk),E05011889,3634,661,446,626,265,704,854,78
2021,Thurlton,E05011890,2734,430,276,391,216,472,886,63
2021,Wicklewood,E05011891,3052,445,275,581,145,497,1027,82
2021,Ambrook,E05011892,5510,753,511,861,327,1003,1931,124
2021,Ashburton & Buckfastleigh,E05011893,7381,1193,688,971,423,1200,2729,177
2021,Bishopsteignton,E05011894,2350,308,230,315,169,305,946,77
2021,Bovey,E05011895,6755,1003,690,982,449,1085,2347,199
2021,Bradley (Teignbridge),E05011896,6173,877,721,950,396,1237,1813,179
2021,Buckland & Milber,E05011897,7314,1430,800,1140,538,1353,1836,217
2021,Bushell,E05011898,4876,855,616,815,297,880,1300,113
2021,Chudleigh,E05011899,4849,709,461,744,271,806,1757,101
2021,College (Teignbridge),E05011900,4601,705,480,727,310,819,1439,121
2021,Dawlish North East,E05011901,7505,1313,901,1121,548,1314,2091,217
2021,Dawlish South West,E05011902,5296,957,571,741,374,859,1629,165
2021,Haytor,E05011903,2116,294,189,304,130,342,800,57
2021,Ipplepen,E05011904,2148,305,188,315,156,353,762,69
2021,Kenn Valley,E05011905,6879,912,558,925,378,1190,2763,153
2021,Kenton & Starcross,E05011906,2536,353,238,379,162,447,914,43
2021,Kerswell-with-Combe,E05011907,4755,846,437,706,363,847,1429,127
2021,Kingsteignton East,E05011908,5501,819,637,895,385,1094,1515,156
2021,Kingsteignton West,E05011909,4958,882,555,790,385,936,1276,134
2021,Moretonhampstead,E05011910,2510,308,187,298,126,410,1124,57
2021,Shaldon & Stokeinteignhead,E05011911,2151,266,165,298,137,326,875,84
2021,Teign Valley,E05011912,4254,608,354,607,237,671,1665,112
2021,Teignmouth Central,E05011913,4998,818,500,753,303,890,1568,166
2021,Teignmouth East,E05011914,4038,611,360,518,265,589,1558,137
2021,Teignmouth West,E05011915,4014,632,445,666,287,777,1103,104
2021,Appledore,E05011916,3166,561,353,464,271,536,909,72
2021,Bideford East,E05011917,4524,898,549,713,349,908,996,111
2021,Bideford North,E05011918,4844,873,584,820,361,855,1220,131
2021,Bideford South,E05011919,3095,590,336,501,231,622,733,82
2021,Bideford West,E05011920,2319,472,285,402,171,416,522,51
2021,Broadheath (Torridge),E05011921,3571,726,392,566,250,623,907,107
2021,Great Torrington,E05011922,4770,929,593,774,341,862,1161,110
2021,Hartland,E05011923,5153,909,627,829,317,930,1391,150
2021,Holsworthy,E05011924,2819,620,359,487,220,476,558,99
2021,Milton & Tamarside,E05011925,3574,705,384,582,284,604,927,88
2021,Monkleigh & Putford,E05011926,3317,544,347,484,248,549,1035,110
2021,Northam,E05011927,4337,790,464,612,336,690,1332,113
2021,Shebbear & Langtree,E05011928,3348,641,379,509,223,623,867,106
2021,Two Rivers & Three Moors,E05011929,3482,578,372,508,231,614,1062,117
2021,Westward Ho!,E05011930,3372,664,366,496,259,514,942,131
2021,Winkleigh,E05011931,1856,323,240,319,117,314,496,47
2021,Alresford & Elmstead,E05011932,5867,1118,706,907,452,1078,1457,149
2021,Ardleigh & Little Bromley,E05011933,2468,399,280,381,129,457,759,63
2021,Bluehouse,E05011934,4651,1450,640,767,307,709,636,142
2021,Brightlingsea,E05011935,7297,1442,930,1117,536,1246,1793,233
2021,Burrsville,E05011936,4512,1511,612,644,313,617,656,159
2021,Cann Hall (Tendring),E05011937,5026,1321,735,826,302,891,805,146
2021,Coppins,E05011938,5673,1771,784,912,371,883,785,167
2021,Dovercourt All Saints,E05011939,5851,1439,860,1024,407,943,966,212
2021,Dovercourt Bay,E05011940,2636,592,368,445,148,463,540,80
2021,Dovercourt Tollgate,E05011941,2251,577,297,363,161,379,390,84
2021,Dovercourt Vines & Parkeston,E05011942,2377,573,366,420,153,427,360,78
2021,Eastcliff (Tendring),E05011943,2541,701,316,376,198,407,438,105
2021,Frinton,E05011944,4929,1200,601,703,324,665,1237,199
2021,Harwich & Kingsway,E05011945,2975,742,431,494,205,453,555,95
2021,Homelands,E05011946,3119,995,403,454,227,395,508,137
2021,Kirby Cross,E05011947,2840,750,351,437,190,472,560,80
2021,Kirby-le-Soken & Hamford,E05011948,2970,673,372,452,213,474,673,113
2021,"Lawford, Manningtree & Mistley",E05011949,7205,1249,791,1084,413,1306,2145,217
2021,Little Clacton,E05011950,2660,808,342,373,219,391,439,88
2021,Pier,E05011951,2147,661,306,315,106,278,384,97
2021,St Bartholomew's (Tendring),E05011952,5290,1690,670,763,433,643,902,189
2021,St James (Tendring),E05011953,6176,1894,894,933,407,851,996,201
2021,St John's (Tendring),E05011954,5709,1755,735,916,401,810,924,168
2021,St Osyth,E05011955,4481,1430,583,571,323,647,773,154
2021,St Paul's (Tendring),E05011956,2336,641,268,339,132,335,525,96
2021,Stour Valley,E05011957,2551,497,291,407,179,402,706,69
2021,The Bentleys & Frating,E05011958,2840,465,363,460,202,525,738,87
2021,The Oakleys & Wix,E05011959,2564,508,287,404,166,448,679,72
2021,"Thorpe, Beaumont & Great Holland",E05011960,2920,592,311,457,223,493,766,78
2021,Walton (Tendring),E05011961,2757,713,385,380,190,441,550,98
2021,Weeley & Tendring,E05011962,2542,613,297,391,196,422,559,64
2021,West Clacton & Jaywick Sands,E05011963,4736,2015,584,563,312,489,609,164
2021,Billesdon & Tilton,E05011964,2219,287,180,303,119,345,926,59
2021,Bosworth,E05011965,2816,370,244,400,144,507,1096,55
2021,Broughton Astley-Primethorpe & Sutton,E05011966,4045,672,426,654,293,752,1142,106
2021,Broughton Astley South & Leire,E05011967,4307,426,435,692,302,889,1488,75
2021,Dunton,E05011968,2271,288,211,335,159,406,821,51
2021,Fleckney,E05011969,4817,733,460,667,328,935,1586,108
2021,Glen (Harborough),E05011970,4805,552,386,622,258,723,2148,116
2021,Kibworths,E05011971,7051,771,567,955,394,1285,2936,143
2021,Lubenham,E05011972,2636,326,248,325,159,496,1001,81
2021,Lutterworth East,E05011973,4406,721,456,721,284,750,1356,118
2021,Lutterworth West,E05011974,4449,731,463,649,252,737,1515,102
2021,Market Harborough-Great Bowden & Arden,E05011975,4917,779,480,658,312,794,1779,115
2021,Market Harborough-Little Bowden,E05011976,4598,524,357,631,230,773,1969,114
2021,Market Harborough-Logan,E05011977,4807,761,446,629,277,676,1877,141
2021,Market Harborough-Welland,E05011978,7176,1075,652,992,454,1266,2571,166
2021,Misterton (Harborough),E05011979,2462,265,199,361,138,436,1012,51
2021,Nevill,E05011980,2414,268,195,321,115,373,1108,34
2021,Thurnby & Houghton,E05011981,7633,1015,626,957,492,1308,3065,170
2021,Ullesthorpe,E05011982,2597,372,202,375,122,449,989,88
2021,Ault Hucknall,E05011983,5209,1157,576,733,373,924,1310,136
2021,Barlborough,E05011984,3473,584,338,528,234,592,1106,91
2021,Blackwell,E05011985,3621,896,421,554,248,674,719,109
2021,Bolsover East,E05011986,3598,912,378,534,245,639,810,80
2021,Bolsover North & Shuttlewood,E05011987,2748,630,319,452,185,527,557,78
2021,Bolsover South,E05011988,3738,833,426,569,261,712,835,102
2021,Clowne East,E05011989,4628,957,589,750,323,852,1028,129
2021,Clowne West,E05011990,2244,452,215,323,152,425,626,51
2021,Elmton-with-Creswell,E05011991,5322,1406,615,859,367,867,1088,120
2021,Langwith,E05011992,3826,1146,433,627,254,641,623,102
2021,Pinxton,E05011993,3577,1116,447,509,238,595,562,110
2021,Shirebrook North,E05011994,3980,1299,526,568,294,571,598,124
2021,Shirebrook South,E05011995,3930,1079,500,533,315,595,759,149
2021,South Normanton East,E05011996,3940,929,486,663,242,708,825,87
2021,South Normanton West,E05011997,5609,1165,681,862,357,1122,1279,143
2021,Tibshelf,E05011998,3521,700,379,542,204,755,854,87
2021,Whitwell,E05011999,3319,761,367,460,225,572,827,107
2021,Alston & Hothersall,E05012000,2270,319,221,302,186,434,762,46
2021,Billington & Langho,E05012001,2960,428,227,376,256,480,1117,76
2021,Bowland,E05012002,1294,186,112,185,60,219,506,26
2021,Brockhall & Dinckley,E05012003,1259,94,82,190,67,243,563,20
2021,Chatburn,E05012004,1108,147,97,156,79,193,413,23
2021,Chipping,E05012005,1220,181,85,155,74,210,497,18
2021,Clayton-le-Dale & Salesbury,E05012006,1396,205,79,174,88,211,602,37
2021,Derby & Thornley,E05012007,2682,530,277,351,199,487,788,50
2021,Dilworth,E05012008,2335,330,152,305,162,432,903,51
2021,"East Whalley, Read & Simonstone",E05012009,2248,223,153,314,133,394,991,40
2021,Edisford & Low Moor,E05012010,2842,408,264,375,199,502,1030,64
2021,Gisburn & Rimington,E05012011,1213,149,112,169,76,219,466,22
2021,Hurst Green & Whitewell,E05012012,1281,137,98,212,53,208,558,15
2021,Littlemoor,E05012013,2675,447,211,373,190,451,953,50
2021,Mellor,E05012014,2364,283,155,321,149,328,1090,38
2021,Primrose (Ribble Valley),E05012015,3102,437,285,417,218,600,1093,52
2021,Ribchester,E05012016,1294,160,87,162,98,209,549,29
2021,Sabden,E05012017,1331,163,92,156,81,270,538,31
2021,St Mary's (Ribble Valley),E05012018,2546,377,199,284,175,407,1069,35
2021,Salthill,E05012019,2911,404,248,376,199,533,1051,100
2021,"Waddington, Bashall Eaves & Mitton",E05012020,1261,193,82,147,125,193,491,30
2021,West Bradford & Grindleton,E05012021,1427,164,118,186,108,257,563,31
2021,Whalley & Painter Wood,E05012022,2589,266,184,315,171,427,1175,51
2021,Whalley Nethertown,E05012023,1170,87,125,151,60,179,557,11
2021,Wilpshire & Ramsgreave,E05012024,2815,309,186,354,165,447,1276,78
2021,Wiswell & Barrow,E05012025,1861,176,123,237,103,334,852,36
2021,Bagshot,E05012026,5967,727,587,811,298,1021,2367,156
2021,Bisley & West End,E05012027,8185,933,699,1305,374,1431,3271,172
2021,Frimley,E05012028,4235,582,421,600,184,671,1673,104
2021,Frimley Green,E05012029,5494,740,598,770,278,965,2020,123
2021,Heatherside,E05012030,6029,509,513,923,251,1125,2597,111
2021,Lightwater,E05012031,5548,632,545,815,281,944,2186,145
2021,Mytchett & Deepcut,E05012032,5864,805,604,848,320,1067,2061,159
2021,Old Dean,E05012033,4317,910,532,602,209,700,1215,149
2021,Parkside (Surrey Heath),E05012034,4179,476,384,587,176,721,1731,104
2021,St Michaels (Surrey Heath),E05012035,4960,793,515,669,220,825,1775,163
2021,St Pauls (Surrey Heath),E05012036,4112,359,307,587,127,650,1999,83
2021,Town (Surrey Heath),E05012037,4412,636,396,576,144,655,1871,134
2021,Watchetts,E05012038,4621,743,475,638,219,677,1717,152
2021,Windlesham & Chobham,E05012039,5856,798,499,823,244,926,2446,120
2021,Ashover,E05012040,1690,269,135,238,77,277,655,39
2021,Barlow & Holmesfield,E05012041,1668,219,162,223,96,316,615,37
2021,Brampton & Walton,E05012042,2880,406,226,345,145,454,1233,71
2021,Clay Cross North,E05012043,5566,1359,633,830,337,1045,1215,147
2021,Clay Cross South,E05012044,3034,904,384,432,182,504,557,71
2021,Coal Aston,E05012045,3265,536,300,460,258,586,1025,100
2021,Dronfield North,E05012046,2998,583,324,444,214,518,836,79
2021,Dronfield South,E05012047,4978,637,492,680,342,982,1740,105
2021,Dronfield Woodhouse,E05012048,1594,208,143,217,113,270,593,50
2021,Eckington North,E05012049,3351,672,382,483,286,611,818,99
2021,Eckington South & Renishaw,E05012050,4994,1223,562,781,317,917,1086,108
2021,Gosforth Valley,E05012051,4821,647,475,640,324,845,1764,126
2021,Grassmoor,E05012052,3305,750,390,507,228,606,749,75
2021,Holmewood & Heath,E05012053,3581,879,403,523,237,627,802,110
2021,Killamarsh East,E05012054,3165,702,397,474,253,557,705,77
2021,Killamarsh West,E05012055,4532,918,564,694,382,841,1047,86
2021,North Wingfield Central,E05012056,4947,1139,527,776,387,890,1107,121
2021,Pilsley & Morton,E05012057,4518,955,488,700,296,837,1129,113
2021,Ridgeway & Marsh Lane,E05012058,1509,330,143,199,120,235,448,34
2021,Shirland,E05012059,5030,1241,567,759,305,849,1200,109
2021,Sutton (North East Derbyshire),E05012060,3398,778,346,475,248,619,855,77
2021,Tupton,E05012061,4770,863,484,711,318,955,1344,95
2021,Unstone,E05012062,1572,337,183,230,107,266,405,44
2021,Wingerworth,E05012063,4113,513,394,540,254,723,1580,109
2021,Badgeworth,E05012064,2233,372,195,319,119,351,795,82
2021,Brockworth East,E05012065,3205,620,398,510,211,522,820,124
2021,Brockworth West,E05012066,4299,516,399,651,255,862,1506,110
2021,Churchdown Brookfield with Hucclecote,E05012067,5348,609,479,775,273,981,2105,126
2021,Churchdown St John's,E05012068,5813,880,582,918,338,1102,1836,157
2021,Cleeve Grange,E05012069,2549,350,244,366,174,462,890,63
2021,Cleeve Hill,E05012070,4328,451,346,525,207,632,2066,101
2021,Cleeve St Michael's,E05012071,4535,582,430,687,284,818,1636,98
2021,Cleeve West,E05012072,4010,373,351,589,182,738,1692,85
2021,Highnam with Haw Bridge,E05012073,3812,452,335,560,210,669,1504,82
2021,Innsworth,E05012074,4378,605,442,578,309,920,1411,113
2021,Isbourne,E05012075,3676,459,308,542,167,577,1543,80
2021,Northway,E05012076,3984,803,557,698,272,690,848,116
2021,Severn Vale North,E05012077,2134,284,187,319,115,365,836,28
2021,Severn Vale South,E05012078,2041,282,197,293,132,345,732,60
2021,Shurdington,E05012079,2032,249,183,293,107,343,802,55
2021,Tewkesbury East,E05012080,4342,477,474,741,240,823,1502,85
2021,Tewkesbury North & Twyning,E05012081,4225,646,436,604,299,640,1495,105
2021,Tewkesbury South,E05012082,4781,978,576,766,292,722,1319,128
2021,Winchcombe,E05012083,5629,728,450,766,246,897,2406,136
2021,Andover Downlands,E05012085,4610,433,402,741,191,1119,1640,84
2021,Andover Romans,E05012088,7623,973,876,1265,367,1552,2392,198
2021,Blackwater,E05012093,5457,699,416,732,281,844,2374,111
2021,Harewood (Test Valley),E05012097,2720,296,245,360,119,467,1173,60
2021,Mid Test,E05012098,7638,923,617,990,315,1314,3319,160
2021,Romsey Abbey,E05012100,4732,839,464,611,238,644,1785,151
2021,Romsey Tadburn,E05012102,4991,691,463,653,298,778,1979,129
2021,Bitton & Oldland Common,E05012104,7746,1107,851,1245,635,1542,2188,178
2021,Boyd Valley,E05012105,7811,1215,758,1136,535,1304,2676,187
2021,Bradley Stoke North,E05012106,9004,949,862,1212,541,1618,3570,252
2021,Bradley Stoke South,E05012107,7633,680,680,1066,340,1414,3272,181
2021,Charfield,E05012108,4419,561,455,756,255,813,1504,75
2021,Charlton & Cribbs,E05012109,7190,909,652,950,326,1226,2944,183
2021,Chipping Sodbury & Cotswold Edge,E05012110,8411,1143,779,1186,446,1419,3230,208
2021,Dodington,E05012111,7865,1143,1083,1383,617,1711,1737,191
2021,Emersons Green,E05012112,13296,1384,1220,1942,724,2680,5087,259
2021,Filton,E05012113,9645,1362,848,1112,568,2223,3263,269
2021,Frampton Cotterell,E05012114,10925,1588,1038,1493,743,2004,3792,267
2021,Frenchay & Downend,E05012115,11299,1502,949,1459,652,2017,4456,264
2021,Hanham,E05012116,10710,1694,1194,1616,877,2032,3015,282
2021,Kingswood (South Gloucestershire),E05012117,7406,1329,840,1048,480,1440,2056,213
2021,Longwell Green,E05012118,8281,1325,905,1338,698,1627,2207,181
2021,New Cheltenham,E05012119,7327,1295,868,1115,580,1456,1817,196
2021,Parkwall & Warmley,E05012120,7674,1326,847,1211,558,1550,2031,151
2021,Patchway Coniston,E05012121,4276,935,582,668,287,734,937,133
2021,Pilning & Severn Beach,E05012122,4053,751,437,625,294,724,1106,116
2021,Severn Vale,E05012123,8057,892,672,1103,448,1314,3457,171
2021,Staple Hill & Mangotsfield,E05012124,12076,2157,1377,1653,838,2113,3639,299
2021,Stoke Gifford,E05012125,11523,1368,1120,1536,629,2164,4445,261
2021,Stoke Park & Cheswick,E05012126,6750,286,239,496,121,3221,2267,120
2021,Thornbury,E05012127,11720,1372,1064,1608,636,1980,4766,294
2021,Winterbourne,E05012128,6236,891,529,847,420,1085,2295,169
2021,Woodstock (South Gloucestershire),E05012129,8376,1703,1042,1285,656,1544,1919,227
2021,Yate Central,E05012130,7530,1462,883,1233,557,1408,1742,245
2021,Yate North,E05012131,10121,1462,1222,1639,681,2072,2813,232
2021,Aldermaston,E05012132,3308,496,333,422,169,539,1263,86
2021,Basildon,E05012133,2855,234,179,322,96,409,1558,57
2021,Bradfield,E05012134,3437,422,263,667,132,564,1303,86
2021,Bucklebury,E05012135,2948,337,257,387,133,473,1307,54
2021,Burghfield & Mortimer,E05012136,8587,1021,760,1254,396,1423,3544,189
2021,Chieveley & Cold Ash,E05012137,6311,683,466,996,230,1061,2765,110
2021,Downlands,E05012138,3109,370,284,457,145,594,1179,80
2021,Hungerford & Kintbury,E05012139,9480,1423,954,1356,498,1533,3475,241
2021,Lambourn,E05012140,3516,638,386,502,238,623,1054,75
2021,Newbury Central,E05012141,6204,995,516,777,274,885,2607,150
2021,Newbury Clay Hill,E05012142,6117,1110,704,878,333,993,1927,172
2021,Newbury Greenham,E05012143,10349,1285,1033,1384,477,1757,4160,253
2021,Newbury Speen,E05012144,6315,1098,679,829,297,953,2289,170
2021,Newbury Wash Common,E05012145,7364,891,608,1022,385,1191,3096,171
2021,Pangbourne,E05012146,3078,301,233,434,128,424,1489,69
2021,Ridgeway (West Berkshire),E05012147,3327,369,254,471,149,578,1438,68
2021,Thatcham Central,E05012148,5828,893,664,916,332,1122,1766,135
2021,Thatcham Colthrop & Crookham,E05012149,2810,430,315,432,158,459,948,68
2021,Thatcham North East,E05012150,6131,958,755,982,337,1133,1834,132
2021,Thatcham West,E05012151,5989,1003,731,905,413,1178,1610,149
2021,Theale,E05012152,2523,440,258,369,136,450,822,48
2021,Tilehurst & Purley,E05012153,8705,1091,860,1286,547,1599,3124,198
2021,Tilehurst Birch Copse,E05012154,6381,1147,789,990,455,1052,1774,174
2021,Tilehurst South & Holybrook,E05012155,6058,846,702,916,329,1054,2046,165
2021,Berry Hill (Forest of Dean),E05012156,3681,749,373,575,278,642,963,101
2021,Bream,E05012157,4089,772,407,639,327,735,1102,107
2021,Cinderford East,E05012158,3630,823,417,590,234,685,766,115
2021,Cinderford West,E05012159,3574,946,440,597,269,583,639,100
2021,Coleford,E05012160,6408,1422,712,1018,425,1117,1549,165
2021,Dymock,E05012161,1683,241,156,216,88,278,675,29
2021,Hartpury & Redmarley,E05012162,4650,494,343,1015,184,1047,1480,87
2021,Longhope & Huntley,E05012163,3375,548,327,479,225,588,1104,104
2021,Lydbrook,E05012164,1876,350,208,255,129,313,579,42
2021,Lydney East,E05012165,5265,1029,684,902,329,969,1191,161
2021,Lydney North,E05012166,1531,276,184,279,124,271,355,42
2021,Lydney West & Aylburton,E05012167,2052,391,227,318,142,345,578,51
2021,"Mitcheldean, Ruardean & Drybrook",E05012168,6128,1095,703,971,452,1111,1638,158
2021,Newent & Taynton,E05012169,5558,1059,609,734,330,851,1808,167
2021,Newland & Sling,E05012170,2128,401,174,301,126,357,712,57
2021,Newnham (Forest of Dean),E05012171,4027,692,376,590,214,687,1378,90
2021,Pillowell,E05012172,1653,306,189,249,115,270,473,51
2021,Ruspidge,E05012173,2007,357,229,330,160,383,487,61
2021,St. Briavels,E05012174,2015,289,168,258,114,308,823,55
2021,Tidenham,E05012175,5945,858,547,848,350,1025,2178,139
2021,Westbury-on-Severn,E05012176,1771,328,177,262,105,297,547,55
2021,Aldenham East,E05012177,4025,377,216,510,115,486,2232,89
2021,Aldenham West,E05012178,4130,572,332,523,158,571,1890,84
2021,Bentley Heath & The Royds,E05012179,5054,936,479,650,258,785,1798,148
2021,Borehamwood Brookmeadow,E05012180,6806,1264,719,864,302,938,2517,202
2021,Borehamwood Cowley Hill,E05012181,7397,1603,858,1002,368,1051,2283,232
2021,Borehamwood Hillside,E05012182,6670,1208,552,812,305,918,2686,189
2021,Borehamwood Kenilworth,E05012183,7401,1201,786,1021,329,1176,2652,236
2021,Bushey Heath,E05012184,4501,778,361,592,188,540,1891,151
2021,Bushey North,E05012185,6357,811,565,833,274,1006,2699,169
2021,Bushey Park,E05012186,5806,763,506,759,266,883,2476,153
2021,Bushey St James,E05012187,6126,877,527,872,315,937,2439,159
2021,Elstree,E05012188,4047,525,291,493,118,520,1996,104
2021,Potters Bar Furzefield,E05012189,4640,756,492,607,222,830,1606,127
2021,Potters Bar Oakmere,E05012190,4681,848,500,644,224,768,1559,138
2021,Potters Bar Parkfield,E05012191,4244,600,318,563,197,674,1769,123
2021,Shenley,E05012192,4306,657,417,651,187,659,1641,94
2021,Ashton (Preston),E05012193,7245,1113,619,882,473,1317,2655,186
2021,Brookfield (Preston),E05012194,6267,1686,744,887,420,972,1382,176
2021,Cadley,E05012195,6983,1287,630,884,485,1152,2334,211
2021,City Centre,E05012196,10669,1612,682,1087,349,2811,3809,319
2021,Deepdale,E05012197,7310,2118,861,996,249,1123,1678,285
2021,Fishwick & Frenchwood,E05012198,7074,1909,829,984,318,1035,1679,320
2021,Garrison,E05012199,7397,1049,580,938,380,1333,2958,159
2021,Greyfriars (Preston),E05012200,6798,956,557,794,392,1075,2857,167
2021,Ingol & Cottam,E05012201,7438,1289,699,1055,469,1292,2465,169
2021,Lea & Larches,E05012202,7318,1525,817,1117,489,1369,1839,162
2021,Plungington,E05012203,9732,1573,753,1135,427,2720,2841,283
2021,Preston Rural East,E05012204,6886,916,524,885,392,1233,2782,154
2021,Preston Rural North,E05012205,5684,558,379,713,285,1039,2607,103
2021,Ribbleton,E05012206,6900,1999,831,1036,448,1069,1296,221
2021,St Matthew's (Preston),E05012207,8209,2466,1033,1062,461,1096,1706,385
2021,Sharoe Green,E05012208,6759,1023,605,788,372,1029,2753,189
2021,Blacon,E05012209,11128,2883,1413,1802,702,1806,2214,308
2021,Central & Grange,E05012210,9741,2252,1301,1595,509,1786,2066,232
2021,Chester City & the Garden Quarter,E05012211,17066,1763,880,1590,550,4597,7354,332
2021,Christleton & Huntington,E05012212,9206,848,580,1180,413,1479,4540,166
2021,"Davenham, Moulton & Kingsmead",E05012213,8877,942,713,1205,418,1647,3765,187
2021,Farndon,E05012214,3978,427,294,596,200,647,1733,81
2021,Frodsham,E05012215,7810,1085,612,1081,402,1188,3267,175
2021,Gowy Rural,E05012216,7697,1145,700,1009,383,1296,2988,176
2021,Great Boughton,E05012217,9081,1257,691,1123,527,1387,3866,230
2021,Handbridge Park,E05012218,8055,893,560,945,318,1006,4131,202
2021,Hartford & Greenbank,E05012219,7268,778,572,964,315,1131,3365,143
2021,Helsby,E05012220,4458,606,347,584,238,764,1808,111
2021,Lache,E05012221,4651,958,498,622,235,749,1468,121
2021,Ledsham & Manor,E05012222,7959,896,724,1144,480,1673,2875,167
2021,Little Neston,E05012223,4138,482,371,515,268,731,1672,99
2021,Malpas (Cheshire West and Chester),E05012224,4103,662,382,564,233,674,1478,110
2021,Marbury,E05012225,10913,1788,981,1541,680,1911,3761,251
2021,Neston,E05012226,4674,878,460,632,301,820,1477,106
2021,Netherpool,E05012227,4644,959,486,694,296,890,1185,134
2021,Newton & Hoole,E05012228,12313,1777,969,1457,590,1882,5384,254
2021,Northwich Leftwich,E05012229,3973,877,475,603,203,691,1038,86
2021,Northwich Winnington & Castle,E05012230,7347,882,722,1041,383,1618,2529,172
2021,Northwich Witton,E05012231,4192,932,487,622,287,730,1029,105
2021,Parkgate,E05012232,4317,439,317,517,231,769,1959,85
2021,Rudheath,E05012233,4709,967,579,675,323,956,1087,122
2021,Sandstone,E05012234,4228,500,289,497,191,659,2000,92
2021,Saughall & Mollington,E05012235,4437,658,340,565,262,709,1787,116
2021,Shakerley,E05012236,4447,729,450,611,313,722,1499,123
2021,Strawberry,E05012237,4456,701,468,664,304,904,1300,115
2021,Sutton Villages,E05012238,8933,1794,1100,1483,620,1720,1968,248
2021,Tarporley,E05012239,4282,536,305,582,212,656,1889,102
2021,Tarvin & Kelsall,E05012240,7757,1073,577,919,397,1177,3450,164
2021,Tattenhall,E05012241,4194,534,328,557,187,623,1871,94
2021,Upton (Cheshire West and Chester),E05012242,8349,1051,685,985,400,1440,3596,192
2021,Weaver & Cuddington,E05012243,12460,1834,1081,1671,642,2062,4914,256
2021,Westminster,E05012244,4323,958,502,699,216,802,1034,112
2021,Whitby Groves,E05012245,3599,499,364,571,229,683,1168,85
2021,Whitby Park,E05012246,4445,822,431,732,289,914,1142,115
2021,Willaston & Thornton,E05012247,4426,449,311,512,238,723,2081,112
2021,Winsford Dene,E05012248,4406,1039,528,644,271,849,967,108
2021,Winsford Gravel,E05012249,3561,846,420,507,272,638,787,91
2021,Winsford Over & Verdin,E05012250,12105,2434,1436,1964,652,2176,3165,278
2021,Winsford Swanlow,E05012251,3761,786,475,523,233,656,992,96
2021,Winsford Wharton,E05012252,4394,1001,618,735,260,777,902,101
2021,Wolverham,E05012253,4480,1147,647,740,238,739,834,135
2021,Barton with Watcombe,E05012254,9687,1880,1210,1620,705,1785,2228,259
2021,Churston with Galmpton,E05012255,6069,979,655,923,452,1028,1807,225
2021,Clifton with Maidenway,E05012256,6660,1244,824,1032,526,1293,1553,188
2021,Cockington with Chelston,E05012257,6911,1134,718,1069,459,1210,2145,176
2021,Collaton St Mary,E05012258,2635,487,327,407,179,512,660,63
2021,Ellacombe,E05012259,6761,1329,830,1050,484,1318,1574,176
2021,Furzeham with Summercombe,E05012260,8694,1755,986,1287,716,1426,2233,291
2021,Goodrington with Roselands,E05012261,6392,1288,776,941,552,1118,1514,203
2021,King's Ash,E05012262,6052,1199,830,1061,392,1135,1259,176
2021,Preston (Torbay),E05012263,9021,1783,983,1275,711,1588,2425,256
2021,Roundham with Hyde,E05012264,7705,1995,949,1202,571,1189,1556,243
2021,St Marychurch,E05012265,10567,2264,1261,1612,772,1793,2546,319
2021,St Peter's with St Mary's,E05012266,5920,1111,637,918,490,1026,1546,192
2021,Shiphay,E05012267,6435,1107,694,1009,515,1207,1749,154
2021,Tormohun,E05012268,10895,2292,1369,1768,705,1703,2678,380
2021,Wellswood,E05012269,6631,1290,648,922,458,897,2156,260
2021,Aspley,E05012270,13248,3680,1682,2191,670,1891,2682,452
2021,Basford,E05012271,12961,3045,1394,1881,761,2290,3220,370
2021,Berridge,E05012272,14066,2969,1326,1541,544,2352,4926,408
2021,Bestwood,E05012273,13154,3516,1683,1914,755,1933,2952,401
2021,Bilborough,E05012274,13260,3819,1551,1864,629,1932,3005,460
2021,Bulwell,E05012275,12523,3812,1558,1974,774,1816,2261,328
2021,Bulwell Forest,E05012276,11317,2804,1296,1650,713,1949,2544,361
2021,Castle (Nottingham),E05012277,10414,481,244,572,166,2944,5807,200
2021,Clifton East,E05012278,13479,3548,1777,2106,761,2306,2598,383
2021,Clifton West,E05012279,9153,1599,796,1057,493,2434,2549,225
2021,Dales,E05012280,13353,3116,1405,1808,614,2170,3787,453
2021,Hyson Green & Arboretum,E05012281,19939,3186,1296,1521,519,8226,4632,559
2021,Leen Valley,E05012282,7651,1778,756,988,330,1114,2445,240
2021,Lenton & Wollaton East,E05012283,20063,1618,649,947,317,11317,4904,311
2021,Mapperley,E05012284,13676,2196,1073,1541,572,2444,5507,343
2021,Meadows,E05012285,8667,1715,790,1004,356,1408,3152,242
2021,Radford (Nottingham),E05012286,15225,1459,529,730,200,8744,3287,276
2021,St. Ann's (Nottingham),E05012287,17051,3399,1355,1690,629,5372,4140,466
2021,Sherwood (Nottingham),E05012288,13063,2098,1107,1504,535,1955,5544,320
2021,Wollaton West,E05012289,12062,1715,830,1363,497,1640,5733,284
2021,Alton Amery,E05012290,2178,298,192,340,141,426,732,49
2021,Alton Ashdell,E05012291,2043,209,188,307,82,356,850,51
2021,Alton Eastbrooke,E05012292,2336,527,273,343,106,402,628,57
2021,Alton Holybourne,E05012293,2375,316,224,348,91,399,927,70
2021,Alton Westbrooke,E05012294,2454,365,203,347,123,421,923,72
2021,Alton Whitedown,E05012295,1933,250,153,280,99,337,776,38
2021,Alton Wooteys,E05012296,2775,444,326,415,140,517,855,78
2021,Bentworth & Froyle,E05012297,2331,185,159,336,71,444,1113,23
2021,"Binsted, Bentley & Selborne",E05012298,5042,517,324,709,193,790,2395,114
2021,Bramshott & Liphook,E05012299,7901,989,676,1052,376,1325,3289,194
2021,Buriton & East Meon,E05012300,2308,240,155,306,93,425,1038,51
2021,Clanfield,E05012301,4844,534,405,761,258,950,1843,93
2021,Four Marks & Medstead,E05012302,6814,705,567,944,276,1201,2978,143
2021,"Froxfield, Sheet & Steep",E05012303,2689,237,153,485,62,440,1267,45
2021,Grayshott,E05012304,2306,305,156,308,98,386,1001,52
2021,Headley,E05012305,4744,661,419,660,207,729,1965,103
2021,Horndean Catherington,E05012306,2385,233,188,356,138,466,950,54
2021,Horndean Downs,E05012307,2625,337,262,390,145,576,854,61
2021,Horndean Kings & Blendworth,E05012308,4153,623,414,608,301,777,1293,137
2021,Horndean Murray,E05012309,2139,346,232,349,129,409,630,44
2021,Lindford,E05012310,2261,318,256,372,146,464,664,41
2021,Liss,E05012311,5322,860,443,731,263,848,2058,119
2021,Petersfield Bell Hill,E05012312,2243,299,203,303,106,358,923,51
2021,Petersfield Causeway,E05012313,2754,439,260,424,141,440,998,52
2021,Petersfield Heath,E05012314,2377,253,214,332,89,440,990,59
2021,Petersfield St Peter's,E05012315,4725,610,351,567,198,733,2161,105
2021,"Ropley, Hawkley & Hangers",E05012316,2432,230,179,368,97,403,1103,52
2021,Rowlands Castle,E05012317,2738,313,198,330,118,417,1309,53
2021,Whitehill Chase,E05012318,5293,933,652,834,309,1043,1340,182
2021,Whitehill Hogmoor & Greatham,E05012319,5095,801,466,782,297,1033,1569,147
2021,Whitehill Pinewood,E05012320,2217,229,185,367,101,520,785,30
2021,Airfield,E05012321,4905,812,457,707,288,1184,1330,127
2021,Bircham with Rudhams,E05012322,2217,427,237,302,133,361,686,71
2021,Brancaster,E05012323,1954,374,189,283,124,276,653,55
2021,Burnham Market & Docking,E05012324,2205,499,219,324,148,299,659,57
2021,Clenchwarton,E05012325,2385,599,287,362,170,425,457,85
2021,Denver,E05012326,2064,464,267,323,156,332,455,67
2021,Dersingham,E05012327,5248,1240,633,789,391,809,1189,197
2021,Downham Old Town,E05012328,2630,588,351,406,135,361,698,91
2021,East Downham,E05012329,2522,399,321,410,156,495,669,72
2021,Emneth & Outwell,E05012330,4286,1142,512,700,264,683,841,144
2021,Fairstead,E05012331,5166,1275,727,774,246,709,1225,210
2021,Feltwell,E05012332,5133,1444,626,692,337,813,1055,166
2021,Gayton & Grimston,E05012333,5041,1046,574,795,318,908,1244,156
2021,Gaywood Chase,E05012334,2074,472,221,298,107,350,560,66
2021,Gaywood Clock,E05012335,2619,773,372,379,166,375,458,96
2021,Gaywood North Bank,E05012336,7110,1513,877,1187,487,1388,1431,227
2021,Heacham,E05012337,4643,1163,568,674,383,658,1059,138
2021,Hunstanton,E05012338,3807,1002,484,603,267,499,814,138
2021,Massingham with Castle Acre,E05012339,2653,530,265,395,153,402,844,64
2021,Methwold,E05012340,2395,553,253,369,127,406,600,87
2021,North Downham,E05012341,2177,528,246,363,165,324,459,92
2021,North Lynn,E05012342,5254,1676,872,737,295,619,822,233
2021,St. Margaret's with St. Nicholas,E05012343,4830,1231,625,695,260,686,1169,164
2021,Snettisham,E05012344,2359,598,283,339,166,352,550,71
2021,South & West Lynn,E05012345,4091,1061,549,668,237,624,783,169
2021,South Downham,E05012346,2176,634,249,291,171,294,438,99
2021,Springwood,E05012347,2407,384,244,353,143,393,815,75
2021,Terrington,E05012348,5035,1255,611,757,343,906,1005,158
2021,The Woottons,E05012349,5767,939,589,877,356,1031,1813,162
2021,"Tilney, Mershe Lande & Wiggenhall",E05012350,4427,1059,537,706,272,783,940,130
2021,Upwell & Delph,E05012351,5336,1330,651,809,346,897,1140,163
2021,"Walsoken, West Walton & Walpole",E05012352,5066,1276,631,808,350,870,990,141
2021,Watlington (King's Lynn and West Norfolk),E05012353,2310,407,284,393,142,449,565,70
2021,West Winch,E05012354,4263,898,528,615,289,793,1019,121
2021,Wissey,E05012355,2338,546,255,323,134,413,601,66
2021,Bean & Village Park,E05012392,2147,403,234,330,121,395,592,72
2021,Brent (Dartford),E05012393,4839,843,560,807,299,799,1382,149
2021,Bridge (Dartford),E05012394,2821,174,194,319,95,434,1546,59
2021,Burnham,E05012395,2536,390,249,392,140,408,910,47
2021,Darenth,E05012396,2426,488,305,352,146,406,605,124
2021,Ebbsfleet,E05012397,3418,216,235,423,103,596,1788,57
2021,Greenhithe & Knockhall,E05012398,5855,769,539,912,289,1049,2153,144
2021,Heath (Dartford),E05012399,4679,627,505,776,309,825,1514,123
2021,Joyden's Wood,E05012400,4346,822,495,695,280,703,1206,145
2021,"Longfield, New Barn & Southfleet",E05012401,5724,922,599,926,379,1007,1700,191
2021,Maypole & Leyton Cross,E05012402,2415,294,254,418,101,432,840,76
2021,Newtown (Dartford),E05012403,4633,841,537,696,256,739,1451,113
2021,Princes,E05012404,4690,1015,634,718,284,727,1147,165
2021,Stone Castle,E05012405,6097,799,649,935,335,1165,2071,143
2021,Stone House,E05012406,5083,917,599,778,280,837,1544,128
2021,Swanscombe,E05012407,5368,1174,761,870,338,855,1217,153
2021,Temple Hill,E05012408,7006,1563,929,1100,400,1056,1759,199
2021,Town (Dartford),E05012409,3748,418,245,401,114,503,1984,83
2021,West Hill (Dartford),E05012410,6415,897,758,972,320,1048,2256,164
2021,"Wilmington, Sutton-at-Hone & Hawley",E05012411,6452,1147,727,1027,463,1202,1697,189
2021,Barnstaple Central,E05012412,2343,531,302,331,125,356,640,58
2021,Barnstaple with Pilton,E05012413,6476,1175,808,1016,445,1126,1742,164
2021,Barnstaple with Westacott,E05012414,5936,1301,744,1037,403,1135,1200,116
2021,Bickington,E05012415,5741,1038,652,921,385,1072,1538,135
2021,Bishop's Nympton,E05012416,1872,309,209,281,121,333,573,46
2021,Bratton Fleming,E05012417,2030,312,199,329,110,353,675,52
2021,Braunton East,E05012418,4028,583,359,563,300,690,1419,114
2021,Braunton West & Georgeham,E05012419,3937,624,371,578,300,684,1271,109
2021,Chittlehampton,E05012420,1982,302,236,302,132,327,638,45
2021,Chulmleigh,E05012421,1821,315,196,301,99,304,555,51
2021,Combe Martin,E05012422,2251,435,245,326,164,375,636,70
2021,Fremington,E05012423,4396,865,412,637,332,782,1250,118
2021,Heanton Punchardon,E05012424,2276,294,233,354,127,526,675,67
2021,Ilfracombe East,E05012425,5573,1108,740,843,409,902,1408,163
2021,Ilfracombe West,E05012426,3695,683,455,591,255,652,964,95
2021,Instow,E05012427,1908,280,167,268,124,321,690,58
2021,Landkey,E05012428,3795,604,381,583,230,677,1227,93
2021,Lynton & Lynmouth,E05012429,1846,297,202,260,107,313,630,37
2021,Marwood,E05012430,2066,299,225,335,158,334,673,42
2021,Mortehoe,E05012431,1727,235,169,255,114,306,598,50
2021,Newport (North Devon),E05012432,4116,714,432,649,234,762,1211,114
2021,North Molton,E05012433,1939,307,191,355,123,351,572,40
2021,Roundswell,E05012434,3101,558,315,438,267,574,851,98
2021,South Molton,E05012435,5235,997,651,864,365,979,1252,127
2021,Witheridge,E05012436,2092,427,207,328,123,365,570,72
2021,Belmont (Redcar and Cleveland),E05012437,3803,504,311,525,303,801,1282,77
2021,Brotton,E05012438,5605,1377,592,819,471,1112,1102,132
2021,Coatham,E05012439,4149,1051,421,576,306,722,940,133
2021,Dormanstown,E05012440,3712,984,440,550,277,692,678,91
2021,Eston,E05012441,6048,1712,701,872,430,1062,1103,168
2021,Grangetown (Redcar and Cleveland),E05012442,4603,1503,561,781,268,709,672,109
2021,Guisborough,E05012443,6430,1436,591,835,532,1189,1642,205
2021,Hutton,E05012444,5600,751,400,673,396,981,2267,132
2021,Kirkleatham,E05012445,6055,1525,621,886,486,1172,1188,177
2021,Lockwood,E05012446,1987,521,167,302,159,329,464,45
2021,Loftus,E05012447,5167,1363,530,753,418,922,1043,138
2021,Longbeck,E05012448,3423,571,298,495,330,713,909,107
2021,Newcomen,E05012449,4067,887,437,609,282,859,893,100
2021,Normanby,E05012450,5568,1191,563,724,465,1139,1325,161
2021,Ormesby (Redcar and Cleveland),E05012451,5362,1183,533,720,441,975,1359,151
2021,St Germain's,E05012452,5711,1036,500,734,503,1107,1659,172
2021,Saltburn,E05012453,5551,949,434,694,401,907,2010,156
2021,Skelton East,E05012454,3534,750,368,522,268,723,812,91
2021,Skelton West,E05012455,3670,845,350,526,244,751,862,92
2021,South Bank,E05012456,4178,1326,409,568,255,690,829,101
2021,Teesville,E05012457,5114,1369,566,663,456,918,1017,125
2021,West Dyke,E05012458,5073,861,478,686,456,1056,1398,138
2021,Wheatlands,E05012459,4281,385,328,604,267,1074,1547,76
2021,Zetland,E05012460,3643,651,382,548,276,697,1001,88
2021,Bathavon North,E05012461,5721,568,371,605,233,797,3024,123
2021,Bathavon South,E05012462,4545,476,299,593,170,669,2268,70
2021,Bathwick,E05012463,7425,329,166,432,110,3212,3009,167
2021,Chew Valley,E05012464,4940,567,379,636,222,814,2201,121
2021,Clutton & Farmborough,E05012465,2604,362,212,375,158,463,975,59
2021,Combe Down,E05012466,5233,566,371,590,177,940,2496,93
2021,High Littleton,E05012467,2536,393,213,405,163,446,867,49
2021,Keynsham East,E05012468,4815,566,391,705,283,804,1938,128
2021,Keynsham North,E05012469,5543,814,528,778,325,847,2105,146
2021,Keynsham South,E05012470,5601,847,538,886,349,1063,1790,128
2021,Kingsmead,E05012471,6056,438,271,454,134,1634,2980,145
2021,Lambridge,E05012472,4898,530,309,502,221,690,2552,94
2021,Lansdown (Bath and North East Somerset),E05012473,5598,308,237,550,120,961,3319,103
2021,Mendip,E05012474,2467,314,197,341,105,425,1037,48
2021,Midsomer Norton North,E05012475,4747,820,504,718,375,945,1275,110
2021,Midsomer Norton Redfield,E05012476,5230,1026,561,840,412,1011,1229,151
2021,Moorlands,E05012477,2706,356,216,331,117,490,1136,60
2021,Newbridge (Bath and North East Somerset),E05012478,5535,562,278,528,181,1031,2856,99
2021,Odd Down,E05012479,6043,839,512,717,325,1300,2209,141
2021,Oldfield Park,E05012480,3496,237,121,222,88,1254,1495,79
2021,Paulton,E05012481,5198,974,560,823,382,969,1364,126
2021,Peasedown,E05012482,5435,878,588,805,364,1015,1653,132
2021,Publow & Whitchurch,E05012483,2609,384,262,366,193,500,837,67
2021,Radstock,E05012484,4834,816,514,831,353,951,1261,108
2021,Saltford,E05012485,5792,581,365,610,227,1847,2060,102
2021,Southdown,E05012486,6121,870,467,681,322,1658,2002,121
2021,Timsbury,E05012487,2222,397,216,266,146,385,772,40
2021,Twerton,E05012488,5524,1325,636,725,301,1101,1288,148
2021,Walcot,E05012489,4802,394,256,420,154,859,2611,108
2021,Westfield (Bath and North East Somerset),E05012490,5236,995,690,876,386,1039,1125,125
2021,Westmoreland,E05012491,6972,356,179,439,135,3316,2440,107
2021,Weston,E05012492,4681,526,326,527,221,678,2263,140
2021,Widcombe & Lyncombe,E05012493,6451,389,241,568,154,1205,3813,81
2021,Ascot & Sunninghill,E05012494,9636,878,600,1444,302,1414,4762,236
2021,Belmont (Windsor and Maidenhead),E05012495,5719,684,433,665,191,789,2831,126
2021,Bisham & Cookham,E05012496,5621,585,384,671,205,801,2857,118
2021,Boyn Hill,E05012497,5761,701,471,680,213,852,2671,173
2021,Bray,E05012498,6287,743,466,876,264,1061,2735,142
2021,Clewer & Dedworth East,E05012499,6354,1019,664,900,299,982,2298,192
2021,Clewer & Dedworth West,E05012500,5764,856,562,780,364,957,2095,150
2021,Clewer East,E05012501,5516,615,451,658,227,815,2625,125
2021,Cox Green,E05012502,5990,767,595,795,314,1012,2387,120
2021,"Datchet, Horton & Wraysbury",E05012503,8866,1305,884,1081,393,1338,3624,241
2021,Eton & Castle,E05012504,10436,1145,710,1560,360,1396,5025,240
2021,Furze Platt,E05012505,6183,897,528,841,286,933,2531,167
2021,Hurley & Walthams,E05012506,5366,808,464,686,252,864,2169,123
2021,Old Windsor,E05012507,6376,761,546,779,300,980,2849,161
2021,Oldfield,E05012508,5799,907,547,659,242,771,2501,172
2021,Pinkneys Green,E05012509,6037,746,498,841,267,922,2610,153
2021,Riverside (Windsor and Maidenhead),E05012510,6543,703,479,754,223,928,3321,135
2021,St Mary's (Windsor and Maidenhead),E05012511,6047,816,433,602,183,768,3034,211
2021,Sunningdale & Cheapside,E05012512,5364,615,361,646,169,758,2678,137
2021,Assington,E05012565,2316,387,206,344,136,394,791,58
2021,Box Vale,E05012566,2417,351,193,344,146,409,901,73
2021,Brantham,E05012567,2175,376,236,375,128,409,596,55
2021,Brett Vale,E05012568,2689,368,254,399,135,468,1004,61
2021,Bures St Mary & Nayland,E05012569,2400,348,211,337,119,391,918,76
2021,Capel St Mary,E05012570,2596,365,254,391,149,477,895,65
2021,Chadacre,E05012571,5146,876,613,787,338,912,1494,126
2021,Copdock & Washbrook,E05012572,2751,382,293,430,190,487,907,62
2021,East Bergholt,E05012573,2327,362,215,353,147,316,871,63
2021,Ganges,E05012574,2023,359,210,307,126,403,558,60
2021,Great Cornard,E05012575,7975,1595,1121,1443,507,1427,1641,241
2021,Hadleigh North,E05012576,2202,305,234,347,149,441,667,59
2021,Hadleigh South,E05012577,4965,1002,591,782,297,865,1283,145
2021,Lavenham,E05012578,4529,821,500,649,283,715,1438,123
2021,Long Melford,E05012579,5180,997,612,779,363,882,1406,141
2021,North West Cosford,E05012580,2268,352,268,332,134,412,721,49
2021,Orwell,E05012581,2171,315,201,320,135,377,755,68
2021,South East Cosford,E05012582,2268,329,192,335,146,393,807,66
2021,Sproughton & Pinewood,E05012583,4849,736,568,804,323,961,1322,135
2021,Stour,E05012584,2617,394,198,430,133,403,996,63
2021,Sudbury North East,E05012585,2466,617,394,426,156,371,430,72
2021,Sudbury North West,E05012586,4573,867,536,723,289,801,1241,116
2021,Sudbury South East,E05012587,1996,493,280,295,128,307,446,47
2021,Sudbury South West,E05012588,2478,494,258,410,126,389,730,71
2021,Bacton (Mid Suffolk),E05012589,2401,439,267,333,148,437,695,82
2021,Battisford & Ringshall,E05012590,3092,563,270,359,203,627,983,87
2021,Blakenham,E05012591,2926,439,269,446,210,663,828,71
2021,Bramford,E05012592,2264,499,242,331,181,400,557,54
2021,Chilton (Mid Suffolk),E05012593,5645,1059,656,891,357,1086,1444,152
2021,Claydon & Barham,E05012594,4937,896,469,772,318,898,1450,134
2021,Combs Ford,E05012595,4703,1054,646,694,307,883,986,133
2021,Debenham,E05012596,2744,413,242,434,173,467,949,66
2021,Elmswell & Woolpit,E05012597,5431,865,607,774,321,979,1751,134
2021,Eye,E05012598,2462,533,263,340,150,397,697,82
2021,Fressingfield,E05012599,2453,480,233,353,146,412,768,61
2021,Gislingham,E05012600,2746,401,293,452,167,464,897,72
2021,"Haughley, Stowupland & Wetherden",E05012601,4852,963,547,682,332,843,1355,130
2021,Hoxne & Worlingworth,E05012602,2308,412,217,353,120,402,758,46
2021,Mendlesham,E05012603,2500,413,255,390,140,437,805,60
2021,Needham Market,E05012604,5196,987,578,810,335,934,1394,158
2021,Onehouse,E05012605,2281,351,243,313,130,426,755,63
2021,Palgrave,E05012606,2500,467,250,352,165,418,777,71
2021,Rattlesden,E05012607,2627,378,241,386,135,444,981,62
2021,Rickinghall,E05012608,2475,477,257,360,154,424,730,73
2021,St Peter's (Mid Suffolk),E05012609,2717,606,320,406,177,446,683,79
2021,Stonham,E05012610,2427,326,236,361,138,400,922,44
2021,Stow Thorney,E05012611,4430,456,485,757,226,1012,1395,99
2021,Stradbroke & Laxfield,E05012612,2601,506,284,395,153,451,749,63
2021,Thurston,E05012613,4937,706,484,680,301,853,1786,127
2021,Walsham-le-Willows,E05012614,2645,497,287,361,157,463,823,57
2021,Bishop's Tachbrook,E05012615,4924,556,353,589,183,805,2337,101
2021,Budbrooke,E05012616,5196,502,348,630,232,819,2550,115
2021,Cubbington & Leek Wootton,E05012617,4345,587,342,521,226,690,1877,102
2021,Kenilworth Abbey & Arden,E05012618,10350,807,541,981,379,2898,4476,268
2021,Kenilworth Park Hill,E05012619,8225,871,519,953,384,1241,4093,164
2021,Kenilworth St John's,E05012620,8048,915,574,917,406,1155,3923,158
2021,Leamington Brunswick,E05012621,8768,1560,759,818,333,2355,2698,245
2021,Leamington Clarendon,E05012622,9181,892,448,749,248,1832,4819,193
2021,Leamington Lillington,E05012623,9581,1503,916,1138,462,1399,3930,233
2021,Leamington Milverton,E05012624,8303,758,446,726,279,1026,4930,138
2021,Leamington Willes,E05012625,9028,1232,672,800,348,2000,3735,241
2021,Radford Semele,E05012626,2910,325,225,345,139,501,1328,47
2021,Warwick All Saints & Woodloes,E05012627,8028,1358,778,965,435,1188,3103,201
2021,Warwick Aylesford,E05012628,5611,728,445,706,203,855,2580,94
2021,Warwick Myton & Heathcote,E05012629,6605,657,400,751,222,853,3606,116
2021,Warwick Saltisford,E05012630,6097,1003,499,696,255,884,2604,156
2021,Whitnash,E05012631,8058,1294,755,951,426,1331,3096,205
2021,Barleythorpe,E05012632,2256,208,188,331,101,480,892,56
2021,Braunston & Martinsthorpe,E05012633,2131,228,125,297,112,320,1016,33
2021,Cottesmore,E05012634,3003,320,323,495,262,643,900,60
2021,Exton,E05012635,1207,151,98,162,70,189,507,30
2021,Greetham,E05012636,2235,414,228,373,118,354,658,90
2021,Ketton,E05012637,2384,293,183,327,108,384,1031,58
2021,Langham,E05012638,1212,184,95,149,89,174,488,33
2021,Lyddington,E05012639,1167,117,78,153,59,184,560,16
2021,Normanton (Rutland),E05012640,2667,275,232,352,107,531,1124,46
2021,Oakham North East,E05012641,2628,354,258,489,121,390,959,57
2021,Oakham North West,E05012642,2524,498,263,395,138,469,698,63
2021,Oakham South,E05012643,3660,499,309,502,210,557,1483,100
2021,Ryhall & Casterton,E05012644,2400,310,222,363,190,422,846,47
2021,Uppingham,E05012645,3743,507,277,746,195,559,1375,84
2021,Whissendine,E05012646,1085,134,76,148,52,181,473,21
2021,Beeston & Holbeck,E05012647,20773,4986,2405,2697,1166,2834,5929,756
2021,Farnley & Wortley,E05012648,20066,4568,2324,2940,1409,3392,4886,547
2021,Alderney & Bourne Valley,E05012649,13459,2795,1621,1911,935,2443,3356,398
2021,Bearwood & Merley,E05012650,11701,1760,1316,1919,866,2037,3485,318
2021,Boscombe East & Pokesdown,E05012651,9161,1274,824,1221,450,1703,3399,290
2021,Boscombe West,E05012652,9098,1708,903,1131,535,1454,3024,343
2021,Bournemouth Central,E05012653,15135,1561,869,1254,524,5035,5451,441
2021,Broadstone,E05012654,8832,1138,795,1313,564,1515,3283,224
2021,Burton & Grange,E05012655,7630,1571,987,1225,563,1366,1708,210
2021,Canford Cliffs,E05012656,8452,1111,655,1104,458,1099,3751,274
2021,Canford Heath,E05012657,11608,1865,1438,1982,811,2298,2870,344
2021,Christchurch Town,E05012658,8549,1420,853,1358,505,1496,2671,246
2021,Commons,E05012659,8557,1354,917,1349,572,1486,2623,256
2021,Creekmoor,E05012660,7832,1548,868,1246,557,1482,1920,211
2021,East Cliff & Springbourne,E05012661,14677,2456,1322,1674,717,2944,5064,500
2021,East Southbourne & Tuckton,E05012662,7599,1060,613,1048,468,1223,2956,231
2021,Hamworthy,E05012663,11494,2351,1399,1806,799,2117,2694,328
2021,Highcliffe & Walkford,E05012664,8904,1548,836,1318,682,1347,2840,333
2021,Kinson,E05012665,14328,3565,1995,2219,1017,2257,2829,446
2021,Littledown & Iford,E05012666,8098,986,689,1191,453,1455,3125,199
2021,Moordown,E05012667,8295,1126,831,1282,492,1709,2677,178
2021,"Mudeford, Stanpit & West Highcliffe",E05012668,8869,1342,874,1329,618,1519,2927,260
2021,Muscliff & Strouden Park,E05012669,13359,2299,1513,2141,836,2415,3748,407
2021,Newtown & Heatherlands,E05012670,14368,2732,1617,2164,1017,2589,3810,439
2021,Oakdale,E05012671,9243,1665,1082,1430,683,1705,2425,253
2021,Parkstone,E05012672,9194,1140,742,1240,488,1499,3834,251
2021,Penn Hill,E05012673,9459,1012,750,1358,434,1526,4165,214
2021,Poole Town,E05012674,10669,2000,1058,1486,615,1725,3457,328
2021,"Queen's Park (Bournemouth, Christchurch and Poole)",E05012675,9261,1225,772,1229,492,1721,3577,245
2021,Redhill & Northbourne,E05012676,8114,1369,925,1293,644,1567,2059,257
2021,Talbot & Branksome Woods,E05012677,11858,1471,921,1443,588,2356,4755,324
2021,Wallisdown & Winton West,E05012678,9059,1397,798,1192,497,2387,2547,241
2021,West Southbourne,E05012679,8699,1198,803,1188,448,1508,3302,252
2021,Westbourne & West Cliff,E05012680,9382,1295,734,1144,443,1438,3989,339
2021,Winton East,E05012681,9970,975,780,1147,415,3352,3117,184
2021,Beacon (Dorset),E05012682,4442,539,388,762,247,683,1694,129
2021,Beaminster,E05012683,3681,580,352,520,271,616,1234,108
2021,Blackmore Vale,E05012684,3903,573,407,581,228,718,1294,102
2021,Blandford,E05012685,8489,1485,990,1285,566,1548,2364,251
2021,Bridport,E05012686,12686,2272,1325,1785,883,2093,3975,353
2021,Chalk Valleys,E05012687,4108,521,375,575,230,652,1643,112
2021,Charminster St Mary's,E05012688,4317,572,386,594,233,779,1638,115
2021,Chesil Bank,E05012689,3514,456,325,446,204,602,1394,87
2021,Chickerell,E05012690,6536,1172,733,992,542,1309,1617,171
2021,Colehill & Wimborne Minster East,E05012691,7169,861,593,1059,437,1313,2746,160
2021,Corfe Mullen,E05012692,8595,1018,942,1355,640,1725,2709,206
2021,Cranborne & Alderholt,E05012693,4218,597,422,632,260,790,1398,119
2021,Cranborne Chase,E05012694,4235,466,379,637,314,890,1459,90
2021,Crossways,E05012695,3147,506,299,435,247,611,947,102
2021,Dorchester East,E05012696,6906,946,598,1008,411,1165,2613,165
2021,Dorchester Poundbury,E05012697,3403,359,338,491,164,565,1399,87
2021,Dorchester West,E05012698,7681,1179,750,1070,474,1315,2666,227
2021,Eggardon,E05012699,4453,529,429,669,243,806,1694,83
2021,Ferndown North,E05012700,7727,1489,864,1109,670,1260,2034,301
2021,Ferndown South,E05012701,7395,1291,845,1116,543,1222,2115,263
2021,Gillingham,E05012702,13021,2216,1392,2078,839,2444,3697,355
2021,Hill Forts & Upper Tarrants,E05012703,4088,574,372,702,200,630,1508,102
2021,Littlemoor & Preston,E05012704,8417,1438,907,1242,577,1438,2560,255
2021,Lyme & Charmouth,E05012705,4505,648,393,633,299,672,1719,141
2021,Lytchett Matravers & Upton,E05012706,10365,1756,1172,1604,764,1905,2842,322
2021,Marshwood Vale,E05012707,4048,630,410,574,264,664,1407,99
2021,Melcombe Regis,E05012708,3814,740,427,580,252,645,1037,133
2021,Portland (Dorset),E05012709,11386,1954,1440,1849,887,2189,2732,335
2021,Puddletown & Lower Winterborne,E05012710,4662,689,389,694,287,851,1603,149
2021,Radipole,E05012711,8390,1341,928,1264,612,1538,2432,275
2021,Rodwell & Wyke,E05012712,11775,1933,1427,1759,853,2203,3283,317
2021,St Leonards & St Ives,E05012713,6947,1142,696,958,497,1072,2362,220
2021,Shaftesbury Town,E05012714,7494,1178,809,1213,536,1471,2117,170
2021,Sherborne East,E05012715,3814,613,309,586,222,548,1420,116
2021,Sherborne Rural,E05012716,4220,567,354,569,256,794,1574,106
2021,Sherborne West,E05012717,4725,706,390,902,272,728,1609,118
2021,South East Purbeck,E05012718,3663,536,307,537,221,629,1344,89
2021,Stalbridge & Marnhull,E05012719,4458,825,453,668,304,705,1366,137
2021,Stour & Allen Vale,E05012720,4196,549,449,585,289,729,1513,82
2021,Sturminster Newton,E05012721,3926,750,389,595,278,692,1084,138
2021,Swanage,E05012722,8250,1427,864,1185,606,1303,2606,259
2021,Upwey & Broadwey,E05012723,3849,515,411,581,229,762,1255,96
2021,Verwood,E05012724,11449,1550,1297,1803,841,2201,3438,319
2021,Wareham,E05012725,8423,1527,953,1204,597,1367,2531,244
2021,West Moors & Three Legged Cross,E05012726,7854,1645,905,1086,629,1280,1994,315
2021,West Parley,E05012727,3238,505,345,495,275,534,998,86
2021,West Purbeck,E05012728,8094,1195,844,1275,515,1614,2431,220
2021,Westham,E05012729,7924,1620,1043,1281,589,1408,1741,242
2021,Wimborne Minster,E05012730,6749,1021,643,1009,417,1107,2383,169
2021,Winterborne & Broadmayne,E05012731,3672,507,311,494,248,699,1308,105
2021,Winterborne North,E05012732,3612,567,403,557,232,641,1110,102
2021,Yetminster,E05012733,4272,561,379,583,253,755,1662,79
2021,Aldeburgh & Leiston,E05012734,10497,2111,1174,1507,748,1641,3000,316
2021,Beccles & Worlingham,E05012735,12303,2536,1464,1839,876,2197,3033,358
2021,Bungay & Wainford,E05012736,7343,1503,785,1043,481,1169,2152,210
2021,Carlford & Fynn Valley,E05012737,7088,1024,611,1003,426,1164,2667,193
2021,Carlton & Whitton,E05012738,8961,2239,1117,1445,780,1488,1618,274
2021,Carlton Colville,E05012739,7869,1348,883,1368,619,1697,1768,186
2021,Deben,E05012740,4942,730,464,796,357,946,1525,124
2021,Eastern Felixstowe,E05012741,11365,2136,1359,1612,688,1663,3461,446
2021,Framlingham,E05012742,7442,1098,665,1047,379,1253,2825,175
2021,Gunton & St Margarets,E05012743,8064,2052,1013,1207,600,1300,1643,249
2021,Halesworth & Blything,E05012744,6921,1481,749,955,489,1113,1933,201
2021,Harbour & Normanston,E05012745,12548,3238,1781,2154,844,2040,2103,388
2021,Kelsale & Yoxford,E05012746,3422,631,346,491,211,541,1117,85
2021,Kesgrave,E05012747,11852,1681,1242,1858,765,2204,3789,313
2021,Kessingland,E05012748,3702,955,445,542,328,585,718,129
2021,Kirkley & Pakefield,E05012749,11262,2748,1373,1661,879,1894,2342,365
2021,Lothingland (East Suffolk),E05012750,3065,630,304,448,249,533,804,97
2021,Martlesham & Purdis Farm,E05012751,6436,936,627,869,391,1095,2349,169
2021,Melton,E05012752,3595,424,369,529,170,575,1442,86
2021,Orwell & Villages,E05012753,8203,1439,1036,1268,560,1382,2270,248
2021,Oulton Broad,E05012754,10895,2326,1185,1609,955,2094,2398,328
2021,Rendlesham & Orford,E05012755,4013,554,394,593,233,753,1406,80
2021,Rushmere St Andrew,E05012756,3716,521,372,531,253,691,1240,108
2021,Saxmundham,E05012757,3814,692,477,587,237,643,1076,102
2021,Southwold,E05012758,3376,633,314,475,230,476,1142,106
2021,Western Felixstowe,E05012759,9369,2081,1438,1602,663,1511,1760,314
2021,Wickham Market,E05012760,4202,721,365,555,254,701,1481,125
2021,Woodbridge,E05012761,6787,1000,576,939,361,1003,2715,193
2021,"Wrentham, Wangford & Westleton",E05012762,3665,634,369,505,236,638,1194,89
2021,Abbeygate,E05012763,4239,754,369,496,190,567,1710,153
2021,Bardwell,E05012764,2221,358,225,353,155,361,713,56
2021,Barningham,E05012765,2318,433,266,368,147,365,664,75
2021,Barrow,E05012766,2108,344,182,300,140,370,719,53
2021,Brandon Central,E05012767,2711,714,387,406,195,418,503,88
2021,Brandon East,E05012768,2476,722,301,343,168,376,462,104
2021,Brandon West,E05012769,2697,817,336,361,190,372,505,116
2021,Chedburgh & Chevington,E05012770,2281,346,225,311,151,388,817,43
2021,"Clare, Hundon & Kedington",E05012771,7962,1482,832,1303,493,1315,2316,221
2021,Eastgate,E05012772,2233,481,183,252,120,287,826,84
2021,Exning,E05012773,1890,314,188,245,121,310,661,51
2021,Haverhill Central,E05012774,2580,609,310,388,179,452,555,87
2021,Haverhill East,E05012775,3326,901,444,536,191,528,625,101
2021,Haverhill North,E05012776,3742,666,430,598,257,696,990,105
2021,Haverhill South,E05012777,4954,1318,724,833,310,769,838,162
2021,Haverhill South East,E05012778,2048,447,274,331,149,364,425,58
2021,Haverhill West,E05012779,4721,783,568,818,285,874,1259,134
2021,Horringer,E05012780,2105,328,214,290,139,355,726,53
2021,Iceni,E05012781,4931,906,465,681,278,885,1546,170
2021,Ixworth,E05012782,1906,342,203,297,136,315,556,57
2021,Kentford & Moulton,E05012783,2458,375,216,315,153,410,942,47
2021,Lakenheath,E05012784,7389,2505,637,793,418,946,1693,397
2021,Manor (West Suffolk),E05012785,2414,435,213,316,126,413,834,77
2021,Mildenhall Great Heath,E05012786,2681,726,375,446,160,388,504,82
2021,Mildenhall Kingsway & Market,E05012787,2656,737,300,365,163,393,604,94
2021,Mildenhall Queensway,E05012788,1929,635,176,229,118,280,420,71
2021,Minden,E05012789,4653,878,535,632,278,675,1503,152
2021,Moreton Hall,E05012790,6457,751,654,901,336,1198,2455,162
2021,Newmarket East,E05012791,4521,886,559,591,369,657,1338,121
2021,Newmarket North,E05012792,4732,908,519,658,361,810,1297,179
2021,Newmarket West,E05012793,4776,1036,515,611,401,732,1290,191
2021,Pakenham & Troston,E05012794,2455,310,209,328,200,655,709,44
2021,Risby,E05012795,2589,470,255,360,157,381,896,70
2021,Rougham,E05012796,2040,372,232,282,126,374,593,61
2021,St Olaves,E05012797,4149,954,557,656,217,674,969,122
2021,Southgate (West Suffolk),E05012798,3475,558,340,488,226,498,1231,134
2021,Stanton (West Suffolk),E05012799,2428,573,299,344,166,437,536,73
2021,The Fornhams & Great Barton,E05012800,3603,639,337,469,242,567,1216,133
2021,The Rows,E05012801,5794,1678,520,692,348,867,1441,248
2021,Tollgate,E05012802,5040,1023,580,731,276,749,1514,167
2021,Westgate (West Suffolk),E05012803,4488,847,481,573,298,707,1422,160
2021,Whepstead & Wickhambrook,E05012804,2119,384,194,285,121,343,738,54
2021,Withersfield,E05012805,1822,274,166,237,90,334,674,47
2021,Adel & Wharfedale,E05012841,17283,2075,1256,2112,794,2341,8286,419
2021,Alwoodley,E05012842,18628,2602,1500,2097,756,2442,8816,415
2021,Ampthill,E05012843,11338,1351,942,1574,647,2042,4563,219
2021,Caddington,E05012844,8239,1485,826,1144,571,1396,2602,215
2021,Dunstable-Manshead,E05012845,4588,909,601,677,264,736,1233,168
2021,Dunstable-Northfields,E05012846,8797,1655,1042,1270,529,1570,2484,247
2021,Houghton Conquest and Haynes,E05012847,3401,441,343,456,206,663,1220,72
2021,Houghton Hall,E05012848,7770,1431,961,1170,432,1378,2158,240
2021,Northill,E05012849,3893,597,391,618,240,638,1305,104
2021,Sandy,E05012850,10947,1886,1297,1779,679,2091,2948,267
2021,Ditchingham & Earsham,E05012851,5565,1063,572,796,387,958,1630,159
2021,Harleston,E05012852,5112,1104,576,815,397,873,1203,144
2021,Henley-on-Thames,E05012853,10201,1190,733,1155,382,1320,5158,263
2021,Sonning Common,E05012854,6374,696,493,854,289,938,2933,171
2021,Alkham & Capel-le-Ferne,E05012855,2806,621,281,400,211,484,721,88
2021,"Aylesham, Eythorne & Shepherdswell",E05012856,9307,1730,1058,1451,498,1730,2559,281
2021,Buckland (Dover),E05012857,6016,1373,860,1099,301,1114,1106,163
2021,Dover Downs & River,E05012858,5637,955,562,825,375,1079,1662,179
2021,Eastry Rural,E05012859,5442,979,500,795,332,985,1696,155
2021,"Guston, Kingsdown & St Margaret's-at-Cliffe",E05012860,6549,1006,621,976,396,1121,2232,197
2021,Little Stour & Ashstone,E05012861,6098,940,537,879,321,1048,2186,187
2021,Maxton & Elms Vale,E05012862,3296,558,415,589,195,723,717,99
2021,Middle Deal,E05012863,6228,1241,703,1022,378,1098,1606,180
2021,Mill Hill (Dover),E05012864,6388,1417,739,1052,387,1296,1314,183
2021,North Deal,E05012865,6142,1187,622,898,342,1002,1904,187
2021,St Radigunds,E05012866,5390,1223,730,934,310,977,1041,175
2021,Sandwich,E05012867,5266,906,547,744,297,849,1783,140
2021,Tower Hamlets,E05012868,3490,750,525,606,204,601,707,97
2021,Town & Castle,E05012869,6807,1656,861,980,430,1082,1552,246
2021,Walmer,E05012870,5951,1044,551,825,337,1000,2000,194
2021,Whitfield (Dover),E05012871,5318,1120,626,831,368,1033,1165,175
2021,Banstead Village,E05012872,8578,1397,839,1333,454,1361,2895,299
2021,"Chipstead, Kingswood & Woodmansterne",E05012873,8000,892,700,1158,357,1360,3340,193
2021,Earlswood & Whitebushes,E05012874,8077,1093,725,1011,323,1281,3435,209
2021,"Hooley, Merstham & Netherne",E05012875,8729,1208,905,1326,415,1515,3163,197
2021,Horley Central & South,E05012876,8290,1415,955,1169,437,1366,2653,295
2021,Horley East & Salfords,E05012877,7878,1044,748,1166,366,1432,2926,196
2021,Horley West & Sidlow,E05012878,8478,1123,918,1323,468,1597,2799,250
2021,"Lower Kingswood, Tadworth & Walton",E05012879,8171,1054,744,1150,389,1421,3213,200
2021,Meadvale & St John's,E05012880,6947,564,402,870,175,1006,3802,128
2021,Nork,E05012881,7622,912,658,1124,367,1222,3146,193
2021,Redhill East,E05012882,7381,829,549,870,230,1161,3562,180
2021,Redhill West & Wray Common,E05012883,8206,1016,667,1124,270,1173,3735,221
2021,Reigate,E05012884,8612,800,504,1038,224,1180,4680,186
2021,South Park & Woodhatch,E05012885,7006,1137,759,1086,303,1141,2409,171
2021,Tattenham Corner & Preston,E05012886,8158,1281,924,1299,466,1417,2580,191
2021,Addlestone North,E05012887,5343,890,519,715,269,944,1876,130
2021,Addlestone South,E05012888,5283,999,550,739,326,918,1623,128
2021,Chertsey Riverside,E05012889,4824,653,457,618,224,857,1883,132
2021,Chertsey St Ann's,E05012890,5512,1094,589,800,298,920,1657,154
2021,Egham Hythe,E05012891,5744,1029,658,837,274,939,1842,165
2021,Egham Town,E05012892,6316,677,382,568,185,1874,2438,192
2021,Englefield Green East,E05012893,5052,175,124,273,81,2750,1532,117
2021,Englefield Green West,E05012894,5408,707,402,539,176,1737,1694,153
2021,"Longcross, Lyne & Chertsey South",E05012895,3232,522,287,414,146,490,1273,100
2021,New Haw,E05012896,5896,910,632,884,355,973,1979,163
2021,Ottershaw,E05012897,5425,813,574,793,293,891,1921,140
2021,Thorpe (Runnymede),E05012898,4965,906,525,711,311,778,1589,145
2021,Virginia Water,E05012899,4899,555,342,586,155,624,2515,122
2021,Woodham & Rowtown,E05012900,4820,597,501,658,306,812,1819,127
2021,Bowthorpe,E05012901,8123,1714,880,1085,385,1625,2218,216
2021,Catton Grove,E05012902,8938,2117,1098,1284,521,1447,2218,253
2021,Crome,E05012903,9675,2415,1260,1506,634,1491,2043,326
2021,Eaton,E05012904,8596,1075,568,938,316,1358,4159,182
2021,Lakenham,E05012905,8606,1944,1078,1123,427,1252,2550,232
2021,Mancroft,E05012906,9682,1403,749,1082,337,2363,3520,228
2021,Mile Cross,E05012907,8855,2197,1104,1295,491,1296,2209,263
2021,Nelson (Norwich),E05012908,9023,659,441,766,183,1855,5009,110
2021,Sewell,E05012909,8761,1312,782,1228,376,1576,3282,205
2021,Thorpe Hamlet,E05012910,8736,934,631,991,327,1509,4097,247
2021,Town Close,E05012911,8911,1058,650,901,292,1586,4233,191
2021,University (Norwich),E05012912,12633,1664,762,1018,363,5739,2808,279
2021,Wensum,E05012913,10230,2125,1144,1240,529,2073,2858,261
2021,Bewbush & North Broadfield,E05012914,8598,1851,1417,1528,410,1342,1769,281
2021,Broadfield (Crawley),E05012915,8217,1678,1301,1431,454,1317,1797,239
2021,Furnace Green,E05012916,4928,898,703,811,293,801,1242,180
2021,Gossops Green & North East Broadfield,E05012917,5271,961,709,836,349,907,1321,188
2021,Ifield,E05012918,8240,1648,1041,1461,475,1360,1976,279
2021,Langley Green & Tushmore,E05012919,7158,1617,957,1063,379,982,1842,318
2021,Maidenbower,E05012920,7385,734,780,1378,313,1511,2490,179
2021,Northgate & West Green,E05012921,9236,1850,1228,1355,449,1445,2578,331
2021,Pound Hill North & Forge Wood,E05012922,7272,939,781,1182,372,1254,2541,203
2021,Pound Hill South & Worth,E05012923,6818,819,809,1061,303,1226,2413,187
2021,Southgate (Crawley),E05012924,7605,1417,995,1168,411,1164,2141,309
2021,Three Bridges,E05012925,7764,1282,908,1066,387,1217,2595,309
2021,Tilgate,E05012926,5078,990,793,916,301,832,1068,178
2021,Ampfield & Braishfield,E05012927,2038,234,134,258,92,313,963,44
2021,Andover Harroway,E05012928,8212,1455,1036,1338,506,1579,2071,227
2021,Andover Millway,E05012929,7730,1060,809,1123,436,1521,2542,239
2021,Andover St Mary's,E05012930,6956,1619,922,1104,464,1187,1416,244
2021,Andover Winton,E05012931,5374,929,584,798,362,1009,1547,145
2021,Anna,E05012932,5512,688,469,732,288,963,2231,141
2021,Bellinger,E05012933,2825,416,266,430,167,564,905,77
2021,Bourne Valley,E05012934,2696,361,249,405,111,478,1028,64
2021,Charlton & the Pentons,E05012935,2845,392,302,417,187,563,906,78
2021,"Chilworth, Nursling & Rownhams",E05012936,6692,853,642,956,365,1211,2494,171
2021,North Baddesley,E05012937,6020,993,598,854,432,1040,1918,185
2021,Romsey Cupernham,E05012938,7169,851,628,916,385,1271,2974,144
2021,Valley Park,E05012939,4914,342,365,650,197,835,2443,82
2021,Little Stour & Adisham,E05012953,3459,450,290,442,179,562,1443,93
2021,Nailbourne,E05012954,3340,508,289,426,149,505,1384,79
2021,Reculver,E05012955,3751,779,437,540,272,597,1004,122
2021,Sturry,E05012956,6690,1385,663,927,416,1065,2050,184
2021,Credenhill,E05012957,2998,570,279,424,206,556,885,78
2021,Queenswood,E05012958,2807,421,227,351,166,545,1024,73
2021,Stoney Street,E05012959,2949,546,283,443,190,506,899,82
2021,Sutton Walls,E05012960,2793,463,250,379,177,522,936,66
2021,Gosfield & Greenstead Green,E05012961,2324,442,262,366,174,408,609,63
2021,Halstead St Andrew's,E05012962,5334,965,685,925,327,1022,1246,164
2021,Halstead Trinity,E05012963,5699,1248,761,994,354,1012,1170,160
2021,Hatfield Peverel & Terling,E05012964,4954,947,517,815,270,858,1401,146
2021,Silver End & Cressing,E05012965,5666,1037,738,909,396,1104,1321,161
2021,Witham Central,E05012966,5510,1091,633,856,281,985,1516,148
2021,Witham North,E05012967,5993,1219,779,1018,370,1062,1375,170
2021,Bicester South and Ambrosden,E05012968,10805,1020,985,1429,508,1928,4701,234
2021,Fringford and Heyfords,E05012969,7607,891,728,1039,373,1210,3219,147
2021,Abingdon Dunmore,E05012970,4967,507,365,607,264,758,2370,96
2021,Abingdon Peachcroft,E05012971,5485,587,572,680,327,886,2302,131
2021,Botley & Sunningwell,E05012972,5872,552,290,508,198,849,3359,116
2021,Faringdon,E05012973,6861,967,588,923,321,1146,2722,194
2021,Grove North,E05012974,5147,628,575,776,319,1030,1702,117
2021,Hendreds,E05012975,2690,298,218,343,119,478,1183,51
2021,Kennington & Radley,E05012976,5714,858,441,830,332,744,2356,153
2021,Marcham,E05012977,3205,365,320,418,279,546,1213,64
2021,Wantage & Grove Brook,E05012978,6283,823,676,821,363,1068,2370,162
2021,Wantage Charlton,E05012979,5956,859,548,759,303,971,2372,144
2021,Watchfield & Shrivenham,E05012980,6334,619,518,824,269,1027,2948,129
2021,Bishop's Stortford All Saints,E05012981,6707,843,615,969,262,1042,2809,167
2021,Bishop's Stortford Central,E05012982,7954,1291,762,1074,391,1210,2969,257
2021,Bishop's Stortford Meads,E05012983,5590,682,448,780,253,831,2436,160
2021,Bishop's Stortford Silverleys,E05012984,5413,541,408,770,180,987,2425,102
2021,Bishop's Stortford South,E05012985,7396,765,696,1095,341,1374,2978,147
2021,Buntingford,E05012986,6483,994,742,1031,382,1231,1963,140
2021,Mundens and Cottered,E05012987,2166,376,179,355,115,365,741,35
2021,East Malling,E05012988,4200,861,557,633,255,681,1114,99
2021,Kings Hill,E05012989,6983,692,591,1091,285,1397,2796,131
2021,Barton (Canterbury),E05012990,10615,1350,698,1233,306,2667,4069,292
2021,Chartham & Stone Street,E05012991,6114,799,482,809,288,980,2628,128
2021,Kingston Bagpuize,E05012992,3866,350,318,490,163,694,1767,84
2021,Anston & Woodsetts,E05012993,10106,1827,1102,1484,712,1827,2877,277
2021,Aston & Todwick,E05012994,7853,1378,818,1162,637,1473,2188,197
2021,Aughton & Swallownest,E05012995,6718,1446,750,1065,494,1123,1642,198
2021,Boston Castle,E05012996,12151,3250,1320,1636,644,1670,3228,403
2021,Bramley & Ravenfield,E05012997,7177,1343,708,1085,522,1325,1998,196
2021,Brinsworth,E05012998,7923,1807,978,1205,706,1440,1575,212
2021,Dalton & Thrybergh,E05012999,7347,2388,920,1235,416,1046,1124,218
2021,Dinnington,E05013000,10077,2238,1212,1569,617,1811,2348,282
2021,Greasbrough,E05013001,6694,1892,843,1073,495,1085,1101,205
2021,Hellaby & Maltby West,E05013002,6680,1395,758,1036,522,1225,1574,170
2021,Hoober,E05013003,10313,2054,1132,1692,613,1978,2616,228
2021,Keppel,E05013004,11150,2446,1351,1850,788,2021,2414,280
2021,Kilnhurst & Swinton East,E05013005,6426,1386,752,1015,485,1195,1435,158
2021,Maltby East,E05013006,7461,2157,1009,1274,469,1153,1206,193
2021,Rawmarsh East,E05013007,7552,2101,966,1326,477,1275,1186,221
2021,Rawmarsh West,E05013008,7708,1939,867,1290,488,1385,1544,195
2021,Rother Vale,E05013009,6664,1005,635,965,336,1244,2361,118
2021,Rotherham East,E05013010,12690,4666,1619,1874,634,1601,1958,338
2021,Rotherham West,E05013011,11773,3153,1421,1839,851,1881,2272,356
2021,Sitwell,E05013012,10523,1850,1003,1523,755,1848,3241,303
2021,Swinton Rockingham,E05013013,6905,1607,753,1153,469,1197,1540,186
2021,Thurcroft & Wickersley South,E05013014,8102,1730,847,1220,503,1426,2165,211
2021,Wales,E05013015,7706,1526,870,1225,529,1424,1956,176
2021,Wath,E05013016,7486,1967,839,1079,478,1278,1619,226
2021,Wickersley North,E05013017,10389,1979,1074,1738,758,1948,2638,254
2021,Barton & Winton,E05013018,12567,2658,1391,1796,763,2081,3555,323
2021,Blackfriars & Trinity,E05013019,9920,833,393,698,245,1608,5954,189
2021,Boothstown & Ellenbrook,E05013020,10196,1340,790,1363,555,1679,4269,200
2021,Broughton (Salford),E05013021,11907,3551,1290,1348,520,1697,3092,409
2021,Cadishead & Lower Irlam,E05013022,9718,2012,1181,1543,704,1668,2397,213
2021,Claremont (Salford),E05013023,10900,1983,968,1426,626,1934,3693,270
2021,Eccles,E05013024,12227,2363,1003,1395,593,1830,4766,277
2021,Higher Irlam & Peel Green,E05013025,11001,2488,1329,1761,749,1870,2489,315
2021,Kersal & Broughton Park,E05013026,11138,2666,1218,1621,458,1543,3214,418
2021,Little Hulton,E05013027,10549,2791,1287,1605,716,1614,2237,299
2021,Ordsall,E05013028,8670,1653,526,705,276,1229,4079,202
2021,Pendlebury & Clifton,E05013029,11212,2571,1231,1535,793,1836,2936,310
2021,Pendleton & Charlestown,E05013030,14523,2922,1137,1389,559,4329,3798,389
2021,Quays,E05013031,8826,370,231,421,130,1320,6225,129
2021,Swinton & Wardley,E05013032,10169,2120,1103,1476,756,1747,2698,269
2021,Swinton Park,E05013033,10338,2096,968,1515,673,1756,3097,233
2021,Walkden North,E05013034,10590,2356,1144,1504,702,1804,2778,302
2021,Walkden South,E05013035,9577,1515,797,1305,654,1665,3404,237
2021,Weaste & Seedley,E05013036,13327,2840,1196,1618,636,2116,4547,374
2021,Worsley & Westwood Park,E05013037,9566,1698,844,1205,579,1583,3449,208
2021,Burn Valley,E05013038,6208,1394,625,869,395,1136,1663,126
2021,De Bruce,E05013039,6232,1740,704,985,443,1084,1103,173
2021,Fens & Greatham,E05013040,5524,1180,485,755,494,1051,1394,165
2021,Foggy Furze,E05013041,6665,1756,670,1011,513,1171,1370,174
2021,Hart,E05013042,6138,881,438,866,455,1315,2045,138
2021,Headland & Harbour,E05013043,6792,1828,677,981,446,1193,1520,147
2021,Manor House,E05013044,6428,1894,757,1090,378,1081,1072,156
2021,Rossmere,E05013045,5950,1729,641,943,357,1042,1074,164
2021,Rural West,E05013046,6136,700,390,786,408,1120,2596,136
2021,Seaton (Hartlepool),E05013047,6017,1074,463,783,489,1240,1787,181
2021,Throston,E05013048,6527,1485,637,986,456,1278,1540,145
2021,Victoria (Hartlepool),E05013049,6068,1625,589,908,371,1065,1362,148
2021,Abbey (Cambridge),E05013050,8939,1477,710,833,371,1058,4295,195
2021,Arbury (Cambridge),E05013051,8036,1325,567,748,315,890,3988,203
2021,Castle (Cambridge),E05013052,7093,223,125,258,79,1856,4461,91
2021,Cherry Hinton,E05013053,7476,1092,526,675,350,844,3789,200
2021,Coleridge,E05013054,9138,1079,560,738,302,1081,5117,261
2021,East Chesterton,E05013055,8096,1321,634,711,308,845,4077,200
2021,King's Hedges,E05013056,9141,1571,846,897,496,971,4060,300
2021,Market,E05013057,9780,332,140,397,85,3706,4953,167
2021,Newnham (Cambridge),E05013058,10705,164,59,204,36,5224,4867,151
2021,Petersfield,E05013059,9727,492,282,572,133,1697,6379,172
2021,Queen Edith's,E05013060,10605,899,446,834,207,1556,6448,215
2021,Romsey,E05013061,8900,874,477,517,210,1019,5609,194
2021,Trumpington,E05013062,9354,696,383,757,229,863,6245,181
2021,West Chesterton,E05013063,7783,411,234,455,115,1076,5380,112
2021,Adlington & Anderton,E05013064,6540,1007,573,931,476,1220,2171,162
2021,Buckshaw & Whittle,E05013065,7682,755,540,1049,367,1464,3390,117
2021,Chorley East,E05013066,6757,1461,740,1053,444,1200,1677,182
2021,Chorley North East,E05013067,5849,598,409,791,322,1014,2596,119
2021,Chorley North West,E05013068,6549,1152,637,880,513,1130,2069,168
2021,Chorley North & Astley,E05013069,6585,1252,710,945,409,1149,1984,136
2021,Chorley South East & Heath Charnock,E05013070,7668,1338,706,1068,522,1403,2475,156
2021,Chorley South West,E05013071,6705,1181,722,991,452,1223,2011,125
2021,"Clayton East, Brindle & Hoghton",E05013072,7467,1234,729,1056,507,1292,2468,181
2021,Clayton West & Cuerden,E05013073,7113,945,611,934,471,1313,2684,155
2021,Coppull,E05013074,6805,1424,726,994,493,1225,1783,160
2021,"Croston, Mawdesley & Euxton South",E05013075,8216,1290,766,1163,543,1318,2945,191
2021,"Eccleston, Heskin & Charnock Richard",E05013076,6091,944,558,752,471,1123,2105,138
2021,Euxton,E05013077,6339,841,578,860,475,1190,2255,140
2021,Basing & Upton Grey,E05013078,8431,1028,729,1130,399,1460,3476,209
2021,Bramley,E05013079,7391,889,623,1005,293,1339,3099,143
2021,Brighton Hill,E05013080,8620,1523,1216,1296,524,1686,2125,250
2021,Brookvale & Kings Furlong,E05013081,8942,1332,833,1028,341,1393,3716,299
2021,Chineham,E05013082,8691,705,808,1210,320,1771,3707,170
2021,Eastrop & Grove,E05013083,7959,1220,850,1124,439,1432,2634,260
2021,Evingar,E05013084,7777,837,693,1067,334,1370,3318,158
2021,Hatch Warren & Beggarwood,E05013085,8007,593,739,1318,329,1762,3124,142
2021,Kempshott & Buckskin,E05013086,8534,1227,1050,1292,495,1565,2704,201
2021,Norden (Basingstoke and Deane),E05013087,8613,1552,1123,1259,405,1365,2621,288
2021,Oakley & The Candovers,E05013088,7613,908,635,1098,369,1396,3036,171
2021,Popley,E05013089,8816,1769,1151,1399,445,1520,2277,255
2021,Sherborne St John & Rooksdown,E05013090,9211,772,814,1287,348,1681,4139,170
2021,South Ham,E05013091,8622,2065,1203,1260,547,1418,1855,274
2021,Tadley & Pamber,E05013092,8924,1262,949,1361,493,1704,2936,219
2021,"Tadley North, Kingsclere & Baughurst",E05013093,9207,1301,966,1379,502,1675,3167,217
2021,"Whitchurch, Overton & Laverstoke",E05013094,8581,1223,765,1134,465,1466,3338,190
2021,Winklebury & Manydown,E05013095,5872,1097,767,925,358,1025,1534,166
2021,Barton & Sandhills,E05013096,5705,1242,631,583,274,663,2139,173
2021,Blackbird Leys,E05013097,4927,1456,716,670,253,554,1067,211
2021,Carfax & Jericho,E05013098,7826,160,84,142,35,3664,3635,106
2021,Churchill (Oxford),E05013099,6435,903,450,521,161,1706,2550,144
2021,Cowley,E05013100,6205,1265,612,570,284,751,2482,241
2021,Cutteslowe & Sunnymead,E05013101,5568,392,224,422,90,440,3912,88
2021,Donnington (Oxford),E05013102,6132,989,402,473,171,985,2947,165
2021,Headington,E05013103,6108,496,230,305,139,1040,3781,117
2021,Headington Hill & Northway,E05013104,5427,531,307,420,135,1217,2671,146
2021,Hinksey Park,E05013105,4720,465,228,320,105,497,3029,76
2021,Holywell (Oxford),E05013106,5988,47,19,51,5,4383,1417,66
2021,Littlemore,E05013107,4934,950,479,653,237,584,1876,155
2021,Lye Valley,E05013108,5976,904,471,504,250,1499,2199,149
2021,Marston,E05013109,5953,841,355,468,262,793,3118,116
2021,Northfield Brook,E05013110,5528,1267,710,816,280,707,1592,156
2021,Osney & St Thomas,E05013111,5641,450,194,334,83,831,3637,112
2021,Quarry & Risinghurst,E05013112,5808,686,397,495,225,691,3190,124
2021,Rose Hill & Iffley,E05013113,5687,1311,584,606,245,553,2176,212
2021,St Clement's (Oxford),E05013114,5447,476,204,285,103,1381,2907,91
2021,St Mary's (Oxford),E05013115,6618,527,203,267,77,1771,3681,92
2021,Summertown,E05013116,5212,298,115,484,35,766,3417,97
2021,Temple Cowley,E05013117,5886,958,424,515,206,886,2721,176
2021,Walton Manor,E05013118,5024,155,66,158,24,1359,3167,95
2021,Wolvercote,E05013119,3962,437,230,327,120,404,2391,53
2021,Abbey (Buckinghamshire),E05013120,10830,1657,966,1296,428,1569,4594,320
2021,Amersham and Chesham Bois,E05013121,8290,804,499,885,207,973,4746,176
2021,Aston Clinton and Bierton,E05013122,10920,1168,933,1503,577,1990,4527,222
2021,Aylesbury East,E05013123,8929,1349,967,1354,566,1557,2890,246
2021,Aylesbury North,E05013124,10505,1973,1215,1373,519,1667,3459,299
2021,Aylesbury North West,E05013125,10483,2243,1276,1448,570,1615,2996,335
2021,Aylesbury South East,E05013126,9428,1284,925,1306,552,1647,3456,258
2021,Aylesbury South West,E05013127,8775,2019,1112,1233,487,1339,2295,290
2021,Aylesbury West,E05013128,9049,1442,1009,1414,476,1621,2850,237
2021,Beaconsfield,E05013129,8876,934,553,999,305,1059,4853,173
2021,Bernwood,E05013130,8759,997,668,1063,381,1233,4201,216
2021,"Booker, Cressex and Castlefield",E05013131,9889,2680,1224,1247,412,1296,2671,359
2021,Buckingham East,E05013132,8134,1026,729,1302,387,1353,3135,202
2021,Buckingham West,E05013133,9313,1091,797,1332,410,1641,3848,194
2021,Chalfont St Giles,E05013134,8941,927,646,1183,360,1356,4280,189
2021,Chalfont St Peter,E05013135,8920,982,584,1118,384,1274,4372,206
2021,Chesham,E05013136,8480,1463,860,1170,411,1290,3051,235
2021,Chess Valley,E05013137,8409,1158,686,1062,373,1239,3713,178
2021,Chiltern Ridges,E05013138,8812,1133,727,1132,422,1307,3917,174
2021,Chiltern Villages,E05013139,9111,1005,647,1203,421,1446,4214,175
2021,Cliveden,E05013140,8676,1282,789,1133,458,1328,3440,246
2021,Denham,E05013141,8326,1308,716,1055,433,1279,3288,247
2021,Downley,E05013142,9713,1551,866,1261,502,1725,3523,285
2021,Farnham Common and Burnham Beeches,E05013143,7749,944,595,998,343,1196,3516,157
2021,"Flackwell Heath, Little Marlow and Marlow South East",E05013144,8945,1224,836,1258,491,1460,3454,222
2021,Gerrards Cross,E05013145,7330,662,405,815,225,959,4114,150
2021,Great Brickhill,E05013146,9883,1299,846,1394,502,1583,4023,236
2021,Great Missenden,E05013147,8235,889,598,1139,391,1234,3828,156
2021,Grendon Underwood,E05013148,9494,1231,876,1426,483,1632,3617,229
2021,Hazlemere,E05013149,7719,924,749,1190,448,1329,2904,175
2021,Iver,E05013150,8822,1421,846,1098,481,1429,3309,238
2021,Ivinghoe,E05013151,9128,991,867,1291,410,1547,3846,176
2021,Little Chalfont and Amersham Common,E05013152,8620,794,538,1099,289,1169,4588,143
2021,Marlow,E05013153,8869,988,658,1130,344,1183,4351,215
2021,Penn Wood and Old Amersham,E05013154,8760,1046,665,1074,409,1247,4167,152
2021,Ridgeway East,E05013155,8758,875,665,1259,480,1521,3781,177
2021,Ridgeway West,E05013156,8769,1069,782,1216,447,1463,3631,161
2021,Ryemead and Micklefield,E05013157,8892,1334,925,1175,399,1424,3423,212
2021,Stoke Poges and Wexham,E05013158,8418,1366,747,1068,415,1211,3396,215
2021,Stone and Waddesdon,E05013159,11676,1194,920,1598,571,2133,5030,230
2021,Terriers and Amersham Hill,E05013160,8718,1002,658,1124,318,1332,4034,250
2021,The Risboroughs,E05013161,8576,1209,773,1088,500,1272,3549,185
2021,"The Wooburns, Bourne End and Hedsor",E05013162,9240,1275,820,1291,517,1552,3604,181
2021,Totteridge and Bowerdean,E05013163,9268,1738,1049,1211,471,1370,3141,288
2021,Tylers Green and Loudwater,E05013164,9085,1205,824,1264,538,1529,3496,229
2021,"Wendover, Halton and Stoke Mandeville",E05013165,10056,1105,867,1428,403,1803,4226,224
2021,West Wycombe,E05013166,8578,1520,833,1093,432,1365,3099,236
2021,Wing,E05013167,9826,1166,936,1471,509,1719,3821,204
2021,Winslow,E05013168,8405,1033,757,1203,401,1344,3452,215
2021,Appleton (Halton),E05013169,5421,1245,592,952,300,994,1180,158
2021,Bankfield,E05013170,5250,1297,629,894,321,890,1039,180
2021,Beechwood & Heath,E05013171,6442,1084,640,997,393,1292,1855,181
2021,Birchfield (Halton),E05013172,6438,614,523,1046,300,1268,2599,88
2021,Bridgewater,E05013173,6141,1356,792,1082,337,1121,1286,167
2021,Central & West Bank,E05013174,5482,1614,736,1035,246,822,861,168
2021,"Daresbury, Moore & Sandymoor",E05013175,3972,442,285,609,195,742,1633,66
2021,"Ditton, Hale Village & Halebank",E05013176,6059,1443,746,1009,344,1081,1301,135
2021,Farnworth (Halton),E05013177,6537,881,621,911,424,1298,2268,134
2021,Grange (Halton),E05013178,6429,1517,923,1117,384,1155,1088,245
2021,Halton Castle,E05013179,5384,1388,713,903,278,947,1022,133
2021,Halton Lea,E05013180,5409,1462,812,967,272,859,889,148
2021,Halton View,E05013181,6020,1264,768,1003,396,1140,1296,153
2021,Highfield (Halton),E05013182,5322,1078,597,874,336,996,1317,124
2021,Hough Green,E05013183,5467,1239,718,949,281,974,1168,138
2021,Mersey & Weston,E05013184,6459,1320,750,1078,385,1293,1468,165
2021,Norton North (Halton),E05013185,6091,1205,778,984,266,1169,1538,151
2021,Norton South & Preston Brook,E05013186,5627,1416,716,994,260,1015,1068,158
2021,Amberley and Woodchester,E05013187,1811,153,104,198,77,261,976,42
2021,Bisley,E05013188,1884,209,130,258,95,281,878,33
2021,Chalford,E05013189,5232,492,446,733,277,901,2285,98
2021,Hardwicke,E05013190,6717,778,683,1061,393,1378,2253,171
2021,Kingswood (Stroud),E05013191,1773,203,143,223,90,295,795,24
2021,Minchinhampton,E05013192,3802,509,300,484,193,498,1727,91
2021,Nailsworth,E05013193,5408,767,393,687,254,831,2348,128
2021,Rodborough,E05013194,3680,417,273,491,240,598,1586,75
2021,Severn (Stroud),E05013195,5002,677,470,723,289,926,1821,96
2021,Stonehouse,E05013196,6312,1201,674,919,397,1110,1843,168
2021,Stroud Trinity,E05013197,1848,197,144,257,80,298,837,35
2021,Thrupp,E05013198,1915,174,141,224,104,297,928,47
2021,Wotton-under-Edge,E05013199,5799,821,537,732,281,873,2424,131
2021,Barnoldswick,E05013200,7482,1525,778,1114,576,1425,1860,204
2021,Barrowford & Pendleside,E05013201,6273,934,539,761,419,1187,2294,139
2021,Boulsworth & Foulridge,E05013202,6595,1057,608,854,541,1258,2136,141
2021,Bradley (Pendle),E05013203,6991,2566,796,843,336,925,1232,293
2021,Brierfield East & Clover Hill,E05013204,6680,1789,643,849,424,1020,1681,274
2021,Brierfield West & Reedley,E05013205,4790,1301,477,601,210,709,1340,152
2021,Earby & Coates,E05013206,6756,1325,686,921,522,1352,1781,169
2021,Fence & Higham,E05013207,2046,255,172,261,159,334,827,38
2021,Marsden & Southfield,E05013208,7274,2222,857,926,460,1034,1474,301
2021,Vivary Bridge,E05013209,6037,1377,705,846,392,1113,1461,143
2021,Waterside & Horsfield,E05013210,6166,1439,725,850,456,1108,1440,148
2021,Whitefield & Walverden,E05013211,8131,2848,1022,917,356,1053,1559,376
2021,Cainscross,E05013212,6393,996,653,1046,417,1205,1926,150
2021,Brickhill and Queensway,E05013213,10832,2729,1514,1681,683,1600,2199,426
2021,Burton and Broughton,E05013214,10476,1832,1212,1738,691,1937,2790,276
2021,Clover Hill,E05013215,10362,2007,1261,1589,737,1676,2722,370
2021,Corby Rural,E05013216,11632,1742,1164,1742,684,2211,3777,312
2021,Corby West,E05013217,10757,2923,1529,1624,713,1697,1888,383
2021,Croyland and Swanspool,E05013218,11541,2789,1542,1687,656,1721,2736,410
2021,Desborough,E05013219,11514,1935,1289,1841,735,2077,3345,292
2021,Earls Barton,E05013220,11419,1862,1197,1700,761,1926,3690,283
2021,Finedon,E05013221,12759,3086,1529,1777,746,1886,3158,577
2021,Hatton Park,E05013222,11417,2326,1424,1669,694,1913,3020,371
2021,Higham Ferrers,E05013223,10353,1754,1278,1726,627,1870,2821,277
2021,Irchester,E05013224,9258,1750,1078,1316,657,1612,2597,248
2021,Irthlingborough,E05013225,10946,2116,1295,1817,720,1899,2813,286
2021,Ise,E05013226,9379,1492,996,1421,621,1672,2923,254
2021,Kingswood (North Northamptonshire),E05013227,12678,3756,1767,1972,788,1708,2228,459
2021,Lloyds,E05013228,12488,3237,1651,1858,851,1972,2457,462
2021,Northall,E05013229,12240,2455,1399,1734,739,1813,3683,417
2021,Oakley (North Northamptonshire),E05013230,11991,2025,1302,1826,729,2178,3510,421
2021,Oundle,E05013231,10980,1491,963,1699,470,1646,4453,258
2021,Raunds,E05013232,10036,1853,1190,1597,681,1789,2610,316
2021,Rothwell and Mawsley,E05013233,10238,1733,1117,1646,584,1879,3046,233
2021,Rushden Pemberton West,E05013234,10168,2308,1338,1556,769,1759,2148,290
2021,Rushden South,E05013235,12830,2412,1650,2093,829,2355,3151,340
2021,Thrapston,E05013236,12117,1762,1146,1789,674,2199,4266,281
2021,Wicksteed,E05013237,11081,1983,1247,1732,690,1846,3252,331
2021,Windmill,E05013238,9693,2323,1327,1598,671,1429,1998,347
2021,Abington and Phippsville,E05013239,11262,2147,1036,1314,552,1925,3909,379
2021,Billing and Rectory Farm,E05013240,12537,2689,1660,1950,672,1856,3302,408
2021,Boothville and Parklands,E05013241,9490,1915,1071,1344,712,1491,2581,376
2021,Brackley,E05013242,13027,1780,1335,1914,699,2663,4347,289
2021,Braunston and Crick,E05013243,12355,1735,1342,1844,700,2145,4240,349
2021,Brixworth,E05013244,10025,1146,989,1406,547,1763,4002,172
2021,Bugbrooke,E05013245,10645,1638,1113,1546,760,1874,3467,247
2021,Castle (West Northamptonshire),E05013246,14871,3169,1478,1654,747,2531,4700,592
2021,Dallington Spencer,E05013247,10711,2920,1480,1501,608,1381,2396,425
2021,Daventry East,E05013248,9424,1878,1206,1396,583,1547,2540,274
2021,Daventry West,E05013249,10255,2158,1432,1560,649,1663,2437,356
2021,Deanshanger,E05013250,10445,1402,1122,1545,654,1821,3656,245
2021,Delapre and Rushmere,E05013251,12101,2233,1252,1534,624,2484,3537,437
2021,Duston East,E05013252,9615,2121,1130,1316,733,1453,2504,358
2021,Duston West and St. Crispin,E05013253,8807,1334,938,1317,614,1581,2786,237
2021,East Hunsbury and Shelfleys,E05013254,10223,1326,1045,1596,543,1824,3587,302
2021,Hackleton and Grange Park,E05013255,11251,1323,1089,1780,582,1994,4253,230
2021,Headlands,E05013256,11620,2567,1333,1692,709,1750,3178,391
2021,Kingsthorpe North,E05013257,10714,2165,1292,1581,869,1803,2684,320
2021,Kingsthorpe South,E05013258,11548,2425,1291,1577,696,1995,3131,433
2021,Long Buckby,E05013259,9595,1171,843,1344,523,1699,3798,217
2021,Middleton Cheney,E05013260,10058,1631,1033,1464,521,1733,3427,249
2021,Moulton,E05013261,11911,1553,1037,1826,665,2077,4490,263
2021,Nene Valley,E05013262,9501,1185,966,1436,471,1612,3612,219
2021,Riverside Park,E05013263,11308,2076,1244,1539,623,1685,3808,333
2021,St. George (West Northamptonshire),E05013264,10995,2545,1202,1334,667,1729,3090,428
2021,Silverstone,E05013265,10872,1313,941,1607,495,1916,4399,201
2021,Sixfields,E05013266,13417,2289,1441,1967,705,2193,4410,412
2021,Talavera,E05013267,11814,2777,1647,1783,600,1679,2807,521
2021,Towcester and Roade,E05013268,13098,1720,1309,2044,679,2494,4579,273
2021,Woodford and Weedon,E05013269,9999,1472,1094,1500,557,1718,3428,230
2021,Newsham,E05013270,4198,837,484,716,339,835,887,100
2021,Seghill with Seaton Delaval,E05013271,4964,870,535,757,336,960,1408,98
2021,Bodmin St Mary's & St Leonard,E05013273,5808,1364,753,1024,382,1039,1082,164
2021,Bodmin St Petroc's,E05013274,5647,977,647,893,391,1083,1453,203
2021,Bude,E05013275,5288,956,661,852,364,936,1367,152
2021,Callington & St Dominic,E05013276,5728,1034,669,876,426,1022,1553,148
2021,Calstock,E05013277,5749,916,554,762,367,1010,1998,142
2021,Camborne Roskear & Tuckingmill,E05013278,5578,931,677,948,379,1243,1277,123
2021,Camborne Trelowarren,E05013279,5089,1076,607,843,342,919,1171,131
2021,Camborne West & Treswithian,E05013280,5298,1155,525,830,377,961,1286,164
2021,Camelford & Boscastle,E05013281,5702,961,672,899,417,1029,1602,122
2021,"Constantine, Mabe & Mawnan",E05013282,5680,560,364,650,269,1771,1939,127
2021,Falmouth Arwenack,E05013284,5430,475,269,528,213,1496,2341,108
2021,Falmouth Penwerris,E05013286,6569,820,416,706,272,1996,2247,112
2021,Feock & Kea,E05013288,4600,548,352,658,232,686,2009,115
2021,"Four Lanes, Beacon & Troon",E05013289,5666,1141,686,858,444,1050,1358,129
2021,"Fowey, Tywardreath & Par",E05013290,4979,814,452,748,350,863,1608,144
2021,"Gloweth, Malabar & Shortlanesend",E05013291,4740,538,376,700,258,1060,1714,94
2021,Gwinear-Gwithian & Hayle East,E05013292,4914,787,480,766,360,897,1485,139
2021,Hayle West,E05013293,6188,1120,712,1031,433,1134,1599,159
2021,Helston South & Meneage,E05013295,5818,796,541,875,336,1221,1949,100
2021,Land's End,E05013297,5878,845,566,849,374,1027,2069,148
2021,"Lanivet, Blisland & Bodmin St Lawrence",E05013298,5618,912,624,862,379,1072,1601,168
2021,Launceston South,E05013301,5730,1015,717,941,392,1010,1479,176
2021,Liskeard Central,E05013302,6094,1066,677,1027,410,1144,1604,166
2021,Liskeard South & Dobwalls,E05013303,6157,1091,666,1054,432,1079,1663,172
2021,Looe East & Deviock,E05013305,5519,949,538,843,407,914,1730,138
2021,"Looe West, Pelynt, Lansallos & Lanteglos",E05013306,5180,1082,525,680,413,841,1482,157
2021,Lostwithiel & Lanreath,E05013307,5281,802,492,816,316,872,1856,127
2021,"Ludgvan, Madron, Gulval & Heamoor",E05013308,5876,983,586,893,414,1060,1804,136
2021,Lynher,E05013309,4952,719,467,754,373,859,1659,121
2021,"Mousehole, Newlyn & St Buryan",E05013311,5178,847,446,747,319,842,1822,155
2021,Mullion & St Keverne,E05013312,6107,980,610,989,373,1115,1870,170
2021,"Mylor, Perranarworthal & Ponsanooth",E05013313,5478,673,421,722,299,843,2386,134
2021,Newquay Central & Pentire,E05013314,5815,892,540,801,347,1116,1978,141
2021,Newquay Porth & Tretherras,E05013315,5383,742,556,790,366,1036,1762,131
2021,Padstow,E05013317,5582,978,568,885,363,1004,1642,142
2021,Penwithick & Boscoppa,E05013319,5288,848,616,931,386,1139,1249,119
2021,Penzance East,E05013320,5924,1087,647,954,344,1061,1656,175
2021,Penzance Promenade,E05013321,5105,854,488,728,328,861,1683,163
2021,Pool & Tehidy,E05013323,5854,1130,679,878,426,1088,1471,182
2021,"Porthleven, Breage & Germoe",E05013324,5880,898,541,845,388,1070,1964,174
2021,Poundstock,E05013325,4566,845,484,679,268,811,1341,138
2021,Rame Peninsula & St Germans,E05013327,6101,749,541,843,440,1074,2326,128
2021,Redruth North,E05013329,4863,1049,517,769,338,876,1215,99
2021,Redruth South,E05013330,5357,834,489,862,338,1072,1627,135
2021,Roche & Bugle,E05013331,6018,1396,728,953,442,1147,1178,174
2021,St Blazey,E05013336,5650,1119,679,967,399,1083,1231,172
2021,St Cleer & Menheniot,E05013337,5383,889,585,789,324,990,1675,131
2021,"St Columb Major, St Mawgan & St Wenn",E05013338,5061,891,549,753,334,916,1478,140
2021,"St Goran, Tregony & the Roseland",E05013341,5055,730,421,748,304,818,1911,123
2021,St Stephen-in-Brannel,E05013346,5694,1127,650,994,389,1093,1289,152
2021,St Teath & Tintagel,E05013347,5492,947,596,887,370,1022,1536,134
2021,Saltash Essa,E05013348,5615,1011,538,835,450,1084,1540,157
2021,Saltash Tamar,E05013349,5197,848,488,807,420,1003,1517,114
2021,Saltash Trematon & Landrake,E05013350,4746,562,418,650,355,962,1715,84
2021,"Stratton, Kilkhampton & Morwenstow",E05013351,5436,867,587,889,349,1055,1554,135
2021,Torpoint,E05013353,5449,922,640,859,459,1075,1352,142
2021,Truro Boscawen & Redannick,E05013354,5124,519,375,751,222,878,2265,114
2021,Truro Moresk & Trehaverne,E05013355,5645,917,505,701,291,902,2197,132
2021,Truro Tregolls,E05013356,5386,794,521,847,282,936,1882,124
2021,Wadebridge East & St Minver,E05013357,4946,745,426,791,324,860,1674,126
2021,Wadebridge West & St Mabyn,E05013358,5881,907,578,948,398,1051,1862,137
2021,Bembridge,E05013359,3196,529,355,397,240,522,1042,111
2021,Binstead & Fishbourne,E05013360,3095,511,314,413,268,535,965,89
2021,Brading & St Helens,E05013361,2929,630,279,391,230,493,828,78
2021,"Brighstone, Calbourne & Shalfleet",E05013362,2758,426,271,379,203,464,921,94
2021,Carisbrooke & Gunville,E05013363,2944,496,324,437,213,601,823,50
2021,Central Rural,E05013364,3083,571,344,423,256,523,861,105
2021,"Chale, Niton & Shorwell",E05013365,3040,530,292,415,196,482,1025,100
2021,Cowes Medina,E05013366,3673,515,386,558,240,735,1166,73
2021,Cowes North,E05013367,2379,294,185,310,118,407,993,72
2021,Cowes South & Northwood,E05013368,2844,413,302,412,256,545,860,56
2021,Cowes West & Gurnard,E05013369,3484,472,252,483,296,564,1317,100
2021,East Cowes,E05013370,3330,625,403,471,246,632,861,92
2021,Fairlee & Whippingham,E05013371,3363,668,374,460,299,642,800,120
2021,Freshwater North & Yarmouth,E05013372,2784,502,289,379,218,446,850,100
2021,Freshwater South,E05013373,3249,651,349,486,237,510,906,110
2021,Haylands & Swanmore,E05013374,3022,492,350,478,235,580,802,85
2021,Lake North,E05013375,2931,695,374,452,224,494,599,93
2021,Lake South,E05013376,3047,798,346,435,264,496,584,124
2021,Mountjoy & Shide,E05013377,3185,570,383,495,217,599,828,93
2021,Nettlestone & Seaview,E05013378,2253,381,221,276,165,372,781,57
2021,"Newchurch, Havenstreet & Ashey",E05013379,3000,540,347,429,247,548,799,90
2021,Newport Central,E05013380,3122,605,345,499,215,631,754,73
2021,Newport West,E05013381,2847,407,321,482,224,598,758,57
2021,Osborne,E05013382,3552,625,435,571,270,713,857,81
2021,Pan & Barton,E05013383,3276,650,399,614,221,635,684,73
2021,Parkhurst & Hunnyhill,E05013384,3653,611,459,588,269,709,908,109
2021,Ryde Appley & Elmfield,E05013385,3264,642,372,488,228,564,884,86
2021,Ryde Monktonmead,E05013386,3139,581,380,484,211,640,775,68
2021,Ryde North West,E05013387,3775,702,414,557,243,666,1096,97
2021,Ryde South East,E05013388,1916,376,289,314,126,396,361,54
2021,Ryde West,E05013389,2587,465,329,429,172,490,617,85
2021,Sandown North,E05013390,3032,679,390,452,222,530,665,94
2021,Sandown South,E05013391,3064,695,410,465,234,548,627,85
2021,Shanklin Central,E05013392,3448,743,366,490,259,569,907,114
2021,Shanklin South,E05013393,2881,546,345,413,215,490,753,119
2021,Totland & Colwell,E05013394,3177,618,357,386,247,551,887,131
2021,Ventnor & St Lawrence,E05013395,2930,570,292,398,200,447,927,96
2021,Wootton Bridge,E05013396,2959,522,332,394,250,505,860,96
2021,"Wroxall, Lowtherville & Bonchurch",E05013397,3402,725,387,507,257,571,852,103
2021,Aldbourne & Ramsbury,E05013398,4775,602,390,648,221,767,2032,115
2021,Alderbury & Whiteparish,E05013399,4764,534,419,671,216,791,2037,96
2021,Amesbury East & Bulford,E05013400,5202,595,494,766,458,1280,1504,105
2021,Amesbury South,E05013401,4069,391,431,731,150,959,1341,66
2021,Amesbury West,E05013402,5013,1098,623,768,288,876,1195,165
2021,Avon Valley,E05013403,4863,572,488,778,371,1149,1410,95
2021,Box & Colerne,E05013405,4392,469,305,554,212,715,2061,76
2021,Bradford-on-Avon North,E05013406,4359,412,314,508,163,622,2203,137
2021,Bradford-on-Avon South,E05013407,4320,564,353,506,193,550,2051,103
2021,Brinkworth,E05013408,3940,447,332,550,189,659,1697,66
2021,"Bromham, Rowde & Roundway",E05013409,4209,621,458,671,267,799,1296,97
2021,By Brook,E05013410,3770,420,287,475,193,646,1698,51
2021,Calne Central,E05013411,4075,621,489,645,223,784,1178,135
2021,Calne Chilvester & Abberd,E05013412,4828,928,595,831,256,906,1204,108
2021,Calne North,E05013413,3835,614,461,651,194,813,1021,81
2021,Calne Rural,E05013414,4620,508,427,682,224,856,1803,120
2021,Calne South,E05013415,3455,393,347,537,169,714,1207,88
2021,Chippenham Cepen Park & Derriads,E05013416,4478,562,436,726,179,857,1619,99
2021,Chippenham Cepen Park & Hunters Moon,E05013417,3748,357,393,565,191,770,1394,78
2021,Chippenham Hardenhuish,E05013418,3764,520,397,611,178,664,1312,82
2021,Chippenham Hardens & Central,E05013419,4326,612,448,635,181,774,1544,132
2021,Chippenham Lowden & Rowden,E05013420,3021,443,324,457,131,515,1086,65
2021,Chippenham Monkton,E05013421,2373,366,229,309,124,393,910,42
2021,Chippenham Pewsham,E05013422,4148,332,429,694,227,917,1443,106
2021,Chippenham Sheldon,E05013423,4351,873,637,658,257,761,1068,97
2021,Corsham Ladbrook,E05013424,4782,818,491,687,268,764,1625,129
2021,Corsham Pickwick,E05013425,4271,480,384,576,212,749,1780,90
2021,Corsham Without,E05013426,4030,509,374,563,221,695,1565,103
2021,Cricklade & Latton,E05013427,4243,635,424,635,239,713,1494,103
2021,Devizes East,E05013428,4972,855,595,823,347,944,1275,133
2021,Devizes North,E05013429,3500,733,405,511,243,534,961,113
2021,Devizes Rural West,E05013430,4232,625,438,678,240,699,1456,96
2021,Devizes South,E05013431,4163,604,440,625,233,755,1399,107
2021,Downton & Ebble Valley,E05013432,4191,577,324,509,214,705,1751,111
2021,Durrington (Wiltshire),E05013433,3923,632,493,650,234,781,1012,121
2021,Ethandune,E05013434,3920,588,380,592,209,684,1380,87
2021,Fovant & Chalke Valley,E05013435,3713,448,308,506,167,661,1536,87
2021,Hilperton,E05013436,3808,528,435,597,232,731,1198,87
2021,Holt (Wiltshire),E05013437,3963,510,319,559,156,693,1625,101
2021,Kington (Wiltshire),E05013438,4496,540,334,621,258,707,1943,93
2021,Laverstock,E05013439,4640,560,429,686,248,771,1856,90
2021,Ludgershall North & Rural,E05013440,4437,780,512,718,253,822,1249,103
2021,Lyneham,E05013441,6420,727,692,1051,567,1461,1789,133
2021,Malmesbury,E05013442,4832,616,448,626,212,832,2021,77
2021,Marlborough East,E05013443,4404,771,478,660,225,669,1498,103
2021,Marlborough West,E05013444,5146,595,356,987,213,687,2192,116
2021,Melksham Forest,E05013446,4345,989,606,734,277,761,870,108
2021,Melksham South,E05013447,3929,760,481,597,282,727,947,135
2021,Melksham Without North & Shurnhold,E05013448,3954,645,463,550,264,750,1194,88
2021,Melksham Without West & Rural,E05013449,3967,593,359,581,272,699,1370,93
2021,Mere,E05013450,3801,610,419,607,228,612,1230,95
2021,Minety,E05013451,4042,461,318,527,183,660,1819,74
2021,Nadder Valley,E05013452,3992,525,345,532,171,776,1533,110
2021,Old Sarum & Lower Bourne Valley,E05013453,4944,523,463,690,249,1030,1897,92
2021,Pewsey Vale East,E05013455,4543,607,378,623,190,748,1887,110
2021,Purton,E05013457,5352,714,531,857,319,1002,1803,126
2021,Redlynch & Landford,E05013458,3934,526,286,556,213,606,1635,112
2021,Royal Wootton Bassett East,E05013459,4395,497,459,668,251,778,1647,95
2021,Royal Wootton Bassett North,E05013460,4557,939,620,705,279,778,1084,152
2021,Royal Wootton Bassett South & West,E05013461,4620,605,496,692,243,852,1613,119
2021,Salisbury Bemerton Heath,E05013462,3347,613,420,528,163,686,859,78
2021,Salisbury Fisherton & Bemerton Village,E05013463,4775,887,599,717,272,832,1361,107
2021,Salisbury Harnham East,E05013464,4775,591,423,597,212,816,2014,122
2021,Salisbury Harnham West,E05013465,3305,523,309,482,148,516,1222,105
2021,Salisbury Milford,E05013466,5087,886,472,662,269,864,1775,159
2021,Salisbury St Edmund's,E05013467,4130,563,359,442,164,611,1866,125
2021,Salisbury St Francis & Stratford,E05013468,4585,581,407,589,218,782,1909,99
2021,Salisbury St Paul's,E05013469,4638,762,423,595,259,793,1643,163
2021,Sherston,E05013470,4255,504,339,596,145,668,1897,106
2021,Southwick (Wiltshire),E05013471,3593,598,440,540,240,622,1065,88
2021,The Lavingtons,E05013472,3891,527,381,581,215,679,1417,91
2021,Tidworth East & Ludgershall South,E05013473,4948,517,530,837,334,1265,1383,82
2021,Tidworth North & West,E05013474,5468,591,586,908,485,1465,1310,123
2021,Till Valley,E05013475,4330,641,393,611,206,786,1588,105
2021,Tisbury,E05013476,3752,559,347,480,201,585,1493,87
2021,Trowbridge Adcroft,E05013477,5091,1067,625,782,323,823,1309,162
2021,Trowbridge Central,E05013478,4811,878,563,724,264,849,1413,120
2021,Trowbridge Drynham,E05013479,3908,660,498,584,278,809,991,88
2021,Trowbridge Grove,E05013480,4482,814,569,753,280,834,1093,139
2021,Trowbridge Lambrok,E05013481,4491,898,558,740,242,780,1146,127
2021,Trowbridge Park,E05013482,3414,681,418,554,184,620,854,103
2021,Trowbridge Paxcroft,E05013483,4077,400,425,694,228,835,1432,63
2021,Urchfont & Bishops Cannings,E05013484,3983,438,458,609,223,754,1407,94
2021,Warminster Broadway,E05013485,4177,739,451,636,277,779,1140,155
2021,Warminster East,E05013486,4526,905,536,647,329,829,1152,128
2021,Warminster North & Rural,E05013487,4645,620,469,710,301,935,1498,112
2021,Warminster West,E05013488,3854,620,442,659,245,767,1007,114
2021,Westbury East,E05013489,4034,617,446,651,280,830,1110,100
2021,Westbury North,E05013490,4445,880,495,724,273,870,1078,125
2021,Westbury West,E05013491,4861,786,642,911,278,960,1168,116
2021,Wilton,E05013492,3907,642,373,562,206,650,1365,109
2021,Winsley & Westwood,E05013493,4119,398,256,507,170,597,2107,84
2021,Winterslow & Upper Bourne Valley,E05013494,4212,448,365,533,234,796,1728,108
2021,Wylye Valley,E05013495,4050,519,336,603,208,709,1587,88
2021,Alperton,E05013496,12122,3643,1292,1154,393,1262,3764,614
2021,Barnhill,E05013497,9101,1872,737,848,275,1150,3870,349
2021,Brondesbury Park,E05013498,11221,1828,721,902,359,1302,5735,374
2021,Cricklewood & Mapesbury,E05013499,11751,2299,879,917,463,1309,5494,390
2021,Dollis Hill,E05013500,17037,4538,1612,1723,714,2172,5604,674
2021,Harlesden & Kensal Green,E05013501,15963,3615,1452,1531,611,2011,6080,663
2021,Kenton (Brent),E05013502,14665,3070,1202,1468,423,1667,6334,501
2021,Kilburn (Brent),E05013503,14184,2366,982,1200,426,1793,6987,430
2021,Kingsbury (Brent),E05013504,9107,1844,821,927,326,1243,3567,379
2021,Northwick Park,E05013505,10336,1686,771,949,362,1446,4739,383
2021,Preston (Brent),E05013506,10148,2067,890,1035,381,1172,4140,463
2021,Queens Park (Brent),E05013507,13949,1801,785,1178,359,1681,7790,355
2021,Queensbury (Brent),E05013508,14118,3371,1254,1420,493,1704,5331,545
2021,Roundwood,E05013509,12932,3068,1335,1489,513,1690,4332,505
2021,Stonebridge,E05013510,15604,3710,1599,1778,553,2215,5170,579
2021,Sudbury,E05013511,11186,2518,1116,1042,371,1330,4289,520
2021,Tokyngton,E05013512,8337,2184,915,834,326,1097,2558,423
2021,Welsh Harp,E05013513,14316,3582,1387,1432,601,1847,4845,622
2021,Wembley Central,E05013514,14551,4375,1702,1403,473,1414,4413,771
2021,Wembley Hill,E05013515,12367,2808,1378,1210,452,1333,4473,713
2021,Wembley Park,E05013516,6561,387,225,387,83,1590,3712,177
2021,Willesden Green,E05013517,15597,3140,1248,1320,576,1907,6772,634
2021,Central Greenford,E05013518,11607,2195,1070,1260,584,1607,4447,444
2021,Dormers Wells,E05013519,12352,3300,1438,1371,410,1574,3566,693
2021,Ealing Broadway,E05013520,11759,1110,461,743,231,1169,7731,314
2021,Ealing Common,E05013521,13598,1521,680,994,349,1590,8097,367
2021,East Acton,E05013522,12423,1948,905,1071,428,1643,5910,518
2021,Greenford Broadway,E05013523,13501,2803,1367,1500,662,1849,4688,632
2021,Hanger Hill,E05013524,13718,1631,737,977,380,1525,7969,499
2021,Hanwell Broadway,E05013525,12137,1811,828,1171,448,1601,5913,365
2021,Lady Margaret,E05013526,12713,3213,1462,1328,482,1642,3862,724
2021,North Acton,E05013527,16012,2279,900,1186,509,3187,7355,596
2021,North Greenford,E05013528,12753,2398,1127,1379,539,1738,5036,536
2021,North Hanwell,E05013529,11766,2013,964,1296,489,1609,4984,411
2021,Northfield (Ealing),E05013530,11364,1082,577,902,306,1319,6878,300
2021,Northolt Mandeville,E05013531,13771,2914,1386,1576,611,1873,4865,546
2021,Northolt West End,E05013532,12469,2980,1404,1403,522,1731,3955,474
2021,Norwood Green,E05013533,12739,3117,1324,1307,331,1675,4321,664
2021,Perivale,E05013534,13190,2662,1090,1301,620,1810,5112,595
2021,Pitshanger,E05013535,12078,1524,763,1138,332,1533,6391,397
2021,South Acton,E05013536,13669,2046,821,1099,415,1595,7185,508
2021,Southall Broadway,E05013537,8674,2619,987,905,292,920,2238,713
2021,Southall Green,E05013538,12287,3803,1608,1220,357,1296,2985,1018
2021,Southall West,E05013539,5122,1549,709,578,142,564,1233,347
2021,Southfield,E05013540,13527,1109,512,910,288,1518,8925,265
2021,Walpole,E05013541,12137,1298,704,844,283,1352,7331,325
2021,Belmont (Harrow),E05013542,7207,1177,581,863,240,877,3263,206
2021,Canons,E05013543,8071,1317,563,803,231,904,3977,276
2021,Centenary,E05013544,12159,2406,1042,1285,329,1523,5167,407
2021,Edgware (Harrow),E05013545,12571,3106,1221,1341,459,1498,4475,471
2021,Greenhill (Harrow),E05013546,8951,1303,539,690,222,905,4983,309
2021,Harrow on the Hill,E05013547,8596,1223,557,1014,275,995,4288,244
2021,Harrow Weald,E05013548,11656,2316,997,1336,421,1655,4553,378
2021,Hatch End,E05013549,7853,1047,551,821,228,949,4058,199
2021,Headstone,E05013550,11873,1564,819,1118,343,1521,6169,339
2021,Kenton East,E05013551,11033,2832,1104,1123,378,1322,3831,443
2021,Kenton West,E05013552,8350,1589,772,898,269,1020,3525,277
2021,Marlborough,E05013553,9473,1594,727,885,326,1163,4436,342
2021,North Harrow,E05013554,7333,959,578,691,224,927,3749,205
2021,Pinner,E05013555,10617,1303,714,1053,286,1296,5689,276
2021,Pinner South,E05013556,12488,1318,791,1191,377,1474,7075,262
2021,Rayners Lane,E05013557,7248,1139,679,812,206,993,3185,234
2021,Roxbourne,E05013558,7773,1504,796,858,260,1149,2976,230
2021,Roxeth,E05013559,12677,2362,1193,1410,455,1843,4943,471
2021,Stanmore,E05013560,11069,1963,886,1194,351,1264,5031,380
2021,Wealdstone North,E05013561,8073,1761,716,928,287,1121,2967,293
2021,Wealdstone South,E05013562,6202,1390,614,653,243,813,2246,243
2021,West Harrow,E05013563,8357,1282,711,890,248,1216,3731,279
2021,Belmore,E05013564,13504,3265,1618,1524,531,1848,4063,655
2021,Charville,E05013565,9025,2011,1069,1137,399,1283,2725,401
2021,Colham & Cowley,E05013566,15547,2958,1494,1777,651,3184,4966,517
2021,Eastcote,E05013567,13804,1762,1138,1662,606,2086,6174,376
2021,Harefield Village,E05013568,4688,872,501,651,291,720,1530,123
2021,Hayes Town,E05013569,11617,2566,1257,1254,406,1376,4129,629
2021,Heathrow Villages,E05013570,11091,2463,1406,1324,540,1319,3451,588
2021,Hillingdon East,E05013571,12338,2150,1240,1570,573,1914,4489,402
2021,Hillingdon West,E05013572,7678,1084,613,862,288,1093,3505,233
2021,Ickenham & South Harefield,E05013573,12561,1542,1050,1535,611,1865,5639,319
2021,Northwood (Hillingdon),E05013574,9296,1097,582,954,287,1024,5120,232
2021,Northwood Hills,E05013575,9437,1410,737,1037,356,1232,4390,275
2021,Pinkwell,E05013576,12955,3105,1563,1496,475,1732,3866,718
2021,Ruislip,E05013577,12689,1744,1030,1574,621,1843,5537,340
2021,Ruislip Manor,E05013578,8831,1224,849,1203,478,1394,3426,257
2021,South Ruislip,E05013579,13285,1935,1233,1669,643,2177,5235,393
2021,Uxbridge,E05013580,14904,2055,1115,1521,534,3162,6033,484
2021,West Drayton,E05013581,14165,2822,1378,1669,570,1849,5402,475
2021,Wood End,E05013582,15038,3703,1801,1767,594,2000,4518,655
2021,Yeading,E05013583,10051,2212,1195,1224,447,1446,3129,398
2021,Yiewsley,E05013584,9384,1926,1003,1107,400,1291,3337,320
2021,Alexandra Park,E05013585,6763,523,273,528,99,784,4414,142
2021,Bounds Green,E05013586,8040,1395,597,735,289,969,3779,276
2021,Bruce Castle,E05013587,10485,3000,992,995,409,1314,3411,364
2021,Crouch End,E05013588,10864,824,423,719,178,1065,7466,189
2021,Fortis Green,E05013589,9949,878,367,853,187,1152,6350,162
2021,Harringay,E05013590,12522,2047,730,834,382,1290,6847,392
2021,Hermitage & Gardens,E05013591,7249,1304,486,549,203,835,3606,266
2021,Highgate (Haringey),E05013592,10742,739,321,715,165,1004,7628,170
2021,Hornsey,E05013593,12528,1446,653,1008,227,1385,7530,279
2021,Muswell Hill,E05013594,7234,592,253,528,122,714,4900,125
2021,Noel Park,E05013595,11758,2668,937,1064,450,1561,4678,400
2021,Northumberland Park,E05013596,11408,3204,1122,1206,512,1402,3502,460
2021,St Ann's (Haringey),E05013597,8690,1959,733,713,362,958,3638,327
2021,Seven Sisters,E05013598,7311,1688,639,696,284,935,2792,277
2021,South Tottenham,E05013599,12460,3177,1035,1363,464,1471,4361,589
2021,Stroud Green,E05013600,9296,893,409,642,182,945,6066,159
2021,Tottenham Central,E05013601,12304,2814,1006,1065,550,1435,4989,445
2021,Tottenham Hale,E05013602,9916,2063,809,868,315,1631,3920,310
2021,West Green,E05013603,12452,2633,985,1067,448,1465,5389,465
2021,White Hart Lane,E05013604,11414,3162,986,1180,446,1503,3753,384
2021,Woodside (Haringey),E05013605,12617,2908,979,1063,510,1443,5248,466
2021,Bedfont,E05013606,11792,2736,1473,1406,527,1568,3502,580
2021,Brentford East,E05013607,6811,1229,563,642,233,835,3080,229
2021,Brentford West,E05013608,6385,826,453,620,191,858,3245,192
2021,Chiswick Gunnersbury,E05013609,10665,1049,499,813,240,1218,6516,330
2021,Chiswick Homefields,E05013610,11279,1076,496,916,229,1315,6977,270
2021,Chiswick Riverside,E05013611,8354,715,414,699,164,937,5270,155
2021,Cranford,E05013612,12748,3098,1595,1358,445,1470,3953,829
2021,Feltham North,E05013613,10218,2649,1237,1145,430,1201,3118,438
2021,Feltham West,E05013614,12514,2526,1441,1589,544,1671,4285,458
2021,Hanworth Park,E05013615,8216,1654,955,1012,381,1071,2841,302
2021,Hanworth Village,E05013616,12496,2893,1448,1585,608,1766,3747,449
2021,Heston Central,E05013617,11482,2438,1229,1224,395,1335,4194,667
2021,Heston East,E05013618,8980,1850,847,909,316,1129,3528,401
2021,Heston West,E05013619,12251,3099,1318,1372,352,1551,3919,640
2021,Hounslow Central,E05013620,8348,1474,800,713,276,779,3860,446
2021,Hounslow East,E05013621,6775,1321,659,630,231,719,2858,357
2021,Hounslow Heath,E05013622,12434,2581,1286,1299,515,1459,4538,756
2021,Hounslow South,E05013623,11168,1946,968,1209,454,1518,4657,416
2021,Hounslow West,E05013624,12651,2715,1532,1185,465,1395,4562,797
2021,Isleworth,E05013625,10778,1659,878,1081,397,1448,4996,319
2021,Osterley & Spring Grove,E05013626,11925,1520,775,1050,399,1467,6314,400
2021,Syon & Brentford Lock,E05013627,10404,1573,806,932,299,1336,5116,342
2021,Barnet Vale,E05013628,13779,1722,981,1489,436,1853,6932,366
2021,Brunswick Park,E05013629,13072,1996,1039,1513,493,1815,5844,372
2021,Burnt Oak,E05013630,17008,3962,1639,1805,638,2221,6027,716
2021,Childs Hill,E05013631,15817,2287,901,1356,454,1797,8529,493
2021,Colindale North,E05013632,9211,1770,776,915,302,1200,3900,348
2021,Colindale South,E05013633,15718,2405,1004,1301,426,1989,7972,621
2021,Cricklewood,E05013634,8403,1721,684,831,285,1105,3446,331
2021,East Barnet,E05013635,14251,2175,1156,1665,592,1979,6263,421
2021,East Finchley,E05013636,13477,1682,736,1194,368,1507,7653,337
2021,Edgware (Barnet),E05013637,15678,2434,1133,1561,469,1842,7711,528
2021,Edgwarebury,E05013638,9037,1476,713,1083,305,1273,3897,290
2021,Finchley Church End,E05013639,15230,2029,799,1324,407,1659,8568,444
2021,Friern Barnet,E05013640,15425,2446,1080,1561,508,1989,7336,505
2021,Garden Suburb,E05013641,9691,801,409,820,147,995,6318,201
2021,Golders Green,E05013642,10490,1773,799,1434,268,1346,4474,396
2021,Hendon (Barnet),E05013643,17180,2676,1172,1604,584,2504,8031,609
2021,High Barnet,E05013644,9751,1337,630,1017,310,1178,5042,237
2021,Mill Hill (Barnet),E05013645,14614,2032,956,1549,452,1786,7443,396
2021,Totteridge & Woodside,E05013646,11524,1244,603,1036,273,1238,6867,263
2021,Underhill,E05013647,9994,1700,847,1135,358,1352,4334,268
2021,West Finchley,E05013648,15597,2062,936,1305,417,1742,8679,456
2021,West Hendon,E05013649,14251,2830,1096,1232,499,1714,6310,570
2021,Whetstone,E05013650,8771,1174,496,818,270,1087,4677,249
2021,Woodhouse (Barnet),E05013651,11385,2027,717,1139,370,1370,5387,375
2021,Belsize,E05013652,10199,574,225,460,126,894,7699,221
2021,Bloomsbury,E05013653,10390,872,426,520,173,3100,4964,335
2021,Camden Square,E05013654,6462,822,360,522,136,993,3482,147
2021,Camden Town,E05013655,5545,700,320,426,131,872,2967,129
2021,Fortune Green,E05013656,9555,995,410,627,168,984,6147,224
2021,Frognal,E05013657,6261,474,172,399,85,575,4401,155
2021,Gospel Oak,E05013658,9656,1391,592,805,204,1141,5255,268
2021,Hampstead Town,E05013659,6640,360,176,378,55,547,5016,108
2021,Haverstock,E05013660,9925,1537,643,902,271,1349,4958,265
2021,Highgate (Camden),E05013661,8591,874,416,701,173,958,5286,183
2021,Holborn & Covent Garden,E05013662,9125,1189,533,692,178,1290,4955,288
2021,Kentish Town North,E05013663,6135,599,274,408,94,730,3901,129
2021,Kentish Town South,E05013664,8802,1145,475,649,199,1278,4836,220
2021,Kilburn (Camden),E05013665,9989,1850,763,865,251,1194,4742,324
2021,King's Cross,E05013666,10064,1230,504,709,188,2165,4968,300
2021,Primrose Hill,E05013667,10312,1070,433,717,179,1077,6539,297
2021,Regent's Park (Camden),E05013668,10037,1550,690,837,202,1949,4510,299
2021,St Pancras & Somers Town,E05013669,10355,1916,813,974,277,2038,4008,329
2021,South Hampstead,E05013670,10231,876,384,571,144,1025,6972,259
2021,West Hampstead,E05013671,9639,926,386,614,166,998,6327,222
2021,Arnos Grove,E05013672,6651,983,442,671,245,787,3332,191
2021,Bowes,E05013673,8818,2211,830,897,351,1135,3029,365
2021,Brimsdown,E05013674,12218,3480,1257,1438,543,1656,3425,419
2021,Bullsmoor,E05013675,8758,2456,911,1082,363,1236,2397,313
2021,Bush Hill Park,E05013676,10444,1864,933,1187,442,1548,4175,295
2021,Carterhatch,E05013677,9097,2606,1024,1164,361,1227,2402,313
2021,Cockfosters,E05013678,8597,1589,622,899,274,1132,3795,286
2021,Edmonton Green,E05013679,12856,3836,1422,1466,477,1658,3543,454
2021,Enfield Lock,E05013680,13201,3387,1338,1567,529,1869,4077,434
2021,Grange Park,E05013681,7627,1081,536,864,297,1032,3605,212
2021,Haselbury,E05013682,13947,3839,1620,1575,573,1849,3965,526
2021,Highfield (Enfield),E05013683,7491,1722,738,799,292,1014,2657,269
2021,Jubilee (Enfield),E05013684,12633,3665,1336,1446,556,1666,3518,446
2021,Lower Edmonton,E05013685,12560,3567,1407,1490,446,1729,3495,426
2021,New Southgate,E05013686,9666,1735,759,893,367,1170,4392,350
2021,Oakwood (Enfield),E05013687,6917,1011,546,720,239,984,3247,170
2021,Palmers Green,E05013688,9033,1604,625,832,342,1028,4314,288
2021,Ponders End,E05013689,10032,2876,1090,1200,346,1258,2932,330
2021,Ridgeway (Enfield),E05013690,10210,1584,884,1216,392,1425,4437,272
2021,Southbury,E05013691,12190,2320,1136,1516,486,1801,4593,338
2021,Southgate (Enfield),E05013692,11694,1962,848,1217,392,1399,5492,384
2021,Town (Enfield),E05013693,10735,1622,906,1334,473,1537,4596,267
2021,Upper Edmonton,E05013694,12605,3603,1391,1346,444,1618,3719,484
2021,Whitewebbs,E05013695,10779,1994,1013,1336,542,1610,4008,276
2021,Winchmore Hill,E05013696,8422,1213,538,850,283,1109,4224,205
2021,Arsenal,E05013697,10920,1179,532,649,218,1081,7064,197
2021,Barnsbury,E05013698,10103,1274,484,657,228,995,6238,227
2021,Bunhill,E05013699,9643,1205,535,662,207,1396,5346,292
2021,Caledonian,E05013700,9879,1594,624,767,252,1418,4862,362
2021,Canonbury,E05013701,10616,1584,589,811,293,1127,5931,281
2021,Clerkenwell,E05013702,9530,1143,453,679,222,1559,5223,251
2021,Finsbury Park,E05013703,12350,1925,864,865,326,1751,6272,347
2021,Highbury,E05013704,11622,1243,476,710,200,1198,7559,236
2021,Hillrise,E05013705,12272,1910,763,1043,307,1544,6416,289
2021,Holloway,E05013706,11064,1485,633,794,258,1545,6060,289
2021,Junction,E05013707,10915,1516,605,798,246,1310,6195,245
2021,Laycock,E05013708,10530,1798,755,794,296,1312,5321,254
2021,Mildmay,E05013709,12001,1704,719,932,241,1342,6819,244
2021,St Mary's & St James' (Islington),E05013710,10189,1295,487,702,174,1085,6229,217
2021,St Peter's & Canalside,E05013711,9876,1334,497,667,209,1243,5693,233
2021,Tollington,E05013712,11647,1637,656,824,252,1296,6733,249
2021,Tufnell Park,E05013713,10468,1429,602,792,283,1133,6014,215
2021,Bellingham (Lewisham),E05013714,8962,1875,1009,1157,316,1261,3094,250
2021,Blackheath (Lewisham),E05013715,13620,1635,774,1105,337,1575,7927,267
2021,Brockley,E05013716,14702,1524,734,1061,296,2139,8646,302
2021,Catford South,E05013717,13757,2439,1125,1580,474,1949,5744,446
2021,Crofton Park,E05013718,12325,1402,736,1080,323,1384,7155,245
2021,Deptford,E05013719,14137,2151,1002,1230,405,1942,6959,448
2021,Downham,E05013720,14139,3153,1516,1947,607,1974,4489,453
2021,Evelyn,E05013721,12018,1671,804,1064,348,1481,6323,327
2021,Forest Hill,E05013722,12139,1282,672,1050,313,1443,7128,251
2021,Grove Park,E05013723,12572,2293,1103,1445,477,1779,5108,367
2021,Hither Green,E05013724,16093,2690,1285,1712,505,2176,7321,404
2021,Ladywell,E05013725,12651,1572,813,1081,333,1641,6952,259
2021,Lee Green,E05013726,11863,1411,765,1108,316,1444,6536,283
2021,Lewisham Central,E05013727,7033,716,327,485,162,848,4304,191
2021,New Cross Gate,E05013728,8935,1537,752,954,284,1255,3935,218
2021,Perry Vale,E05013729,14783,1911,1032,1425,439,1871,7787,318
2021,Rushey Green,E05013730,15256,2415,1260,1383,553,1943,7198,504
2021,Sydenham,E05013731,13534,2028,1098,1390,392,1686,6631,309
2021,Telegraph Hill,E05013732,13890,1740,931,1169,383,1744,7579,344
2021,Addison,E05013733,6620,776,332,480,143,826,3889,174
2021,Avonmore,E05013734,6691,764,315,386,154,853,3983,236
2021,Brook Green,E05013735,6987,574,236,433,140,857,4592,155
2021,College Park & Old Oak,E05013736,8511,1524,606,762,280,1089,3931,319
2021,Coningham,E05013737,9016,1249,561,683,248,1210,4829,236
2021,Fulham Reach,E05013738,10664,1194,563,676,241,1598,6107,285
2021,Fulham Town,E05013739,6277,428,202,360,105,759,4312,111
2021,Grove,E05013740,6073,643,269,388,110,687,3794,182
2021,Hammersmith Broadway,E05013741,6760,939,432,536,139,948,3601,165
2021,Lillie,E05013742,5835,787,343,415,152,813,3123,202
2021,Munster,E05013743,10258,906,347,664,157,1338,6607,239
2021,Palace & Hurlingham,E05013744,9037,800,350,685,163,1137,5687,215
2021,Parsons Green & Sandford,E05013745,6224,484,217,406,75,756,4144,142
2021,Ravenscourt,E05013746,5916,581,239,420,123,692,3660,201
2021,Sands End,E05013747,9256,1030,459,674,182,1183,5523,205
2021,Shepherd's Bush Green,E05013748,4648,715,332,390,152,600,2299,160
2021,Walham Green,E05013749,6785,852,346,520,177,911,3825,154
2021,Wendell Park,E05013750,5956,619,256,488,134,717,3596,146
2021,West Kensington,E05013751,8169,1010,440,598,240,1109,4522,250
2021,White City,E05013752,8437,1427,606,838,248,1142,3884,292
2021,Wormholt,E05013753,6499,1026,439,588,170,941,3135,200
2021,Beddington,E05013754,8830,1389,938,1241,405,1491,3148,218
2021,Belmont (Sutton),E05013755,9472,1195,800,1097,354,1323,4496,207
2021,Carshalton Central,E05013756,9145,1069,731,1166,394,1397,4181,207
2021,Carshalton South & Clockhouse,E05013757,7887,1038,656,1107,333,1240,3313,200
2021,Cheam,E05013758,8818,1135,680,1099,389,1290,4032,193
2021,Hackbridge,E05013759,5066,599,430,631,161,809,2286,150
2021,North Cheam,E05013760,8821,1279,866,1232,463,1627,3124,230
2021,St Helier East,E05013761,6507,1439,759,966,339,1014,1779,211
2021,St Helier West,E05013762,9472,2105,1138,1325,430,1442,2730,302
2021,South Beddington & Roundshaw,E05013763,8630,1515,912,1163,389,1297,3112,242
2021,Stonecot,E05013764,6672,1129,706,894,367,1161,2172,243
2021,Sutton Central,E05013765,9752,1406,846,1131,391,1420,4236,322
2021,Sutton North,E05013766,8869,1523,828,1148,409,1367,3311,283
2021,Sutton South,E05013767,9843,1316,715,1007,399,1296,4801,309
2021,Sutton West & East Cheam,E05013768,8647,1145,742,1067,351,1319,3761,262
2021,The Wrythe,E05013769,8565,1433,915,1120,409,1431,3015,242
2021,Wallington North,E05013770,9655,1365,872,1332,403,1549,3872,262
2021,Wallington South,E05013771,8768,1338,815,1157,336,1427,3420,275
2021,Worcester Park North,E05013772,6502,884,523,808,293,1005,2813,176
2021,Worcester Park South,E05013773,5738,820,476,741,267,961,2288,185
2021,Barnes (Richmond upon Thames),E05013774,8449,675,324,747,164,956,5401,182
2021,East Sheen,E05013775,8145,470,278,682,115,906,5555,139
2021,Fulwell & Hampton Hill,E05013776,8469,709,382,770,231,1079,5172,126
2021,"Ham, Petersham & Richmond Riverside",E05013777,8371,1034,444,760,259,989,4664,221
2021,Hampton (Richmond upon Thames),E05013778,8342,819,500,859,225,1046,4728,165
2021,Hampton North,E05013779,7823,1135,634,929,300,1072,3542,211
2021,Hampton Wick & South Teddington,E05013780,8711,750,392,799,184,1011,5407,168
2021,Heathfield,E05013781,8249,1518,809,995,328,1144,3191,264
2021,Kew (Richmond upon Thames),E05013782,9618,642,317,700,139,962,6719,139
2021,Mortlake & Barnes Common,E05013783,9440,758,433,779,196,1042,6054,178
2021,North Richmond,E05013784,8440,645,366,663,191,828,5555,192
2021,St Margarets & North Twickenham,E05013785,9377,542,304,754,177,1050,6387,163
2021,South Richmond,E05013786,9094,603,339,616,112,866,6342,216
2021,South Twickenham,E05013787,8591,534,343,727,170,1448,5257,112
2021,Teddington,E05013788,8673,641,387,752,181,1020,5529,163
2021,Twickenham Riverside,E05013789,8947,544,293,659,141,1015,6138,157
2021,West Twickenham,E05013790,8694,916,571,914,268,1180,4657,188
2021,Whitton (Richmond upon Thames),E05013791,8403,1228,665,924,361,1216,3791,218
2021,Abbey Road,E05013792,11028,1227,401,640,160,1156,7139,305
2021,Bayswater,E05013793,10945,896,375,592,172,1187,7435,288
2021,Church Street,E05013794,9700,2448,782,911,259,1390,3588,322
2021,Harrow Road,E05013795,9700,1586,661,861,259,1247,4797,289
2021,Hyde Park,E05013796,9140,946,313,439,241,1394,5502,305
2021,Knightsbridge & Belgravia,E05013797,9655,902,381,638,216,1706,5421,391
2021,Lancaster Gate,E05013798,9933,896,337,488,143,1086,6607,376
2021,Little Venice,E05013799,8867,1078,392,542,161,1007,5390,297
2021,Maida Vale,E05013800,9784,1192,558,744,180,1056,5789,265
2021,Marylebone,E05013801,10901,814,275,522,154,1154,7676,306
2021,Pimlico North,E05013802,9307,1220,402,546,211,971,5733,224
2021,Pimlico South,E05013803,9142,1467,598,791,258,1129,4632,267
2021,Queen's Park (Westminster),E05013804,10524,2123,835,1096,252,1518,4348,352
2021,Regent's Park (Westminster),E05013805,10193,1023,351,552,140,1039,6737,351
2021,St James's (Westminster),E05013806,9373,960,407,669,240,1186,5582,329
2021,Vincent Square,E05013807,9023,973,494,672,180,1109,5305,290
2021,West End (Westminster),E05013808,10615,1063,455,559,238,1395,6503,402
2021,Westbourne (Westminster),E05013809,9648,2069,600,925,283,1289,4173,309
2021,Abbey (Merton),E05013810,8629,841,401,612,191,906,5466,212
2021,Cannon Hill,E05013811,7864,1082,591,796,320,1135,3671,269
2021,Colliers Wood,E05013812,9847,1231,622,792,292,1202,5437,271
2021,Cricket Green,E05013813,9100,1989,953,1066,401,1226,3124,341
2021,Figge's Marsh,E05013814,9244,1935,905,1104,394,1300,3281,325
2021,Graveney,E05013815,9672,1643,796,842,413,1247,4321,410
2021,Hillside (Merton),E05013816,6896,502,233,414,106,615,4868,158
2021,Lavender Fields,E05013817,9194,1689,795,933,363,1248,3853,313
2021,Longthornton,E05013818,9458,1748,857,1016,418,1358,3710,351
2021,Lower Morden,E05013819,9165,1612,934,1216,448,1480,3177,298
2021,Merton Park,E05013820,6670,753,375,534,204,758,3846,200
2021,Pollards Hill,E05013821,9087,1819,954,1146,372,1374,3102,320
2021,Ravensbury,E05013822,7573,1523,753,887,324,1110,2700,276
2021,Raynes Park,E05013823,9803,886,503,768,239,1093,6055,259
2021,St Helier,E05013824,8979,1717,925,1052,414,1191,3346,334
2021,Village (Merton),E05013825,9722,723,340,762,125,989,6567,216
2021,Wandle (Merton),E05013826,4595,553,246,372,130,526,2654,114
2021,West Barnes,E05013827,8449,1052,530,861,265,1125,4370,246
2021,Wimbledon Park,E05013828,8597,656,333,675,157,958,5642,176
2021,Wimbledon Town & Dundonald,E05013829,10231,655,325,661,175,946,7223,246
2021,Garforth & Swillington,E05013830,17339,3140,1774,2426,1242,3155,5125,477
2021,Temple Newsam,E05013831,18124,3798,1958,2466,1324,3035,5050,493
2021,Bowerhill,E05013832,3577,455,416,592,228,801,1004,81
2021,Melksham East,E05013833,4001,488,499,724,230,905,1076,79
2021,Pewsey,E05013834,4135,585,356,585,235,728,1550,96
2021,Pewsey Vale West,E05013835,4269,543,344,609,214,742,1737,80
2021,St Austell Poltair & Mount Charles,E05013836,5661,1038,639,1030,368,1067,1378,141
2021,Altarnun & Stoke Climsland,E05013837,5889,986,599,901,393,980,1889,141
2021,"Crowan, Sithney & Wendron",E05013838,5665,823,521,786,375,1075,1937,148
2021,Falmouth Boslowick,E05013839,5152,629,433,728,384,1006,1874,98
2021,Falmouth Trescobeas & Budock,E05013840,5098,820,465,658,367,1000,1661,127
2021,Helston North,E05013841,5378,831,516,837,352,1101,1581,160
2021,Illogan & Portreath,E05013842,5461,983,523,758,431,952,1668,146
2021,"Lanner, Stithians & Gwennap",E05013843,5579,881,528,796,402,990,1871,111
2021,Launceston North & North Petherwin,E05013844,5804,1146,738,957,362,952,1483,166
2021,"Long Rock, Marazion & St Erth",E05013845,5787,974,522,851,367,1041,1853,179
2021,Mevagissey & St Austell Bay,E05013846,4512,660,430,680,325,733,1545,139
2021,Newquay Trenance,E05013847,6062,1033,653,912,418,1165,1717,164
2021,Penryn,E05013848,6790,836,459,904,372,1815,2273,131
2021,Perranporth,E05013849,5225,758,435,740,363,897,1906,126
2021,Probus & St Erme,E05013850,5480,738,552,913,286,1080,1788,123
2021,"Redruth Central, Carharrack & St Day",E05013851,5441,934,537,876,385,1035,1547,127
2021,St Agnes (Cornwall),E05013852,5384,590,392,730,283,865,2407,117
2021,St Austell Bethel & Holmbush,E05013853,5691,1081,626,1014,446,1130,1253,141
2021,St Austell Central & Gover,E05013854,5936,1188,744,964,405,1021,1428,186
2021,St Columb Minor & Colan,E05013855,4837,749,499,791,294,1011,1379,114
2021,St Dennis & St Enoder,E05013856,6409,1300,799,1048,432,1261,1415,154
2021,"St Ives East, Lelant & Carbis Bay",E05013857,5380,795,511,842,358,966,1760,148
2021,St Ives West & Towednack,E05013858,5167,902,513,722,369,884,1634,143
2021,St Mewan & Grampound,E05013859,4774,796,472,713,321,901,1449,122
2021,"St Newlyn East, Cubert & Goonhavern",E05013860,5449,802,481,833,333,1005,1871,124
2021,Threemilestone & Chacewater,E05013861,4370,611,389,621,303,840,1488,118
2021,Bothal,E05013862,4121,721,368,643,316,843,1130,100
2021,Pegswood,E05013863,4841,736,406,736,308,852,1676,127
2021,Abbey (Reading),E05013864,8795,1224,607,656,284,1013,4682,329
2021,Battle,E05013865,8980,1762,995,993,431,1217,3162,420
2021,Caversham,E05013866,9005,1054,696,1005,353,1158,4556,183
2021,Caversham Heights,E05013867,7498,631,460,829,274,997,4185,122
2021,Church (Reading),E05013868,9365,2481,1169,1245,442,1267,2483,278
2021,Coley,E05013869,8938,1424,838,932,331,1103,4028,282
2021,Emmer Green,E05013870,7753,953,675,1024,378,1283,3234,206
2021,Katesgrove,E05013871,10149,1505,923,836,372,1714,4385,414
2021,Kentwood,E05013872,7379,1233,872,1001,403,1294,2362,214
2021,Norcot,E05013873,8820,1796,1038,1118,464,1229,2876,299
2021,Park (Reading),E05013874,9335,1411,728,833,282,1941,3866,274
2021,Redlands,E05013875,13104,1145,575,757,226,5027,5112,262
2021,Southcote,E05013876,8806,1680,987,1131,483,1211,3003,311
2021,Thames (Reading),E05013877,6547,734,455,534,213,774,3700,137
2021,Tilehurst,E05013878,7810,1427,933,1077,522,1322,2276,253
2021,Whitley,E05013879,9073,1901,978,1096,397,1185,3236,280
2021,Longstanton,E05013880,5553,561,382,612,218,785,2854,141
2021,Over & Willingham,E05013881,5852,734,512,717,354,967,2430,138
2021,Cann Hall (Waltham Forest),E05013882,12893,2491,1176,1359,490,1700,5188,489
2021,Cathall,E05013883,8664,1685,816,868,339,1071,3542,343
2021,Chapel End,E05013884,10519,1664,911,1125,307,1361,4806,345
2021,Chingford Green,E05013885,9366,1762,867,1192,481,1348,3432,284
2021,Endlebury,E05013886,7522,1416,687,1017,355,1176,2626,245
2021,Forest (Waltham Forest),E05013887,13416,2557,1191,1436,403,1829,5560,440
2021,Grove Green,E05013888,12109,1937,926,1034,382,1372,5975,483
2021,Hale End & Highams Park South,E05013889,7649,1224,661,944,246,1159,3223,192
2021,Hatch Lane & Highams Park North,E05013890,10421,2073,985,1321,466,1554,3756,266
2021,High Street (Waltham Forest),E05013891,9365,1539,739,795,263,1069,4662,298
2021,Higham Hill,E05013892,11021,2217,986,1223,368,1427,4470,330
2021,Hoe Street,E05013893,11518,1939,894,997,298,1332,5667,391
2021,Larkswood,E05013894,10753,2328,970,1329,492,1518,3793,323
2021,Lea Bridge (Waltham Forest),E05013895,12486,2639,1073,1127,432,1584,5164,467
2021,Leyton,E05013896,10540,1996,979,1131,337,1353,4365,379
2021,Leytonstone,E05013897,10185,1472,707,940,304,1186,5249,327
2021,Markhouse,E05013898,7444,1504,597,697,265,837,3293,251
2021,St James (Waltham Forest),E05013899,9497,1328,641,716,198,1203,5138,273
2021,Upper Walthamstow,E05013900,6358,1017,485,699,202,838,2930,187
2021,Valley (Waltham Forest),E05013901,11178,2482,1169,1453,518,1637,3514,405
2021,William Morris,E05013902,11908,1990,860,995,331,1362,6022,348
2021,Wood Street,E05013903,7371,1275,556,708,217,853,3535,227
2021,Beckton,E05013904,12903,2601,1087,1428,495,1919,4881,492
2021,Boleyn,E05013905,11509,2666,1082,1279,378,1489,4157,458
2021,Canning Town North,E05013906,8623,1741,754,888,274,1137,3493,336
2021,Canning Town South,E05013907,5903,989,379,501,145,654,3060,175
2021,Custom House,E05013908,13887,3183,1180,1543,546,1770,5129,536
2021,East Ham,E05013909,11573,2752,1234,1230,374,1486,3997,500
2021,East Ham South,E05013910,13668,3203,1422,1618,477,1906,4497,545
2021,Forest Gate North,E05013911,8730,1602,849,900,341,1125,3643,270
2021,Forest Gate South,E05013912,14094,3085,1282,1452,436,1789,5507,543
2021,Green Street East,E05013913,12746,3138,1406,1332,405,1544,4346,575
2021,Green Street West,E05013914,12242,3109,1264,1350,305,1483,4168,563
2021,Little Ilford,E05013915,12866,3129,1418,1574,366,1836,4013,530
2021,Manor Park (Newham),E05013916,12009,2993,1239,1300,380,1577,3956,564
2021,Maryland,E05013917,10264,2054,878,1090,352,1320,4196,374
2021,Plaistow North,E05013918,14106,3332,1397,1529,466,1855,4978,549
2021,Plaistow South,E05013919,10132,2416,984,1094,401,1288,3562,387
2021,Plaistow West & Canning Town East,E05013920,13127,3151,1358,1410,571,1706,4450,481
2021,Plashet,E05013921,9033,2340,886,915,218,1206,3103,365
2021,Royal Albert,E05013922,7274,1116,547,658,209,997,3489,258
2021,Royal Victoria,E05013923,12329,876,448,720,215,1295,8462,313
2021,Stratford,E05013924,13548,1585,810,998,298,1688,7774,395
2021,Stratford Olympic Park,E05013925,10062,513,285,538,101,1377,7032,216
2021,Wall End,E05013926,12681,2877,1522,1380,400,1704,4272,526
2021,West Ham,E05013927,12862,2700,1218,1356,468,1631,4962,527
2021,Alexandra (Kingston upon Thames),E05013928,5171,565,364,553,199,824,2532,134
2021,Berrylands,E05013929,4959,411,258,471,140,692,2892,95
2021,Canbury Gardens,E05013930,6505,505,288,507,121,696,4250,138
2021,Chessington South & Malden Rushett,E05013931,7657,1185,797,1049,398,1375,2630,223
2021,Coombe Hill,E05013932,6141,631,303,529,161,738,3616,163
2021,Coombe Vale,E05013933,8265,841,461,771,187,1043,4771,191
2021,Green Lane & St James,E05013934,5673,895,407,573,185,863,2586,164
2021,Hook & Chessington North,E05013935,8855,1632,880,1193,476,1497,2913,264
2021,King George's & Sunray,E05013936,4460,705,458,598,222,746,1585,146
2021,Kingston Gate,E05013937,8285,728,376,716,189,992,5098,186
2021,Kingston Town,E05013938,8849,722,426,681,188,1757,4829,246
2021,Motspur Park & Old Malden East,E05013939,5730,785,408,613,217,853,2681,173
2021,New Malden Village,E05013940,7590,962,458,713,214,872,4129,242
2021,Norbiton,E05013941,8780,1396,632,813,256,1350,4048,285
2021,Old Malden,E05013942,5461,753,446,640,239,785,2419,179
2021,St Mark's & Seething Wells,E05013943,10181,700,378,693,215,1696,6323,176
2021,Surbiton Hill,E05013944,8904,1012,451,763,243,1127,5085,223
2021,Tolworth,E05013945,8726,1233,651,945,314,1214,4127,242
2021,Tudor (Kingston upon Thames),E05013946,5271,467,301,500,160,644,3067,132
2021,Batchwood,E05013947,5903,754,461,683,201,806,2887,111
2021,Bernards Heath,E05013948,6343,427,317,630,152,697,4008,112
2021,Clarence,E05013949,6306,432,255,569,160,705,4075,110
2021,Colney Heath,E05013950,2241,336,226,300,120,395,780,84
2021,Cunningham,E05013951,6292,964,517,683,221,758,2985,164
2021,Harpenden East,E05013952,5877,532,350,696,204,740,3276,79
2021,Harpenden North & Rural,E05013953,6124,419,319,667,153,737,3726,103
2021,Harpenden South,E05013954,5671,380,319,659,162,736,3345,70
2021,Harpenden West,E05013955,6258,382,244,592,138,647,4132,123
2021,Hill End,E05013956,5739,494,359,717,152,800,3131,86
2021,London Colney,E05013957,6519,1073,708,948,325,1105,2156,204
2021,Marshalswick East & Jersey Farm,E05013958,5780,570,386,666,220,841,2941,156
2021,Marshalswick West,E05013959,3961,288,229,470,117,491,2295,71
2021,Park Street,E05013960,6518,903,511,932,338,1026,2648,160
2021,Redbourn,E05013961,4553,540,342,620,219,636,2078,118
2021,Sandridge & Wheathampstead,E05013962,6247,672,511,812,258,889,2938,167
2021,Sopwell,E05013963,5892,810,515,601,215,749,2874,128
2021,St Peters (St Albans),E05013964,7010,507,311,525,142,743,4660,122
2021,St Stephen (St Albans),E05013965,6763,869,570,947,339,1042,2807,189
2021,Verulam,E05013966,6095,431,326,602,169,675,3792,100
2021,Beam Park,E05013967,3717,813,440,528,182,519,1131,104
2021,Cranham,E05013968,10559,1744,1170,1785,504,1957,3096,303
2021,Elm Park,E05013969,13367,2883,1552,1934,727,2133,3713,425
2021,Emerson Park,E05013970,7997,1485,774,1134,406,1291,2663,244
2021,Gooshays,E05013971,13524,3237,1638,2033,633,1967,3608,408
2021,Hacton,E05013972,7048,1363,788,1117,460,1266,1840,214
2021,Harold Wood,E05013973,11241,1927,1128,1595,570,1893,3832,296
2021,Havering-atte-Bower,E05013974,12863,2990,1576,1913,701,2097,3171,415
2021,Heaton (Havering),E05013975,12942,3219,1578,1849,559,1827,3503,407
2021,Hylands & Harrow Lodge,E05013976,11347,2082,1327,1789,669,1975,3185,320
2021,Marshalls & Rise Park,E05013977,10736,2016,1200,1610,582,1718,3241,369
2021,Mawneys,E05013978,11499,2465,1369,1762,655,1892,3022,334
2021,Rainham & Wennington,E05013979,10811,2523,1308,1601,600,1700,2738,341
2021,Rush Green & Crowlands,E05013980,12346,2317,1217,1619,537,1822,4412,422
2021,St Alban's,E05013981,6840,1231,708,941,310,1046,2432,172
2021,St Andrew's (Havering),E05013982,12261,2456,1373,1867,712,2140,3364,349
2021,St Edward's,E05013983,8422,1573,777,1080,345,1300,3109,238
2021,South Hornchurch,E05013984,8600,1938,1007,1323,455,1404,2206,267
2021,Squirrels Heath,E05013985,12567,2010,1361,1904,616,2150,4188,338
2021,Upminster,E05013986,11042,1676,1162,1844,555,2028,3468,309
2021,Beckenham Town & Copers Cope,E05013987,13720,1371,898,1432,433,1864,7420,302
2021,Bickley & Sundridge,E05013988,14356,1617,1054,1776,484,2065,7019,341
2021,Biggin Hill,E05013989,8880,1452,1024,1573,542,1678,2363,248
2021,Bromley Common & Holwood,E05013990,14856,2280,1375,2082,686,2352,5724,357
2021,Bromley Town,E05013991,12498,1279,842,1383,407,1734,6576,277
2021,Chelsfield,E05013992,8978,1209,754,1273,392,1314,3812,224
2021,Chislehurst,E05013993,12541,1647,961,1646,451,1832,5701,303
2021,Clock House,E05013994,13825,1568,1049,1592,414,1845,7078,279
2021,Crystal Palace & Anerley,E05013995,9923,1414,656,889,314,1247,5115,288
2021,Darwin,E05013996,4819,861,460,777,266,810,1501,144
2021,Farnborough & Crofton,E05013997,14267,1933,1319,2119,612,2226,5662,396
2021,Hayes & Coney Hall,E05013998,12757,1544,1193,2017,576,2206,4883,338
2021,Kelsey & Eden Park,E05013999,12416,1653,1079,1667,505,1890,5303,319
2021,Mottingham,E05014000,8928,1709,917,1261,409,1267,3110,255
2021,Orpington,E05014001,9617,1483,973,1363,440,1391,3707,260
2021,Penge & Cator,E05014002,15238,2105,1177,1601,438,1935,7578,404
2021,Petts Wood & Knoll,E05014003,13840,1541,1153,1917,496,2059,6325,349
2021,Plaistow,E05014004,10713,1526,899,1332,408,1542,4734,272
2021,Shortlands & Park Langley,E05014005,12929,1208,944,1624,422,1833,6608,290
2021,St Mary Cray,E05014006,14659,2865,1669,2172,727,2220,4604,402
2021,St Paul's Cray,E05014007,13307,2845,1552,1959,644,2049,3889,369
2021,West Wickham,E05014008,12022,1474,1081,1802,495,2061,4794,315
2021,Balham,E05014009,15074,1024,417,799,179,1382,11048,225
2021,Battersea Park,E05014010,16191,1965,966,1271,406,1901,9199,483
2021,East Putney,E05014011,14408,1105,565,875,253,1385,9938,287
2021,Falconbrook,E05014012,9928,1415,708,843,260,1217,5181,304
2021,Furzedown,E05014013,14577,2065,948,1255,481,2011,7395,422
2021,Lavender,E05014014,11703,631,307,530,126,1118,8796,195
2021,Nine Elms,E05014015,4713,268,129,221,58,461,3446,130
2021,Northcote,E05014016,9602,520,263,569,94,882,7144,130
2021,Roehampton,E05014017,14918,2529,1138,1505,522,2680,5983,561
2021,St Mary's (Wandsworth),E05014018,12329,928,473,743,201,1320,8378,286
2021,Shaftesbury & Queenstown,E05014019,12914,1776,740,960,321,1548,7239,330
2021,South Balham,E05014020,8469,668,326,481,134,803,5924,133
2021,Southfields,E05014021,10140,659,363,635,182,1034,7066,201
2021,Thamesfield,E05014022,14157,842,370,798,184,1334,10392,237
2021,Tooting Bec,E05014023,14379,1659,778,955,250,1531,8825,381
2021,Tooting Broadway,E05014024,14660,1785,821,997,356,1826,8465,410
2021,Trinity (Wandsworth),E05014025,9622,660,338,553,152,962,6814,143
2021,Wandle (Wandsworth),E05014026,8742,806,407,632,165,992,5568,172
2021,Wandsworth Common,E05014027,13751,1252,549,990,270,1789,8590,311
2021,Wandsworth Town,E05014028,15681,1326,636,995,256,1673,10454,341
2021,West Hill (Wandsworth),E05014029,13618,1740,832,1170,394,1663,7322,497
2021,West Putney,E05014030,13976,1579,688,1118,334,1698,8176,383
2021,Cambourne,E05014031,8703,581,571,1155,264,1358,4610,164
2021,Caxton & Papworth,E05014032,5139,510,405,626,233,817,2462,86
2021,Balderstone & Kirkholt,E05014033,8578,2088,910,1230,521,1396,2161,272
2021,Bamford,E05014034,8545,1534,726,1076,431,1344,3192,242
2021,Castleton,E05014035,8334,1942,895,1150,568,1453,2083,243
2021,Central Rochdale,E05014036,9391,3023,1095,1195,362,1314,2085,317
2021,East Middleton,E05014037,8936,2017,947,1366,597,1570,2217,222
2021,Healey,E05014038,8738,1698,869,1266,549,1568,2536,252
2021,Hopwood Hall,E05014039,8626,1878,943,1282,559,1478,2260,226
2021,Kingsway (Rochdale),E05014040,8722,2400,943,1157,384,1373,2198,267
2021,Littleborough Lakeside,E05014041,7857,1419,711,1026,559,1500,2441,201
2021,Milkstone & Deeplish,E05014042,8946,2879,1046,1067,281,1178,2067,428
2021,Milnrow & Newhey,E05014043,8784,1540,830,1301,665,1737,2490,221
2021,Norden (Rochdale),E05014044,8102,973,646,1100,504,1460,3203,216
2021,North Heywood,E05014045,8946,2264,1024,1340,568,1551,1989,210
2021,North Middleton,E05014046,9532,2244,1078,1533,669,1678,2079,251
2021,Smallbridge & Firgrove,E05014047,9008,2613,1025,1293,500,1405,1877,295
2021,South Middleton,E05014048,9074,1799,894,1194,568,1568,2800,251
2021,Spotland & Falinge,E05014049,9306,2537,1108,1237,531,1429,2138,326
2021,"Wardle, Shore & West Littleborough",E05014050,8292,1353,772,1154,599,1602,2616,196
2021,West Heywood,E05014051,9385,2223,1142,1506,668,1662,1934,250
2021,West Middleton,E05014052,7833,2226,810,1080,475,1201,1872,169
2021,Abbey (Barking and Dagenham),E05014053,2936,513,238,260,72,324,1395,134
2021,Alibon,E05014054,7567,1840,821,944,351,964,2354,293
2021,Barking Riverside,E05014055,6813,1083,571,838,223,908,2979,211
2021,Beam,E05014056,6292,1487,740,818,241,802,1967,237
2021,Becontree,E05014057,7156,1724,781,895,271,1032,2162,291
2021,Chadwell Heath,E05014058,10470,2415,1105,1310,431,1479,3366,364
2021,Eastbrook & Rush Green,E05014059,6796,1655,720,839,351,955,2057,219
2021,Eastbury,E05014060,11622,2819,1243,1391,503,1532,3709,425
2021,Gascoigne,E05014061,7645,1428,723,836,202,1027,3121,308
2021,Goresbrook,E05014062,9726,2454,1121,1256,389,1321,2829,356
2021,Heath (Barking and Dagenham),E05014063,6639,1517,705,886,275,881,2163,212
2021,Longbridge,E05014064,10325,2044,1049,1346,298,1598,3578,412
2021,Mayesbrook,E05014065,11597,2743,1170,1501,481,1469,3819,414
2021,Northbury,E05014066,9645,2033,985,1053,308,1246,3617,403
2021,Parsloes,E05014067,11502,2836,1219,1615,467,1601,3349,415
2021,Thames View,E05014068,4373,1042,450,551,154,570,1460,146
2021,Valence,E05014069,11367,2897,1206,1566,482,1560,3200,456
2021,Village (Barking and Dagenham),E05014070,9281,2211,922,1242,401,1205,2973,327
2021,Whalebone,E05014071,9997,2057,983,1220,360,1345,3689,343
2021,Abbey Wood,E05014072,13375,2867,1308,1556,555,1771,4910,408
2021,Blackheath Westcombe,E05014073,12296,1235,575,965,247,1293,7744,237
2021,Charlton Hornfair,E05014074,9528,1561,717,959,309,1222,4548,212
2021,Charlton Village & Riverside,E05014075,8371,1521,743,924,338,1029,3565,251
2021,East Greenwich,E05014076,11980,1233,569,819,281,1334,7515,229
2021,Eltham Page,E05014077,7620,1888,757,933,299,1041,2481,221
2021,Eltham Park & Progress,E05014078,8558,1301,775,1063,373,1318,3513,215
2021,Eltham Town & Avery Hill,E05014079,12606,2134,1054,1500,544,2145,4894,335
2021,Greenwich Creekside,E05014080,9252,872,393,646,156,1366,5607,212
2021,Greenwich Park,E05014081,8881,910,401,605,183,1116,5489,177
2021,Greenwich Peninsula,E05014082,9380,657,383,548,163,1067,6355,207
2021,Kidbrooke Park,E05014083,8114,1491,692,902,302,1088,3403,236
2021,Kidbrooke Village & Sutcliffe,E05014084,4968,610,289,375,117,557,2901,119
2021,Middle Park & Horn Park,E05014085,7218,1658,774,910,313,905,2456,202
2021,"Mottingham, Coldharbour & New Eltham",E05014086,11666,2244,1084,1617,590,1702,4102,327
2021,Plumstead & Glyndon,E05014087,17255,3976,1888,1896,647,2157,6039,652
2021,Plumstead Common,E05014088,12002,2404,1183,1324,503,1693,4523,372
2021,Shooters Hill,E05014089,9280,1439,789,1040,361,1313,4087,251
2021,Thamesmead Moorings,E05014090,9125,1768,866,1099,339,1214,3617,222
2021,West Thamesmead,E05014091,9180,1466,860,1113,371,1230,3772,368
2021,Woolwich Arsenal,E05014092,10249,1149,535,758,234,1170,6133,270
2021,Woolwich Common,E05014093,9847,1978,895,1186,377,1259,3827,325
2021,Woolwich Dockyard,E05014094,8988,1954,818,1010,336,1164,3440,266
2021,Brixton Acre Lane,E05014095,13767,1514,681,930,293,1382,8676,291
2021,Brixton North,E05014096,13761,2376,1161,1286,376,1903,6307,352
2021,Brixton Rush Common,E05014097,12460,1619,768,1052,297,1382,7082,260
2021,Brixton Windrush,E05014098,8237,992,584,673,221,1026,4580,161
2021,Clapham Common & Abbeville,E05014099,8591,534,257,426,101,803,6362,108
2021,Clapham East,E05014100,8694,1038,428,553,143,941,5396,195
2021,Clapham Park,E05014101,10860,1457,749,887,301,1314,5909,243
2021,Clapham Town,E05014102,13999,1303,625,799,291,1507,9247,227
2021,Gipsy Hill,E05014103,8122,1208,584,801,237,1074,4030,188
2021,Herne Hill & Loughborough Junction,E05014104,13562,1504,707,1025,282,1445,8350,249
2021,Kennington (Lambeth),E05014105,12306,1789,833,1080,283,1356,6668,297
2021,Knight's Hill,E05014106,13458,2033,988,1315,471,1777,6540,334
2021,Myatt's Fields,E05014107,9206,1501,697,792,287,1128,4574,227
2021,Oval,E05014108,11019,1526,609,750,281,1238,6334,281
2021,St Martin's (Lambeth),E05014109,8818,1271,655,837,335,1169,4305,246
2021,Stockwell East,E05014110,9437,1188,524,625,212,1052,5628,208
2021,Stockwell West & Larkhall,E05014111,13720,2218,960,1157,364,1766,6824,431
2021,Streatham Common & Vale,E05014112,14520,2438,1092,1339,572,1944,6690,445
2021,Streatham Hill East,E05014113,8268,1151,550,693,240,924,4507,203
2021,Streatham Hill West & Thornton,E05014114,9059,787,369,563,176,931,6112,121
2021,Streatham St Leonard's,E05014115,13135,1831,767,1000,399,1454,7305,379
2021,Streatham Wells,E05014116,8134,1043,447,667,244,984,4555,194
2021,Vauxhall (Lambeth),E05014117,8664,893,391,536,191,1099,5307,247
2021,Waterloo & South Bank,E05014118,8001,942,362,540,141,1372,4409,235
2021,West Dulwich,E05014119,9157,1029,465,701,235,964,5617,146
2021,Billinge & Seneley Green,E05014120,8991,1636,810,1256,726,1602,2703,258
2021,Blackbrook (St. Helens),E05014121,8797,2137,963,1364,657,1581,1809,286
2021,Bold & Lea Green,E05014122,9485,2115,1020,1451,566,1699,2412,222
2021,Eccleston,E05014123,8681,1227,676,1112,537,1464,3482,183
2021,Haydock,E05014124,9010,2094,1005,1398,653,1576,2041,243
2021,Moss Bank,E05014125,9015,2012,973,1298,663,1626,2217,226
2021,Newton-le-Willows East,E05014126,10065,1666,910,1438,628,1809,3386,228
2021,Newton-le-Willows West,E05014127,10275,2049,1105,1503,669,1851,2885,213
2021,Parr,E05014128,9886,3188,1224,1519,567,1434,1659,295
2021,Peasley Cross & Fingerpost,E05014129,2623,813,317,395,155,369,509,65
2021,Rainford,E05014130,6677,1071,608,876,427,1060,2460,175
2021,Rainhill,E05014131,9719,1741,924,1302,622,1704,3161,265
2021,St Helens Town Centre,E05014132,6663,1792,792,1016,390,1075,1416,182
2021,Sutton North West,E05014133,5856,1323,696,952,380,1042,1323,140
2021,Sutton South East,E05014134,5475,1256,559,812,381,996,1321,150
2021,Thatto Heath,E05014135,10728,2608,1213,1566,604,1834,2610,293
2021,West Park (St. Helens),E05014136,9654,1967,993,1477,610,1755,2642,210
2021,Windle,E05014137,8971,1550,825,1345,493,1674,2867,217
2021,Alverstoke,E05014138,5308,773,545,742,364,951,1798,135
2021,Anglesey (Gosport),E05014139,4626,653,449,572,296,892,1633,131
2021,Bridgemary,E05014140,4725,1111,632,752,365,869,855,141
2021,Brockhurst & Privett,E05014141,4349,906,552,693,342,810,903,143
2021,Elson,E05014142,4948,800,641,829,366,1119,1062,131
2021,Forton,E05014143,4634,976,641,804,253,901,930,129
2021,Grange & Alver Valley,E05014144,5304,791,803,957,299,1150,1193,111
2021,Harbourside & Town,E05014145,4163,912,558,648,245,744,928,128
2021,Hardway,E05014146,5189,750,676,863,394,1096,1275,135
2021,Lee East,E05014147,4783,611,578,766,297,1006,1390,135
2021,Lee West,E05014148,4446,631,474,630,297,736,1536,142
2021,Leesland & Newtown,E05014149,5518,836,711,950,344,1184,1351,142
2021,Peel Common,E05014150,4696,1007,622,746,372,861,945,143
2021,Rowner & Holbrook,E05014151,4531,941,622,715,263,1004,849,137
2021,Besses,E05014152,8694,1611,894,1329,490,1512,2633,225
2021,Bury East,E05014153,10146,2770,1245,1440,468,1480,2350,393
2021,Bury West,E05014154,9034,1485,855,1263,565,1612,2967,287
2021,Elton,E05014155,9274,1559,878,1427,546,1696,2936,232
2021,Holyrood,E05014156,9195,1546,753,1264,452,1369,3577,234
2021,Moorside (Bury),E05014157,9392,2446,1032,1352,523,1388,2346,305
2021,North Manor,E05014158,8212,1036,612,1109,522,1318,3408,207
2021,Pilkington Park,E05014159,8169,1256,639,1077,412,1208,3365,212
2021,Radcliffe East,E05014160,8866,1703,946,1485,568,1695,2204,265
2021,Radcliffe North & Ainsworth,E05014161,9977,1947,1096,1534,719,1800,2629,252
2021,Radcliffe West,E05014162,9099,1952,1045,1486,512,1576,2317,211
2021,Ramsbottom,E05014163,9559,1304,796,1442,510,1543,3757,207
2021,Redvales,E05014164,9069,2117,1038,1269,446,1467,2436,296
2021,Sedgley (Bury),E05014165,9456,1597,901,1439,299,1432,3549,239
2021,St. Mary's (Bury),E05014166,9289,1604,731,1122,422,1295,3886,229
2021,Tottington,E05014167,8365,1190,770,1247,595,1603,2789,171
2021,Unsworth,E05014168,9080,1585,839,1373,556,1593,2886,248
2021,Duxford,E05014169,3203,396,241,371,151,454,1511,79
2021,Sawston,E05014170,5853,975,565,703,320,810,2327,153
2021,Aspatria,E05014171,4393,966,472,686,341,755,1087,86
2021,Belah,E05014172,5582,993,576,801,389,960,1752,111
2021,Belle Vue (Carlisle),E05014173,5418,1186,580,838,416,982,1272,144
2021,Botcherby,E05014174,5264,1143,620,777,361,943,1268,152
2021,Bothel and Wharrels,E05014175,4326,599,299,531,238,669,1903,87
2021,Brampton (Carlisle),E05014176,4739,819,487,656,303,837,1524,113
2021,Bransty,E05014177,4399,779,446,588,362,808,1308,108
2021,Castle (Carlisle),E05014178,4944,922,548,676,309,843,1518,128
2021,Cleator Moor East and Frizington,E05014179,4438,923,415,593,321,776,1311,99
2021,Cleator Moor West,E05014180,4873,1166,486,733,383,939,1049,117
2021,Cockermouth North,E05014181,5514,860,446,650,361,878,2186,133
2021,Cockermouth South,E05014182,5141,670,368,565,300,815,2322,101
2021,Corby and Hayton,E05014183,4131,563,357,569,256,685,1598,103
2021,Currock,E05014184,5252,1079,608,764,351,1018,1290,142
2021,Dalston and Burgh,E05014185,6357,864,525,929,430,1226,2245,138
2021,Dearham and Broughton,E05014186,4972,895,460,672,323,905,1625,92
2021,Denton Holme,E05014187,5547,1148,610,771,346,1038,1510,124
2021,Egremont,E05014188,4760,1188,556,696,393,878,938,111
2021,Egremont North and St Bees,E05014189,4507,907,453,670,323,770,1270,114
2021,Gosforth (Copeland),E05014190,4961,778,456,579,370,912,1720,146
2021,Harraby North,E05014191,5249,1374,651,847,377,879,985,136
2021,Harraby South,E05014192,4726,1009,527,743,360,822,1156,109
2021,Harrington,E05014193,5309,1170,564,757,459,955,1250,154
2021,Hillcrest and Hensingham,E05014194,4620,818,423,601,395,925,1332,126
2021,Houghton and Irthington,E05014195,4405,635,388,621,358,770,1525,108
2021,Howgate,E05014196,4733,1046,467,705,405,821,1168,121
2021,Kells and Sandwith,E05014197,5204,1339,540,664,424,957,1169,111
2021,Keswick,E05014198,4537,774,353,587,318,742,1649,114
2021,Longtown,E05014199,4284,1039,502,631,313,701,988,110
2021,Maryport North,E05014200,5281,1256,541,729,425,942,1239,149
2021,Maryport South,E05014201,5273,1566,647,804,394,925,799,138
2021,Millom,E05014202,4690,1114,502,689,436,938,902,109
2021,Millom Without,E05014203,4340,735,392,631,342,731,1396,113
2021,Mirehouse,E05014204,4482,1102,491,632,359,817,981,100
2021,Morton (Carlisle),E05014205,4974,1410,609,753,435,783,840,144
2021,Moss Bay and Moorclose,E05014206,5500,1548,674,854,436,882,924,182
2021,St John's and Great Clifton,E05014207,5484,1014,561,709,495,1112,1460,133
2021,St Michael's (Allerdale),E05014208,4599,1077,539,734,384,827,926,112
2021,Seaton (Allerdale),E05014209,5393,1106,538,781,469,1052,1311,136
2021,Solway Coast,E05014210,4603,1059,508,666,382,706,1131,151
2021,Stanwix Urban,E05014211,4770,673,371,651,287,869,1773,146
2021,Thursby,E05014212,4456,688,401,601,286,744,1636,100
2021,Upperby,E05014213,4931,1372,660,737,331,789,913,129
2021,Wetheral,E05014214,5982,840,504,811,367,1014,2295,151
2021,Wigton,E05014215,5730,1360,597,833,408,981,1406,145
2021,Yewdale,E05014216,4783,1072,517,747,473,842,1016,116
2021,Alston and Fellside,E05014217,5495,844,521,730,345,975,1965,115
2021,Appleby and Brough,E05014218,5110,1026,530,715,344,898,1469,128
2021,Bowness and Lyth,E05014219,3339,425,263,425,189,528,1438,71
2021,Burton and Holme,E05014220,2900,352,208,412,181,552,1135,60
2021,Coniston and Hawkshead,E05014221,2825,342,198,387,204,444,1188,62
2021,Dalton North,E05014222,5027,865,456,690,490,1047,1376,103
2021,Dalton South,E05014223,5064,880,469,692,521,1089,1288,125
2021,Eamont and Shap,E05014224,3637,606,367,521,227,618,1222,76
2021,Eden and Lyvennet Vale,E05014225,4801,701,439,700,314,792,1748,107
2021,Grange and Cartmel,E05014226,9351,1215,725,1127,699,1502,3833,250
2021,Greystoke and Ullswater,E05014227,3679,516,286,462,232,567,1535,81
2021,Hawcoat and Newbarns,E05014228,9168,1452,766,999,1013,1815,2929,194
2021,Hesket and Lazonby,E05014229,5341,762,476,732,330,944,1993,104
2021,High Furness,E05014230,3233,367,233,370,253,520,1424,66
2021,Kendal Castle,E05014231,5205,822,470,732,392,967,1679,143
2021,Kendal Highgate,E05014232,5015,835,455,672,333,849,1767,104
2021,Kendal Nether,E05014233,5454,913,567,768,388,961,1695,162
2021,Kendal South,E05014234,5397,710,441,690,356,938,2119,143
2021,Kendal Strickland and Fell,E05014235,5548,789,490,674,276,953,2240,126
2021,Kent Estuary,E05014236,5388,705,432,687,397,836,2182,149
2021,Kirkby Stephen and Tebay,E05014237,4267,786,408,601,284,713,1388,87
2021,Levens and Crooklands,E05014238,3301,366,256,424,220,561,1393,81
2021,Low Furness,E05014239,3561,431,285,403,360,667,1349,66
2021,Old Barrow and Hindpool,E05014240,9927,2367,1226,1482,980,1778,1826,268
2021,Ormsgill and Parkside,E05014241,9115,1639,916,1243,942,1956,2219,200
2021,Penrith North,E05014242,6443,1166,755,945,428,1047,1946,156
2021,Penrith South,E05014243,7864,1679,864,1245,629,1300,1917,230
2021,Risedale and Roosecote,E05014244,8735,1540,891,1145,911,1883,2178,187
2021,Sedbergh and Kirkby Lonsdale,E05014245,6701,960,496,973,395,1033,2719,125
2021,Ulverston,E05014246,10090,1431,823,1219,805,1852,3748,212
2021,Upper Kent,E05014247,3446,472,302,458,230,534,1376,74
2021,Walney Island,E05014248,8798,1564,803,1129,1218,1882,2005,197
2021,Windermere and Ambleside,E05014249,8950,1258,746,1143,644,1646,3307,206
2021,Aire Valley,E05014250,5251,597,424,739,346,856,2213,76
2021,Aiskew & Leeming,E05014251,5078,679,430,667,358,1241,1597,106
2021,Amotherby & Ampleforth,E05014252,4695,682,383,714,262,739,1825,90
2021,Appleton Roebuck & Church Fenton,E05014253,4926,535,395,661,239,861,2149,86
2021,Barlby & Riccall,E05014254,4965,722,487,746,313,983,1607,107
2021,Bedale,E05014255,5336,812,507,797,341,999,1765,115
2021,Bentham & Ingleton,E05014256,6378,955,552,891,398,1068,2368,146
2021,Bilton Grange & New Park,E05014257,6412,931,642,1008,431,1238,1997,165
2021,Bilton & Nidd Gorge,E05014258,6266,1143,664,857,456,1075,1914,157
2021,Boroughbridge & Claro,E05014259,6390,889,594,864,421,990,2471,161
2021,Brayton & Barlow,E05014260,5233,818,511,755,393,991,1620,145
2021,Camblesforth & Carlton,E05014261,5117,809,529,770,366,995,1524,124
2021,Castle (Scarborough),E05014262,6971,1646,804,1057,463,1143,1663,195
2021,Catterick Village & Brompton-on-Swale,E05014263,5449,831,510,815,396,1139,1648,110
2021,Cawood & Escrick,E05014264,4794,506,389,685,240,780,2110,84
2021,Cayton,E05014265,3827,765,390,503,357,724,957,131
2021,Cliffe & North Duffield,E05014266,4577,630,440,683,332,905,1501,86
2021,Coppice Valley & Duchy,E05014267,6181,813,447,782,229,887,2906,117
2021,Danby & Mulgrave,E05014268,4277,798,401,567,305,701,1408,97
2021,Derwent Valley & Moor,E05014269,4393,702,390,594,352,778,1455,122
2021,Easingwold,E05014270,5798,828,464,803,348,950,2252,153
2021,Eastfield,E05014271,5329,1270,666,913,387,1001,960,132
2021,Esk Valley & Coast,E05014272,5843,981,481,736,437,971,2072,165
2021,Fairfax & Starbeck,E05014273,6739,1166,697,987,434,1141,2134,180
2021,Falsgrave & Stepney,E05014274,6928,1461,757,987,548,1173,1814,188
2021,Filey,E05014275,6206,1492,685,829,632,931,1465,172
2021,Great Ayton,E05014276,4780,797,373,543,363,738,1846,120
2021,"Glusburn, Cross Hills & Sutton-in-Craven",E05014277,6693,1033,658,883,560,1260,2155,144
2021,Harlow & St. Georges,E05014278,6700,626,416,913,244,974,3369,158
2021,High Harrogate & Kingsley,E05014279,6995,924,594,912,376,1227,2731,231
2021,Hipswell & Colburn,E05014280,7507,1196,813,1330,490,1816,1687,175
2021,Helmsley & Sinnington,E05014281,4392,738,384,573,281,712,1592,112
2021,Hillside & Raskelf,E05014282,5733,788,448,746,329,938,2389,95
2021,Huby & Tollerton,E05014283,5706,735,485,761,319,924,2364,118
2021,Hutton Rudby & Osmotherley,E05014285,5190,594,358,598,307,802,2415,116
2021,"Killinghall, Hampsthwaite & Saltergate",E05014286,8084,1343,763,1296,504,1365,2638,175
2021,Kirkbymoorside & Dales,E05014287,5508,933,532,794,372,874,1894,109
2021,Knaresborough East,E05014288,6452,957,593,957,402,1090,2332,121
2021,Knaresborough West,E05014289,6801,957,518,925,406,1039,2756,200
2021,Leyburn & Middleham,E05014290,4836,804,459,658,367,754,1666,128
2021,Malton,E05014291,5235,978,463,783,337,852,1669,153
2021,Masham & Fountains,E05014292,6394,934,518,833,350,1050,2603,106
2021,Monk Fryston & South Milford,E05014293,7234,1152,712,1004,475,1221,2521,149
2021,Mid Craven,E05014294,4530,646,417,622,256,774,1723,92
2021,Morton-on-Swale & Appleton Wiske,E05014295,5502,677,455,744,305,878,2316,127
2021,Newby,E05014296,5247,904,480,751,514,962,1491,145
2021,North Richmondshire,E05014297,6520,883,550,855,388,1048,2657,139
2021,Northallerton North & Brompton,E05014298,5627,1009,600,747,390,1015,1734,132
2021,Northallerton South,E05014299,5427,1045,605,856,375,957,1437,152
2021,Norton (Ryedale),E05014300,6686,1462,775,1079,493,1105,1593,179
2021,Northstead,E05014301,6171,1179,630,979,473,1069,1672,169
2021,Oatlands & Pannal,E05014302,6401,538,387,807,201,877,3458,133
2021,Osgoldcross,E05014303,5265,866,539,811,319,971,1655,104
2021,Ouseburn (Harrogate),E05014304,5065,625,338,779,226,817,2157,123
2021,Pateley Bridge & Nidderdale,E05014305,4742,616,398,691,294,834,1799,110
2021,Pickering (Ryedale),E05014306,6282,1277,637,918,412,1043,1822,173
2021,Richmond (Richmondshire),E05014307,6895,1049,597,971,431,1105,2566,176
2021,Ripon Minster & Moorside,E05014308,6824,1453,723,987,493,1119,1831,218
2021,Ripon Ure Bank & Spa,E05014309,7037,1007,571,997,506,1248,2523,185
2021,Romanby,E05014310,5053,764,495,676,345,875,1744,154
2021,Scalby & the Coast,E05014311,4958,776,393,617,414,774,1855,129
2021,Scotton & Lower Wensleydale,E05014312,5923,945,566,844,568,1144,1721,135
2021,Seamer,E05014313,3938,668,369,583,360,804,1060,94
2021,Selby East,E05014314,6547,1233,763,1044,475,1230,1630,172
2021,Selby West,E05014315,8325,1846,974,1132,647,1384,2102,240
2021,Settle & Penyghent,E05014316,4999,840,436,624,291,816,1854,138
2021,Sherburn in Elmet,E05014317,6932,1065,694,1043,419,1311,2236,164
2021,Sheriff Hutton & Derwent,E05014318,5798,792,459,730,294,972,2412,139
2021,Skipton East & South,E05014319,6078,1048,608,810,429,1117,1911,155
2021,Skipton North & Embsay-with-Eastby,E05014320,4730,488,297,550,244,706,2366,79
2021,Skipton West & West Craven,E05014321,5292,902,496,711,349,938,1767,129
2021,Sowerby & Topcliffe,E05014322,6347,956,594,883,453,1157,2147,157
2021,Spofforth with Lower Wharfedale & Tockwith,E05014323,5257,588,460,676,242,882,2310,99
2021,"Stray, Woodlands & Hookstone",E05014324,6613,795,434,857,253,968,3152,154
2021,Stokesley,E05014325,5377,818,389,614,331,752,2363,110
2021,Tadcaster,E05014326,6242,1149,698,912,402,1061,1875,145
2021,Thirsk,E05014327,6023,1184,602,886,430,973,1803,145
2021,Thornton Dale & Wolds,E05014328,6032,990,566,885,435,950,2070,136
2021,Thorpe Willoughby & Hambleton,E05014329,5285,762,556,785,361,1019,1663,139
2021,Upper Dales,E05014330,4616,717,410,628,253,760,1757,91
2021,Valley Gardens & Central Harrogate,E05014331,7433,829,548,907,286,1051,3619,193
2021,Washburn & Birstwith,E05014332,5475,605,372,750,255,770,2624,99
2021,Wathvale & Bishop Monkton,E05014333,7044,870,621,1009,415,1230,2721,178
2021,Weaponness & Ramshill,E05014334,6890,1420,587,864,468,1015,2315,221
2021,Wharfedale (Craven),E05014335,4328,523,371,576,238,723,1808,89
2021,Whitby Streonshalh,E05014336,4784,1269,579,670,355,745,1048,118
2021,Whitby West,E05014337,6465,1417,694,909,553,1075,1616,201
2021,Woodlands (Scarborough),E05014338,6019,1346,596,919,501,980,1521,156
2021,Bishop's Hull & Taunton West,E05014339,9165,1377,760,1302,475,1460,3515,276
2021,Blackdown & Neroche,E05014340,9088,1398,921,1337,563,1577,3077,215
2021,Blackmoor Vale,E05014341,7714,1142,765,1115,527,1391,2566,208
2021,Brent (Sedgemoor),E05014342,8597,1589,810,1338,537,1560,2547,216
2021,Bridgwater East & Bawdrip,E05014343,10081,1876,1229,1658,752,2053,2216,297
2021,Bridgwater North & Central,E05014344,8728,2432,1283,1369,606,1354,1397,287
2021,Bridgwater South,E05014345,9743,2447,1292,1456,670,1586,1927,365
2021,Bridgwater West,E05014346,9002,1635,1023,1496,624,1782,2170,272
2021,Brympton,E05014347,7594,1001,772,1222,533,1695,2194,177
2021,Burnham on Sea North,E05014348,8590,1854,966,1348,632,1474,2066,250
2021,Cannington,E05014349,7869,1260,734,1169,506,1483,2487,230
2021,Castle Cary,E05014350,9052,1280,788,1363,593,1716,3091,221
2021,Chard North,E05014351,8856,1734,1133,1382,669,1492,2135,311
2021,Chard South,E05014352,7274,1606,895,1193,550,1217,1578,235
2021,Cheddar,E05014353,7811,1103,710,1151,440,1364,2874,169
2021,Coker,E05014354,8046,1153,723,1230,617,1405,2707,211
2021,Comeytrowe & Trull,E05014355,8352,1046,666,1244,436,1334,3372,254
2021,Crewkerne,E05014356,7642,1456,827,1142,614,1378,1987,238
2021,Curry Rivel & Langport,E05014357,9168,1370,904,1379,578,1605,3094,238
2021,Dulverton & Exmoor,E05014358,7052,1213,709,1040,443,1142,2326,179
2021,Dunster,E05014359,7557,1377,782,1144,490,1222,2289,253
2021,Frome East,E05014360,10341,1655,1049,1521,618,1824,3455,219
2021,Frome North,E05014361,8121,1055,719,1161,449,1396,3145,196
2021,Frome West,E05014362,8568,1488,812,1177,449,1459,2969,214
2021,Glastonbury,E05014363,7683,1274,717,1115,419,1413,2544,201
2021,Highbridge & Burnham South,E05014364,8310,2016,1082,1305,640,1367,1662,238
2021,Huntspill,E05014365,8321,1606,914,1305,656,1477,2132,231
2021,Ilminster,E05014366,8850,1469,949,1259,598,1517,2801,257
2021,King Alfred,E05014367,8447,1289,736,1240,451,1432,3103,196
2021,Lydeard,E05014368,8885,1113,763,1393,476,1770,3148,222
2021,Martock,E05014369,8808,1406,891,1282,670,1653,2662,244
2021,Mendip Central and East,E05014370,7856,1344,745,1138,439,1285,2724,181
2021,Mendip Hills,E05014371,8263,1169,729,1243,509,1489,2937,187
2021,Mendip South,E05014372,7833,1170,669,1094,404,1394,2929,173
2021,Mendip West,E05014373,8413,1236,729,1238,461,1421,3134,194
2021,Minehead,E05014374,7610,1680,831,1102,494,1186,2008,309
2021,Monkton & North Curry,E05014375,10355,1279,884,1638,601,2002,3707,244
2021,North Petherton,E05014376,8287,1183,878,1341,528,1621,2501,235
2021,Rowbarton & Staplegrove,E05014377,8579,1288,734,1361,505,1524,2920,247
2021,Shepton Mallet,E05014378,9179,1718,997,1427,591,1670,2548,228
2021,Somerton,E05014379,8718,1333,842,1251,513,1555,2993,231
2021,South Petherton & Islemoor,E05014380,8868,1394,844,1334,588,1509,2974,225
2021,Street,E05014381,10271,1992,1049,1822,605,1856,2643,304
2021,Taunton East,E05014382,9680,1894,1029,1463,584,1624,2776,310
2021,Taunton North,E05014383,8469,1645,944,1436,542,1511,2160,231
2021,Taunton South,E05014384,9303,1479,965,1553,607,1640,2775,284
2021,Upper Tone,E05014385,8048,1096,712,1166,404,1331,3128,211
2021,Watchet & Stogursey,E05014386,8249,1755,828,1257,575,1386,2189,259
2021,Wellington (Somerset West and Taunton),E05014387,10896,1888,1113,1722,694,1920,3240,319
2021,Wells (Mendip),E05014388,9514,1403,882,1402,532,1495,3585,215
2021,Wincanton & Bruton,E05014389,9542,1505,1004,1446,585,1750,3001,251
2021,Yeovil Central,E05014390,9209,1729,1037,1386,780,1540,2417,320
2021,Yeovil East,E05014391,9125,1628,1089,1535,689,1698,2201,285
2021,Yeovil South,E05014392,8710,1420,905,1383,724,1573,2455,250
2021,Yeovil West,E05014393,6640,1124,742,1093,579,1205,1719,178
2021,Hunmanby & Sherburn (part Ryedale),E05R14284,1695,358,182,254,121,309,426,45
2021,Hunmanby & Sherburn (part Scarborough),E05S14284,3863,844,384,525,365,624,995,126
2021,Isles of Scilly (Local Authority),E06000053,1730,213,119,272,88,341,655,42
2021,City of London (Local Authority),E09000001,8006,529,223,392,80,708,5939,135
2021,Bishopston,W05001039,2742,256,155,343,139,340,1442,67
2021,Bon-y-maen,W05001040,6071,1628,551,919,405,896,1526,146
2021,Castle (Swansea),W05001041,11589,2708,831,1253,530,2506,3403,358
2021,Clydach,W05001042,6939,1476,579,1102,544,1115,1940,183
2021,Cockett,W05001043,8378,1966,795,1212,559,1372,2250,224
2021,Cwmbwrla,W05001044,6206,1460,607,966,484,1041,1472,176
2021,Dunvant and Killay,W05001045,7859,913,551,1081,497,1688,2917,212
2021,Fairwood,W05001046,2324,301,163,313,116,361,1026,44
2021,Gorseinon and Penyrheol,W05001047,8630,1735,794,1365,522,1557,2445,212
2021,Gower,W05001048,2534,344,154,311,102,363,1198,62
2021,Gowerton,W05001049,4132,615,325,640,257,710,1487,98
2021,Landore,W05001050,6057,1398,519,863,377,1314,1412,174
2021,Llangyfelach,W05001051,2274,283,192,359,148,427,815,50
2021,Llansamlet,W05001052,11918,2087,1022,1960,829,2136,3607,277
2021,Llwchwr,W05001053,7593,1177,632,1206,489,1425,2494,170
2021,Mayals,W05001054,2177,204,113,272,85,268,1194,41
2021,Morriston,W05001055,13363,2818,1341,2063,945,2127,3679,390
2021,Mumbles,W05001056,6696,673,329,782,286,922,3539,165
2021,Mynydd-bach,W05001057,7318,1780,714,1086,553,1137,1780,268
2021,Pen-clawdd,W05001058,3035,520,250,411,220,487,1070,77
2021,Penderry,W05001059,8563,2881,937,1318,529,1057,1567,274
2021,Penllergaer,W05001060,2817,445,186,379,123,487,1131,66
2021,Pennard,W05001061,2669,250,148,394,119,369,1343,46
2021,Pontarddulais,W05001062,5524,956,436,873,329,1043,1745,142
2021,Pontlliew and Tircoed,W05001063,2006,211,155,301,103,356,814,66
2021,Sketty,W05001064,12571,1541,698,1448,561,2517,5485,321
2021,St Thomas (Swansea),W05001065,5639,1436,492,758,340,1024,1436,153
2021,Townhill,W05001066,6408,2163,621,954,370,845,1225,230
2021,Uplands,W05001067,12729,1190,466,966,330,4506,5047,224
2021,Waterfront,W05001068,3420,507,223,264,136,540,1662,88
2021,Waunarlwydd,W05001069,2824,602,267,439,209,465,759,83
2021,West Cross,W05001070,4850,784,305,759,290,648,1924,140
2021,Aberaman,W05001071,8051,2105,873,1293,388,1390,1754,248
2021,Abercynon,W05001072,5110,1477,499,781,273,813,1130,137
2021,Aberdare East,W05001073,5690,1310,603,882,302,922,1509,162
2021,Aberdare West and Llwydcoed,W05001074,8095,1621,700,1250,436,1311,2539,238
2021,Beddau and Tyn-y-nant,W05001075,6065,1368,594,911,346,1116,1566,164
2021,Brynna and Llanharan,W05001076,7253,1307,658,1034,364,1251,2473,166
2021,Church Village,W05001077,5344,801,458,719,221,944,2086,115
2021,Cilfynydd,W05001078,2370,494,254,360,159,445,624,34
2021,Cwm Clydach,W05001079,2220,727,222,361,127,347,374,62
2021,Cwmbach,W05001080,4111,946,390,707,202,651,1098,117
2021,Cymer,W05001081,4677,1476,451,684,230,739,974,123
2021,Ferndale and Maerdy,W05001082,5853,1744,572,931,318,921,1165,202
2021,Gilfach-goch,W05001083,2690,887,236,424,117,414,546,66
2021,Glyn-coch,W05001084,2298,821,236,348,107,321,405,60
2021,Graig and Pontypridd West,W05001085,5813,1289,549,881,270,974,1704,146
2021,Hawthorn and Lower Rhydfelen,W05001086,1928,465,202,276,87,313,542,43
2021,"Hirwaun, Penderyn and Rhigos",W05001087,5082,1277,434,785,262,849,1370,105
2021,Llanharry,W05001088,2896,661,236,407,108,491,926,67
2021,Llantrisant and Talbot Green,W05001089,5685,1028,463,740,277,888,2134,155
2021,Llantwit Fardre,W05001090,5112,723,389,689,303,952,1936,120
2021,Llwyn-y-pia,W05001091,2840,837,314,426,155,427,614,67
2021,Mountain Ash,W05001092,5975,1576,591,1045,331,909,1368,155
2021,Penrhiw-ceibr,W05001093,4579,1566,452,769,211,659,804,118
2021,Pentre,W05001094,4279,1026,417,676,213,736,1113,98
2021,Pen-y-graig,W05001095,4380,1309,437,746,206,672,876,134
2021,Pen-y-waun,W05001096,2268,949,238,293,75,259,388,66
2021,Pontyclun Central,W05001097,1635,253,113,217,63,223,729,37
2021,Pontyclun East,W05001098,2230,223,144,264,96,321,1145,37
2021,Pontyclun West,W05001099,2666,363,200,381,145,428,1064,85
2021,Pontypridd Town,W05001100,2446,436,186,334,116,394,912,68
2021,Porth,W05001101,4730,1165,487,741,260,813,1156,108
2021,Rhydfelen Central,W05001102,2231,609,230,335,92,380,519,66
2021,Taff's Well,W05001103,2982,524,255,403,166,490,1059,85
2021,Ton-teg,W05001104,2613,477,232,380,151,383,920,70
2021,Tonypandy,W05001105,2924,723,298,507,152,522,656,66
2021,Tonyrefail East,W05001106,4971,1331,474,744,282,864,1157,119
2021,Tonyrefail West,W05001107,5540,1275,475,873,291,1014,1457,155
2021,Trallwng,W05001108,3091,589,286,468,168,525,956,99
2021,Trealaw,W05001109,2817,826,324,480,125,445,542,75
2021,Treforest,W05001110,4534,561,263,415,132,1582,1442,139
2021,Treherbert,W05001111,4626,1419,455,675,291,744,894,148
2021,Treorchy,W05001112,6346,1528,583,959,350,1105,1650,171
2021,Tylorstown and Ynyshir,W05001113,6102,1830,698,886,402,975,1124,187
2021,Upper Rhydfelen and Glyn-taf,W05001114,2836,953,349,413,140,421,484,76
2021,Ynysybwl,W05001115,3710,846,352,584,212,652,978,86
2021,Ystrad,W05001116,4158,1193,415,642,251,645,889,123
2021,Aber-craf and Ystradgynlais,W05001117,3337,779,298,509,257,528,874,92
2021,"Banwy, Llanfihangel and Llanwddyn",W05001118,1852,312,128,261,99,319,692,41
2021,Berriew and Castle Caereinion,W05001119,1647,305,137,263,94,275,533,40
2021,Brecon East,W05001120,3531,521,284,462,224,588,1345,107
2021,Brecon West,W05001121,3364,734,296,522,192,593,940,87
2021,Bronllys and Felin-fach,W05001122,1692,274,119,237,112,294,612,44
2021,Builth,W05001123,2078,397,207,326,110,401,587,50
2021,Caersws,W05001124,1934,400,174,340,111,347,512,50
2021,Churchstoke,W05001125,1502,272,138,237,107,256,454,38
2021,Crickhowell with Cwmdu and Tretower,W05001126,3031,423,199,377,141,459,1347,85
2021,Cwm-twrch,W05001127,1792,376,165,275,145,285,493,53
2021,Disserth and Trecoed with Newbridge,W05001128,1590,385,150,222,105,284,405,39
2021,Dolforwyn,W05001129,1736,317,138,271,106,288,573,43
2021,Forden and Montgomery,W05001130,2088,337,184,296,129,366,733,43
2021,Glantwymyn,W05001131,1746,273,147,213,100,298,674,41
2021,Glasbury,W05001132,1511,227,103,222,85,233,605,36
2021,Guilsfield,W05001133,1416,246,120,228,80,255,448,39
2021,Gwernyfed,W05001134,1276,195,128,172,68,243,440,30
2021,Hay,W05001135,1452,241,115,191,66,223,568,48
2021,Ithon Valley,W05001136,1774,331,157,288,123,299,522,54
2021,Kerry,W05001137,1339,219,113,214,105,244,418,26
2021,Knighton with Beguildy,W05001138,3097,628,260,463,246,575,826,99
2021,Llanafanfawr with Garth,W05001139,1371,267,116,190,95,222,451,30
2021,Llanbrynmair,W05001140,1602,276,130,260,93,247,562,34
2021,Llandinam with Dolfor,W05001141,1539,259,128,227,91,283,511,40
2021,Llandrindod North,W05001142,1727,337,182,333,103,296,422,54
2021,Llandrindod South,W05001143,3015,629,290,430,192,468,914,92
2021,Llandrinio,W05001144,1823,252,159,317,100,359,591,45
2021,Llandysilio,W05001145,1572,272,121,240,82,327,495,35
2021,Llanelwedd,W05001146,1456,267,126,211,84,251,486,31
2021,Llanfair Caereinion and Llanerfyl,W05001147,1794,344,157,247,101,323,587,35
2021,Llanfyllin,W05001148,1327,289,106,196,75,224,410,27
2021,Llangattock and Llangynidr,W05001149,1683,226,125,197,76,230,793,36
2021,Llangors with Bwlch,W05001150,1252,173,77,135,88,211,556,12
2021,Llangunllo with Norton,W05001151,1436,260,124,212,85,207,518,30
2021,Llangyniew and Meifod,W05001152,1650,276,129,237,92,311,567,38
2021,Llanidloes,W05001153,3506,736,319,503,251,562,1038,97
2021,Llanrhaeadr-ym-Mochnant and Llansilin,W05001154,1928,306,158,298,102,312,706,46
2021,Llansantffraid,W05001155,1674,309,144,224,107,290,558,42
2021,Llanwrtyd Wells,W05001156,1347,249,100,198,74,241,452,33
2021,Llanyre with Nantmel,W05001157,1809,329,154,264,127,306,581,48
2021,Machynlleth,W05001158,1808,413,153,271,94,292,523,62
2021,Maescar and Llywel,W05001159,1475,268,122,214,84,240,511,36
2021,Newtown Central and South,W05001160,3968,1017,453,754,198,662,769,115
2021,Newtown East,W05001161,1711,422,205,289,104,279,345,67
2021,Newtown North,W05001162,1905,298,189,279,131,331,618,59
2021,Newtown West,W05001163,1601,292,129,232,87,283,524,54
2021,Old Radnor,W05001164,1454,279,130,206,72,239,489,39
2021,Presteigne,W05001165,1652,319,119,272,91,275,549,27
2021,Rhayader,W05001166,1762,378,156,302,119,291,480,36
2021,Rhiwcynon,W05001167,1839,337,163,235,102,370,576,56
2021,Talgarth,W05001168,1423,255,108,206,81,248,493,32
2021,Talybont-on-Usk,W05001169,1604,248,108,190,80,273,653,52
2021,Tawe Uchaf,W05001170,1794,381,133,257,117,306,560,40
2021,Trelystan and Trewern,W05001171,1479,266,130,233,89,292,430,39
2021,Welshpool Castle,W05001172,2139,663,203,324,134,296,451,68
2021,Welshpool Gungrog,W05001173,1864,400,185,303,129,340,448,59
2021,Welshpool Llanerchyddol,W05001174,1530,292,149,232,117,270,420,50
2021,Ynyscedwyn,W05001175,1748,355,156,242,145,249,568,33
2021,Yscir with Honddu Isaf and Llanddew,W05001176,1474,180,100,205,70,258,638,23
2021,Abergwili,W05001177,1959,314,137,271,109,310,767,51
2021,Ammanford,W05001178,4471,1029,426,669,253,738,1228,128
2021,Betws,W05001179,1931,356,171,244,124,349,650,37
2021,Bigyn,W05001180,5273,1216,509,890,361,867,1284,146
2021,Burry Port,W05001181,3452,714,332,561,256,568,926,95
2021,Bynea,W05001182,3650,672,331,576,187,665,1138,81
2021,Carmarthen Town North and South,W05001183,7536,1499,641,1138,401,1078,2597,182
2021,Carmarthen Town West,W05001184,4321,654,338,613,194,777,1640,105
2021,Cenarth and Llangeler,W05001185,4751,875,438,707,266,785,1551,129
2021,Cilycwm,W05001186,2204,406,164,320,137,348,790,39
2021,Cwarter Bach,W05001187,2337,491,214,347,187,386,654,58
2021,Cynwyl Elfed,W05001188,1965,371,154,324,107,308,659,42
2021,Dafen and Felinfoel,W05001189,4210,1034,404,665,282,654,1037,134
2021,Elli,W05001190,1675,306,109,250,102,265,593,50
2021,Garnant,W05001191,1663,357,150,276,127,245,466,42
2021,Glanamman,W05001192,2055,451,218,322,139,360,527,38
2021,Glanymor,W05001193,5116,1289,499,764,330,780,1318,136
2021,Glyn (Carmarthenshire),W05001194,1780,358,147,289,111,285,551,39
2021,Gorslas,W05001195,4165,706,348,563,235,760,1442,111
2021,Hendy,W05001196,2589,368,217,418,161,469,920,36
2021,Hengoed (Carmarthenshire),W05001197,3593,601,268,566,213,632,1227,86
2021,Kidwelly and St Ishmael,W05001198,4249,790,348,633,262,673,1430,113
2021,Laugharne Township,W05001199,2207,502,203,335,116,350,653,48
2021,Llanboidy,W05001200,1753,308,159,293,82,279,592,40
2021,Llanddarog,W05001201,1760,320,133,209,113,245,683,57
2021,Llandeilo,W05001202,2497,467,171,342,136,357,968,56
2021,Llandovery,W05001203,2220,512,174,377,128,304,644,81
2021,Llandybie,W05001204,3573,606,264,572,232,581,1217,101
2021,Llanegwad,W05001205,2107,354,138,286,100,335,846,48
2021,Llanfihangel Aberbythych,W05001206,1531,222,100,252,109,217,594,37
2021,Llanfihangel-ar-Arth,W05001207,2336,448,199,368,159,398,715,49
2021,Llangadog,W05001208,1662,348,128,244,76,237,603,26
2021,Llangennech,W05001209,4382,759,398,718,262,718,1427,100
2021,Llangunnor,W05001210,2176,448,143,337,123,302,758,65
2021,Llangyndeyrn,W05001211,4382,861,331,649,272,690,1478,101
2021,Llannon,W05001212,4407,967,396,628,303,668,1300,145
2021,Llanybydder,W05001213,2363,518,209,379,161,367,664,65
2021,Lliedi,W05001214,4309,854,343,726,309,693,1239,145
2021,Llwynhendy,W05001215,3389,926,326,588,240,516,687,106
2021,Manordeilo and Salem,W05001216,2265,385,166,346,122,351,834,61
2021,Pembrey,W05001217,3554,650,293,529,250,579,1149,104
2021,Penygroes,W05001218,2523,476,200,412,161,438,774,62
2021,Pontyberem,W05001219,2340,515,218,330,135,424,661,57
2021,Saron,W05001220,3576,802,273,517,224,555,1094,111
2021,St Clears and Llansteffan,W05001221,4320,817,356,582,277,692,1488,108
2021,Swiss Valley,W05001222,2128,389,174,293,164,355,705,48
2021,Trelech,W05001223,2399,461,201,344,108,389,832,64
2021,Trimsaran,W05001224,2020,486,187,313,154,304,521,55
2021,Tycroes,W05001225,2245,367,198,350,163,408,711,48
2021,Tyisha,W05001226,4124,1133,452,673,308,632,792,134
2021,Whitland,W05001227,1985,406,175,296,117,328,617,46
2021,Aberkenfig,W05001228,1988,403,188,284,101,340,625,47
2021,Blackmill,W05001229,2026,656,184,297,92,312,415,70
2021,Brackla East and Coychurch Lower,W05001230,3439,461,292,502,206,611,1260,107
2021,Brackla East Central,W05001231,2061,283,188,317,101,400,712,60
2021,Brackla West,W05001232,2069,430,220,329,86,352,607,45
2021,Brackla West Central,W05001233,2852,518,302,425,167,509,840,91
2021,Bridgend Central,W05001234,8360,1914,742,1257,471,1330,2360,286
2021,"Bryntirion, Laleston and Merthyr Mawr",W05001235,7206,936,537,1086,292,1237,2947,171
2021,Caerau (Bridgend),W05001236,5285,1867,496,851,301,744,934,92
2021,Cefn-glas,W05001237,3427,684,343,560,236,607,893,104
2021,Coity Higher,W05001238,9224,1308,706,1313,485,1595,3589,228
2021,Cornelly,W05001239,5853,1359,566,980,325,970,1505,148
2021,Garw Valley,W05001240,6184,1807,662,964,298,985,1298,170
2021,Llangynwyd,W05001241,2481,529,181,369,138,417,802,45
2021,Maesteg East,W05001242,3936,1129,385,635,248,554,895,90
2021,Maesteg West,W05001243,4724,1291,468,662,237,745,1209,112
2021,Nant-y-moel,W05001244,1925,534,215,339,124,283,371,59
2021,Newton (Bridgend),W05001245,2072,356,150,271,143,271,821,60
2021,Nottage,W05001246,2821,429,207,407,174,422,1112,70
2021,Ogmore Vale,W05001247,2526,638,249,409,154,390,633,53
2021,Oldcastle,W05001248,4257,742,325,547,213,720,1598,112
2021,Pencoed and Penprysg,W05001249,8291,1712,718,1223,496,1429,2481,232
2021,Pen-y-fai,W05001250,1919,247,129,224,97,348,818,56
2021,Porthcawl East Central,W05001251,4912,1128,456,685,313,716,1462,152
2021,Porthcawl West Central,W05001252,2176,399,178,278,109,334,817,61
2021,"Pyle, Kenfig Hill and Cefn Cribwr",W05001253,7169,1933,700,1096,362,1238,1635,205
2021,Rest Bay,W05001254,2079,287,142,234,117,282,950,67
2021,St Bride's Minor and Ynysawdre,W05001255,8221,2012,695,1171,489,1339,2264,251
2021,Abertillery and Six Bells,W05001256,5350,1441,645,773,328,875,1107,181
2021,Beaufort,W05001257,4826,1108,462,715,302,818,1276,145
2021,Blaina,W05001258,3758,1057,423,650,214,587,730,97
2021,Brynmawr,W05001259,4331,1174,436,675,236,688,1008,114
2021,Cwm,W05001260,3318,854,361,507,196,567,741,92
2021,Cwmtillery,W05001261,3622,1118,420,523,206,536,747,72
2021,Ebbw Vale North,W05001262,3825,1110,416,624,204,618,741,112
2021,Ebbw Vale South,W05001263,3418,828,379,607,201,550,749,104
2021,Georgetown,W05001264,3330,706,320,523,201,590,892,98
2021,Llanhilleth,W05001265,3645,1199,440,581,188,516,629,92
2021,Nantyglo,W05001266,3668,1154,423,551,152,529,748,111
2021,Rassau and Garnlydan,W05001267,3195,920,318,549,227,438,642,101
2021,Sirhowy,W05001268,4316,1212,422,632,281,668,981,120
2021,Tredegar,W05001269,4533,1495,513,641,215,667,897,105
2021,Adamsdown,W05001270,9919,1827,628,1038,376,2154,3505,391
2021,Butetown,W05001271,10639,1320,438,820,309,1820,5649,283
2021,Caerau (Cardiff),W05001272,8904,2723,1100,1333,498,1336,1646,268
2021,Canton,W05001273,13041,2019,828,1275,472,1666,6497,284
2021,Cathays,W05001274,20893,938,288,784,273,11419,6812,379
2021,Cyncoed,W05001275,9136,818,422,918,266,1485,5007,220
2021,Ely,W05001276,11226,3467,1228,1700,621,1570,2243,397
2021,Fairwater (Cardiff),W05001277,10491,2370,984,1610,611,1577,3039,300
2021,Gabalfa,W05001278,8386,676,318,437,141,3856,2827,131
2021,Grangetown (Cardiff),W05001279,16796,3435,1136,1714,574,2531,6916,490
2021,Heath (Cardiff),W05001280,10173,1153,657,1147,465,1430,5078,243
2021,Lisvane and Thornhill,W05001281,8720,740,566,1141,305,1294,4521,153
2021,Llandaff,W05001282,7376,698,421,762,268,1246,3807,174
2021,Llandaff North,W05001283,6652,1481,620,861,347,911,2268,164
2021,Llanishen,W05001284,8437,1378,674,1142,390,1168,3448,237
2021,Llanrumney,W05001285,8864,2457,964,1394,527,1341,1939,242
2021,Pentwyn,W05001286,12286,2783,1302,1775,642,1910,3437,437
2021,Pentyrch and St Fagans,W05001287,7485,772,455,910,274,1072,3859,143
2021,Penylan,W05001288,10618,1197,544,1091,340,1691,5498,257
2021,Plasnewydd,W05001289,16460,1930,692,1140,328,4182,7771,417
2021,Pontprennau and Old St Mellons,W05001290,9301,1116,631,1143,355,1482,4413,161
2021,Radyr,W05001291,5627,426,277,629,151,743,3295,106
2021,Rhiwbina,W05001292,9492,1039,628,1315,475,1189,4612,234
2021,Riverside (Cardiff),W05001293,11340,2049,659,1052,328,1339,5585,328
2021,Rumney,W05001294,7053,1754,686,1052,436,1099,1797,229
2021,Splott,W05001295,11106,2866,994,1312,489,1492,3612,341
2021,Trowbridge,W05001296,12938,3186,1457,1875,667,1930,3460,363
2021,Whitchurch and Tongwynlais,W05001297,12948,1782,860,1530,590,1923,5986,277
2021,Aberaeron and Aberarth,W05001298,1547,261,92,251,83,218,599,43
2021,Aberporth and Y Ferwig,W05001299,2830,455,221,455,177,507,951,64
2021,Aberystwyth Morfa a Glais,W05001300,5154,349,169,443,124,2027,1957,85
2021,Aberystwyth Penparcau,W05001301,2309,404,255,365,154,403,688,40
2021,Aberystwyth Rheidol,W05001302,1997,225,120,180,75,496,843,58
2021,Beulah and Llangoedmor,W05001303,2474,399,249,358,149,408,848,63
2021,Borth,W05001304,1667,244,120,205,93,242,726,37
2021,Ceulan a Maesmawr,W05001305,1572,192,121,200,86,256,691,26
2021,Ciliau Aeron,W05001306,1654,286,149,254,93,273,567,32
2021,Faenor,W05001307,3194,169,101,254,79,1715,801,75
2021,Lampeter,W05001308,2051,424,139,273,97,404,662,52
2021,Llannarth,W05001309,1286,265,105,160,85,213,422,36
2021,Llanbadarn Fawr,W05001310,2169,168,100,221,81,654,909,36
2021,Llandyfriog,W05001311,1522,257,129,240,102,243,507,44
2021,Llandysilio and Llangrannog,W05001312,1507,240,117,211,101,260,551,27
2021,Llandysul North and Troedyraur,W05001313,1823,356,166,284,126,294,559,38
2021,Llandysul South,W05001314,1554,280,107,279,80,249,520,39
2021,Llanfarian,W05001315,1260,143,86,173,79,229,528,22
2021,Llanfihangel Ystrad,W05001316,1737,282,121,283,129,316,551,55
2021,Llangeitho,W05001317,1176,179,108,183,74,195,403,34
2021,Llangybi,W05001318,1194,158,83,172,77,174,505,25
2021,Llanrhystyd,W05001319,1297,194,105,192,70,212,482,42
2021,Llansanffraid (Ceredigion),W05001320,1607,290,130,226,106,277,533,45
2021,Llanwenog,W05001321,1475,264,106,245,88,240,506,26
2021,Lledrod,W05001322,1272,197,117,179,73,204,462,40
2021,Melindwr,W05001323,1663,223,143,228,84,281,660,44
2021,Mwldan,W05001324,1571,315,125,284,97,246,462,42
2021,New Quay and Llanllwchaearn,W05001325,1551,293,146,192,87,251,531,51
2021,Penbryn,W05001326,1134,169,103,166,74,191,409,22
2021,Teifi,W05001327,1918,421,184,320,117,320,504,52
2021,Tirymynach,W05001328,1467,194,121,221,87,221,576,47
2021,Trefeurig,W05001329,1466,168,99,232,90,265,592,20
2021,Tregaron and Ystrad Fflur,W05001330,1589,296,144,242,92,260,520,35
2021,Ystwyth,W05001331,1698,275,129,243,87,291,629,44
2021,Alyn Valley,W05001332,1447,200,104,195,77,245,600,26
2021,Bodelwyddan,W05001333,1734,307,166,257,93,267,585,59
2021,Denbigh Caledfryn Henllan,W05001334,4032,865,392,583,243,687,1163,99
2021,Denbigh Lower,W05001335,3704,518,301,522,218,695,1379,71
2021,Dyserth,W05001336,1945,315,157,294,117,354,645,63
2021,Edeirnion,W05001337,2874,613,254,443,165,475,838,86
2021,Efenechdyd,W05001338,1342,198,90,203,54,218,542,37
2021,Llandyrnog,W05001339,1870,312,138,242,104,305,737,32
2021,Llanfair Dyffryn Clwyd Gwyddelwern,W05001340,1902,280,137,275,83,340,730,57
2021,Llangollen,W05001341,3477,571,301,491,212,500,1324,78
2021,Llanrhaeadr-yng-Nghinmeirch,W05001342,1522,241,115,210,69,239,604,44
2021,Moel Famau,W05001343,1909,226,144,240,119,309,840,31
2021,Prestatyn Central,W05001344,2895,547,246,480,182,478,899,63
2021,Prestatyn East,W05001345,3316,598,288,472,216,569,1067,106
2021,Prestatyn Meliden,W05001346,1615,304,172,254,111,270,461,43
2021,Prestatyn North,W05001347,4923,1188,449,778,385,844,1157,122
2021,Prestatyn South West,W05001348,3143,642,308,545,245,554,740,109
2021,Rhuddlan,W05001349,3219,587,278,516,223,506,1025,84
2021,Rhyl East,W05001350,3981,1073,377,570,299,578,918,166
2021,Rhyl South,W05001351,2928,659,276,496,232,436,744,85
2021,Rhyl South West,W05001352,4092,1127,514,660,212,644,806,129
2021,Rhyl Trellewelyn,W05001353,3201,675,349,541,185,599,746,106
2021,Rhyl Ty Newydd,W05001354,3461,566,343,592,249,655,975,81
2021,Rhyl West,W05001355,3761,1230,428,582,215,498,665,143
2021,Ruthin,W05001356,4696,707,362,783,310,715,1703,116
2021,St Asaph East,W05001357,1554,267,96,200,87,259,609,36
2021,St Asaph West,W05001358,1382,328,153,181,93,208,367,52
2021,Trefnant,W05001359,1596,347,135,211,88,230,548,37
2021,Tremeirchion,W05001360,1394,178,100,173,79,232,596,36
2021,Abersychan,W05001361,5337,1315,552,862,328,940,1199,141
2021,Blaenavon,W05001362,4818,1169,501,751,289,865,1118,125
2021,Coed Eva,W05001363,1973,409,194,308,108,307,588,59
2021,Croesyceiliog,W05001364,4303,819,412,620,285,752,1295,120
2021,Fairwater (Torfaen),W05001365,4085,891,467,604,249,689,1067,118
2021,Greenmeadow,W05001366,2219,492,287,350,107,392,524,67
2021,Llanfrechfa and Ponthir,W05001367,1746,208,130,228,88,276,772,44
2021,Llantarnam,W05001368,5333,1118,493,738,277,872,1640,195
2021,Llanyrafon,W05001369,2059,376,213,322,124,349,615,60
2021,New Inn,W05001370,5015,841,485,743,323,795,1658,170
2021,Panteg,W05001371,6196,1130,569,1003,372,1129,1843,150
2021,Pontnewydd,W05001372,5816,1341,597,919,300,984,1507,168
2021,Pontnewynydd and Snatchwood,W05001373,3113,670,305,522,184,566,783,83
2021,Pontypool Fawr,W05001374,6118,1653,614,825,333,977,1533,183
2021,St. Dials,W05001375,3486,803,429,554,206,576,822,96
2021,Trevethin and Penygarn,W05001376,4047,1163,416,668,208,609,897,86
2021,Two Locks,W05001377,4901,1003,477,700,300,910,1371,140
2021,Upper Cwmbran,W05001378,4555,1229,556,743,233,749,899,146
2021,Baruc,W05001379,7034,883,551,1020,354,1294,2795,137
2021,Buttrills,W05001380,5026,1049,519,755,308,942,1285,168
2021,Cadoc,W05001381,7893,1671,844,1236,438,1483,2044,177
2021,Castleland,W05001382,3917,815,442,672,220,695,973,100
2021,Cornerswell,W05001383,4279,669,312,608,227,731,1628,104
2021,Court (Vale of Glamorgan),W05001384,3718,824,426,622,212,696,827,111
2021,Cowbridge,W05001385,5442,593,307,659,215,689,2831,148
2021,Dinas Powys,W05001386,6790,954,491,932,392,1009,2848,164
2021,Dyfan,W05001387,4537,907,417,723,303,787,1253,147
2021,Gibbonsdown,W05001388,4233,1072,422,739,257,662,965,116
2021,Illtyd,W05001389,6541,1099,605,952,392,1244,2071,178
2021,Llandough,W05001390,1713,268,132,216,95,230,728,44
2021,Llandow,W05001391,1702,179,111,216,50,204,909,33
2021,Llantwit Major,W05001392,8211,1119,705,1218,431,1518,2996,224
2021,Peterston-super-Ely,W05001393,1580,155,86,189,62,182,877,29
2021,Plymouth (Vale of Glamorgan),W05001394,4644,481,277,564,179,533,2438,172
2021,Rhoose,W05001395,5601,869,483,843,333,1078,1821,174
2021,St Athan,W05001396,3318,485,402,613,184,677,878,79
2021,St Bride's Major,W05001397,3875,369,209,505,175,570,1927,120
2021,St Nicholas and Llancarfan,W05001398,1836,177,100,250,80,298,908,23
2021,St Augustine's,W05001399,5826,681,386,652,259,804,2936,108
2021,Stanwell,W05001400,3510,507,260,461,171,536,1499,76
2021,Sully,W05001401,3916,535,261,525,209,606,1660,120
2021,Wenvoe,W05001402,2319,379,156,291,124,367,965,37
2021,Betws-yn-Rhos,W05001403,1667,276,137,212,108,291,606,37
2021,Betws-y-Coed and Trefriw,W05001404,1679,240,130,254,92,285,647,31
2021,Bryn (Conwy),W05001405,1451,272,106,185,82,250,519,37
2021,Caerhun,W05001406,2045,331,157,289,120,331,764,53
2021,Colwyn,W05001407,3683,623,328,561,217,636,1219,99
2021,Conwy,W05001408,3584,591,330,487,197,638,1235,106
2021,Craig-y-don,W05001409,2951,516,253,393,170,441,1047,131
2021,Deganwy,W05001410,3316,477,267,473,221,482,1279,117
2021,Eglwys-bach a Llangernyw,W05001411,1658,290,119,226,94,266,619,44
2021,Eirias,W05001412,2985,442,243,471,210,541,1009,69
2021,Gele and Llanddulas,W05001413,5581,1072,469,766,381,865,1836,192
2021,Glyn (Conwy),W05001414,3576,644,377,586,210,642,1011,106
2021,Glyn y Marl,W05001415,6238,1011,553,942,408,1052,2103,169
2021,Gogarth Mostyn,W05001416,6138,1379,518,881,359,945,1833,223
2021,Kinmel Bay,W05001417,4892,1297,500,733,326,800,1086,150
2021,Llandrillo-yn-Rhos,W05001418,6761,1181,499,925,438,1027,2477,214
2021,Llanrwst a Llanddoged,W05001419,3102,644,251,446,202,544,920,95
2021,Llansanffraid (Conwy),W05001420,1826,229,132,255,115,310,740,45
2021,Llansannan,W05001421,1528,258,117,229,87,278,531,28
2021,Llysfaen,W05001422,2079,399,209,332,139,415,548,37
2021,Mochdre,W05001423,1569,321,153,258,99,268,430,40
2021,Pandy,W05001424,1499,230,111,181,106,229,596,46
2021,Penmaenmawr,W05001425,3619,629,299,521,239,639,1194,98
2021,Penrhyn,W05001426,3947,555,286,587,273,650,1476,120
2021,Pen-sarn Pentre Mawr,W05001427,5378,1303,539,740,415,796,1415,170
2021,Rhiw,W05001428,5101,878,380,640,260,898,1908,137
2021,Towyn,W05001429,1957,591,203,285,157,289,354,78
2021,Tudno,W05001430,3856,854,430,655,245,655,902,115
2021,Uwch Aled,W05001431,1455,292,116,207,72,262,460,46
2021,Uwch Conwy,W05001432,1230,169,106,169,64,226,468,28
2021,Amroth and Saundersfoot North,W05001433,1753,300,118,254,108,288,639,46
2021,Boncath and Clydau,W05001434,1675,321,140,246,99,283,536,50
2021,Burton (Pembrokeshire),W05001435,1575,217,119,210,92,250,657,30
2021,Bro Gwaun,W05001436,1585,324,155,241,92,260,471,42
2021,Camrose,W05001437,1599,264,128,195,103,260,597,52
2021,Carew and Jeffreyston,W05001438,1694,269,144,249,119,272,601,40
2021,Cilgerran and Eglwyswrw,W05001439,1952,299,145,308,139,332,696,33
2021,Crymych and Mynachlog-ddu,W05001440,1967,355,169,280,110,346,647,60
2021,East Williamston,W05001441,1587,332,137,231,100,242,508,37
2021,Fishguard: North East,W05001442,1548,269,128,244,100,220,541,46
2021,Fishguard: North West,W05001443,1334,291,111,245,92,214,349,32
2021,Goodwick,W05001444,1679,329,154,250,96,316,502,32
2021,Haverfordwest: Castle,W05001445,1919,382,205,306,98,358,519,51
2021,Haverfordwest: Garth,W05001446,1891,397,235,324,90,361,436,48
2021,Haverfordwest: Portfield,W05001447,1954,401,179,354,122,335,512,51
2021,Haverfordwest: Prendergast,W05001448,1750,334,140,270,93,304,552,57
2021,Haverfordwest: Priory,W05001449,2097,306,183,349,117,398,690,54
2021,Hundleton,W05001450,1482,251,140,215,81,235,531,29
2021,Johnston,W05001451,1765,353,153,298,133,304,484,40
2021,Kilgetty and Begelly,W05001452,1971,397,183,301,140,314,575,61
2021,Lampeter Velfrey,W05001453,1329,239,95,200,79,222,463,31
2021,Lamphey,W05001454,1507,243,102,190,80,251,602,39
2021,Letterston,W05001455,1966,329,184,325,124,336,629,39
2021,Llangwm,W05001456,1911,249,151,273,133,335,734,36
2021,Llanrhian,W05001457,1606,297,130,182,77,264,623,33
2021,Maenclochog,W05001458,1776,291,136,260,101,311,643,34
2021,Manorbier and Penally,W05001459,1797,337,164,279,104,243,607,63
2021,Martletwy,W05001460,1647,276,130,222,89,280,622,28
2021,Merlin's Bridge,W05001461,1778,375,189,331,102,310,427,44
2021,Milford: Central,W05001462,1703,377,181,237,104,310,444,50
2021,Milford: East,W05001463,2248,487,235,379,162,388,531,66
2021,Milford: Hakin,W05001464,2182,451,245,332,185,356,556,57
2021,Milford: Hubberston,W05001465,1984,409,248,341,152,352,436,46
2021,Milford: North,W05001466,1983,402,186,339,150,333,519,54
2021,Milford: West,W05001467,1773,435,187,313,126,281,387,44
2021,Narberth: Urban,W05001468,2317,420,220,301,113,395,812,56
2021,Narberth: Rural,W05001469,1096,177,96,144,82,185,382,30
2021,Newport and Dinas,W05001470,1590,249,126,189,76,249,658,43
2021,Neyland: East,W05001471,1823,371,179,295,152,307,471,48
2021,Neyland: West,W05001472,1669,306,160,276,131,302,456,38
2021,Pembroke Dock: Bufferland,W05001473,1361,300,146,228,73,258,316,40
2021,Pembroke Dock: Bush,W05001474,1660,455,186,258,103,262,335,61
2021,Pembroke Dock: Central,W05001475,1868,454,185,264,134,343,433,55
2021,Pembroke Dock: Market,W05001476,1502,259,147,284,81,298,405,28
2021,Pembroke Dock: Pennar,W05001477,1433,291,169,232,100,262,350,29
2021,Pembroke: Monkton and St Mary South,W05001478,2938,693,309,433,185,471,766,81
2021,Pembroke: St Mary North,W05001479,1899,390,185,300,121,383,477,43
2021,Pembroke: St Michael,W05001480,1648,292,134,222,116,280,552,52
2021,Rudbaxton and Spittal,W05001481,1440,185,114,205,84,282,540,30
2021,Saundersfoot South,W05001482,1408,285,115,187,112,195,480,34
2021,Solva,W05001483,1480,265,125,184,69,269,543,25
2021,St David's (Pembrokeshire),W05001484,1537,234,105,207,88,249,623,31
2021,St Dogmaels,W05001485,1753,254,121,241,83,293,714,47
2021,St Florence and St Mary Out Liberty,W05001486,1421,277,121,225,73,233,462,30
2021,St Ishmael's,W05001487,1928,346,168,288,103,337,640,46
2021,Tenby: North,W05001488,1708,334,155,230,121,277,536,55
2021,Tenby: South,W05001489,1807,406,176,265,105,292,498,65
2021,The Havens,W05001490,1664,211,114,236,88,305,684,26
2021,Wiston,W05001491,1633,243,141,268,88,265,595,33
2021,Aethwy,W05001492,5476,752,337,698,281,912,2364,132
2021,Bodowyr,W05001493,2901,467,216,418,195,536,1015,54
2021,Bro Aberffraw,W05001494,3224,669,256,408,201,523,1066,101
2021,Bro'r Llynnoedd,W05001495,4254,730,439,698,275,853,1160,99
2021,Canolbarth Mon,W05001496,4369,780,378,698,298,748,1352,115
2021,Cefni,W05001497,2529,418,169,379,162,381,958,62
2021,Crigyll,W05001498,2820,545,226,381,176,505,895,92
2021,Lligwy,W05001499,5043,881,428,686,364,800,1720,164
2021,Parc a'r Mynydd,W05001500,2952,639,301,494,182,545,732,59
2021,Seiriol,W05001501,4888,660,317,671,300,752,2098,90
2021,Talybolion,W05001502,4270,783,361,629,265,783,1329,120
2021,Tref Cybi,W05001503,3411,868,382,586,226,623,643,83
2021,Twrcelyn,W05001504,6103,1035,551,963,487,1088,1812,167
2021,Ynys Gybi,W05001505,4904,1043,468,745,340,880,1301,127
2021,Aberdyfi,W05001506,927,138,72,141,38,159,362,17
2021,Abererch,W05001507,1053,168,93,163,71,177,348,33
2021,Abermaw,W05001508,1779,330,177,345,104,300,465,58
2021,Abersoch gyda Llanengan,W05001509,996,165,70,168,56,165,355,17
2021,Arllechwedd,W05001510,1648,216,113,195,96,248,734,46
2021,Arthog a Llangelynnin,W05001511,1439,280,110,224,88,186,500,51
2021,Bethel a'r Felinheli,W05001512,2996,395,174,405,166,445,1373,38
2021,Bowydd a'r Rhiw,W05001513,1380,206,126,254,110,268,387,29
2021,Brithdir and Llanfachreth/Ganllwyd/Llanelltyd,W05001514,1205,188,94,183,54,206,446,34
2021,Bro Dysynni,W05001515,1050,182,85,168,58,167,362,28
2021,Cadnant,W05001516,1291,330,111,202,76,214,328,30
2021,Canol Bangor,W05001517,6291,449,211,421,136,3128,1835,111
2021,Canol Bethesda,W05001518,1414,280,118,203,92,260,425,36
2021,Canol Tref Caernarfon,W05001519,1580,284,117,292,100,221,530,36
2021,Clynnog,W05001520,1087,156,67,189,78,152,423,22
2021,Corris a Mawddwy,W05001521,1101,171,62,161,52,176,448,31
2021,Criccieth,W05001522,1485,252,112,223,94,206,556,42
2021,Cwm-y-glo,W05001523,1086,104,69,158,60,195,485,15
2021,De Dolgellau,W05001524,1197,238,108,208,59,199,362,23
2021,De Pwllheli,W05001525,1497,327,143,250,92,243,410,32
2021,Deiniolen,W05001526,1523,228,136,249,91,234,548,37
2021,Dewi,W05001527,1542,244,112,206,79,252,606,43
2021,Diffwys a Maenofferen,W05001528,1338,270,138,247,91,201,367,24
2021,Dolbenmaen,W05001529,986,154,80,129,56,144,363,60
2021,Dwyrain Bangor,W05001530,3833,697,292,534,180,909,1099,122
2021,Dwyrain Porthmadog,W05001531,1391,259,128,278,95,247,327,57
2021,Dyffryn Ardudwy,W05001532,1265,256,108,179,111,207,363,41
2021,Efailnewydd a Buan,W05001533,1086,186,73,164,71,200,372,20
2021,Gerlan,W05001534,1326,177,90,166,74,236,557,26
2021,Glaslyn,W05001535,1361,207,111,189,77,242,494,41
2021,Glyder,W05001536,1377,171,88,169,68,287,556,38
2021,Gogledd Dolgellau,W05001537,1025,147,79,181,54,157,383,24
2021,Gogledd Pwllheli,W05001538,1762,398,180,275,128,287,441,53
2021,Gorllewin Porthmadog,W05001539,1372,247,84,162,102,207,526,44
2021,Gorllewin Tywyn,W05001540,1067,240,104,178,69,168,283,25
2021,Harlech a Llanbedr,W05001541,2379,405,178,386,122,362,869,57
2021,Hendre,W05001542,1463,300,144,237,96,237,423,26
2021,Llanbedrog gyda Mynytho,W05001543,1176,211,100,164,67,190,404,40
2021,Llanberis,W05001544,1678,238,124,263,100,253,674,26
2021,Llandderfel,W05001545,1143,220,101,158,57,186,382,39
2021,Llanllyfni,W05001546,1515,282,139,249,92,267,457,29
2021,Llanrug,W05001547,1462,224,104,207,82,273,534,38
2021,Llanuwchllyn,W05001548,844,119,58,116,53,154,321,23
2021,Llanwnda,W05001549,1140,135,65,149,76,192,492,31
2021,Llanystumdwy,W05001550,1622,216,130,276,105,259,589,47
2021,Menai,W05001551,1693,219,108,206,97,202,814,47
2021,Morfa Nefyn a Thudweiliog,W05001552,1729,330,115,247,120,294,562,61
2021,Morfa Tywyn,W05001553,1634,340,154,311,123,262,395,49
2021,Nefyn,W05001554,1068,208,90,166,81,145,356,22
2021,Peblig,W05001555,2027,532,173,287,115,326,544,50
2021,Pen draw Llyn,W05001556,1555,317,148,208,88,254,516,24
2021,Penisa'r-waun,W05001557,1113,129,72,151,65,211,479,6
2021,Penrhyndeudraeth,W05001558,1659,209,172,289,119,319,519,32
2021,Pen-y-groes,W05001559,1456,309,105,212,105,238,451,36
2021,Rachub,W05001560,984,140,87,133,72,156,380,16
2021,Teigl,W05001561,1048,188,87,169,69,194,323,18
2021,Trawsfynydd,W05001562,1210,228,121,190,86,195,363,27
2021,Tre-garth a Mynydd Llandygai,W05001563,1747,195,106,244,93,278,797,34
2021,Tryfan,W05001564,1211,191,111,196,79,220,388,26
2021,Waunfawr,W05001565,1181,165,80,171,59,214,468,24
2021,Y Bala,W05001566,1646,347,155,257,90,240,499,58
2021,Y Bontnewydd,W05001567,1079,150,86,154,66,181,412,30
2021,Y Faenol,W05001568,2065,228,116,235,114,337,984,51
2021,Y Groeslon,W05001569,1401,182,78,197,96,239,577,32
2021,Yr Eifl,W05001570,1293,239,86,213,101,206,417,31
2021,Argoed and New Brighton,W05001571,4774,679,436,707,373,897,1523,159
2021,Bagillt,W05001572,3307,840,377,497,247,603,637,106
2021,Broughton North East,W05001573,1833,323,170,256,126,369,546,43
2021,Broughton South,W05001574,3448,445,327,545,217,714,1125,75
2021,Brynford and Halkyn,W05001575,3307,540,272,483,239,586,1088,99
2021,Buckley: Bistre East,W05001576,3504,573,356,573,282,713,937,70
2021,Buckley: Bistre West,W05001577,3418,728,394,625,243,539,787,102
2021,Buckley: Mountain,W05001578,1966,288,213,308,149,392,564,52
2021,Buckley: Pentrobin,W05001579,4359,590,398,666,330,862,1419,94
2021,Caergwrle,W05001580,1327,283,126,242,87,197,364,28
2021,Caerwys,W05001581,2133,303,166,324,134,351,807,48
2021,Cilcain,W05001582,1554,184,118,202,87,250,691,22
2021,Connah's Quay Central,W05001583,3768,973,482,588,309,557,705,154
2021,Connah's Quay: Golftyn,W05001584,4243,793,478,761,247,824,992,148
2021,Connah's Quay South,W05001585,3680,480,346,627,245,788,1092,102
2021,Connah's Quay: Wepre,W05001586,1897,407,234,281,130,341,425,79
2021,Flint: Castle,W05001587,2013,683,246,303,112,286,312,71
2021,Flint: Coleshill and Trelawny,W05001588,6711,1477,723,1031,451,1199,1559,271
2021,Flint: Oakenholt,W05001589,2446,428,254,389,141,502,669,63
2021,Greenfield (Flintshire),W05001590,2200,509,255,389,127,352,510,58
2021,Gwernaffield and Gwernymynydd,W05001591,3064,406,234,398,212,538,1205,71
2021,Hawarden: Aston,W05001592,3499,538,318,552,287,609,1080,115
2021,Hawarden: Ewloe,W05001593,4539,548,367,661,248,927,1671,117
2021,Hawarden: Mancot,W05001594,3515,694,367,521,222,560,1040,111
2021,Higher Kinnerton,W05001595,1430,139,112,189,80,262,622,26
2021,Holywell Central,W05001596,1654,501,182,251,99,243,310,68
2021,Holywell East,W05001597,1492,297,174,234,108,285,354,40
2021,Holywell West,W05001598,1926,337,194,300,118,319,611,47
2021,Hope,W05001599,2131,292,175,342,137,370,773,42
2021,Leeswood,W05001600,1740,294,191,272,103,349,482,49
2021,Llanasa and Trelawnyd,W05001601,4380,887,406,656,329,749,1239,114
2021,Llanfynydd,W05001602,1576,180,120,226,92,294,625,39
2021,Mold: Broncoed,W05001603,2264,421,223,327,115,376,734,68
2021,Mold East,W05001604,1964,336,179,302,125,320,639,63
2021,Mold South,W05001605,2344,213,156,287,113,394,1131,50
2021,Mold West,W05001606,1753,447,207,272,103,279,393,52
2021,Mostyn,W05001607,1554,396,184,252,87,250,360,25
2021,Northop,W05001608,4074,472,355,537,246,775,1571,118
2021,Pen-y-ffordd,W05001609,3768,408,299,565,227,745,1445,79
2021,Queensferry and Sealand,W05001610,4239,1049,483,661,266,618,1002,160
2021,Saltney Ferry,W05001611,4182,830,438,661,271,789,1071,122
2021,Shotton East and Shotton Higher,W05001612,3503,1136,432,494,196,492,619,134
2021,Shotton West,W05001613,1805,517,198,256,130,283,349,72
2021,Treuddyn,W05001614,1394,227,111,189,92,271,478,26
2021,Whitford,W05001615,1900,280,174,281,151,323,654,37
2021,Bedlinog and Trelewis,W05001616,3012,768,314,454,166,503,747,60
2021,Cyfarthfa,W05001617,5724,1345,450,824,329,913,1707,156
2021,Dowlais and Pant,W05001618,5452,1696,514,777,315,841,1163,146
2021,Gurnos,W05001619,4001,1466,431,553,207,469,765,110
2021,Merthyr Vale,W05001620,3037,816,309,506,163,496,664,83
2021,Park (Merthyr Tydfil),W05001621,3509,893,329,529,197,519,960,82
2021,Penydarren,W05001622,4114,1226,420,616,222,587,913,130
2021,Plymouth (Merthyr Tydfil),W05001623,4207,1156,401,595,251,662,1006,136
2021,Town (Merthyr Tydfil),W05001624,6539,1543,636,896,393,1095,1787,189
2021,Treharris,W05001625,5231,1247,506,759,305,933,1345,136
2021,Vaynor,W05001626,2850,674,247,400,170,435,854,70
2021,Allt-yr-yn,W05001627,7819,1246,580,989,329,1127,3347,201
2021,Alway,W05001628,6688,1624,754,952,360,1103,1671,224
2021,Beechwood,W05001629,6163,1377,579,943,395,1047,1642,180
2021,Bettws,W05001630,6549,2029,750,1033,356,938,1234,209
2021,Bishton and Langstone,W05001631,5660,983,474,777,288,870,2156,112
2021,Caerleon,W05001632,6709,940,478,898,380,1062,2800,151
2021,Gaer,W05001633,7211,1799,802,1125,404,1079,1788,214
2021,Graig,W05001634,4254,447,351,579,201,672,1904,100
2021,Lliswerry,W05001635,10593,2490,1124,1692,610,1734,2574,369
2021,Llanwern,W05001636,2604,300,192,360,126,508,1056,62
2021,Malpas (Newport),W05001637,6298,1401,619,1011,394,1013,1678,182
2021,Pillgwenlly,W05001638,6091,2073,580,719,233,794,1453,239
2021,Ringland,W05001639,6569,2195,753,976,334,894,1226,191
2021,Rogerstone East,W05001640,2358,514,225,386,114,369,686,64
2021,Rogerstone North,W05001641,2547,263,190,331,133,366,1187,77
2021,Rogerstone West,W05001642,6094,628,405,823,225,1084,2830,99
2021,Shaftesbury,W05001643,4242,1021,438,614,230,689,1109,141
2021,St Julians,W05001644,7114,1424,669,1133,384,1240,2084,180
2021,Stow Hill,W05001645,5477,1249,451,678,206,753,1947,193
2021,Tredegar Park and Marshfield,W05001646,9237,1703,729,1295,433,1521,3275,281
2021,Victoria (Newport),W05001647,7140,1984,597,872,365,1115,1895,312
2021,Aber Valley,W05001648,5072,1387,539,853,289,892,981,131
2021,Aberbargoed and Bargoed,W05001649,7885,2303,804,1292,435,1285,1557,209
2021,Abercarn,W05001650,4424,960,469,683,233,829,1161,89
2021,Argoed,W05001651,2188,556,235,343,129,338,536,51
2021,Bedwas and Trethomas,W05001652,5309,1260,583,799,314,885,1325,143
2021,Blackwood,W05001653,6775,1542,667,981,358,1203,1834,190
2021,Cefn Fforest and Pengam,W05001654,6072,1722,621,984,309,958,1302,176
2021,Crosskeys,W05001655,2688,601,293,426,174,446,666,82
2021,Crumlin,W05001656,4732,1144,511,752,272,788,1133,132
2021,Darran Valley,W05001657,2041,700,193,278,113,322,384,51
2021,Gilfach,W05001658,1662,464,146,272,97,280,357,46
2021,Hengoed (Caerphilly),W05001659,4381,1040,411,687,191,759,1176,117
2021,Llanbradach,W05001660,3386,800,332,512,210,627,810,95
2021,Machen and Rudry,W05001661,4057,748,375,553,208,621,1440,112
2021,Maesycwmmer,W05001662,2024,393,184,282,111,364,646,44
2021,Morgan Jones,W05001663,6070,1352,578,887,363,1122,1589,179
2021,Moriah and Pontlottyn,W05001664,4484,1444,521,694,257,663,782,123
2021,Nelson (Caerphilly),W05001665,3786,952,339,557,229,613,997,99
2021,New Tredegar,W05001666,3740,1203,394,635,198,516,691,103
2021,Newbridge (Caerphilly),W05001667,5121,1336,499,863,317,814,1142,150
2021,Penmaen,W05001668,4561,918,434,700,242,813,1337,117
2021,Penyrheol,W05001669,9785,2148,942,1515,485,1645,2820,230
2021,Pontllanfraith,W05001670,6880,1646,698,1171,366,1120,1685,194
2021,Risca East,W05001671,5033,1088,613,810,306,840,1218,158
2021,Risca West,W05001672,4274,964,467,676,247,726,1057,137
2021,St Cattwg,W05001673,6210,1618,591,932,339,1084,1467,179
2021,St Martins (Caerphilly),W05001674,6974,1024,586,977,366,1236,2626,159
2021,Twyn Carno,W05001675,2555,787,293,364,152,381,501,77
2021,Van,W05001676,3708,1054,398,592,217,546,792,109
2021,Ynysddu,W05001677,3236,730,342,524,158,608,795,79
2021,Ystrad Mynach,W05001678,4376,743,373,652,207,822,1497,82
2021,Aberavon,W05001679,4590,1355,451,686,286,716,977,119
2021,Aberdulais,W05001680,1856,337,128,287,126,318,606,54
2021,Allt-wen,W05001681,2224,345,180,318,138,364,823,56
2021,Baglan,W05001682,5650,1013,477,772,373,997,1851,167
2021,Blaengwrach and Glynneath West,W05001683,2519,728,260,373,157,366,566,69
2021,Briton Ferry East,W05001684,2447,609,212,423,180,426,530,67
2021,Briton Ferry West,W05001685,2289,678,273,346,140,302,471,79
2021,Bryn and Cwmavon,W05001686,5419,1245,502,758,359,938,1453,164
2021,Bryn-coch North,W05001687,1795,295,121,248,120,305,673,33
2021,Bryn-coch South,W05001688,4525,867,372,611,271,764,1521,119
2021,Cadoxton,W05001689,1404,234,104,217,101,237,458,53
2021,Cimla and Pelenna,W05001690,4129,936,384,570,332,678,1099,130
2021,Coedffranc Central,W05001691,4174,1039,392,638,304,668,978,155
2021,Coedffranc North,W05001692,1901,396,188,294,139,357,461,66
2021,Coedffranc West,W05001693,4515,355,163,366,149,2291,1141,50
2021,"Crynant, Onllwyn and Seven Sisters",W05001694,4204,1035,381,665,286,681,1049,107
2021,Cwmllynfell and Ystalyfera,W05001695,3259,769,351,498,231,542,778,90
2021,Cymer and Glyncorrwg,W05001696,1811,623,180,244,128,241,344,51
2021,Dyffryn,W05001697,2834,647,237,446,212,468,742,82
2021,Glynneath Central and East,W05001698,1824,503,141,250,124,290,464,52
2021,Godre'r Graig,W05001699,1606,291,146,254,99,298,479,39
2021,Gwaun-Cae-Gurwen and Lower Brynamman,W05001700,3491,830,349,586,254,596,788,88
2021,Gwynfi and Croeserw,W05001701,2072,771,239,309,118,235,350,50
2021,Margam and Tai-bach,W05001702,6365,1526,621,959,371,1096,1623,169
2021,Neath East,W05001703,4968,1403,529,796,310,733,1080,117
2021,Neath North,W05001704,3204,900,300,476,219,417,789,103
2021,Neath South,W05001705,3834,909,379,578,248,616,1020,84
2021,Pontardawe,W05001706,4438,963,354,710,286,731,1288,106
2021,Port Talbot,W05001707,4774,1059,473,749,287,831,1234,141
2021,Resolven and Tonna,W05001708,4693,959,391,703,348,794,1353,145
2021,Rhos (Neath Port Talbot),W05001709,2187,345,189,326,165,352,757,53
2021,Sandfields East,W05001710,5420,1652,548,800,318,818,1141,143
2021,Sandfields West,W05001711,5363,1830,519,871,287,740,983,133
2021,Trebanos,W05001712,1411,276,130,236,91,236,411,31
2021,Acrefair North,W05001713,1507,464,213,260,83,207,238,42
2021,Acton and Maesydre,W05001714,4030,877,369,665,249,637,1123,110
2021,Bangor Is-y-Coed,W05001715,1656,278,158,222,89,265,607,37
2021,Borras Park,W05001716,1974,325,167,291,141,328,670,52
2021,Bronington and Hanmer,W05001717,1501,280,120,215,93,251,508,34
2021,Brymbo,W05001718,3313,556,303,536,159,589,1094,76
2021,Bryn Cefn,W05001719,2167,419,232,339,128,402,592,55
2021,Brynyffynnon,W05001720,3046,555,227,421,156,518,1042,127
2021,Cartrefle,W05001721,1779,591,177,287,110,206,327,81
2021,Cefn East,W05001722,1743,528,195,271,119,250,336,44
2021,Cefn West,W05001723,2162,513,211,339,175,344,528,52
2021,Chirk North,W05001724,1965,459,213,338,115,330,458,52
2021,Chirk South,W05001725,1617,375,159,264,111,228,443,37
2021,Coedpoeth,W05001726,3630,742,357,561,208,642,1022,98
2021,Dyffryn Ceiriog,W05001727,1772,306,165,227,101,298,627,48
2021,Erddig,W05001728,1710,369,93,242,95,222,625,64
2021,Esclusham,W05001729,2239,481,230,375,151,369,566,67
2021,Garden Village,W05001730,1694,253,128,288,116,278,581,50
2021,Gresford East and West,W05001731,2453,377,178,355,168,385,924,66
2021,Grosvenor,W05001732,2242,480,195,283,109,380,708,87
2021,Gwenfro,W05001733,1911,470,218,328,103,315,418,59
2021,Gwersyllt East,W05001734,1943,451,195,319,143,319,467,49
2021,Gwersyllt North,W05001735,2196,510,219,320,132,407,552,56
2021,Gwersyllt South,W05001736,1936,313,171,310,117,384,612,29
2021,Gwersyllt West,W05001737,2513,590,246,384,134,439,665,55
2021,Hermitage (Wrexham),W05001738,2043,484,221,291,114,288,547,98
2021,Holt (Wrexham),W05001739,3968,806,362,733,278,570,1083,136
2021,Little Acton,W05001740,1876,265,157,312,121,320,648,53
2021,Llangollen Rural,W05001741,1691,233,136,286,137,311,554,34
2021,Llay,W05001742,3866,818,373,668,252,636,1008,111
2021,Marchwiel,W05001743,1850,309,159,264,99,306,670,43
2021,Marford and Hoseley,W05001744,1839,163,138,228,112,282,870,46
2021,Minera,W05001745,1953,286,152,284,119,331,734,47
2021,New Broughton,W05001746,2000,352,161,329,131,345,634,48
2021,Offa,W05001747,2458,507,245,329,161,357,749,110
2021,Overton and Maelor South,W05001748,2224,363,199,328,105,363,810,56
2021,Pant and Johnstown,W05001749,4427,1043,498,703,253,716,1089,125
2021,Penycae,W05001750,1682,451,189,271,100,241,377,53
2021,Penycae and Ruabon South,W05001751,2163,341,229,337,145,385,670,56
2021,Ponciau,W05001752,2071,404,169,352,134,371,601,40
2021,Queensway,W05001753,1758,624,250,282,80,221,255,46
2021,Rhos (Wrexham),W05001754,1814,409,185,289,137,287,454,53
2021,Rhosnesni,W05001755,2938,455,267,461,186,534,975,60
2021,Rossett,W05001756,2740,345,204,371,145,408,1205,62
2021,Ruabon,W05001757,2348,526,226,358,133,415,634,56
2021,Smithfield,W05001758,2407,737,252,314,199,262,514,129
2021,Stansty,W05001759,1804,394,171,272,140,273,502,52
2021,Whitegate,W05001760,1886,475,197,269,136,292,442,75
2021,Wynnstay,W05001761,1776,744,195,227,88,186,278,58
2021,Bulwark and Thornwell,W05001762,4120,881,453,641,239,708,1092,106
2021,Caerwent,W05001763,1760,233,129,244,86,292,734,42
2021,Caldicot Castle,W05001764,1450,166,134,202,85,283,545,35
2021,Caldicot Cross,W05001765,1337,250,142,191,93,229,386,46
2021,Cantref,W05001766,1953,266,115,237,66,237,987,45
2021,Chepstow Castle and Larkfield,W05001767,2704,442,235,367,140,446,1011,63
2021,Croesonen,W05001768,1608,316,168,221,103,269,486,45
2021,Crucorney,W05001769,1805,255,151,212,74,281,788,44
2021,Devauden,W05001770,1203,115,77,172,35,182,605,17
2021,Dewstow,W05001771,1787,414,247,299,106,312,364,45
2021,Drybridge,W05001772,1938,276,171,308,99,304,746,34
2021,Gobion Fawr,W05001773,1603,240,105,216,68,227,707,40
2021,Goetre Fawr,W05001774,2006,315,147,267,118,293,810,56
2021,Grofield,W05001775,1846,351,153,221,80,259,730,52
2021,Lansdown (Monmouthshire),W05001776,1792,509,218,270,89,241,409,56
2021,Llanbadoc and Usk,W05001777,3601,547,253,430,199,527,1541,104
2021,Llanelly,W05001778,3479,528,246,461,200,512,1432,100
2021,Llanfoist Fawr and Govilon,W05001779,3207,518,227,431,161,480,1297,93
2021,Llangybi Fawr,W05001780,1582,188,110,179,81,216,774,34
2021,Llantilio Crossenny,W05001781,1532,222,117,198,75,225,667,28
2021,Magor East with Undy,W05001782,3427,366,263,495,171,638,1428,66
2021,Magor West,W05001783,1525,216,126,225,60,226,634,38
2021,Mardy,W05001784,1693,294,151,242,67,248,659,32
2021,Mitchel Troy and Trellech United,W05001785,3123,358,191,352,124,482,1548,68
2021,Mount Pleasant,W05001786,1463,128,85,189,58,248,728,27
2021,Osbaston,W05001787,1916,159,104,215,54,253,1078,53
2021,Overmonnow,W05001788,1750,291,190,255,78,310,586,40
2021,Park (Monmouthshire),W05001789,1772,373,104,231,101,241,685,37
2021,Pen Y Fal,W05001790,1642,230,112,180,70,214,794,42
2021,Portskewett,W05001791,2100,291,193,307,161,386,720,42
2021,Raglan,W05001792,2092,313,158,242,98,321,889,71
2021,Rogiet,W05001793,1463,227,131,200,76,282,511,36
2021,Severn (Monmouthshire),W05001794,1867,410,234,309,118,310,446,40
2021,Shirenewton,W05001795,1836,178,122,210,95,279,911,41
2021,St Arvans,W05001796,1521,193,94,169,62,227,738,38
2021,St Kingsmark,W05001797,1637,181,116,194,75,245,798,28
2021,Town (Monmouthshire),W05001798,1744,373,171,264,93,220,566,57
2021,West End (Monmouthshire),W05001799,1570,320,168,262,96,275,404,45
2021,Wyesham,W05001800,1782,380,152,280,107,243,576,44
