date,geography,geography code,Highest level of qualification: Total: All usual residents aged 16 years and over,Highest level of qualification: No qualifications,Highest level of qualification: Level 1 and entry level qualifications,Highest level of qualification: Level 2 qualifications,Highest level of qualification: Apprenticeship,Highest level of qualification: Level 3 qualifications,Highest level of qualification: Level 4 qualifications and above,Highest level of qualification: Other qualifications,source_file,Highest level of qualification: Level 4 qualifications or above
2021,Hartlepool,E06000001,74686,17286,7076,10963,5205,13776,18526.0,1854,census2021-ts067-ltla.csv,
2021,Middlesbrough,E06000002,113939,27282,11221,15270,7040,19976,30127.0,3023,census2021-ts067-ltla.csv,
2021,Redcar and Cleveland,E06000003,112342,24732,10983,15663,8692,21300,28003.0,2969,census2021-ts067-ltla.csv,
2021,Stockton-on-Tees,E06000004,158010,29441,15324,23005,10565,29004,46648.0,4023,census2021-ts067-ltla.csv,
2021,Darlington,E06000005,88107,16972,8276,12733,6215,16141,25517.0,2253,census2021-ts067-ltla.csv,
2021,Halton,E06000006,103948,21865,12338,17403,5718,19057,24876.0,2691,census2021-ts067-ltla.csv,
2021,Warrington,E06000007,172717,28453,17238,25489,10298,29830,56955.0,4454,census2021-ts067-ltla.csv,
2021,Blackburn with Darwen,E06000008,119508,28923,12968,16574,6550,18823,32054.0,3616,census2021-ts067-ltla.csv,
2021,Blackpool,E06000009,116340,28575,13677,17470,7889,19382,26177.0,3170,census2021-ts067-ltla.csv,
2021,"Kingston upon Hull, City of",E06000010,213880,54010,24163,30143,14691,37418,46511.0,6944,census2021-ts067-ltla.csv,
2021,East Riding of Yorkshire,E06000011,288140,52477,28930,40565,20621,49602,87851.0,8094,census2021-ts067-ltla.csv,
2021,North East Lincolnshire,E06000012,127523,30907,15531,20513,8313,20885,27537.0,3837,census2021-ts067-ltla.csv,
2021,North Lincolnshire,E06000013,139467,30466,16292,21104,9922,23954,33361.0,4368,census2021-ts067-ltla.csv,
2021,York,E06000014,172083,22953,12802,19552,9032,37410,66749.0,3585,census2021-ts067-ltla.csv,
2021,Derby,E06000015,209189,42141,21586,27706,13064,36230,62097.0,6365,census2021-ts067-ltla.csv,
2021,Leicester,E06000016,291013,77692,31152,33954,11024,46860,77900.0,12431,census2021-ts067-ltla.csv,
2021,Rutland,E06000017,34300,4491,2953,5278,1936,5835,13012.0,795,census2021-ts067-ltla.csv,
2021,Nottingham,E06000018,264322,51554,23096,29844,10835,66236,75673.0,7084,census2021-ts067-ltla.csv,
2021,"Herefordshire, County of",E06000019,157133,28315,14982,22184,9258,26573,51420.0,4401,census2021-ts067-ltla.csv,
2021,Telford and Wrekin,E06000020,148673,29666,16732,23218,8212,27765,38803.0,4277,census2021-ts067-ltla.csv,
2021,Stoke-on-Trent,E06000021,205898,53354,22574,30443,14144,34678,44948.0,5757,census2021-ts067-ltla.csv,
2021,Bath and North East Somerset,E06000022,161618,19805,11972,19147,7608,35318,64251.0,3517,census2021-ts067-ltla.csv,
2021,"Bristol, City of",E06000023,389708,56657,29350,41789,15282,73981,164106.0,8543,census2021-ts067-ltla.csv,
2021,North Somerset,E06000024,178567,26615,17219,26482,10668,32377,60489.0,4717,census2021-ts067-ltla.csv,
2021,South Gloucestershire,E06000025,237364,33792,23996,33959,15142,46440,78233.0,5802,census2021-ts067-ltla.csv,
2021,Plymouth,E06000026,218624,37894,21388,30727,15836,47362,60155.0,5262,census2021-ts067-ltla.csv,
2021,Torbay,E06000027,117032,23137,13696,18096,8688,20227,29628.0,3560,census2021-ts067-ltla.csv,
2021,Swindon,E06000030,187151,32430,24335,30268,10948,30591,52220.0,6359,census2021-ts067-ltla.csv,
2021,Peterborough,E06000031,167573,37471,20666,24191,9286,25727,43956.0,6276,census2021-ts067-ltla.csv,
2021,Luton,E06000032,172698,39478,19650,21943,8349,24832,51546.0,6900,census2021-ts067-ltla.csv,
2021,Southend-on-Sea,E06000033,146410,28823,17593,23151,7432,25291,39832.0,4288,census2021-ts067-ltla.csv,
2021,Thurrock,E06000034,136363,29443,16640,21251,6757,22151,35723.0,4398,census2021-ts067-ltla.csv,
2021,Medway,E06000035,222758,43158,26898,35426,13625,40009,57001.0,6641,census2021-ts067-ltla.csv,
2021,Bracknell Forest,E06000036,99933,13183,10581,14929,5171,17874,35578.0,2617,census2021-ts067-ltla.csv,
2021,West Berkshire,E06000037,130736,18484,12985,18954,6788,22048,48376.0,3101,census2021-ts067-ltla.csv,
2021,Reading,E06000038,141362,22361,12932,15070,5853,23734,57149.0,4263,census2021-ts067-ltla.csv,
2021,Slough,E06000039,118934,23966,12764,14336,5004,16181,41423.0,5260,census2021-ts067-ltla.csv,
2021,Windsor and Maidenhead,E06000040,123675,15552,10077,15918,5060,18341,55603.0,3124,census2021-ts067-ltla.csv,
2021,Wokingham,E06000041,140821,14671,11396,17773,5746,22992,65047.0,3196,census2021-ts067-ltla.csv,
2021,Milton Keynes,E06000042,224831,35577,24422,32011,10477,35371,80545.0,6428,census2021-ts067-ltla.csv,
2021,Brighton and Hove,E06000043,235367,29215,16545,25067,8052,46359,104790.0,5339,census2021-ts067-ltla.csv,
2021,Portsmouth,E06000044,170821,29766,16434,22404,9093,37296,51190.0,4638,census2021-ts067-ltla.csv,
2021,Southampton,E06000045,204368,35381,19470,25671,11096,41992,64663.0,6095,census2021-ts067-ltla.csv,
2021,Isle of Wight,E06000046,119586,22064,13355,17501,8926,21444,32783.0,3513,census2021-ts067-ltla.csv,
2021,County Durham,E06000047,433958,90804,41359,61724,27061,86414,116019.0,10577,census2021-ts067-ltla.csv,
2021,Cheshire East,E06000049,329473,49524,28571,45115,19394,55373,123785.0,7711,census2021-ts067-ltla.csv,
2021,Cheshire West and Chester,E06000050,295358,46771,27467,40467,15914,52461,105387.0,6891,census2021-ts067-ltla.csv,
2021,Shropshire,E06000051,272246,45573,26154,40900,16564,47417,88502.0,7136,census2021-ts067-ltla.csv,
2021,Cornwall,E06000052,477425,77919,47676,72367,31455,89955,145890.0,12163,census2021-ts067-ltla.csv,
2021,Isles of Scilly,E06000053,1730,213,119,272,88,341,655.0,42,census2021-ts067-ltla.csv,
2021,Wiltshire,E06000054,419114,60409,42756,62668,23327,76544,143201.0,10209,census2021-ts067-ltla.csv,
2021,Bedford,E06000055,148118,24813,15366,19977,8263,23976,51411.0,4312,census2021-ts067-ltla.csv,
2021,Central Bedfordshire,E06000056,236759,35598,24650,34892,14069,43107,78654.0,5789,census2021-ts067-ltla.csv,
2021,Northumberland,E06000057,268846,48173,26051,38873,18624,47690,82653.0,6782,census2021-ts067-ltla.csv,
2021,"Bournemouth, Christchurch and Poole",E06000058,334908,53317,33102,47335,20187,63771,107437.0,9759,census2021-ts067-ltla.csv,
2021,Dorset,E06000059,321902,50834,33549,48267,21943,56884,101298.0,9127,census2021-ts067-ltla.csv,
2021,Buckinghamshire,E06000060,443395,60981,39427,59473,21261,69811,181721.0,10721,census2021-ts067-ltla.csv,
2021,North Northamptonshire,E06000061,289186,57682,34404,44428,18199,48272,77281.0,8920,census2021-ts067-ltla.csv,
2021,West Northamptonshire,E06000062,343500,59804,37390,49213,19758,58081,109086.0,10168,census2021-ts067-ltla.csv,
2021,Cambridge,E07000008,124765,11957,5989,8592,3236,22686,69666.0,2639,census2021-ts067-ltla.csv,
2021,East Cambridgeshire,E07000009,71429,11824,6993,9636,4385,11736,25007.0,1848,census2021-ts067-ltla.csv,
2021,Fenland,E07000010,84832,21889,10947,13346,5732,13842,16152.0,2924,census2021-ts067-ltla.csv,
2021,Huntingdonshire,E07000011,148261,23194,15790,21608,8222,26020,49593.0,3834,census2021-ts067-ltla.csv,
2021,South Cambridgeshire,E07000012,130362,15409,10095,15214,6049,18451,62375.0,2769,census2021-ts067-ltla.csv,
2021,Allerdale,E07000026,80513,16609,7969,11162,6020,13887,22855.0,2011,census2021-ts067-ltla.csv,
2021,Barrow-in-Furness,E07000027,55834,10307,5527,7380,6075,11450,13821.0,1274,census2021-ts067-ltla.csv,
2021,Carlisle,E07000028,91343,18141,9640,13322,6464,16000,25472.0,2304,census2021-ts067-ltla.csv,
2021,Copeland,E07000029,56008,11895,5629,7780,4514,10272,14543.0,1375,census2021-ts067-ltla.csv,
2021,Eden,E07000030,46635,8086,4645,6651,3132,7854,15183.0,1084,census2021-ts067-ltla.csv,
2021,South Lakeland,E07000031,89703,12393,7393,11563,6323,15341,34591.0,2099,census2021-ts067-ltla.csv,
2021,Amber Valley,E07000032,105060,20668,10975,15009,7032,18723,30265.0,2388,census2021-ts067-ltla.csv,
2021,Bolsover,E07000033,66278,16018,7697,10066,4516,11771,14406.0,1804,census2021-ts067-ltla.csv,
2021,Chesterfield,E07000034,86001,17380,9384,13050,5515,15449,23053.0,2170,census2021-ts067-ltla.csv,
2021,Derbyshire Dales,E07000035,61058,9583,5301,8121,3173,9588,23939.0,1353,census2021-ts067-ltla.csv,
2021,Erewash,E07000036,93530,18530,10440,14022,6983,17036,24203.0,2316,census2021-ts067-ltla.csv,
2021,High Peak,E07000037,75660,11307,7063,10412,4578,13751,26922.0,1627,census2021-ts067-ltla.csv,
2021,North East Derbyshire,E07000038,85273,17066,9101,12364,5825,15328,23507.0,2082,census2021-ts067-ltla.csv,
2021,South Derbyshire,E07000039,86954,13922,8596,12843,5439,16365,27668.0,2121,census2021-ts067-ltla.csv,
2021,East Devon,E07000040,127389,19207,12653,19009,8200,21722,43114.0,3484,census2021-ts067-ltla.csv,
2021,Exeter,E07000041,111331,15078,9098,12730,5316,27915,38612.0,2582,census2021-ts067-ltla.csv,
2021,Mid Devon,E07000042,68204,11614,6968,10548,4122,12262,20928.0,1762,census2021-ts067-ltla.csv,
2021,North Devon,E07000043,82194,14596,9099,12743,5557,14604,23458.0,2137,census2021-ts067-ltla.csv,
2021,South Hams,E07000044,74970,9725,6329,10121,4397,12682,29878.0,1838,census2021-ts067-ltla.csv,
2021,Teignbridge,E07000045,113461,17758,11479,16817,7420,19731,37172.0,3084,census2021-ts067-ltla.csv,
2021,Torridge,E07000046,57560,10824,6635,9073,4208,10137,15059.0,1624,census2021-ts067-ltla.csv,
2021,West Devon,E07000047,48361,7530,4858,7079,3049,8119,16468.0,1258,census2021-ts067-ltla.csv,
2021,Eastbourne,E07000061,84574,15567,9379,12393,4808,14436,25210.0,2781,census2021-ts067-ltla.csv,
2021,Hastings,E07000062,74704,15039,8387,11256,3815,12768,21357.0,2082,census2021-ts067-ltla.csv,
2021,Lewes,E07000063,83222,13372,8498,11840,4497,13794,28978.0,2243,census2021-ts067-ltla.csv,
2021,Rother,E07000064,79489,15007,8802,11688,4728,13035,23746.0,2483,census2021-ts067-ltla.csv,
2021,Wealden,E07000065,133648,19965,13935,20838,7742,24057,43548.0,3563,census2021-ts067-ltla.csv,
2021,Basildon,E07000066,148663,30827,19440,24489,7966,25316,36541.0,4084,census2021-ts067-ltla.csv,
2021,Braintree,E07000067,126566,23238,15569,21107,7466,23081,32674.0,3431,census2021-ts067-ltla.csv,
2021,Brentwood,E07000068,62868,9482,6071,9668,2966,10790,22248.0,1643,census2021-ts067-ltla.csv,
2021,Castle Point,E07000069,74412,17753,10153,12632,5036,12659,13747.0,2432,census2021-ts067-ltla.csv,
2021,Chelmsford,E07000070,147738,22401,15318,22513,7621,25917,50086.0,3882,census2021-ts067-ltla.csv,
2021,Colchester,E07000071,156342,24043,16123,23196,8139,30420,50401.0,4020,census2021-ts067-ltla.csv,
2021,Epping Forest,E07000072,109929,20734,11388,16115,5490,17575,35632.0,2995,census2021-ts067-ltla.csv,
2021,Harlow,E07000073,73102,15364,9802,11618,4120,12132,17864.0,2202,census2021-ts067-ltla.csv,
2021,Maldon,E07000074,55428,10674,6744,8920,3600,9798,14080.0,1612,census2021-ts067-ltla.csv,
2021,Rochford,E07000075,70710,13556,9084,12358,4440,13097,16095.0,2080,census2021-ts067-ltla.csv,
2021,Tendring,E07000076,124890,32782,16158,19076,8535,19444,24811.0,4084,census2021-ts067-ltla.csv,
2021,Uttlesford,E07000077,73521,10117,6980,11425,3739,12688,26926.0,1646,census2021-ts067-ltla.csv,
2021,Cheltenham,E07000078,98436,13181,7848,12338,4337,15886,42441.0,2405,census2021-ts067-ltla.csv,
2021,Cotswold,E07000079,76315,10439,6768,10640,3669,12575,30370.0,1854,census2021-ts067-ltla.csv,
2021,Forest of Dean,E07000080,73047,13427,7648,11425,4722,12861,21023.0,1941,census2021-ts067-ltla.csv,
2021,Gloucester,E07000081,106939,19473,12336,16332,6536,19965,29295.0,3002,census2021-ts067-ltla.csv,
2021,Stroud,E07000082,100195,13517,9028,13879,5638,17118,38746.0,2269,census2021-ts067-ltla.csv,
2021,Tewkesbury,E07000083,77352,10717,7566,11500,4432,13455,27744.0,1938,census2021-ts067-ltla.csv,
2021,Basingstoke and Deane,E07000084,149807,21302,15914,21571,7405,27027,52806.0,3782,census2021-ts067-ltla.csv,
2021,East Hampshire,E07000085,103830,13605,9076,15052,4996,18474,40207.0,2420,census2021-ts067-ltla.csv,
2021,Eastleigh,E07000086,110334,15155,11209,16397,7251,21007,36540.0,2775,census2021-ts067-ltla.csv,
2021,Fareham,E07000087,95634,13246,9376,13952,6292,18423,31910.0,2435,census2021-ts067-ltla.csv,
2021,Gosport,E07000088,67211,11695,8504,10664,4495,13322,16648.0,1883,census2021-ts067-ltla.csv,
2021,Hart,E07000089,80327,8742,7066,11310,3800,14320,33217.0,1872,census2021-ts067-ltla.csv,
2021,Havant,E07000090,102865,20492,11643,15718,6593,18281,27262.0,2876,census2021-ts067-ltla.csv,
2021,New Forest,E07000091,148744,23951,15276,22002,10396,26369,46380.0,4370,census2021-ts067-ltla.csv,
2021,Rushmoor,E07000092,80871,14803,9582,11523,4515,13850,24115.0,2483,census2021-ts067-ltla.csv,
2021,Test Valley,E07000093,106752,15047,10487,15329,5805,19252,38099.0,2733,census2021-ts067-ltla.csv,
2021,Winchester,E07000094,104750,11624,7320,12998,4209,19439,47033.0,2127,census2021-ts067-ltla.csv,
2021,Broxbourne,E07000095,79437,16557,9349,11727,4508,13270,21689.0,2337,census2021-ts067-ltla.csv,
2021,Dacorum,E07000096,123780,18167,12499,17595,5928,19844,46745.0,3002,census2021-ts067-ltla.csv,
2021,Hertsmere,E07000098,86191,13778,7921,11396,3825,12741,34134.0,2396,census2021-ts067-ltla.csv,
2021,North Hertfordshire,E07000099,107741,14652,9987,14358,4833,16645,44740.0,2526,census2021-ts067-ltla.csv,
2021,Three Rivers,E07000102,75003,10022,6539,9838,3331,11479,32023.0,1771,census2021-ts067-ltla.csv,
2021,Watford,E07000103,80963,12841,7463,9965,3296,11677,33256.0,2465,census2021-ts067-ltla.csv,
2021,Ashford,E07000105,106766,18829,12098,16412,5952,18232,32148.0,3095,census2021-ts067-ltla.csv,
2021,Canterbury,E07000106,132775,21555,11845,16598,6456,28827,43896.0,3598,census2021-ts067-ltla.csv,
2021,Dartford,E07000107,90700,14717,10008,13850,5055,15187,29362.0,2521,census2021-ts067-ltla.csv,
2021,Dover,E07000108,96130,18706,10741,14905,5682,17218,25951.0,2927,census2021-ts067-ltla.csv,
2021,Gravesham,E07000109,84554,17186,10086,12846,4954,13962,22572.0,2948,census2021-ts067-ltla.csv,
2021,Maidstone,E07000110,142134,24786,15510,21706,8547,24906,42531.0,4148,census2021-ts067-ltla.csv,
2021,Sevenoaks,E07000111,96603,15087,9281,14060,4641,15101,36073.0,2360,census2021-ts067-ltla.csv,
2021,Folkestone and Hythe,E07000112,91556,17756,10642,13599,5791,15793,25068.0,2907,census2021-ts067-ltla.csv,
2021,Swale,E07000113,122000,26824,15032,18975,7665,21027,28911.0,3566,census2021-ts067-ltla.csv,
2021,Thanet,E07000114,115417,24990,13332,16646,7147,19294,30376.0,3632,census2021-ts067-ltla.csv,
2021,Tonbridge and Malling,E07000115,105526,16324,11163,16681,5851,18458,34332.0,2717,census2021-ts067-ltla.csv,
2021,Tunbridge Wells,E07000116,92400,12454,7996,13396,3874,14385,38010.0,2285,census2021-ts067-ltla.csv,
2021,Burnley,E07000117,75199,18347,8368,10415,4920,12610,18299.0,2240,census2021-ts067-ltla.csv,
2021,Chorley,E07000118,96369,15422,9007,13468,6465,17264,32614.0,2129,census2021-ts067-ltla.csv,
2021,Fylde,E07000119,69247,11117,6406,9605,4387,12055,23868.0,1809,census2021-ts067-ltla.csv,
2021,Hyndburn,E07000120,65632,14951,6845,9321,4778,11527,16514.0,1696,census2021-ts067-ltla.csv,
2021,Lancaster,E07000121,119641,18885,10307,14998,6790,27060,38664.0,2937,census2021-ts067-ltla.csv,
2021,Pendle,E07000122,75222,18639,8006,9740,4852,12521,19085.0,2379,census2021-ts067-ltla.csv,
2021,Preston,E07000123,118669,23079,11143,15243,6411,21665,37641.0,3487,census2021-ts067-ltla.csv,
2021,Ribble Valley,E07000124,51462,6802,4059,6746,3472,8863,20456.0,1064,census2021-ts067-ltla.csv,
2021,Rossendale,E07000125,57298,10672,5433,8145,3651,10561,17565.0,1271,census2021-ts067-ltla.csv,
2021,South Ribble,E07000126,91499,14356,8782,12886,6678,17422,29235.0,2140,census2021-ts067-ltla.csv,
2021,West Lancashire,E07000127,98332,17485,9061,13457,5776,20675,29460.0,2418,census2021-ts067-ltla.csv,
2021,Wyre,E07000128,94351,18693,9497,13859,6726,16519,26682.0,2375,census2021-ts067-ltla.csv,
2021,Blaby,E07000129,83667,14463,8373,11882,5944,15427,25547.0,2031,census2021-ts067-ltla.csv,
2021,Charnwood,E07000130,153100,24122,13858,18970,8982,33746,49884.0,3538,census2021-ts067-ltla.csv,
2021,Harborough,E07000131,80428,10937,7232,11248,4832,13900,30387.0,1892,census2021-ts067-ltla.csv,
2021,Hinckley and Bosworth,E07000132,93918,17207,10026,13584,6196,16900,27630.0,2375,census2021-ts067-ltla.csv,
2021,Melton,E07000133,42946,7034,4293,6303,2893,7908,13349.0,1166,census2021-ts067-ltla.csv,
2021,North West Leicestershire,E07000134,86165,15813,8570,12133,5566,16173,25818.0,2092,census2021-ts067-ltla.csv,
2021,Oadby and Wigston,E07000135,47210,8771,4581,6035,2692,8731,15123.0,1277,census2021-ts067-ltla.csv,
2021,Boston,E07000136,57584,15921,7317,8274,4241,8157,10963.0,2711,census2021-ts067-ltla.csv,
2021,East Lindsey,E07000137,121418,30632,13930,18400,8542,20068,26133.0,3713,census2021-ts067-ltla.csv,
2021,Lincoln,E07000138,87067,15135,8461,11149,4845,22253,22943.0,2281,census2021-ts067-ltla.csv,
2021,North Kesteven,E07000139,98015,15887,9741,14570,6344,19662,29278.0,2533,census2021-ts067-ltla.csv,
2021,South Holland,E07000140,78997,19399,9844,12424,5601,12675,15866.0,3188,census2021-ts067-ltla.csv,
2021,South Kesteven,E07000141,118013,19963,12432,17947,7707,21236,35554.0,3174,census2021-ts067-ltla.csv,
2021,West Lindsey,E07000142,79117,14326,8194,11616,5360,14323,23191.0,2107,census2021-ts067-ltla.csv,
2021,Breckland,E07000143,117852,26228,14196,18382,8066,19911,27207.0,3862,census2021-ts067-ltla.csv,
2021,Broadland,E07000144,110506,19415,12253,17364,8114,20032,30320.0,3008,census2021-ts067-ltla.csv,
2021,Great Yarmouth,E07000145,82719,21926,10744,12935,5971,13209,15091.0,2843,census2021-ts067-ltla.csv,
2021,King's Lynn and West Norfolk,E07000146,128892,30136,15595,19503,8226,21172,30036.0,4224,census2021-ts067-ltla.csv,
2021,North Norfolk,E07000147,89147,18332,10337,13574,6300,14426,23391.0,2787,census2021-ts067-ltla.csv,
2021,Norwich,E07000148,120762,20617,11147,14453,5181,25170,41202.0,2992,census2021-ts067-ltla.csv,
2021,South Norfolk,E07000149,117219,19996,11816,17561,7045,20294,37556.0,2951,census2021-ts067-ltla.csv,
2021,Craven,E07000163,48284,7032,4260,6406,3114,8257,18165.0,1050,census2021-ts067-ltla.csv,
2021,Hambleton,E07000164,76981,11686,6806,10321,4998,13201,28170.0,1799,census2021-ts067-ltla.csv,
2021,Harrogate,E07000165,135305,18605,11298,18794,7425,21872,54047.0,3264,census2021-ts067-ltla.csv,
2021,Richmondshire,E07000166,41740,6425,3904,6097,2892,7766,13702.0,954,census2021-ts067-ltla.csv,
2021,Ryedale,E07000167,46324,8210,4381,6730,3010,7555,15303.0,1135,census2021-ts067-ltla.csv,
2021,Scarborough,E07000168,92110,18938,9288,13002,7486,15466,25365.0,2565,census2021-ts067-ltla.csv,
2021,Selby,E07000169,75430,12094,7686,11027,4976,13710,24194.0,1743,census2021-ts067-ltla.csv,
2021,Ashfield,E07000170,102847,24281,12299,16138,6949,18393,22185.0,2602,census2021-ts067-ltla.csv,
2021,Bassetlaw,E07000171,97367,21013,10651,14392,6514,16961,24848.0,2988,census2021-ts067-ltla.csv,
2021,Broxtowe,E07000172,92539,16079,8758,11486,5535,16771,31640.0,2270,census2021-ts067-ltla.csv,
2021,Gedling,E07000173,96458,17002,9337,13327,5965,17661,30727.0,2439,census2021-ts067-ltla.csv,
2021,Mansfield,E07000174,90170,21910,10542,13216,5898,15853,19902.0,2849,census2021-ts067-ltla.csv,
2021,Newark and Sherwood,E07000175,101967,19448,10577,14913,6360,18403,29579.0,2687,census2021-ts067-ltla.csv,
2021,Rushcliffe,E07000176,97724,11727,6924,11725,4378,16649,44227.0,2094,census2021-ts067-ltla.csv,
2021,Cherwell,E07000177,130588,20951,13727,18169,7305,20982,45840.0,3614,census2021-ts067-ltla.csv,
2021,Oxford,E07000178,136718,17204,8339,10389,3798,28127,65698.0,3163,census2021-ts067-ltla.csv,
2021,South Oxfordshire,E07000179,121491,15109,10349,15412,5837,19105,52950.0,2729,census2021-ts067-ltla.csv,
2021,Vale of White Horse,E07000180,112426,14092,9588,13750,5595,17367,49504.0,2530,census2021-ts067-ltla.csv,
2021,West Oxfordshire,E07000181,93809,13058,8896,12617,5076,16106,35913.0,2143,census2021-ts067-ltla.csv,
2021,Mendip,E07000187,96051,15504,9097,14339,5478,16704,32616.0,2313,census2021-ts067-ltla.csv,
2021,Sedgemoor,E07000188,103781,20290,11654,16176,7042,18553,27081.0,2985,census2021-ts067-ltla.csv,
2021,South Somerset,E07000189,143811,23749,15108,21995,10407,25900,42574.0,4078,census2021-ts067-ltla.csv,
2021,Cannock Chase,E07000192,82478,18134,9826,13079,4989,15521,18748.0,2181,census2021-ts067-ltla.csv,
2021,East Staffordshire,E07000193,100508,20231,10759,14594,6021,17079,28826.0,2998,census2021-ts067-ltla.csv,
2021,Lichfield,E07000194,88596,15110,8930,12487,4743,15241,29789.0,2296,census2021-ts067-ltla.csv,
2021,Newcastle-under-Lyme,E07000195,103183,20689,9991,14052,6883,20200,28938.0,2430,census2021-ts067-ltla.csv,
2021,South Staffordshire,E07000196,93372,18011,9515,13510,5924,16424,27448.0,2540,census2021-ts067-ltla.csv,
2021,Stafford,E07000197,113615,17910,10712,15946,6417,19756,39860.0,3014,census2021-ts067-ltla.csv,
2021,Staffordshire Moorlands,E07000198,80858,16223,7840,11441,5730,14491,22944.0,2189,census2021-ts067-ltla.csv,
2021,Tamworth,E07000199,63791,13899,8284,10718,3495,11728,13953.0,1714,census2021-ts067-ltla.csv,
2021,Babergh,E07000200,77377,13491,8642,12142,4783,13410,22817.0,2092,census2021-ts067-ltla.csv,
2021,Ipswich,E07000202,111832,24251,13437,16100,7015,18241,29295.0,3493,census2021-ts067-ltla.csv,
2021,Mid Suffolk,E07000203,86305,15185,9148,12784,5345,15667,25917.0,2259,census2021-ts067-ltla.csv,
2021,Elmbridge,E07000207,108774,11753,7048,12442,3515,14811,56677.0,2528,census2021-ts067-ltla.csv,
2021,Epsom and Ewell,E07000208,64607,8246,5106,8177,2628,10110,28642.0,1698,census2021-ts067-ltla.csv,
2021,Guildford,E07000209,119357,13540,8646,13528,4686,23554,52620.0,2783,census2021-ts067-ltla.csv,
2021,Mole Valley,E07000210,72339,8901,6236,9857,3209,11182,31214.0,1740,census2021-ts067-ltla.csv,
2021,Reigate and Banstead,E07000211,120129,15765,10997,17047,5244,19632,48338.0,3106,census2021-ts067-ltla.csv,
2021,Runnymede,E07000212,72717,10528,6543,9130,3400,15509,25643.0,1964,census2021-ts067-ltla.csv,
2021,Spelthorne,E07000213,83362,14012,9231,12028,4367,13227,27996.0,2501,census2021-ts067-ltla.csv,
2021,Surrey Heath,E07000214,73784,9643,7076,10557,3326,12377,28929.0,1876,census2021-ts067-ltla.csv,
2021,Tandridge,E07000215,70826,9787,6662,10727,3098,12267,26516.0,1769,census2021-ts067-ltla.csv,
2021,Waverley,E07000216,103634,11859,7531,13644,4078,15825,48292.0,2405,census2021-ts067-ltla.csv,
2021,Woking,E07000217,82981,10993,7003,10324,3209,12138,37112.0,2202,census2021-ts067-ltla.csv,
2021,North Warwickshire,E07000218,53898,11954,6217,8265,3281,9482,13387.0,1312,census2021-ts067-ltla.csv,
2021,Nuneaton and Bedworth,E07000219,108587,24568,12912,16263,6746,18440,26577.0,3081,census2021-ts067-ltla.csv,
2021,Rugby,E07000220,92190,14451,8974,12919,5873,15159,32174.0,2640,census2021-ts067-ltla.csv,
2021,Stratford-on-Avon,E07000221,112639,16230,9845,15155,5664,18532,44455.0,2758,census2021-ts067-ltla.csv,
2021,Warwick,E07000222,123252,15548,9022,13233,5157,21832,55685.0,2775,census2021-ts067-ltla.csv,
2021,Adur,E07000223,52951,10333,6065,7949,3325,9055,14784.0,1440,census2021-ts067-ltla.csv,
2021,Arun,E07000224,139552,27534,16142,21323,9101,23983,36839.0,4630,census2021-ts067-ltla.csv,
2021,Chichester,E07000225,104710,15536,9263,14360,5336,18587,38992.0,2636,census2021-ts067-ltla.csv,
2021,Crawley,E07000226,93567,16682,12423,15256,4895,15358,25773.0,3180,census2021-ts067-ltla.csv,
2021,Horsham,E07000227,120664,15075,11412,18801,5837,21877,44615.0,3047,census2021-ts067-ltla.csv,
2021,Mid Sussex,E07000228,123316,14457,11498,18511,5769,22257,47689.0,3135,census2021-ts067-ltla.csv,
2021,Worthing,E07000229,92355,14977,9868,14057,5009,16416,29318.0,2710,census2021-ts067-ltla.csv,
2021,Bromsgrove,E07000234,81101,12725,7355,11428,4338,13476,29698.0,2081,census2021-ts067-ltla.csv,
2021,Malvern Hills,E07000235,67120,9778,5781,9379,3689,10781,26021.0,1691,census2021-ts067-ltla.csv,
2021,Redditch,E07000236,70251,14605,8168,11026,4119,12108,18162.0,2063,census2021-ts067-ltla.csv,
2021,Worcester,E07000237,85607,14869,7892,11506,4558,15703,28872.0,2207,census2021-ts067-ltla.csv,
2021,Wychavon,E07000238,110717,19535,11321,15311,6464,18393,36591.0,3102,census2021-ts067-ltla.csv,
2021,Wyre Forest,E07000239,84563,18419,9053,12683,5610,14402,22057.0,2339,census2021-ts067-ltla.csv,
2021,St Albans,E07000240,116091,11783,7775,13318,4003,15218,61536.0,2458,census2021-ts067-ltla.csv,
2021,Welwyn Hatfield,E07000241,97484,13975,8998,12533,4352,18576,36378.0,2672,census2021-ts067-ltla.csv,
2021,East Hertfordshire,E07000242,121152,16756,11407,17400,5691,20392,46724.0,2782,census2021-ts067-ltla.csv,
2021,Stevenage,E07000243,71236,12113,9213,10908,3836,12205,21096.0,1865,census2021-ts067-ltla.csv,
2021,East Suffolk,E07000244,206719,40105,23295,31039,14261,34993,56968.0,6058,census2021-ts067-ltla.csv,
2021,West Suffolk,E07000245,148128,31016,16000,20814,9349,23853,42235.0,4861,census2021-ts067-ltla.csv,
2021,Somerset West and Taunton,E07000246,131295,21532,12641,20160,7892,22628,42630.0,3812,census2021-ts067-ltla.csv,
2021,Bolton,E08000001,232287,52451,24792,32352,14327,38190,63678.0,6497,census2021-ts067-ltla.csv,
2021,Bury,E08000002,154873,28706,15069,22659,8605,25587,50036.0,4211,census2021-ts067-ltla.csv,
2021,Manchester,E08000003,437958,86110,34988,45164,15322,79621,164763.0,11990,census2021-ts067-ltla.csv,
2021,Oldham,E08000004,187035,46208,20672,26021,11939,30829,46023.0,5343,census2021-ts067-ltla.csv,
2021,Rochdale,E08000005,174947,40649,18414,24559,10564,29467,46238.0,5056,census2021-ts067-ltla.csv,
2021,Salford,E08000006,216923,42829,20027,27231,11687,36911,72678.0,5560,census2021-ts067-ltla.csv,
2021,Stockport,E08000007,238927,37081,21831,32340,13923,38563,89741.0,5448,census2021-ts067-ltla.csv,
2021,Tameside,E08000008,185135,40437,20811,28050,12776,32847,45214.0,5000,census2021-ts067-ltla.csv,
2021,Trafford,E08000009,186151,25990,15309,23608,8931,28141,79961.0,4211,census2021-ts067-ltla.csv,
2021,Wigan,E08000010,268694,56571,28257,41466,18997,47383,69357.0,6663,census2021-ts067-ltla.csv,
2021,Knowsley,E08000011,124299,32600,13203,17898,6817,21411,29578.0,2792,census2021-ts067-ltla.csv,
2021,Liverpool,E08000012,403028,90049,34955,46141,17624,80909,124150.0,9200,census2021-ts067-ltla.csv,
2021,St. Helens,E08000013,150571,32245,15613,22079,9728,26153,40903.0,3850,census2021-ts067-ltla.csv,
2021,Sefton,E08000014,232392,45890,23885,32729,13808,40580,69495.0,6005,census2021-ts067-ltla.csv,
2021,Wirral,E08000015,262112,46894,25282,38576,15663,46887,82451.0,6359,census2021-ts067-ltla.csv,
2021,Barnsley,E08000016,199790,50329,21589,28977,13193,33652,46798.0,5252,census2021-ts067-ltla.csv,
2021,Doncaster,E08000017,250928,61805,28721,37907,16765,41594,56931.0,7205,census2021-ts067-ltla.csv,
2021,Rotherham,E08000018,215573,50529,24545,33613,14398,36879,49807.0,5802,census2021-ts067-ltla.csv,
2021,Sheffield,E08000019,456250,88425,41454,53589,24865,84712,152194.0,11011,census2021-ts067-ltla.csv,
2021,Newcastle upon Tyne,E08000021,248450,46232,19729,25891,11943,52768,86063.0,5824,census2021-ts067-ltla.csv,
2021,North Tyneside,E08000022,171512,29968,16025,24300,11773,28969,56375.0,4102,census2021-ts067-ltla.csv,
2021,South Tyneside,E08000023,121292,24849,12323,17393,9706,22265,31707.0,3049,census2021-ts067-ltla.csv,
2021,Sunderland,E08000024,226071,51666,24530,33553,16312,38679,55532.0,5799,census2021-ts067-ltla.csv,
2021,Birmingham,E08000025,889623,212198,90079,111212,32425,152046,265806.0,25857,census2021-ts067-ltla.csv,
2021,Coventry,E08000026,276873,53671,27542,34920,14284,52525,84691.0,9240,census2021-ts067-ltla.csv,
2021,Dudley,E08000027,262488,60569,28475,39480,15703,45064,65589.0,7608,census2021-ts067-ltla.csv,
2021,Sandwell,E08000028,266028,76839,30586,36175,12758,39465,60316.0,9889,census2021-ts067-ltla.csv,
2021,Solihull,E08000029,174503,30642,16623,24691,8069,28266,61847.0,4365,census2021-ts067-ltla.csv,
2021,Walsall,E08000030,223100,58781,25619,31738,11823,35038,52903.0,7198,census2021-ts067-ltla.csv,
2021,Wolverhampton,E08000031,208441,52803,22947,28741,10241,31391,54712.0,7606,census2021-ts067-ltla.csv,
2021,Bradford,E08000032,421574,101122,46051,57458,22777,66275,115663.0,12228,census2021-ts067-ltla.csv,
2021,Calderdale,E08000033,166634,31965,16313,23351,10524,29096,51419.0,3966,census2021-ts067-ltla.csv,
2021,Kirklees,E08000034,346274,71832,33776,46112,21655,60187,103532.0,9180,census2021-ts067-ltla.csv,
2021,Leeds,E08000035,658468,119597,60190,79192,34353,120782,228358.0,15996,census2021-ts067-ltla.csv,
2021,Wakefield,E08000036,287539,70233,31086,42945,18709,46794,69797.0,7975,census2021-ts067-ltla.csv,
2021,Gateshead,E08000037,161746,34975,16022,22280,11629,27436,45246.0,4158,census2021-ts067-ltla.csv,
2021,City of London,E09000001,8006,529,223,392,80,708,5939.0,135,census2021-ts067-ltla.csv,
2021,Barking and Dagenham,E09000002,161746,36796,16752,20367,6260,21819,53791.0,5961,census2021-ts067-ltla.csv,
2021,Barnet,E09000003,309354,47762,21302,30687,9630,38541,151642.0,9790,census2021-ts067-ltla.csv,
2021,Bexley,E09000004,195825,35582,21413,28535,10225,32511,61837.0,5722,census2021-ts067-ltla.csv,
2021,Brent,E09000005,275143,59770,24296,26148,9529,34338,109998.0,11064,census2021-ts067-ltla.csv,
2021,Bromley,E09000006,265088,36581,23030,35258,10559,39420,113508.0,6732,census2021-ts067-ltla.csv,
2021,Camden,E09000007,177909,20948,8996,12776,3402,25154,101932.0,4701,census2021-ts067-ltla.csv,
2021,Croydon,E09000008,310397,49877,28370,38241,11786,45535,127342.0,9246,census2021-ts067-ltla.csv,
2021,Ealing,E09000009,295371,52925,23821,27461,10012,37920,130981.0,12251,census2021-ts067-ltla.csv,
2021,Enfield,E09000010,257182,57813,24151,29005,10055,34476,93371.0,8311,census2021-ts067-ltla.csv,
2021,Greenwich,E09000011,229748,38319,18349,23747,7937,30154,104926.0,6316,census2021-ts067-ltla.csv,
2021,Hackney,E09000012,209468,35043,12782,17449,4938,24171,109724.0,5361,census2021-ts067-ltla.csv,
2021,Hammersmith and Fulham,E09000013,154626,18332,7892,11387,3534,20165,89043.0,4273,census2021-ts067-ltla.csv,
2021,Haringey,E09000014,216000,39921,14732,18392,6781,25260,104270.0,6644,census2021-ts067-ltla.csv,
2021,Harrow,E09000015,209620,36454,17150,21857,6656,26422,94317.0,6764,census2021-ts067-ltla.csv,
2021,Havering,E09000016,209730,41947,23453,31228,10778,34125,61921.0,6278,census2021-ts067-ltla.csv,
2021,Hillingdon,E09000017,241878,43906,23872,28514,10298,35836,90664.0,8788,census2021-ts067-ltla.csv,
2021,Hounslow,E09000018,228681,42630,21674,23390,8090,28046,95076.0,9775,census2021-ts067-ltla.csv,
2021,Islington,E09000019,183626,25257,10273,13146,4212,22337,103975.0,4426,census2021-ts067-ltla.csv,
2021,Kensington and Chelsea,E09000020,123089,13971,5446,8803,2378,15439,73226.0,3826,census2021-ts067-ltla.csv,
2021,Kingston upon Thames,E09000021,135466,16128,8744,13319,4324,19766,69582.0,3603,census2021-ts067-ltla.csv,
2021,Lambeth,E09000022,268945,35185,16252,21025,6973,31935,151312.0,6263,census2021-ts067-ltla.csv,
2021,Lewisham,E09000023,242410,35447,17738,23426,7261,31537,120814.0,6187,census2021-ts067-ltla.csv,
2021,Merton,E09000024,172771,24609,12368,16510,5752,21786,86412.0,5334,census2021-ts067-ltla.csv,
2021,Newham,E09000025,276174,57151,24931,28082,8619,35783,111130.0,10478,census2021-ts067-ltla.csv,
2021,Redbridge,E09000026,242017,41948,20878,27163,7557,33074,102696.0,8701,census2021-ts067-ltla.csv,
2021,Richmond upon Thames,E09000027,155834,14163,7779,14029,3743,18830,94089.0,3201,census2021-ts067-ltla.csv,
2021,Southwark,E09000028,256136,35516,15851,20135,6509,31574,140514.0,6037,census2021-ts067-ltla.csv,
2021,Sutton,E09000029,165657,25122,15348,21432,7281,25866,65889.0,4719,census2021-ts067-ltla.csv,
2021,Tower Hamlets,E09000030,252883,40999,17155,21433,5441,33343,127299.0,7213,census2021-ts067-ltla.csv,
2021,Waltham Forest,E09000031,222182,40535,18874,23106,7699,28770,95910.0,7288,census2021-ts067-ltla.csv,
2021,Wandsworth,E09000032,273558,27202,12759,18895,5578,31214,171346.0,6564,census2021-ts067-ltla.csv,
2021,Westminster,E09000033,177467,22882,8615,12181,3746,22019,102356.0,5668,census2021-ts067-ltla.csv,
2021,Isle of Anglesey,W06000001,57147,10270,4828,8455,3752,9930,18445.0,1467,census2021-ts067-ltla.csv,
2021,Gwynedd,W06000002,97968,15937,7421,14302,5715,18370,33807.0,2416,census2021-ts067-ltla.csv,
2021,Conwy,W06000003,96364,17998,8317,13890,6111,15948,31232.0,2868,census2021-ts067-ltla.csv,
2021,Denbighshire,W06000004,78908,15668,7175,11990,4966,12903,24010.0,2196,census2021-ts067-ltla.csv,
2021,Flintshire,W06000005,127578,23373,12648,19486,8431,22746,37209.0,3685,census2021-ts067-ltla.csv,
2021,Wrexham,W06000006,110275,23095,10473,16995,6816,17690,32037.0,3169,census2021-ts067-ltla.csv,
2021,Ceredigion,W06000008,61391,9036,4513,8411,3297,13036,21653.0,1445,census2021-ts067-ltla.csv,
2021,Pembrokeshire,W06000009,102551,19283,9333,15533,6373,17462,31991.0,2576,census2021-ts067-ltla.csv,
2021,Carmarthenshire,W06000010,155486,31165,13267,23691,9652,25018,48644.0,4049,census2021-ts067-ltla.csv,
2021,Swansea,W06000011,197861,37304,15552,27362,11525,36055,64835.0,5228,census2021-ts067-ltla.csv,
2021,Neath Port Talbot,W06000012,117182,27722,10667,17359,7557,20433,30280.0,3164,census2021-ts067-ltla.csv,
2021,Bridgend,W06000013,119482,25993,10624,17717,6572,19477,35852.0,3247,census2021-ts067-ltla.csv,
2021,Vale of Glamorgan,W06000014,107457,16740,8902,15459,5671,17835,40062.0,2788,census2021-ts067-ltla.csv,
2021,Cardiff,W06000015,296313,48399,20457,32900,11522,56856,118529.0,7650,census2021-ts067-ltla.csv,
2021,Rhondda Cynon Taff,W06000016,193841,46915,18283,29121,9966,32637,51749.0,5170,census2021-ts067-ltla.csv,
2021,Caerphilly,W06000018,143482,34625,14433,22242,7889,24146,36306.0,3841,census2021-ts067-ltla.csv,
2021,Blaenau Gwent,W06000019,55144,15376,5980,8554,3151,8647,11892.0,1544,census2021-ts067-ltla.csv,
2021,Torfaen,W06000020,75113,16631,7697,11458,4311,12736,20128.0,2152,census2021-ts067-ltla.csv,
2021,Monmouthshire,W06000021,78239,12315,6463,10589,3958,12172,30809.0,1933,census2021-ts067-ltla.csv,
2021,Newport,W06000022,127423,27690,11741,18188,6498,19978,39544.0,3784,census2021-ts067-ltla.csv,
2021,Powys,W06000023,112536,21316,9694,16747,6868,19125,35849.0,2937,census2021-ts067-ltla.csv,
2021,Merthyr Tydfil,W06000024,47674,12831,4556,6911,2713,7453,11911.0,1299,census2021-ts067-ltla.csv,
2021,Hartlepool,E06000001,74686,17286,7076,10963,5205,13776,18526.0,1854,census2021-ts067-utla.csv,
2021,Middlesbrough,E06000002,113939,27282,11221,15270,7040,19976,30127.0,3023,census2021-ts067-utla.csv,
2021,Redcar and Cleveland,E06000003,112342,24732,10983,15663,8692,21300,28003.0,2969,census2021-ts067-utla.csv,
2021,Stockton-on-Tees,E06000004,158010,29441,15324,23005,10565,29004,46648.0,4023,census2021-ts067-utla.csv,
2021,Darlington,E06000005,88107,16972,8276,12733,6215,16141,25517.0,2253,census2021-ts067-utla.csv,
2021,Halton,E06000006,103948,21865,12338,17403,5718,19057,24876.0,2691,census2021-ts067-utla.csv,
2021,Warrington,E06000007,172717,28453,17238,25489,10298,29830,56955.0,4454,census2021-ts067-utla.csv,
2021,Blackburn with Darwen,E06000008,119508,28923,12968,16574,6550,18823,32054.0,3616,census2021-ts067-utla.csv,
2021,Blackpool,E06000009,116340,28575,13677,17470,7889,19382,26177.0,3170,census2021-ts067-utla.csv,
2021,"Kingston upon Hull, City of",E06000010,213880,54010,24163,30143,14691,37418,46511.0,6944,census2021-ts067-utla.csv,
2021,East Riding of Yorkshire,E06000011,288140,52477,28930,40565,20621,49602,87851.0,8094,census2021-ts067-utla.csv,
2021,North East Lincolnshire,E06000012,127523,30907,15531,20513,8313,20885,27537.0,3837,census2021-ts067-utla.csv,
2021,North Lincolnshire,E06000013,139467,30466,16292,21104,9922,23954,33361.0,4368,census2021-ts067-utla.csv,
2021,York,E06000014,172083,22953,12802,19552,9032,37410,66749.0,3585,census2021-ts067-utla.csv,
2021,Derby,E06000015,209189,42141,21586,27706,13064,36230,62097.0,6365,census2021-ts067-utla.csv,
2021,Leicester,E06000016,291013,77692,31152,33954,11024,46860,77900.0,12431,census2021-ts067-utla.csv,
2021,Rutland,E06000017,34300,4491,2953,5278,1936,5835,13012.0,795,census2021-ts067-utla.csv,
2021,Nottingham,E06000018,264322,51554,23096,29844,10835,66236,75673.0,7084,census2021-ts067-utla.csv,
2021,"Herefordshire, County of",E06000019,157133,28315,14982,22184,9258,26573,51420.0,4401,census2021-ts067-utla.csv,
2021,Telford and Wrekin,E06000020,148673,29666,16732,23218,8212,27765,38803.0,4277,census2021-ts067-utla.csv,
2021,Stoke-on-Trent,E06000021,205898,53354,22574,30443,14144,34678,44948.0,5757,census2021-ts067-utla.csv,
2021,Bath and North East Somerset,E06000022,161618,19805,11972,19147,7608,35318,64251.0,3517,census2021-ts067-utla.csv,
2021,"Bristol, City of",E06000023,389708,56657,29350,41789,15282,73981,164106.0,8543,census2021-ts067-utla.csv,
2021,North Somerset,E06000024,178567,26615,17219,26482,10668,32377,60489.0,4717,census2021-ts067-utla.csv,
2021,South Gloucestershire,E06000025,237364,33792,23996,33959,15142,46440,78233.0,5802,census2021-ts067-utla.csv,
2021,Plymouth,E06000026,218624,37894,21388,30727,15836,47362,60155.0,5262,census2021-ts067-utla.csv,
2021,Torbay,E06000027,117032,23137,13696,18096,8688,20227,29628.0,3560,census2021-ts067-utla.csv,
2021,Swindon,E06000030,187151,32430,24335,30268,10948,30591,52220.0,6359,census2021-ts067-utla.csv,
2021,Peterborough,E06000031,167573,37471,20666,24191,9286,25727,43956.0,6276,census2021-ts067-utla.csv,
2021,Luton,E06000032,172698,39478,19650,21943,8349,24832,51546.0,6900,census2021-ts067-utla.csv,
2021,Southend-on-Sea,E06000033,146410,28823,17593,23151,7432,25291,39832.0,4288,census2021-ts067-utla.csv,
2021,Thurrock,E06000034,136363,29443,16640,21251,6757,22151,35723.0,4398,census2021-ts067-utla.csv,
2021,Medway,E06000035,222758,43158,26898,35426,13625,40009,57001.0,6641,census2021-ts067-utla.csv,
2021,Bracknell Forest,E06000036,99933,13183,10581,14929,5171,17874,35578.0,2617,census2021-ts067-utla.csv,
2021,West Berkshire,E06000037,130736,18484,12985,18954,6788,22048,48376.0,3101,census2021-ts067-utla.csv,
2021,Reading,E06000038,141362,22361,12932,15070,5853,23734,57149.0,4263,census2021-ts067-utla.csv,
2021,Slough,E06000039,118934,23966,12764,14336,5004,16181,41423.0,5260,census2021-ts067-utla.csv,
2021,Windsor and Maidenhead,E06000040,123675,15552,10077,15918,5060,18341,55603.0,3124,census2021-ts067-utla.csv,
2021,Wokingham,E06000041,140821,14671,11396,17773,5746,22992,65047.0,3196,census2021-ts067-utla.csv,
2021,Milton Keynes,E06000042,224831,35577,24422,32011,10477,35371,80545.0,6428,census2021-ts067-utla.csv,
2021,Brighton and Hove,E06000043,235367,29215,16545,25067,8052,46359,104790.0,5339,census2021-ts067-utla.csv,
2021,Portsmouth,E06000044,170821,29766,16434,22404,9093,37296,51190.0,4638,census2021-ts067-utla.csv,
2021,Southampton,E06000045,204368,35381,19470,25671,11096,41992,64663.0,6095,census2021-ts067-utla.csv,
2021,Isle of Wight,E06000046,119586,22064,13355,17501,8926,21444,32783.0,3513,census2021-ts067-utla.csv,
2021,County Durham,E06000047,433958,90804,41359,61724,27061,86414,116019.0,10577,census2021-ts067-utla.csv,
2021,Cheshire East,E06000049,329473,49524,28571,45115,19394,55373,123785.0,7711,census2021-ts067-utla.csv,
2021,Cheshire West and Chester,E06000050,295358,46771,27467,40467,15914,52461,105387.0,6891,census2021-ts067-utla.csv,
2021,Shropshire,E06000051,272246,45573,26154,40900,16564,47417,88502.0,7136,census2021-ts067-utla.csv,
2021,Cornwall,E06000052,477425,77919,47676,72367,31455,89955,145890.0,12163,census2021-ts067-utla.csv,
2021,Isles of Scilly,E06000053,1730,213,119,272,88,341,655.0,42,census2021-ts067-utla.csv,
2021,Wiltshire,E06000054,419114,60409,42756,62668,23327,76544,143201.0,10209,census2021-ts067-utla.csv,
2021,Bedford,E06000055,148118,24813,15366,19977,8263,23976,51411.0,4312,census2021-ts067-utla.csv,
2021,Central Bedfordshire,E06000056,236759,35598,24650,34892,14069,43107,78654.0,5789,census2021-ts067-utla.csv,
2021,Northumberland,E06000057,268846,48173,26051,38873,18624,47690,82653.0,6782,census2021-ts067-utla.csv,
2021,"Bournemouth, Christchurch and Poole",E06000058,334908,53317,33102,47335,20187,63771,107437.0,9759,census2021-ts067-utla.csv,
2021,Dorset,E06000059,321902,50834,33549,48267,21943,56884,101298.0,9127,census2021-ts067-utla.csv,
2021,Buckinghamshire,E06000060,443395,60981,39427,59473,21261,69811,181721.0,10721,census2021-ts067-utla.csv,
2021,North Northamptonshire,E06000061,289186,57682,34404,44428,18199,48272,77281.0,8920,census2021-ts067-utla.csv,
2021,West Northamptonshire,E06000062,343500,59804,37390,49213,19758,58081,109086.0,10168,census2021-ts067-utla.csv,
2021,Bolton,E08000001,232287,52451,24792,32352,14327,38190,63678.0,6497,census2021-ts067-utla.csv,
2021,Bury,E08000002,154873,28706,15069,22659,8605,25587,50036.0,4211,census2021-ts067-utla.csv,
2021,Manchester,E08000003,437958,86110,34988,45164,15322,79621,164763.0,11990,census2021-ts067-utla.csv,
2021,Oldham,E08000004,187035,46208,20672,26021,11939,30829,46023.0,5343,census2021-ts067-utla.csv,
2021,Rochdale,E08000005,174947,40649,18414,24559,10564,29467,46238.0,5056,census2021-ts067-utla.csv,
2021,Salford,E08000006,216923,42829,20027,27231,11687,36911,72678.0,5560,census2021-ts067-utla.csv,
2021,Stockport,E08000007,238927,37081,21831,32340,13923,38563,89741.0,5448,census2021-ts067-utla.csv,
2021,Tameside,E08000008,185135,40437,20811,28050,12776,32847,45214.0,5000,census2021-ts067-utla.csv,
2021,Trafford,E08000009,186151,25990,15309,23608,8931,28141,79961.0,4211,census2021-ts067-utla.csv,
2021,Wigan,E08000010,268694,56571,28257,41466,18997,47383,69357.0,6663,census2021-ts067-utla.csv,
2021,Knowsley,E08000011,124299,32600,13203,17898,6817,21411,29578.0,2792,census2021-ts067-utla.csv,
2021,Liverpool,E08000012,403028,90049,34955,46141,17624,80909,124150.0,9200,census2021-ts067-utla.csv,
2021,St. Helens,E08000013,150571,32245,15613,22079,9728,26153,40903.0,3850,census2021-ts067-utla.csv,
2021,Sefton,E08000014,232392,45890,23885,32729,13808,40580,69495.0,6005,census2021-ts067-utla.csv,
2021,Wirral,E08000015,262112,46894,25282,38576,15663,46887,82451.0,6359,census2021-ts067-utla.csv,
2021,Barnsley,E08000016,199790,50329,21589,28977,13193,33652,46798.0,5252,census2021-ts067-utla.csv,
2021,Doncaster,E08000017,250928,61805,28721,37907,16765,41594,56931.0,7205,census2021-ts067-utla.csv,
2021,Rotherham,E08000018,215573,50529,24545,33613,14398,36879,49807.0,5802,census2021-ts067-utla.csv,
2021,Sheffield,E08000019,456250,88425,41454,53589,24865,84712,152194.0,11011,census2021-ts067-utla.csv,
2021,Newcastle upon Tyne,E08000021,248450,46232,19729,25891,11943,52768,86063.0,5824,census2021-ts067-utla.csv,
2021,North Tyneside,E08000022,171512,29968,16025,24300,11773,28969,56375.0,4102,census2021-ts067-utla.csv,
2021,South Tyneside,E08000023,121292,24849,12323,17393,9706,22265,31707.0,3049,census2021-ts067-utla.csv,
2021,Sunderland,E08000024,226071,51666,24530,33553,16312,38679,55532.0,5799,census2021-ts067-utla.csv,
2021,Birmingham,E08000025,889623,212198,90079,111212,32425,152046,265806.0,25857,census2021-ts067-utla.csv,
2021,Coventry,E08000026,276873,53671,27542,34920,14284,52525,84691.0,9240,census2021-ts067-utla.csv,
2021,Dudley,E08000027,262488,60569,28475,39480,15703,45064,65589.0,7608,census2021-ts067-utla.csv,
2021,Sandwell,E08000028,266028,76839,30586,36175,12758,39465,60316.0,9889,census2021-ts067-utla.csv,
2021,Solihull,E08000029,174503,30642,16623,24691,8069,28266,61847.0,4365,census2021-ts067-utla.csv,
2021,Walsall,E08000030,223100,58781,25619,31738,11823,35038,52903.0,7198,census2021-ts067-utla.csv,
2021,Wolverhampton,E08000031,208441,52803,22947,28741,10241,31391,54712.0,7606,census2021-ts067-utla.csv,
2021,Bradford,E08000032,421574,101122,46051,57458,22777,66275,115663.0,12228,census2021-ts067-utla.csv,
2021,Calderdale,E08000033,166634,31965,16313,23351,10524,29096,51419.0,3966,census2021-ts067-utla.csv,
2021,Kirklees,E08000034,346274,71832,33776,46112,21655,60187,103532.0,9180,census2021-ts067-utla.csv,
2021,Leeds,E08000035,658468,119597,60190,79192,34353,120782,228358.0,15996,census2021-ts067-utla.csv,
2021,Wakefield,E08000036,287539,70233,31086,42945,18709,46794,69797.0,7975,census2021-ts067-utla.csv,
2021,Gateshead,E08000037,161746,34975,16022,22280,11629,27436,45246.0,4158,census2021-ts067-utla.csv,
2021,City of London,E09000001,8006,529,223,392,80,708,5939.0,135,census2021-ts067-utla.csv,
2021,Barking and Dagenham,E09000002,161746,36796,16752,20367,6260,21819,53791.0,5961,census2021-ts067-utla.csv,
2021,Barnet,E09000003,309354,47762,21302,30687,9630,38541,151642.0,9790,census2021-ts067-utla.csv,
2021,Bexley,E09000004,195825,35582,21413,28535,10225,32511,61837.0,5722,census2021-ts067-utla.csv,
2021,Brent,E09000005,275143,59770,24296,26148,9529,34338,109998.0,11064,census2021-ts067-utla.csv,
2021,Bromley,E09000006,265088,36581,23030,35258,10559,39420,113508.0,6732,census2021-ts067-utla.csv,
2021,Camden,E09000007,177909,20948,8996,12776,3402,25154,101932.0,4701,census2021-ts067-utla.csv,
2021,Croydon,E09000008,310397,49877,28370,38241,11786,45535,127342.0,9246,census2021-ts067-utla.csv,
2021,Ealing,E09000009,295371,52925,23821,27461,10012,37920,130981.0,12251,census2021-ts067-utla.csv,
2021,Enfield,E09000010,257182,57813,24151,29005,10055,34476,93371.0,8311,census2021-ts067-utla.csv,
2021,Greenwich,E09000011,229748,38319,18349,23747,7937,30154,104926.0,6316,census2021-ts067-utla.csv,
2021,Hackney,E09000012,209468,35043,12782,17449,4938,24171,109724.0,5361,census2021-ts067-utla.csv,
2021,Hammersmith and Fulham,E09000013,154626,18332,7892,11387,3534,20165,89043.0,4273,census2021-ts067-utla.csv,
2021,Haringey,E09000014,216000,39921,14732,18392,6781,25260,104270.0,6644,census2021-ts067-utla.csv,
2021,Harrow,E09000015,209620,36454,17150,21857,6656,26422,94317.0,6764,census2021-ts067-utla.csv,
2021,Havering,E09000016,209730,41947,23453,31228,10778,34125,61921.0,6278,census2021-ts067-utla.csv,
2021,Hillingdon,E09000017,241878,43906,23872,28514,10298,35836,90664.0,8788,census2021-ts067-utla.csv,
2021,Hounslow,E09000018,228681,42630,21674,23390,8090,28046,95076.0,9775,census2021-ts067-utla.csv,
2021,Islington,E09000019,183626,25257,10273,13146,4212,22337,103975.0,4426,census2021-ts067-utla.csv,
2021,Kensington and Chelsea,E09000020,123089,13971,5446,8803,2378,15439,73226.0,3826,census2021-ts067-utla.csv,
2021,Kingston upon Thames,E09000021,135466,16128,8744,13319,4324,19766,69582.0,3603,census2021-ts067-utla.csv,
2021,Lambeth,E09000022,268945,35185,16252,21025,6973,31935,151312.0,6263,census2021-ts067-utla.csv,
2021,Lewisham,E09000023,242410,35447,17738,23426,7261,31537,120814.0,6187,census2021-ts067-utla.csv,
2021,Merton,E09000024,172771,24609,12368,16510,5752,21786,86412.0,5334,census2021-ts067-utla.csv,
2021,Newham,E09000025,276174,57151,24931,28082,8619,35783,111130.0,10478,census2021-ts067-utla.csv,
2021,Redbridge,E09000026,242017,41948,20878,27163,7557,33074,102696.0,8701,census2021-ts067-utla.csv,
2021,Richmond upon Thames,E09000027,155834,14163,7779,14029,3743,18830,94089.0,3201,census2021-ts067-utla.csv,
2021,Southwark,E09000028,256136,35516,15851,20135,6509,31574,140514.0,6037,census2021-ts067-utla.csv,
2021,Sutton,E09000029,165657,25122,15348,21432,7281,25866,65889.0,4719,census2021-ts067-utla.csv,
2021,Tower Hamlets,E09000030,252883,40999,17155,21433,5441,33343,127299.0,7213,census2021-ts067-utla.csv,
2021,Waltham Forest,E09000031,222182,40535,18874,23106,7699,28770,95910.0,7288,census2021-ts067-utla.csv,
2021,Wandsworth,E09000032,273558,27202,12759,18895,5578,31214,171346.0,6564,census2021-ts067-utla.csv,
2021,Westminster,E09000033,177467,22882,8615,12181,3746,22019,102356.0,5668,census2021-ts067-utla.csv,
2021,Cambridgeshire,E10000003,559647,84271,49814,68398,27623,92735,222792.0,14014,census2021-ts067-utla.csv,
2021,Cumbria,E10000006,420036,77431,40803,57858,32528,74804,126465.0,10147,census2021-ts067-utla.csv,
2021,Derbyshire,E10000007,659820,124474,68559,95890,43063,118011,193963.0,15860,census2021-ts067-utla.csv,
2021,Devon,E10000008,683469,106332,67117,98119,42272,127171,224689.0,17769,census2021-ts067-utla.csv,
2021,East Sussex,E10000011,455639,78950,49001,68015,25590,78092,142839.0,13152,census2021-ts067-utla.csv,
2021,Essex,E10000012,1224175,230974,142834,193117,69118,212917,341104.0,34111,census2021-ts067-utla.csv,
2021,Gloucestershire,E10000013,532284,80754,51195,76114,29334,91859,189619.0,13409,census2021-ts067-utla.csv,
2021,Hampshire,E10000014,1151127,169662,115453,166517,65757,209764,394217.0,29757,census2021-ts067-utla.csv,
2021,Hertfordshire,E10000015,959081,140644,91151,129038,43603,152048,378323.0,24274,census2021-ts067-utla.csv,
2021,Kent,E10000016,1276566,229214,137736,189679,71615,222389,389229.0,36704,census2021-ts067-utla.csv,
2021,Lancashire,E10000017,1012923,188448,96914,137884,64907,188742,310083.0,25945,census2021-ts067-utla.csv,
2021,Leicestershire,E10000018,587433,98347,56933,80155,37105,112785,187737.0,14371,census2021-ts067-utla.csv,
2021,Lincolnshire,E10000019,640209,131263,69919,94381,42640,118371,163928.0,19707,census2021-ts067-utla.csv,
2021,Norfolk,E10000020,767096,156650,86088,113773,48903,134214,204803.0,22665,census2021-ts067-utla.csv,
2021,North Yorkshire,E10000023,516180,82990,47623,72377,33901,87830,178949.0,12510,census2021-ts067-utla.csv,
2021,Nottinghamshire,E10000024,679068,131460,69090,95197,41598,120687,203107.0,17929,census2021-ts067-utla.csv,
2021,Oxfordshire,E10000025,595033,80414,50899,70337,27611,101688,249905.0,14179,census2021-ts067-utla.csv,
2021,Somerset,E10000027,474940,81075,48500,72670,30819,83785,144903.0,13188,census2021-ts067-utla.csv,
2021,Staffordshire,E10000028,726398,140207,75857,105827,44202,130440,210506.0,19359,census2021-ts067-utla.csv,
2021,Suffolk,E10000029,630359,124047,70524,92876,40753,106164,177232.0,18763,census2021-ts067-utla.csv,
2021,Surrey,E10000030,972512,125027,82079,127462,40761,160632,411979.0,24572,census2021-ts067-utla.csv,
2021,Warwickshire,E10000031,490566,82751,46971,65835,26722,83442,172279.0,12566,census2021-ts067-utla.csv,
2021,West Sussex,E10000032,727120,114595,76671,110257,39274,127535,238010.0,20778,census2021-ts067-utla.csv,
2021,Worcestershire,E10000034,499359,89931,49570,71333,28778,84863,161401.0,13483,census2021-ts067-utla.csv,
2021,Isle of Anglesey,W06000001,57147,10270,4828,8455,3752,9930,18445.0,1467,census2021-ts067-utla.csv,
2021,Gwynedd,W06000002,97968,15937,7421,14302,5715,18370,33807.0,2416,census2021-ts067-utla.csv,
2021,Conwy,W06000003,96364,17998,8317,13890,6111,15948,31232.0,2868,census2021-ts067-utla.csv,
2021,Denbighshire,W06000004,78908,15668,7175,11990,4966,12903,24010.0,2196,census2021-ts067-utla.csv,
2021,Flintshire,W06000005,127578,23373,12648,19486,8431,22746,37209.0,3685,census2021-ts067-utla.csv,
2021,Wrexham,W06000006,110275,23095,10473,16995,6816,17690,32037.0,3169,census2021-ts067-utla.csv,
2021,Ceredigion,W06000008,61391,9036,4513,8411,3297,13036,21653.0,1445,census2021-ts067-utla.csv,
2021,Pembrokeshire,W06000009,102551,19283,9333,15533,6373,17462,31991.0,2576,census2021-ts067-utla.csv,
2021,Carmarthenshire,W06000010,155486,31165,13267,23691,9652,25018,48644.0,4049,census2021-ts067-utla.csv,
2021,Swansea,W06000011,197861,37304,15552,27362,11525,36055,64835.0,5228,census2021-ts067-utla.csv,
2021,Neath Port Talbot,W06000012,117182,27722,10667,17359,7557,20433,30280.0,3164,census2021-ts067-utla.csv,
2021,Bridgend,W06000013,119482,25993,10624,17717,6572,19477,35852.0,3247,census2021-ts067-utla.csv,
2021,Vale of Glamorgan,W06000014,107457,16740,8902,15459,5671,17835,40062.0,2788,census2021-ts067-utla.csv,
2021,Cardiff,W06000015,296313,48399,20457,32900,11522,56856,118529.0,7650,census2021-ts067-utla.csv,
2021,Rhondda Cynon Taff,W06000016,193841,46915,18283,29121,9966,32637,51749.0,5170,census2021-ts067-utla.csv,
2021,Caerphilly,W06000018,143482,34625,14433,22242,7889,24146,36306.0,3841,census2021-ts067-utla.csv,
2021,Blaenau Gwent,W06000019,55144,15376,5980,8554,3151,8647,11892.0,1544,census2021-ts067-utla.csv,
2021,Torfaen,W06000020,75113,16631,7697,11458,4311,12736,20128.0,2152,census2021-ts067-utla.csv,
2021,Monmouthshire,W06000021,78239,12315,6463,10589,3958,12172,30809.0,1933,census2021-ts067-utla.csv,
2021,Newport,W06000022,127423,27690,11741,18188,6498,19978,39544.0,3784,census2021-ts067-utla.csv,
2021,Powys,W06000023,112536,21316,9694,16747,6868,19125,35849.0,2937,census2021-ts067-utla.csv,
2021,Merthyr Tydfil,W06000024,47674,12831,4556,6911,2713,7453,11911.0,1299,census2021-ts067-utla.csv,
2021,Astley Bridge,E05000650,11398,1999,1171,1749,703,2037,,237,census2021-ts067-ward.csv,3502.0
2021,Bradshaw,E05000651,9455,1599,924,1197,724,1691,,245,census2021-ts067-ward.csv,3075.0
2021,Breightmet,E05000652,11218,2903,1327,1704,872,1830,,313,census2021-ts067-ward.csv,2269.0
2021,Bromley Cross,E05000653,11347,1368,928,1519,739,2054,,218,census2021-ts067-ward.csv,4521.0
2021,Crompton (Bolton),E05000654,13336,3658,1539,1860,627,2028,,408,census2021-ts067-ward.csv,3216.0
2021,Farnworth (Bolton),E05000655,12605,3442,1527,1999,816,1951,,347,census2021-ts067-ward.csv,2523.0
2021,Great Lever,E05000656,13195,4204,1527,1627,516,1877,,502,census2021-ts067-ward.csv,2942.0
2021,Halliwell,E05000657,12169,3873,1537,1546,514,1606,,552,census2021-ts067-ward.csv,2541.0
2021,Harper Green,E05000658,11717,3109,1361,1755,635,1804,,389,census2021-ts067-ward.csv,2664.0
2021,Heaton and Lostock,E05000659,11258,1548,853,1311,505,1619,,252,census2021-ts067-ward.csv,5170.0
2021,Horwich and Blackrod,E05000660,11936,2073,1104,1649,869,2221,,253,census2021-ts067-ward.csv,3767.0
2021,Horwich North East,E05000661,10620,1819,1012,1421,791,1817,,225,census2021-ts067-ward.csv,3535.0
2021,Hulton,E05000662,11433,2568,1188,1510,740,1845,,357,census2021-ts067-ward.csv,3225.0
2021,Kearsley,E05000663,12013,2697,1426,1830,881,2167,,313,census2021-ts067-ward.csv,2699.0
2021,Little Lever and Darcy Lever,E05000664,10566,2171,1247,1634,885,2030,,260,census2021-ts067-ward.csv,2339.0
2021,Rumworth,E05000665,13166,4565,1512,1620,477,1712,,543,census2021-ts067-ward.csv,2737.0
2021,Smithills,E05000666,11663,2174,1196,1582,718,2007,,302,census2021-ts067-ward.csv,3684.0
2021,Tonge with the Haulgh,E05000667,10672,2834,1197,1541,714,1718,,275,census2021-ts067-ward.csv,2393.0
2021,Westhoughton North and Chew Moor,E05000668,11751,1978,1128,1611,840,2145,,304,census2021-ts067-ward.csv,3745.0
2021,Westhoughton South,E05000669,10767,1872,1087,1686,763,2030,,198,census2021-ts067-ward.csv,3131.0
2021,Alexandra (Oldham),E05000719,10204,3426,1255,1385,495,1312,,375,census2021-ts067-ward.csv,1956.0
2021,Chadderton Central,E05000720,9029,1985,959,1300,629,1557,,232,census2021-ts067-ward.csv,2367.0
2021,Chadderton North,E05000721,9139,2054,976,1224,629,1586,,251,census2021-ts067-ward.csv,2419.0
2021,Chadderton South,E05000722,9155,2218,1094,1383,656,1628,,229,census2021-ts067-ward.csv,1947.0
2021,Coldhurst,E05000723,10092,3683,1280,1330,356,1331,,285,census2021-ts067-ward.csv,1827.0
2021,Crompton (Oldham),E05000724,8595,1645,940,1223,744,1623,,224,census2021-ts067-ward.csv,2196.0
2021,Failsworth East,E05000725,8710,1902,964,1282,725,1630,,212,census2021-ts067-ward.csv,1995.0
2021,Failsworth West,E05000726,8912,2080,970,1374,670,1561,,242,census2021-ts067-ward.csv,2015.0
2021,Hollinwood,E05000727,9141,2795,1109,1329,571,1339,,244,census2021-ts067-ward.csv,1754.0
2021,Medlock Vale,E05000728,10923,3294,1350,1482,532,1650,,366,census2021-ts067-ward.csv,2249.0
2021,Royton North,E05000729,8305,1592,911,1161,665,1542,,218,census2021-ts067-ward.csv,2216.0
2021,Royton South,E05000730,8999,1823,950,1320,713,1626,,246,census2021-ts067-ward.csv,2321.0
2021,Saddleworth North,E05000731,8243,1015,620,1015,570,1433,,192,census2021-ts067-ward.csv,3398.0
2021,Saddleworth South,E05000732,8408,1093,629,1031,530,1361,,137,census2021-ts067-ward.csv,3627.0
2021,Saddleworth West and Lees,E05000733,9150,1537,863,1273,704,1829,,225,census2021-ts067-ward.csv,2719.0
2021,St James' (Oldham),E05000734,9389,2078,1077,1424,688,1727,,264,census2021-ts067-ward.csv,2131.0
2021,St Mary's (Oldham),E05000735,11646,4057,1414,1544,403,1501,,475,census2021-ts067-ward.csv,2252.0
2021,Shaw (Oldham),E05000736,8244,1729,855,1175,640,1499,,234,census2021-ts067-ward.csv,2112.0
2021,Waterhead,E05000737,10285,2842,1186,1435,687,1637,,325,census2021-ts067-ward.csv,2173.0
2021,Werneth,E05000738,10461,3360,1269,1331,330,1457,,365,census2021-ts067-ward.csv,2349.0
2021,Bramhall North,E05000779,10488,1117,712,1332,422,1569,,229,census2021-ts067-ward.csv,5107.0
2021,Bramhall South and Woodford,E05000780,10529,1023,736,1342,427,1520,,244,census2021-ts067-ward.csv,5237.0
2021,Bredbury and Woodley,E05000781,11285,1988,1168,1739,856,2150,,263,census2021-ts067-ward.csv,3121.0
2021,Bredbury Green and Romiley,E05000782,11787,2239,1237,1695,795,1889,,291,census2021-ts067-ward.csv,3641.0
2021,Brinnington and Central,E05000783,14046,3508,1734,1966,846,2112,,349,census2021-ts067-ward.csv,3531.0
2021,Cheadle and Gatley,E05000784,12945,1753,918,1467,515,1746,,294,census2021-ts067-ward.csv,6252.0
2021,Cheadle Hulme North,E05000785,10881,1595,963,1466,656,1748,,230,census2021-ts067-ward.csv,4223.0
2021,Cheadle Hulme South,E05000786,11363,1221,863,1505,551,1752,,209,census2021-ts067-ward.csv,5262.0
2021,Davenport and Cale Green,E05000787,12397,2352,1281,1675,630,2061,,338,census2021-ts067-ward.csv,4060.0
2021,Edgeley and Cheadle Heath,E05000788,11421,1990,1161,1578,672,1934,,240,census2021-ts067-ward.csv,3846.0
2021,Hazel Grove,E05000789,11567,1685,1038,1666,823,1947,,300,census2021-ts067-ward.csv,4108.0
2021,Heald Green,E05000790,10528,1729,965,1444,568,1662,,298,census2021-ts067-ward.csv,3862.0
2021,Heatons North,E05000791,11423,1427,810,1202,458,1491,,216,census2021-ts067-ward.csv,5819.0
2021,Heatons South,E05000792,11416,1387,747,1317,492,1631,,240,census2021-ts067-ward.csv,5602.0
2021,Manor (Stockport),E05000793,11359,1829,1257,1871,850,2264,,214,census2021-ts067-ward.csv,3074.0
2021,Marple North,E05000794,10237,970,708,1227,580,1459,,213,census2021-ts067-ward.csv,5080.0
2021,Marple South and High Lane,E05000795,9987,1509,927,1298,672,1631,,253,census2021-ts067-ward.csv,3697.0
2021,Offerton,E05000796,11380,2021,1237,1737,891,2006,,273,census2021-ts067-ward.csv,3215.0
2021,Reddish North,E05000797,12101,2475,1331,1822,814,2176,,257,census2021-ts067-ward.csv,3226.0
2021,Reddish South,E05000798,11192,1935,1154,1526,736,1944,,257,census2021-ts067-ward.csv,3640.0
2021,Stepping Hill,E05000799,10587,1326,883,1465,669,1869,,238,census2021-ts067-ward.csv,4137.0
2021,Ashton Hurst,E05000800,9289,2130,1088,1374,592,1502,,301,census2021-ts067-ward.csv,2302.0
2021,Ashton St Michael's,E05000801,9916,2303,1173,1472,642,1628,,322,census2021-ts067-ward.csv,2376.0
2021,Ashton Waterloo,E05000802,9321,2371,1080,1356,646,1501,,271,census2021-ts067-ward.csv,2096.0
2021,Audenshaw,E05000803,10295,2108,1165,1503,698,1832,,215,census2021-ts067-ward.csv,2774.0
2021,Denton North East,E05000804,9177,2035,1012,1456,742,1763,,220,census2021-ts067-ward.csv,1949.0
2021,Denton South,E05000805,8959,2137,1082,1413,683,1528,,274,census2021-ts067-ward.csv,1842.0
2021,Denton West,E05000806,9583,1908,993,1503,764,1952,,211,census2021-ts067-ward.csv,2252.0
2021,Droylsden East,E05000807,10065,2157,1143,1487,732,1780,,265,census2021-ts067-ward.csv,2501.0
2021,Droylsden West,E05000808,9271,2135,1128,1458,726,1627,,221,census2021-ts067-ward.csv,1976.0
2021,Dukinfield,E05000809,10138,2273,1183,1612,715,1832,,318,census2021-ts067-ward.csv,2205.0
2021,Dukinfield Stalybridge,E05000810,9412,2042,1044,1428,727,1764,,217,census2021-ts067-ward.csv,2190.0
2021,Hyde Godley,E05000811,10045,2292,1125,1556,610,1794,,282,census2021-ts067-ward.csv,2386.0
2021,Hyde Newton,E05000812,11994,2535,1367,1907,739,2290,,328,census2021-ts067-ward.csv,2828.0
2021,Hyde Werneth,E05000813,9497,1851,941,1401,632,1738,,348,census2021-ts067-ward.csv,2586.0
2021,Longdendale,E05000814,8310,1903,869,1218,524,1392,,194,census2021-ts067-ward.csv,2210.0
2021,Mossley,E05000815,9319,1447,929,1391,577,1737,,190,census2021-ts067-ward.csv,3048.0
2021,St Peter's (Tameside),E05000816,11157,3097,1416,1532,655,1635,,378,census2021-ts067-ward.csv,2444.0
2021,Stalybridge North,E05000817,10191,2231,1137,1584,735,1748,,247,census2021-ts067-ward.csv,2509.0
2021,Stalybridge South,E05000818,9200,1484,936,1399,637,1804,,199,census2021-ts067-ward.csv,2741.0
2021,Altrincham,E05000819,10156,1072,612,1003,405,1317,,186,census2021-ts067-ward.csv,5561.0
2021,Ashton upon Mersey,E05000820,8223,958,614,980,344,1243,,169,census2021-ts067-ward.csv,3915.0
2021,Bowdon,E05000821,7446,798,464,848,247,873,,123,census2021-ts067-ward.csv,4093.0
2021,Broadheath (Trafford),E05000822,10938,1220,801,1407,511,1680,,253,census2021-ts067-ward.csv,5066.0
2021,Brooklands (Trafford),E05000823,8242,777,520,925,414,1176,,173,census2021-ts067-ward.csv,4257.0
2021,Bucklow-St Martins,E05000824,7732,1737,955,1303,496,1390,,227,census2021-ts067-ward.csv,1624.0
2021,Clifford,E05000825,10567,2115,899,1130,305,1549,,294,census2021-ts067-ward.csv,4275.0
2021,Davyhulme East,E05000826,7825,1199,785,1128,493,1424,,196,census2021-ts067-ward.csv,2600.0
2021,Davyhulme West,E05000827,8247,1228,841,1245,530,1487,,174,census2021-ts067-ward.csv,2742.0
2021,Flixton,E05000828,8903,1323,749,1203,595,1455,,220,census2021-ts067-ward.csv,3358.0
2021,Gorse Hill (Trafford),E05000829,9472,1630,1024,1339,463,1548,,265,census2021-ts067-ward.csv,3203.0
2021,Hale Barns,E05000830,7958,896,544,943,258,982,,158,census2021-ts067-ward.csv,4177.0
2021,Hale Central,E05000831,8136,567,340,864,216,1020,,83,census2021-ts067-ward.csv,5046.0
2021,Longford (Trafford),E05000832,10243,1787,824,1207,372,1477,,277,census2021-ts067-ward.csv,4299.0
2021,Priory (Trafford),E05000833,8883,940,578,897,364,1214,,188,census2021-ts067-ward.csv,4702.0
2021,St Mary's (Trafford),E05000834,9327,1458,878,1328,483,1436,,197,census2021-ts067-ward.csv,3547.0
2021,Sale Moor,E05000835,8304,1203,745,1080,444,1283,,195,census2021-ts067-ward.csv,3354.0
2021,Stretford,E05000836,9056,1555,852,1240,462,1442,,193,census2021-ts067-ward.csv,3312.0
2021,Timperley,E05000837,8941,885,639,1150,524,1376,,185,census2021-ts067-ward.csv,4182.0
2021,Urmston,E05000838,9234,1365,836,1193,531,1479,,247,census2021-ts067-ward.csv,3583.0
2021,Village (Trafford),E05000839,8319,1279,808,1194,471,1290,,208,census2021-ts067-ward.csv,3069.0
2021,Abram,E05000840,12724,3150,1388,2169,908,2151,,355,census2021-ts067-ward.csv,2603.0
2021,Ashton (Wigan),E05000841,9756,1747,938,1499,734,1920,,257,census2021-ts067-ward.csv,2661.0
2021,Aspull New Springs Whelley,E05000842,10612,2142,1011,1559,821,1859,,262,census2021-ts067-ward.csv,2958.0
2021,Astley Mosley Common,E05000843,10618,1698,947,1653,687,2001,,226,census2021-ts067-ward.csv,3406.0
2021,Atherleigh,E05000844,9882,1976,1120,1583,719,1779,,278,census2021-ts067-ward.csv,2427.0
2021,Atherton,E05000845,12532,3148,1488,1924,883,2090,,327,census2021-ts067-ward.csv,2672.0
2021,Bryn (Wigan),E05000846,9508,2045,1021,1582,748,1632,,273,census2021-ts067-ward.csv,2207.0
2021,Douglas,E05000847,10576,2741,1198,1612,693,1722,,286,census2021-ts067-ward.csv,2324.0
2021,Golborne and Lowton West,E05000848,9911,2181,1069,1563,672,1859,,232,census2021-ts067-ward.csv,2335.0
2021,Hindley,E05000849,10816,2760,1221,1721,762,1901,,206,census2021-ts067-ward.csv,2245.0
2021,Hindley Green,E05000850,9528,1992,954,1526,780,1867,,206,census2021-ts067-ward.csv,2203.0
2021,Ince,E05000851,10572,3078,1372,1699,699,1570,,319,census2021-ts067-ward.csv,1835.0
2021,Leigh East,E05000852,10679,2317,1164,1596,691,1910,,289,census2021-ts067-ward.csv,2712.0
2021,Leigh South,E05000853,11579,2377,1146,1747,808,2084,,306,census2021-ts067-ward.csv,3111.0
2021,Leigh West,E05000854,13349,3380,1541,2146,877,2261,,331,census2021-ts067-ward.csv,2813.0
2021,Lowton East,E05000855,11379,1599,1089,1716,776,2284,,247,census2021-ts067-ward.csv,3668.0
2021,Orrell,E05000856,10007,1580,835,1431,770,1787,,226,census2021-ts067-ward.csv,3378.0
2021,Pemberton,E05000857,11227,3216,1448,1791,800,1707,,284,census2021-ts067-ward.csv,1981.0
2021,Shevington with Lower Ground,E05000858,9730,1531,900,1346,757,1696,,244,census2021-ts067-ward.csv,3256.0
2021,Standish with Langtree,E05000859,11566,1605,967,1599,720,2087,,245,census2021-ts067-ward.csv,4343.0
2021,Tyldesley (Wigan),E05000860,11444,2152,1263,1764,749,2107,,287,census2021-ts067-ward.csv,3122.0
2021,Wigan Central,E05000861,10183,1915,933,1372,650,1578,,265,census2021-ts067-ward.csv,3470.0
2021,Wigan West,E05000862,11118,2344,1194,1813,844,1977,,237,census2021-ts067-ward.csv,2709.0
2021,Winstanley (Wigan),E05000863,9499,1427,916,1458,727,1890,,206,census2021-ts067-ward.csv,2875.0
2021,Worsley Mesnes,E05000864,9896,2470,1134,1596,722,1663,,271,census2021-ts067-ward.csv,2040.0
2021,Allerton and Hunts Cross,E05000886,12550,2218,1119,1565,648,2135,,226,census2021-ts067-ward.csv,4639.0
2021,Anfield,E05000887,11855,3460,1353,1543,690,1766,,544,census2021-ts067-ward.csv,2499.0
2021,Belle Vale (Liverpool),E05000888,12656,3926,1359,1746,677,2059,,257,census2021-ts067-ward.csv,2632.0
2021,Central (Liverpool),E05000889,23958,1905,678,1131,351,11372,,529,census2021-ts067-ward.csv,7992.0
2021,Childwall,E05000890,10912,1594,887,1348,496,2163,,204,census2021-ts067-ward.csv,4220.0
2021,Church (Liverpool),E05000891,11235,1277,714,1174,426,1693,,197,census2021-ts067-ward.csv,5754.0
2021,Clubmoor,E05000892,12649,3920,1367,1798,677,2171,,302,census2021-ts067-ward.csv,2414.0
2021,County,E05000893,10823,3232,1206,1537,611,1704,,283,census2021-ts067-ward.csv,2250.0
2021,Cressington,E05000894,12263,2178,1007,1491,561,1865,,245,census2021-ts067-ward.csv,4916.0
2021,Croxteth,E05000895,11587,3145,1205,1604,643,1947,,263,census2021-ts067-ward.csv,2780.0
2021,Everton (Liverpool),E05000896,14241,4620,1301,1633,645,2363,,411,census2021-ts067-ward.csv,3268.0
2021,Fazakerley,E05000897,13486,3201,1513,2123,726,2311,,250,census2021-ts067-ward.csv,3362.0
2021,Greenbank,E05000898,13901,1434,586,811,261,5744,,194,census2021-ts067-ward.csv,4871.0
2021,Kensington and Fairfield,E05000899,13508,3722,1128,1281,593,2680,,371,census2021-ts067-ward.csv,3733.0
2021,Kirkdale,E05000900,15589,4590,1464,1601,700,2834,,376,census2021-ts067-ward.csv,4024.0
2021,Knotty Ash,E05000901,11643,2956,1173,1537,631,1954,,263,census2021-ts067-ward.csv,3129.0
2021,Mossley Hill,E05000902,10053,1435,733,1002,404,1320,,218,census2021-ts067-ward.csv,4941.0
2021,Norris Green,E05000903,14637,4165,1574,2034,738,2421,,381,census2021-ts067-ward.csv,3324.0
2021,Old Swan,E05000904,12883,3203,1457,1727,654,2268,,278,census2021-ts067-ward.csv,3296.0
2021,Picton,E05000905,15526,3566,1142,1308,462,4483,,392,census2021-ts067-ward.csv,4173.0
2021,Princes Park (Liverpool),E05000906,15391,3487,1203,1377,458,2898,,409,census2021-ts067-ward.csv,5559.0
2021,Riverside (Liverpool),E05000907,20422,3921,1179,1676,642,3951,,406,census2021-ts067-ward.csv,8647.0
2021,St Michael's (Liverpool),E05000908,11040,1584,610,996,359,1780,,166,census2021-ts067-ward.csv,5545.0
2021,Speke-Garston,E05000909,16611,4831,1947,2474,811,2522,,394,census2021-ts067-ward.csv,3632.0
2021,Tuebrook and Stoneycroft,E05000910,12866,3349,1326,1731,718,2070,,368,census2021-ts067-ward.csv,3304.0
2021,Warbreck (Liverpool),E05000911,12750,2938,1510,1901,673,2364,,284,census2021-ts067-ward.csv,3080.0
2021,Wavertree,E05000912,11850,2228,927,1323,457,2085,,216,census2021-ts067-ward.csv,4614.0
2021,West Derby,E05000913,11647,2493,1113,1593,677,2049,,268,census2021-ts067-ward.csv,3454.0
2021,Woolton,E05000914,11122,1912,847,1247,540,1656,,215,census2021-ts067-ward.csv,4705.0
2021,Yew Tree,E05000915,13371,3558,1328,1831,695,2278,,288,census2021-ts067-ward.csv,3393.0
2021,Ainsdale,E05000932,10642,1695,1059,1536,568,1834,,326,census2021-ts067-ward.csv,3624.0
2021,Birkdale,E05000933,10429,1450,975,1561,630,1985,,207,census2021-ts067-ward.csv,3621.0
2021,Blundellsands,E05000934,9690,1270,767,1256,497,1583,,204,census2021-ts067-ward.csv,4113.0
2021,Cambridge,E05000935,11122,2582,1126,1400,716,1626,,381,census2021-ts067-ward.csv,3291.0
2021,Church (Sefton),E05000936,10220,2115,1051,1375,554,1771,,192,census2021-ts067-ward.csv,3162.0
2021,Derby (Sefton),E05000937,10639,3031,1301,1565,601,1770,,282,census2021-ts067-ward.csv,2089.0
2021,Duke's,E05000938,12910,2816,1335,1495,806,1875,,520,census2021-ts067-ward.csv,4063.0
2021,Ford,E05000939,10341,2598,1284,1618,628,1873,,200,census2021-ts067-ward.csv,2140.0
2021,Harington,E05000940,9815,1151,804,1294,464,1519,,273,census2021-ts067-ward.csv,4310.0
2021,Kew (Sefton),E05000941,11164,1962,1124,1586,604,2139,,277,census2021-ts067-ward.csv,3472.0
2021,Linacre (Sefton),E05000942,10906,3321,1342,1532,573,1699,,348,census2021-ts067-ward.csv,2091.0
2021,Litherland,E05000943,9703,2322,1151,1506,576,1810,,248,census2021-ts067-ward.csv,2090.0
2021,Manor (Sefton),E05000944,10424,2006,1018,1444,598,1713,,252,census2021-ts067-ward.csv,3393.0
2021,Meols,E05000945,10227,1613,1045,1460,745,1957,,272,census2021-ts067-ward.csv,3135.0
2021,Molyneux,E05000946,10359,2014,1076,1504,706,2028,,220,census2021-ts067-ward.csv,2811.0
2021,Netherton and Orrell,E05000947,10474,2476,1246,1626,619,1962,,246,census2021-ts067-ward.csv,2299.0
2021,Norwood,E05000948,11793,1989,1188,1836,752,2255,,275,census2021-ts067-ward.csv,3498.0
2021,Park (Sefton),E05000949,10037,1697,935,1340,677,1791,,283,census2021-ts067-ward.csv,3314.0
2021,Ravenmeols,E05000950,10179,1540,901,1380,647,1716,,277,census2021-ts067-ward.csv,3718.0
2021,St Oswald (Sefton),E05000951,9262,2705,1090,1397,521,1618,,215,census2021-ts067-ward.csv,1716.0
2021,Sudell,E05000952,11127,2058,1091,1518,760,2046,,289,census2021-ts067-ward.csv,3365.0
2021,Victoria (Sefton),E05000953,10916,1477,976,1496,560,2010,,219,census2021-ts067-ward.csv,4178.0
2021,Bebington,E05000954,12474,1804,1095,1732,731,2370,,271,census2021-ts067-ward.csv,4471.0
2021,Bidston and St James,E05000955,12010,3423,1233,1912,675,2008,,279,census2021-ts067-ward.csv,2480.0
2021,Birkenhead and Tranmere,E05000956,12771,3270,1516,2043,719,2079,,332,census2021-ts067-ward.csv,2812.0
2021,Bromborough,E05000957,13353,2372,1315,2010,808,2583,,304,census2021-ts067-ward.csv,3961.0
2021,Clatterbridge,E05000958,11634,1554,942,1551,660,2073,,284,census2021-ts067-ward.csv,4570.0
2021,Claughton,E05000959,12275,2400,1148,1752,755,2240,,301,census2021-ts067-ward.csv,3679.0
2021,Eastham,E05000960,11446,1872,1151,1638,826,2206,,283,census2021-ts067-ward.csv,3470.0
2021,"Greasby, Frankby and Irby",E05000961,11866,1442,960,1652,715,2173,,303,census2021-ts067-ward.csv,4621.0
2021,Heswall,E05000962,11231,1156,732,1376,481,1581,,226,census2021-ts067-ward.csv,5679.0
2021,Hoylake and Meols,E05000963,10920,1279,781,1383,523,1615,,260,census2021-ts067-ward.csv,5079.0
2021,Leasowe and Moreton East,E05000964,11912,2610,1358,1989,763,2211,,309,census2021-ts067-ward.csv,2672.0
2021,Liscard,E05000965,12636,2611,1427,2025,772,2401,,295,census2021-ts067-ward.csv,3105.0
2021,Moreton West and Saughall Massie,E05000966,11572,2241,1196,1768,799,2244,,283,census2021-ts067-ward.csv,3041.0
2021,New Brighton,E05000967,12441,2178,1215,1742,710,2266,,325,census2021-ts067-ward.csv,4005.0
2021,Oxton,E05000968,11665,1845,1007,1540,760,2094,,267,census2021-ts067-ward.csv,4152.0
2021,Pensby and Thingwall,E05000969,10888,1706,950,1535,716,1900,,305,census2021-ts067-ward.csv,3776.0
2021,Prenton,E05000970,11902,1963,1092,1823,784,2386,,248,census2021-ts067-ward.csv,3606.0
2021,Rock Ferry,E05000971,12022,2802,1471,2054,776,2004,,317,census2021-ts067-ward.csv,2598.0
2021,Seacombe,E05000972,11399,2753,1430,1926,650,2133,,287,census2021-ts067-ward.csv,2220.0
2021,Upton (Wirral),E05000973,13140,2777,1363,2008,874,2398,,369,census2021-ts067-ward.csv,3351.0
2021,Wallasey,E05000974,12126,1644,1197,1793,710,2304,,301,census2021-ts067-ward.csv,4177.0
2021,West Kirby and Thurstaston,E05000975,10432,1193,703,1324,459,1614,,211,census2021-ts067-ward.csv,4928.0
2021,Central (Barnsley),E05000976,10113,2595,1129,1361,669,1612,,353,census2021-ts067-ward.csv,2394.0
2021,Cudworth,E05000977,9280,2423,996,1477,617,1663,,236,census2021-ts067-ward.csv,1868.0
2021,Darfield,E05000978,8955,2329,1007,1238,645,1530,,271,census2021-ts067-ward.csv,1935.0
2021,Darton East,E05000979,9456,1945,949,1288,616,1751,,207,census2021-ts067-ward.csv,2700.0
2021,Darton West,E05000980,9271,1922,881,1282,616,1732,,240,census2021-ts067-ward.csv,2598.0
2021,Dearne North,E05000981,9457,3081,1145,1404,580,1430,,254,census2021-ts067-ward.csv,1563.0
2021,Dearne South,E05000982,10016,2815,1224,1578,649,1699,,241,census2021-ts067-ward.csv,1810.0
2021,Dodworth,E05000983,8818,1975,797,1156,601,1497,,236,census2021-ts067-ward.csv,2556.0
2021,Hoyland Milton,E05000984,9875,2323,1063,1503,743,1785,,192,census2021-ts067-ward.csv,2266.0
2021,Kingstone,E05000985,9274,2496,1036,1303,603,1458,,340,census2021-ts067-ward.csv,2038.0
2021,Monk Bretton,E05000986,9724,2972,1162,1404,599,1495,,256,census2021-ts067-ward.csv,1836.0
2021,North East,E05000987,10963,3258,1154,1644,668,1799,,314,census2021-ts067-ward.csv,2126.0
2021,Old Town (Barnsley),E05000988,8663,1715,906,1253,547,1568,,218,census2021-ts067-ward.csv,2456.0
2021,Penistone East,E05000989,9761,1490,781,1271,566,1609,,245,census2021-ts067-ward.csv,3799.0
2021,Penistone West,E05000990,10736,1688,939,1444,671,1905,,207,census2021-ts067-ward.csv,3882.0
2021,Rockingham,E05000991,9213,2267,1023,1322,784,1597,,217,census2021-ts067-ward.csv,2003.0
2021,Royston,E05000992,9210,2236,1012,1458,598,1626,,220,census2021-ts067-ward.csv,2060.0
2021,St Helens (Barnsley),E05000993,8593,2788,1053,1343,533,1323,,234,census2021-ts067-ward.csv,1319.0
2021,Stairfoot,E05000994,10274,3073,1204,1511,673,1585,,282,census2021-ts067-ward.csv,1946.0
2021,Wombwell,E05000995,10127,2538,1234,1592,714,1763,,267,census2021-ts067-ward.csv,2019.0
2021,Worsbrough,E05000996,8011,2400,894,1149,499,1225,,220,census2021-ts067-ward.csv,1624.0
2021,Birtley,E05001067,6928,1671,728,1026,551,1160,,224,census2021-ts067-ward.csv,1568.0
2021,Blaydon,E05001068,8052,1714,788,1148,586,1496,,169,census2021-ts067-ward.csv,2151.0
2021,Bridges,E05001069,7647,1384,551,728,327,1616,,168,census2021-ts067-ward.csv,2873.0
2021,Chowdene,E05001071,7345,1669,798,1054,658,1216,,189,census2021-ts067-ward.csv,1761.0
2021,Crawcrook and Greenside,E05001072,7622,1202,656,1032,569,1450,,211,census2021-ts067-ward.csv,2502.0
2021,Deckham,E05001073,7656,1987,851,1040,485,1169,,212,census2021-ts067-ward.csv,1912.0
2021,Dunston and Teams,E05001074,7035,1693,703,928,416,1084,,176,census2021-ts067-ward.csv,2035.0
2021,Dunston Hill and Whickham East,E05001075,7349,1274,663,1027,549,1344,,183,census2021-ts067-ward.csv,2309.0
2021,Felling,E05001076,7148,2219,796,992,471,974,,215,census2021-ts067-ward.csv,1481.0
2021,High Fell,E05001077,7364,2125,863,1032,525,1135,,186,census2021-ts067-ward.csv,1498.0
2021,Lamesley,E05001078,7994,1792,845,1101,616,1404,,191,census2021-ts067-ward.csv,2045.0
2021,Lobley Hill and Bensham,E05001079,8307,2239,831,1169,568,1272,,275,census2021-ts067-ward.csv,1953.0
2021,Low Fell,E05001080,6928,892,505,836,447,1072,,129,census2021-ts067-ward.csv,3047.0
2021,Pelaw and Heworth,E05001081,7138,1476,723,1049,595,1290,,139,census2021-ts067-ward.csv,1866.0
2021,"Ryton, Crookhill and Stella",E05001082,7265,1140,651,1055,497,1273,,190,census2021-ts067-ward.csv,2459.0
2021,Saltwell,E05001083,7622,1444,739,1058,391,1278,,188,census2021-ts067-ward.csv,2524.0
2021,Wardley and Leam Lane,E05001084,6541,1584,720,957,532,1139,,121,census2021-ts067-ward.csv,1488.0
2021,Whickham North,E05001085,6582,1351,642,936,506,1116,,189,census2021-ts067-ward.csv,1842.0
2021,Whickham South and Sunniside,E05001086,6801,1025,586,938,510,1189,,192,census2021-ts067-ward.csv,2361.0
2021,Windy Nook and Whitehills,E05001087,7817,2095,887,1147,686,1276,,206,census2021-ts067-ward.csv,1520.0
2021,Winlaton and High Spen,E05001088,7239,1471,697,1038,620,1313,,209,census2021-ts067-ward.csv,1891.0
2021,Battle Hill,E05001115,8948,1680,1004,1365,829,1643,,256,census2021-ts067-ward.csv,2171.0
2021,Benton,E05001116,8621,1500,763,1111,555,1359,,216,census2021-ts067-ward.csv,3117.0
2021,Camperdown,E05001117,8632,1834,999,1346,618,1603,,226,census2021-ts067-ward.csv,2006.0
2021,Chirton,E05001118,9134,2199,1097,1538,656,1503,,229,census2021-ts067-ward.csv,1912.0
2021,Collingwood,E05001119,9172,1795,927,1405,670,1652,,255,census2021-ts067-ward.csv,2468.0
2021,Cullercoats,E05001120,7815,1164,658,988,607,1247,,199,census2021-ts067-ward.csv,2952.0
2021,Howdon,E05001121,9069,2256,1000,1435,714,1579,,233,census2021-ts067-ward.csv,1852.0
2021,Killingworth,E05001122,9597,1525,936,1456,658,1636,,195,census2021-ts067-ward.csv,3191.0
2021,Longbenton,E05001123,9218,1838,865,1252,526,1516,,192,census2021-ts067-ward.csv,3029.0
2021,Monkseaton North,E05001124,7315,709,486,928,362,1053,,157,census2021-ts067-ward.csv,3620.0
2021,Monkseaton South,E05001125,7958,1162,676,1109,529,1355,,211,census2021-ts067-ward.csv,2916.0
2021,Northumberland,E05001126,7709,1478,763,1125,675,1468,,200,census2021-ts067-ward.csv,2000.0
2021,Preston (North Tyneside),E05001127,6895,1028,545,895,525,1180,,147,census2021-ts067-ward.csv,2575.0
2021,Riverside (North Tyneside),E05001128,9812,2246,1018,1468,693,1613,,245,census2021-ts067-ward.csv,2529.0
2021,St Mary's (North Tyneside),E05001129,7302,702,521,956,389,1137,,177,census2021-ts067-ward.csv,3420.0
2021,Tynemouth,E05001130,8763,1130,609,1000,406,1238,,176,census2021-ts067-ward.csv,4204.0
2021,Valley (North Tyneside),E05001131,10872,1615,992,1558,700,2062,,189,census2021-ts067-ward.csv,3756.0
2021,Wallsend,E05001132,8688,1750,859,1270,644,1535,,208,census2021-ts067-ward.csv,2422.0
2021,Weetslade,E05001133,8379,1462,814,1247,673,1454,,221,census2021-ts067-ward.csv,2508.0
2021,Whitley Bay,E05001134,7618,896,494,851,344,1135,,172,census2021-ts067-ward.csv,3726.0
2021,Beacon and Bents,E05001135,7289,1653,710,1042,515,1233,,218,census2021-ts067-ward.csv,1918.0
2021,Bede (South Tyneside),E05001136,5984,1424,650,944,550,1130,,152,census2021-ts067-ward.csv,1134.0
2021,Biddick and All Saints,E05001137,6931,1843,869,1097,533,1198,,139,census2021-ts067-ward.csv,1252.0
2021,Boldon Colliery,E05001138,7501,1426,766,1055,592,1455,,162,census2021-ts067-ward.csv,2045.0
2021,Cleadon and East Boldon,E05001139,7044,786,492,829,460,1091,,171,census2021-ts067-ward.csv,3215.0
2021,Cleadon Park,E05001140,6142,1330,633,872,501,1100,,165,census2021-ts067-ward.csv,1541.0
2021,Fellgate and Hedworth,E05001141,6035,1275,674,876,550,1131,,177,census2021-ts067-ward.csv,1352.0
2021,Harton,E05001142,6706,1440,661,936,542,1224,,176,census2021-ts067-ward.csv,1727.0
2021,Hebburn North,E05001143,7585,1415,778,1183,579,1548,,150,census2021-ts067-ward.csv,1932.0
2021,Hebburn South,E05001144,7625,1295,701,1073,662,1540,,172,census2021-ts067-ward.csv,2182.0
2021,Horsley Hill,E05001145,7058,1341,687,976,598,1336,,188,census2021-ts067-ward.csv,1932.0
2021,Monkton,E05001146,6990,1438,698,1009,587,1292,,174,census2021-ts067-ward.csv,1792.0
2021,Primrose (South Tyneside),E05001147,6245,1480,720,940,517,1134,,164,census2021-ts067-ward.csv,1290.0
2021,Simonside and Rekendyke,E05001148,7166,1796,835,1064,531,1255,,161,census2021-ts067-ward.csv,1524.0
2021,Westoe,E05001149,6807,1124,636,883,518,1292,,207,census2021-ts067-ward.csv,2147.0
2021,West Park (South Tyneside),E05001150,5693,1021,588,819,432,1038,,166,census2021-ts067-ward.csv,1629.0
2021,Whitburn and Marsden,E05001151,6010,1169,531,818,508,1077,,152,census2021-ts067-ward.csv,1755.0
2021,Whiteleas,E05001152,6481,1593,691,977,532,1191,,158,census2021-ts067-ward.csv,1339.0
2021,Barnes (Sunderland),E05001153,8868,1759,887,1202,659,1535,,218,census2021-ts067-ward.csv,2608.0
2021,Castle (Sunderland),E05001154,8748,2499,1066,1421,635,1522,,236,census2021-ts067-ward.csv,1369.0
2021,Copt Hill,E05001155,9908,2151,1099,1409,753,1726,,233,census2021-ts067-ward.csv,2537.0
2021,Doxford,E05001156,8457,1648,879,1258,654,1489,,215,census2021-ts067-ward.csv,2314.0
2021,Fulwell,E05001157,9285,1314,844,1240,728,1746,,251,census2021-ts067-ward.csv,3162.0
2021,Hendon (Sunderland),E05001158,9588,2581,989,1255,563,1557,,217,census2021-ts067-ward.csv,2426.0
2021,Hetton,E05001159,9837,2409,1045,1502,743,1705,,218,census2021-ts067-ward.csv,2215.0
2021,Houghton,E05001160,10764,2323,1136,1604,800,2009,,239,census2021-ts067-ward.csv,2653.0
2021,Millfield (Sunderland),E05001161,8788,1991,838,1059,497,1279,,263,census2021-ts067-ward.csv,2861.0
2021,Pallion,E05001162,9114,2400,1017,1279,648,1588,,244,census2021-ts067-ward.csv,1938.0
2021,Redhill (Sunderland),E05001163,8919,2618,1176,1551,643,1379,,218,census2021-ts067-ward.csv,1334.0
2021,Ryhope,E05001164,9254,2036,928,1376,675,1697,,189,census2021-ts067-ward.csv,2353.0
2021,St Anne's,E05001165,8542,2337,1066,1328,646,1333,,209,census2021-ts067-ward.csv,1623.0
2021,St Chad's,E05001166,7836,1834,813,1073,591,1372,,200,census2021-ts067-ward.csv,1953.0
2021,St Michael's (Sunderland),E05001167,8808,1497,688,1118,550,1503,,234,census2021-ts067-ward.csv,3218.0
2021,St Peter's (Sunderland),E05001168,8631,1723,731,1083,692,1530,,256,census2021-ts067-ward.csv,2616.0
2021,Sandhill,E05001169,8589,2414,1118,1305,666,1427,,263,census2021-ts067-ward.csv,1396.0
2021,Shiney Row,E05001170,10159,2099,1119,1606,765,1796,,256,census2021-ts067-ward.csv,2518.0
2021,Silksworth,E05001171,8477,2121,919,1297,680,1405,,223,census2021-ts067-ward.csv,1832.0
2021,Southwick (Sunderland),E05001172,8818,2668,986,1318,615,1328,,244,census2021-ts067-ward.csv,1659.0
2021,Washington Central,E05001173,9019,1899,1047,1487,646,1595,,270,census2021-ts067-ward.csv,2075.0
2021,Washington East,E05001174,9433,1790,976,1432,635,1678,,219,census2021-ts067-ward.csv,2703.0
2021,Washington North,E05001175,8497,2224,1121,1455,577,1444,,203,census2021-ts067-ward.csv,1473.0
2021,Washington South,E05001176,8290,1431,902,1326,582,1442,,200,census2021-ts067-ward.csv,2407.0
2021,Washington West,E05001177,9450,1900,1140,1570,674,1598,,280,census2021-ts067-ward.csv,2288.0
2021,Bablake,E05001218,13926,2437,1444,1845,1007,2597,,423,census2021-ts067-ward.csv,4173.0
2021,Binley and Willenhall,E05001219,13902,3304,1684,2044,895,2120,,439,census2021-ts067-ward.csv,3416.0
2021,Cheylesmore,E05001220,12904,2279,1191,1570,722,1929,,399,census2021-ts067-ward.csv,4814.0
2021,Earlsdon,E05001221,12904,1395,833,1375,571,2102,,232,census2021-ts067-ward.csv,6396.0
2021,Foleshill,E05001222,16430,4764,1949,2082,577,2114,,754,census2021-ts067-ward.csv,4190.0
2021,Henley,E05001223,16161,3839,1802,2270,976,2295,,538,census2021-ts067-ward.csv,4441.0
2021,Holbrook,E05001224,14895,3609,1792,2137,789,2382,,530,census2021-ts067-ward.csv,3656.0
2021,Longford (Coventry),E05001225,15799,4031,1869,2317,905,2449,,555,census2021-ts067-ward.csv,3673.0
2021,Lower Stoke,E05001226,18432,3425,1815,2337,842,3124,,602,census2021-ts067-ward.csv,6287.0
2021,Radford (Coventry),E05001227,15829,3912,1754,2073,821,2400,,684,census2021-ts067-ward.csv,4185.0
2021,St Michael's (Coventry),E05001228,24923,3774,1758,2141,646,8052,,1105,census2021-ts067-ward.csv,7447.0
2021,Sherbourne,E05001229,14172,2595,1394,1797,842,2664,,390,census2021-ts067-ward.csv,4490.0
2021,Upper Stoke,E05001230,15393,3666,1718,2023,849,2484,,570,census2021-ts067-ward.csv,4083.0
2021,Wainbody,E05001231,13283,1214,712,1308,489,4207,,366,census2021-ts067-ward.csv,4987.0
2021,Westwood,E05001232,16794,2729,1611,2057,790,3866,,476,census2021-ts067-ward.csv,5265.0
2021,Whoberley,E05001233,13101,1876,1193,1630,704,2751,,385,census2021-ts067-ward.csv,4562.0
2021,Woodlands (Coventry),E05001234,14533,2328,1523,2051,1034,2654,,382,census2021-ts067-ward.csv,4561.0
2021,Wyken,E05001235,13495,2493,1500,1865,826,2335,,411,census2021-ts067-ward.csv,4065.0
2021,Amblecote,E05001236,10735,1916,1167,1836,675,2071,,258,census2021-ts067-ward.csv,2812.0
2021,Belle Vale (Dudley),E05001237,11530,2554,1261,1786,701,2080,,315,census2021-ts067-ward.csv,2833.0
2021,Brierley Hill,E05001238,11940,2898,1465,1981,715,2136,,324,census2021-ts067-ward.csv,2421.0
2021,Brockmoor and Pensnett,E05001239,11472,3250,1416,1754,648,1846,,312,census2021-ts067-ward.csv,2246.0
2021,Castle and Priory,E05001240,13012,3104,1466,1951,754,2177,,329,census2021-ts067-ward.csv,3231.0
2021,Coseley East,E05001241,10794,2984,1265,1716,690,1782,,349,census2021-ts067-ward.csv,2008.0
2021,Cradley and Wollescote,E05001242,11141,2710,1262,1697,636,1997,,330,census2021-ts067-ward.csv,2509.0
2021,Gornal,E05001243,10998,2735,1228,1580,785,1898,,341,census2021-ts067-ward.csv,2431.0
2021,Halesowen North,E05001244,10700,2333,1109,1473,626,1938,,300,census2021-ts067-ward.csv,2921.0
2021,Halesowen South,E05001245,10333,1825,958,1549,574,1789,,298,census2021-ts067-ward.csv,3340.0
2021,Hayley Green and Cradley South,E05001246,9681,1870,981,1527,563,1683,,261,census2021-ts067-ward.csv,2796.0
2021,Kingswinford North and Wall Heath,E05001247,10152,2000,1042,1460,687,1819,,285,census2021-ts067-ward.csv,2859.0
2021,Kingswinford South,E05001248,10585,2028,1086,1561,710,1965,,294,census2021-ts067-ward.csv,2941.0
2021,Lye and Stourbridge North,E05001249,10138,2497,1210,1575,600,1822,,321,census2021-ts067-ward.csv,2113.0
2021,"Netherton, Woodside and St Andrews",E05001250,11794,3491,1432,1807,627,1815,,397,census2021-ts067-ward.csv,2225.0
2021,Norton (Dudley),E05001251,9936,1681,900,1398,564,1617,,281,census2021-ts067-ward.csv,3495.0
2021,Pedmore and Stourbridge East,E05001252,10299,1844,930,1459,516,1610,,302,census2021-ts067-ward.csv,3638.0
2021,Quarry Bank and Dudley Wood,E05001253,10874,2986,1313,1716,667,1793,,347,census2021-ts067-ward.csv,2052.0
2021,St James's (Dudley),E05001254,11473,2949,1302,1684,612,1821,,356,census2021-ts067-ward.csv,2749.0
2021,St Thomas's (Dudley),E05001255,12229,3533,1438,1762,578,1783,,450,census2021-ts067-ward.csv,2685.0
2021,Sedgley (Dudley),E05001256,9913,2191,951,1409,679,1817,,296,census2021-ts067-ward.csv,2570.0
2021,Upper Gornal and Woodsetton,E05001257,11113,2953,1225,1679,744,1879,,303,census2021-ts067-ward.csv,2330.0
2021,Wollaston and Stourbridge Town,E05001258,11194,2068,939,1583,619,1915,,266,census2021-ts067-ward.csv,3804.0
2021,Wordsley,E05001259,10440,2167,1126,1538,733,2007,,292,census2021-ts067-ward.csv,2577.0
2021,Abbey (Sandwell),E05001260,9721,1846,778,1118,398,1408,,258,census2021-ts067-ward.csv,3915.0
2021,Blackheath (Sandwell),E05001261,9829,2627,1200,1505,573,1590,,301,census2021-ts067-ward.csv,2033.0
2021,Bristnall,E05001262,9936,2828,1101,1384,506,1547,,311,census2021-ts067-ward.csv,2259.0
2021,Charlemont with Grove Vale,E05001263,10428,2611,1157,1388,621,1647,,377,census2021-ts067-ward.csv,2627.0
2021,Cradley Heath and Old Hill,E05001264,11788,3227,1361,1724,591,2018,,350,census2021-ts067-ward.csv,2517.0
2021,Friar Park,E05001265,9677,3225,1234,1444,522,1425,,266,census2021-ts067-ward.csv,1561.0
2021,Great Barr with Yew Tree,E05001266,10751,2378,1189,1544,495,1746,,323,census2021-ts067-ward.csv,3076.0
2021,Great Bridge,E05001267,11294,3631,1319,1603,509,1657,,381,census2021-ts067-ward.csv,2194.0
2021,Greets Green and Lyng,E05001268,11140,3760,1377,1330,490,1415,,542,census2021-ts067-ward.csv,2226.0
2021,Hateley Heath,E05001269,11731,3684,1452,1573,578,1683,,508,census2021-ts067-ward.csv,2253.0
2021,Langley,E05001270,11027,3085,1245,1638,579,1774,,346,census2021-ts067-ward.csv,2360.0
2021,Newton (Sandwell),E05001271,9795,2345,1033,1315,502,1588,,357,census2021-ts067-ward.csv,2655.0
2021,Old Warley,E05001272,10117,2320,1037,1434,498,1648,,297,census2021-ts067-ward.csv,2883.0
2021,Oldbury,E05001273,11985,3357,1410,1531,497,1670,,466,census2021-ts067-ward.csv,3054.0
2021,Princes End,E05001274,10695,3421,1370,1647,611,1578,,324,census2021-ts067-ward.csv,1744.0
2021,Rowley (Sandwell),E05001275,10759,2836,1285,1704,616,1790,,335,census2021-ts067-ward.csv,2193.0
2021,St Pauls (Sandwell),E05001276,12493,4133,1415,1487,410,1699,,612,census2021-ts067-ward.csv,2737.0
2021,Smethwick,E05001277,11595,3883,1284,1471,472,1497,,615,census2021-ts067-ward.csv,2373.0
2021,Soho and Victoria,E05001278,14164,4550,1574,1542,426,1887,,694,census2021-ts067-ward.csv,3491.0
2021,Tipton Green,E05001279,12036,3678,1463,1646,567,1771,,376,census2021-ts067-ward.csv,2535.0
2021,Tividale,E05001280,10192,2677,1144,1609,578,1663,,344,census2021-ts067-ward.csv,2177.0
2021,Wednesbury North,E05001281,10409,3032,1216,1549,529,1580,,380,census2021-ts067-ward.csv,2123.0
2021,Wednesbury South,E05001282,12093,3869,1422,1560,628,1706,,524,census2021-ts067-ward.csv,2384.0
2021,West Bromwich Central,E05001283,12367,3832,1522,1429,560,1477,,602,census2021-ts067-ward.csv,2945.0
2021,Bickenhill,E05001284,10663,2056,1073,1613,517,1803,,271,census2021-ts067-ward.csv,3330.0
2021,Blythe,E05001285,12557,1334,1037,1604,493,2168,,238,census2021-ts067-ward.csv,5683.0
2021,Castle Bromwich,E05001286,9642,2218,1104,1391,580,1744,,265,census2021-ts067-ward.csv,2340.0
2021,Chelmsley Wood,E05001287,10191,3054,1380,1764,503,1519,,269,census2021-ts067-ward.csv,1702.0
2021,Dorridge and Hockley Heath,E05001288,8844,886,597,1186,297,1352,,202,census2021-ts067-ward.csv,4324.0
2021,Elmdon,E05001289,10083,1785,1040,1480,566,1845,,288,census2021-ts067-ward.csv,3079.0
2021,Kingshurst and Fordbridge,E05001290,10168,2765,1362,1744,527,1636,,270,census2021-ts067-ward.csv,1864.0
2021,Knowle (Solihull),E05001291,9172,1018,676,1170,379,1368,,217,census2021-ts067-ward.csv,4344.0
2021,Lyndon,E05001292,11263,2198,1139,1618,581,2026,,325,census2021-ts067-ward.csv,3376.0
2021,Meriden (Solihull),E05001293,10466,1464,775,1367,499,1624,,227,census2021-ts067-ward.csv,4510.0
2021,Olton,E05001294,10280,1589,833,1300,439,1562,,256,census2021-ts067-ward.csv,4301.0
2021,St Alphege,E05001295,11001,1061,717,1362,364,1533,,250,census2021-ts067-ward.csv,5714.0
2021,Shirley East,E05001296,9563,1357,821,1330,437,1518,,219,census2021-ts067-ward.csv,3881.0
2021,Shirley South (Solihull),E05001297,10040,1673,917,1380,480,1655,,306,census2021-ts067-ward.csv,3629.0
2021,Shirley West,E05001298,10532,1897,1015,1517,528,1862,,249,census2021-ts067-ward.csv,3464.0
2021,Silhill,E05001299,10229,1485,792,1224,388,1455,,249,census2021-ts067-ward.csv,4636.0
2021,Smith's Wood,E05001300,9799,2802,1345,1637,490,1598,,257,census2021-ts067-ward.csv,1670.0
2021,Aldridge Central and South,E05001301,11501,2307,1134,1642,705,1945,,331,census2021-ts067-ward.csv,3437.0
2021,Aldridge North and Walsall Wood,E05001302,10886,2540,1166,1619,706,1812,,266,census2021-ts067-ward.csv,2777.0
2021,Bentley and Darlaston North,E05001303,10769,3220,1373,1625,550,1551,,375,census2021-ts067-ward.csv,2075.0
2021,Birchills Leamore,E05001304,12050,3790,1546,1751,559,1694,,390,census2021-ts067-ward.csv,2320.0
2021,Blakenall,E05001305,11673,3678,1346,1681,556,1690,,416,census2021-ts067-ward.csv,2306.0
2021,Bloxwich East,E05001306,10384,3286,1206,1450,631,1566,,326,census2021-ts067-ward.csv,1919.0
2021,Bloxwich West,E05001307,10661,2995,1361,1569,615,1636,,323,census2021-ts067-ward.csv,2162.0
2021,Brownhills,E05001308,10753,2787,1329,1645,615,1967,,309,census2021-ts067-ward.csv,2101.0
2021,Darlaston South,E05001309,12697,3687,1607,1954,627,1936,,434,census2021-ts067-ward.csv,2452.0
2021,Paddock,E05001310,10728,2154,925,1267,365,1436,,316,census2021-ts067-ward.csv,4265.0
2021,Palfrey,E05001311,12333,3649,1465,1736,435,1792,,549,census2021-ts067-ward.csv,2707.0
2021,Pelsall,E05001312,9499,2294,1003,1402,608,1703,,287,census2021-ts067-ward.csv,2202.0
2021,Pheasey Park Farm,E05001313,9316,1972,969,1380,591,1713,,247,census2021-ts067-ward.csv,2444.0
2021,Pleck,E05001314,11932,3772,1398,1639,474,1485,,537,census2021-ts067-ward.csv,2627.0
2021,Rushall-Shelfield,E05001315,10010,2483,1184,1386,582,1769,,285,census2021-ts067-ward.csv,2321.0
2021,St Matthew's (Walsall),E05001316,13542,3189,1322,1693,579,2150,,447,census2021-ts067-ward.csv,4162.0
2021,Short Heath,E05001317,9643,2733,1188,1447,633,1573,,324,census2021-ts067-ward.csv,1745.0
2021,Streetly,E05001318,11201,1833,1102,1465,690,1871,,291,census2021-ts067-ward.csv,3949.0
2021,Willenhall North,E05001319,10157,2627,1221,1533,641,1727,,244,census2021-ts067-ward.csv,2164.0
2021,Willenhall South,E05001320,13374,3786,1776,1854,661,2023,,504,census2021-ts067-ward.csv,2770.0
2021,Bilston East,E05001321,12085,3731,1448,1713,563,1740,,373,census2021-ts067-ward.csv,2517.0
2021,Bilston North,E05001322,10088,3036,1204,1487,509,1478,,397,census2021-ts067-ward.csv,1977.0
2021,Blakenhall,E05001323,10032,3059,1077,1218,368,1095,,603,census2021-ts067-ward.csv,2612.0
2021,Bushbury North,E05001324,9660,2480,1074,1503,600,1595,,287,census2021-ts067-ward.csv,2121.0
2021,Bushbury South and Low Hill,E05001325,12971,3526,1595,1927,590,1823,,459,census2021-ts067-ward.csv,3051.0
2021,East Park,E05001326,10011,3159,1169,1553,482,1377,,327,census2021-ts067-ward.csv,1944.0
2021,Ettingshall,E05001327,12815,3564,1458,1739,499,1691,,680,census2021-ts067-ward.csv,3184.0
2021,Fallings Park,E05001328,9612,2535,1141,1483,520,1576,,316,census2021-ts067-ward.csv,2041.0
2021,Graiseley,E05001329,10255,2630,1171,1304,459,1421,,404,census2021-ts067-ward.csv,2866.0
2021,Heath Town,E05001330,11476,2858,1271,1496,477,1729,,442,census2021-ts067-ward.csv,3203.0
2021,Merry Hill,E05001331,9938,1924,998,1494,558,1621,,284,census2021-ts067-ward.csv,3059.0
2021,Oxley,E05001332,9924,2257,1188,1521,553,1632,,288,census2021-ts067-ward.csv,2485.0
2021,Park (Wolverhampton),E05001333,10494,2170,956,1210,393,1490,,408,census2021-ts067-ward.csv,3867.0
2021,Penn,E05001334,10551,1738,951,1328,516,1691,,322,census2021-ts067-ward.csv,4005.0
2021,St Peter's (Wolverhampton),E05001335,10471,2784,1165,1199,416,1715,,464,census2021-ts067-ward.csv,2728.0
2021,Spring Vale,E05001336,10060,2701,1179,1415,609,1597,,366,census2021-ts067-ward.csv,2193.0
2021,Tettenhall Regis,E05001337,10287,1786,867,1361,497,1712,,310,census2021-ts067-ward.csv,3754.0
2021,Tettenhall Wightwick,E05001338,8985,1685,788,1040,450,1406,,248,census2021-ts067-ward.csv,3368.0
2021,Wednesfield North,E05001339,9233,2599,1081,1417,582,1497,,281,census2021-ts067-ward.csv,1776.0
2021,Wednesfield South,E05001340,9488,2582,1163,1332,598,1506,,346,census2021-ts067-ward.csv,1961.0
2021,Baildon,E05001341,13271,2017,1272,1815,814,2292,,337,census2021-ts067-ward.csv,4724.0
2021,Bingley,E05001342,15004,2117,1310,2005,893,2574,,374,census2021-ts067-ward.csv,5731.0
2021,Bingley Rural,E05001343,15514,2482,1523,2100,1070,2869,,337,census2021-ts067-ward.csv,5133.0
2021,Bolton and Undercliffe,E05001344,13364,3381,1619,1871,679,2208,,408,census2021-ts067-ward.csv,3198.0
2021,Bowling and Barkerend,E05001345,16408,5462,2107,2238,707,2190,,611,census2021-ts067-ward.csv,3093.0
2021,Bradford Moor,E05001346,15424,5656,1847,2015,418,1989,,616,census2021-ts067-ward.csv,2883.0
2021,City (Bradford),E05001347,18281,5120,1866,1909,687,2821,,679,census2021-ts067-ward.csv,5199.0
2021,Clayton and Fairweather Green,E05001348,13642,3506,1642,1991,749,2004,,398,census2021-ts067-ward.csv,3352.0
2021,Craven,E05001349,14905,2171,1221,1989,1088,2657,,341,census2021-ts067-ward.csv,5438.0
2021,Eccleshill,E05001350,15138,3895,1893,2411,984,2343,,452,census2021-ts067-ward.csv,3160.0
2021,Great Horton,E05001351,13721,4121,1705,1805,609,1883,,493,census2021-ts067-ward.csv,3105.0
2021,Heaton (Bradford),E05001352,14139,3779,1478,1817,392,1974,,492,census2021-ts067-ward.csv,4207.0
2021,Idle and Thackley,E05001353,14195,2343,1377,2068,979,2629,,290,census2021-ts067-ward.csv,4509.0
2021,Ilkley,E05001354,12621,1309,757,1477,524,1603,,260,census2021-ts067-ward.csv,6691.0
2021,Keighley Central,E05001355,13832,4309,1666,1891,613,1961,,445,census2021-ts067-ward.csv,2947.0
2021,Keighley East,E05001356,13516,2759,1497,1912,852,2367,,327,census2021-ts067-ward.csv,3802.0
2021,Keighley West,E05001357,13214,3293,1511,2001,996,2330,,332,census2021-ts067-ward.csv,2751.0
2021,Little Horton,E05001358,15303,5201,1975,2097,614,1969,,639,census2021-ts067-ward.csv,2808.0
2021,Manningham,E05001359,15098,5638,1931,1797,507,1815,,600,census2021-ts067-ward.csv,2810.0
2021,Queensbury (Bradford),E05001360,13975,2510,1562,2146,933,2763,,281,census2021-ts067-ward.csv,3780.0
2021,Royds,E05001361,13722,3597,1751,2060,874,2244,,359,census2021-ts067-ward.csv,2837.0
2021,Shipley,E05001362,12817,1974,1034,1527,573,1890,,276,census2021-ts067-ward.csv,5543.0
2021,Thornton and Allerton,E05001363,14209,3173,1591,2070,817,2268,,390,census2021-ts067-ward.csv,3900.0
2021,Toller (Bradford),E05001364,15234,5081,1733,1893,428,2067,,582,census2021-ts067-ward.csv,3450.0
2021,Tong,E05001365,15674,4554,1932,2354,894,2195,,511,census2021-ts067-ward.csv,3234.0
2021,Wharfedale (Bradford),E05001366,9773,1010,647,1129,481,1464,,186,census2021-ts067-ward.csv,4856.0
2021,Wibsey,E05001367,12140,3100,1430,1747,783,1948,,394,census2021-ts067-ward.csv,2738.0
2021,Windhill and Wrose,E05001368,13418,3000,1689,1915,1016,2353,,345,census2021-ts067-ward.csv,3100.0
2021,Worth Valley,E05001369,11841,1771,1044,1652,864,2393,,201,census2021-ts067-ward.csv,3916.0
2021,Wyke,E05001370,12171,2788,1441,1752,941,2211,,272,census2021-ts067-ward.csv,2766.0
2021,Brighouse,E05001371,9087,1716,922,1226,653,1620,,220,census2021-ts067-ward.csv,2730.0
2021,Calder (Calderdale),E05001372,9773,1102,661,1065,468,1405,,149,census2021-ts067-ward.csv,4923.0
2021,Elland,E05001373,9780,1904,1104,1448,695,1809,,235,census2021-ts067-ward.csv,2585.0
2021,Greetland and Stainland,E05001374,9207,1293,861,1302,635,1832,,193,census2021-ts067-ward.csv,3091.0
2021,Hipperholme and Lightcliffe,E05001375,9514,1428,881,1293,564,1767,,198,census2021-ts067-ward.csv,3383.0
2021,Illingworth and Mixenden,E05001376,9963,2333,1072,1649,751,1846,,250,census2021-ts067-ward.csv,2062.0
2021,Luddendenfoot,E05001377,8360,1201,656,1137,517,1420,,175,census2021-ts067-ward.csv,3254.0
2021,Northowram and Shelf,E05001378,9688,1542,954,1370,774,1866,,227,census2021-ts067-ward.csv,2955.0
2021,Ovenden,E05001379,9776,2566,1160,1548,662,1748,,275,census2021-ts067-ward.csv,1817.0
2021,Park (Calderdale),E05001380,11364,3875,1291,1508,343,1562,,410,census2021-ts067-ward.csv,2375.0
2021,Rastrick,E05001381,9186,1806,959,1308,619,1596,,220,census2021-ts067-ward.csv,2678.0
2021,Ryburn,E05001382,9426,1378,816,1356,543,1658,,156,census2021-ts067-ward.csv,3519.0
2021,Skircoat,E05001383,10849,1682,881,1431,519,1854,,230,census2021-ts067-ward.csv,4252.0
2021,Sowerby Bridge,E05001384,9899,1792,966,1392,737,1873,,185,census2021-ts067-ward.csv,2954.0
2021,Todmorden,E05001385,10014,1770,853,1289,609,1713,,194,census2021-ts067-ward.csv,3586.0
2021,Town (Calderdale),E05001386,10268,2300,1104,1471,716,1761,,297,census2021-ts067-ward.csv,2619.0
2021,Warley (Calderdale),E05001387,10487,2278,1171,1560,721,1767,,353,census2021-ts067-ward.csv,2637.0
2021,Ashbrow,E05001389,15853,3679,1631,2076,863,2427,,454,census2021-ts067-ward.csv,4723.0
2021,Batley East,E05001390,14732,4016,1681,2163,624,2392,,549,census2021-ts067-ward.csv,3307.0
2021,Batley West,E05001391,15439,4068,1710,2155,799,2561,,460,census2021-ts067-ward.csv,3686.0
2021,Birstall and Birkenshaw,E05001392,13588,2555,1374,2016,963,2418,,358,census2021-ts067-ward.csv,3904.0
2021,Cleckheaton,E05001393,14104,2739,1444,2055,1059,2601,,347,census2021-ts067-ward.csv,3859.0
2021,Dalton,E05001396,13923,3082,1481,1921,1077,2424,,401,census2021-ts067-ward.csv,3537.0
2021,Denby Dale,E05001397,13801,2313,1083,1831,969,2354,,307,census2021-ts067-ward.csv,4944.0
2021,Dewsbury East,E05001398,15865,4068,1801,2360,1022,2721,,398,census2021-ts067-ward.csv,3495.0
2021,Dewsbury South,E05001399,14880,4332,1616,2235,694,2263,,452,census2021-ts067-ward.csv,3288.0
2021,Dewsbury West,E05001400,15696,5188,1790,2171,658,2213,,562,census2021-ts067-ward.csv,3114.0
2021,Golcar,E05001401,15169,2747,1468,2043,1125,2906,,327,census2021-ts067-ward.csv,4553.0
2021,Greenhead,E05001402,17103,3721,1559,1868,739,2648,,469,census2021-ts067-ward.csv,6099.0
2021,Heckmondwike,E05001403,14194,3602,1580,2009,836,2450,,417,census2021-ts067-ward.csv,3300.0
2021,Holme Valley South,E05001405,16169,1940,1173,2056,1027,2708,,300,census2021-ts067-ward.csv,6965.0
2021,Lindley,E05001407,16458,2435,1368,1994,1067,2851,,376,census2021-ts067-ward.csv,6367.0
2021,Liversedge and Gomersal,E05001408,15478,3246,1692,2195,1158,2765,,367,census2021-ts067-ward.csv,4055.0
2021,Mirfield,E05001409,16365,2781,1511,2262,1188,2957,,411,census2021-ts067-ward.csv,5255.0
2021,Newsome,E05001410,15895,3000,1358,1753,846,3671,,471,census2021-ts067-ward.csv,4796.0
2021,"Ackworth, North Elmsall and Upton",E05001444,14364,3119,1397,2087,873,2456,,346,census2021-ts067-ward.csv,4086.0
2021,Airedale and Ferry Fryston,E05001445,12619,4140,1531,1948,763,1769,,386,census2021-ts067-ward.csv,2082.0
2021,Altofts and Whitwood,E05001446,15632,3566,1570,2452,1038,2892,,388,census2021-ts067-ward.csv,3726.0
2021,Castleford Central and Glasshoughton,E05001447,14023,3556,1572,2249,951,2475,,374,census2021-ts067-ward.csv,2846.0
2021,"Crofton, Ryhill and Walton",E05001448,13045,2924,1332,1923,837,2206,,318,census2021-ts067-ward.csv,3505.0
2021,Featherstone,E05001449,14213,4064,1560,2209,952,2251,,379,census2021-ts067-ward.csv,2798.0
2021,Hemsworth,E05001450,12942,3971,1415,1931,801,2100,,376,census2021-ts067-ward.csv,2348.0
2021,Horbury and South Ossett,E05001451,12583,2453,1299,1853,891,2204,,336,census2021-ts067-ward.csv,3547.0
2021,Knottingley,E05001452,11442,3586,1317,1810,780,1788,,280,census2021-ts067-ward.csv,1881.0
2021,Normanton (Wakefield),E05001453,14155,3742,1565,2131,1000,2293,,399,census2021-ts067-ward.csv,3025.0
2021,Ossett,E05001454,13528,2755,1453,2129,1008,2403,,308,census2021-ts067-ward.csv,3472.0
2021,Pontefract North,E05001455,15600,3619,1708,2363,987,2718,,359,census2021-ts067-ward.csv,3846.0
2021,Pontefract South,E05001456,12548,2900,1407,1881,775,1950,,371,census2021-ts067-ward.csv,3264.0
2021,South Elmsall and South Kirkby,E05001457,15123,4688,1744,2349,920,2305,,470,census2021-ts067-ward.csv,2647.0
2021,Stanley and Outwood East,E05001458,13780,2397,1343,1992,943,2441,,322,census2021-ts067-ward.csv,4342.0
2021,Wakefield East,E05001459,13555,3981,1593,1812,829,1768,,499,census2021-ts067-ward.csv,3073.0
2021,Wakefield North,E05001460,14590,3496,1658,2093,912,2175,,450,census2021-ts067-ward.csv,3806.0
2021,Wakefield Rural,E05001461,14803,2665,1458,2113,1009,2606,,399,census2021-ts067-ward.csv,4553.0
2021,Wakefield South,E05001462,11840,2398,1197,1547,633,1723,,390,census2021-ts067-ward.csv,3952.0
2021,Wakefield West,E05001463,13006,3571,1535,1993,852,1876,,394,census2021-ts067-ward.csv,2785.0
2021,Wrenthorpe and Outwood West,E05001464,14138,2640,1426,2076,954,2393,,438,census2021-ts067-ward.csv,4211.0
2021,Billingham Central,E05001527,5635,1205,729,925,420,1055,,153,census2021-ts067-ward.csv,1148.0
2021,Billingham East,E05001528,5243,1270,692,888,384,933,,127,census2021-ts067-ward.csv,949.0
2021,Billingham North,E05001529,7220,1056,695,1068,548,1604,,182,census2021-ts067-ward.csv,2067.0
2021,Billingham South,E05001530,5070,1135,556,740,408,943,,176,census2021-ts067-ward.csv,1112.0
2021,Billingham West,E05001531,4418,725,424,602,403,828,,145,census2021-ts067-ward.csv,1291.0
2021,Bishopsgarth and Elm Tree,E05001532,5289,1015,531,772,444,1014,,167,census2021-ts067-ward.csv,1346.0
2021,Eaglescliffe,E05001533,8754,1132,661,1177,514,1469,,240,census2021-ts067-ward.csv,3561.0
2021,Fairfield (Stockton-on-Tees),E05001534,4604,788,434,671,400,879,,150,census2021-ts067-ward.csv,1282.0
2021,Grangefield,E05001535,5282,796,481,770,352,1003,,113,census2021-ts067-ward.csv,1767.0
2021,Hardwick and Salters Lane,E05001536,5971,1670,718,937,377,974,,147,census2021-ts067-ward.csv,1148.0
2021,Hartburn,E05001537,5351,685,486,721,433,1012,,153,census2021-ts067-ward.csv,1861.0
2021,Ingleby Barwick East,E05001538,8402,903,675,1179,461,1796,,147,census2021-ts067-ward.csv,3241.0
2021,Ingleby Barwick West,E05001539,10147,795,711,1395,542,2207,,180,census2021-ts067-ward.csv,4317.0
2021,Mandale and Victoria,E05001540,8174,1982,925,1298,458,1423,,220,census2021-ts067-ward.csv,1868.0
2021,Newtown (Stockton-on-Tees),E05001541,5509,1361,632,939,326,947,,150,census2021-ts067-ward.csv,1154.0
2021,Northern Parishes,E05001542,3972,322,208,489,203,703,,78,census2021-ts067-ward.csv,1969.0
2021,Norton North (Stockton-on-Tees),E05001543,5279,1162,574,766,400,934,,123,census2021-ts067-ward.csv,1320.0
2021,Norton South,E05001544,6619,1536,655,1103,455,1200,,169,census2021-ts067-ward.csv,1501.0
2021,Norton West,E05001545,5152,807,412,683,427,903,,112,census2021-ts067-ward.csv,1808.0
2021,Parkfield and Oxbridge,E05001546,7474,1565,769,1073,396,1330,,208,census2021-ts067-ward.csv,2133.0
2021,Roseworth,E05001547,5680,1687,637,884,389,928,,145,census2021-ts067-ward.csv,1010.0
2021,Stainsby Hill,E05001548,4964,1358,597,770,388,845,,167,census2021-ts067-ward.csv,839.0
2021,Stockton Town Centre,E05001549,6142,1813,679,843,340,954,,151,census2021-ts067-ward.csv,1362.0
2021,Village (Stockton-on-Tees),E05001550,5493,1228,596,780,436,1077,,135,census2021-ts067-ward.csv,1241.0
2021,Western Parishes,E05001551,3010,462,228,401,199,549,,52,census2021-ts067-ward.csv,1119.0
2021,Yarm,E05001552,9141,983,619,1127,459,1492,,227,census2021-ts067-ward.csv,4234.0
2021,Anchorsholme,E05001643,5383,1363,598,794,465,853,,168,census2021-ts067-ward.csv,1142.0
2021,Bispham,E05001644,5299,1152,575,789,356,922,,145,census2021-ts067-ward.csv,1360.0
2021,Bloomfield,E05001645,5910,1892,804,869,327,787,,192,census2021-ts067-ward.csv,1039.0
2021,Brunswick,E05001646,5402,1344,634,768,337,898,,154,census2021-ts067-ward.csv,1267.0
2021,Claremont (Blackpool),E05001647,6239,1816,869,949,354,900,,188,census2021-ts067-ward.csv,1163.0
2021,Clifton (Blackpool),E05001648,5332,1468,692,842,357,855,,134,census2021-ts067-ward.csv,984.0
2021,Greenlands (Blackpool),E05001649,5474,1187,648,886,368,984,,133,census2021-ts067-ward.csv,1268.0
2021,Hawes Side,E05001650,5650,1408,710,915,378,1057,,122,census2021-ts067-ward.csv,1060.0
2021,Highfield (Blackpool),E05001651,5271,1269,621,779,398,886,,139,census2021-ts067-ward.csv,1179.0
2021,Ingthorpe,E05001652,5489,1260,589,882,406,939,,166,census2021-ts067-ward.csv,1247.0
2021,Layton,E05001653,5480,1272,617,810,361,900,,164,census2021-ts067-ward.csv,1356.0
2021,Marton,E05001654,5694,1035,641,935,381,1078,,110,census2021-ts067-ward.csv,1514.0
2021,Norbreck,E05001655,5162,1056,539,757,392,906,,153,census2021-ts067-ward.csv,1359.0
2021,Park (Blackpool),E05001656,5776,1475,659,860,362,932,,133,census2021-ts067-ward.csv,1355.0
2021,Squires Gate,E05001657,5241,1148,524,812,398,955,,127,census2021-ts067-ward.csv,1277.0
2021,Stanley (Blackpool),E05001658,5808,1381,614,844,450,1040,,144,census2021-ts067-ward.csv,1335.0
2021,Talbot,E05001659,5624,1522,665,781,362,790,,191,census2021-ts067-ward.csv,1313.0
2021,Tyldesley (Blackpool),E05001660,5456,1301,711,751,387,910,,125,census2021-ts067-ward.csv,1271.0
2021,Victoria (Blackpool),E05001661,5301,1498,681,770,341,868,,141,census2021-ts067-ward.csv,1002.0
2021,Warbreck (Blackpool),E05001662,5658,1257,638,850,366,968,,159,census2021-ts067-ward.csv,1420.0
2021,Waterloo (Blackpool),E05001663,5697,1471,644,827,346,957,,186,census2021-ts067-ward.csv,1266.0
2021,Beverley Rural,E05001687,12303,1350,1092,1807,772,2172,,341,census2021-ts067-ward.csv,4769.0
2021,Bridlington Central and Old Town,E05001688,8863,2386,1073,1347,653,1350,,265,census2021-ts067-ward.csv,1789.0
2021,Bridlington North,E05001689,11927,3209,1233,1567,1106,1734,,413,census2021-ts067-ward.csv,2665.0
2021,Bridlington South,E05001690,11967,3281,1462,1932,780,1722,,358,census2021-ts067-ward.csv,2432.0
2021,Cottingham North,E05001691,6769,997,589,801,497,1123,,190,census2021-ts067-ward.csv,2572.0
2021,Cottingham South,E05001692,8051,1369,751,1004,624,1296,,250,census2021-ts067-ward.csv,2757.0
2021,Dale,E05001693,14332,1579,1183,1965,899,2661,,325,census2021-ts067-ward.csv,5720.0
2021,Driffield and Rural,E05001694,13144,2565,1350,1955,978,2370,,372,census2021-ts067-ward.csv,3554.0
2021,East Wolds and Coastal,E05001695,12466,2260,1264,1737,904,2135,,370,census2021-ts067-ward.csv,3796.0
2021,Goole North,E05001696,9183,2263,1137,1473,719,1600,,293,census2021-ts067-ward.csv,1698.0
2021,Goole South,E05001697,8501,2388,1098,1308,628,1285,,333,census2021-ts067-ward.csv,1461.0
2021,Hessle,E05001698,12877,2063,1196,1784,887,2537,,358,census2021-ts067-ward.csv,4052.0
2021,Howden,E05001699,4604,753,441,634,315,836,,107,census2021-ts067-ward.csv,1518.0
2021,Howdenshire,E05001700,13465,2330,1402,2081,919,2345,,335,census2021-ts067-ward.csv,4053.0
2021,Mid Holderness,E05001701,11779,2178,1276,1557,1043,2192,,340,census2021-ts067-ward.csv,3193.0
2021,Minster and Woodmansey,E05001702,13797,2263,1253,1882,805,2392,,366,census2021-ts067-ward.csv,4836.0
2021,North Holderness,E05001703,9015,1896,967,1271,714,1480,,293,census2021-ts067-ward.csv,2394.0
2021,Pocklington Provincial,E05001704,15616,2362,1441,2142,937,2621,,435,census2021-ts067-ward.csv,5678.0
2021,St Mary's (East Riding of Yorkshire),E05001705,13521,1805,1144,1699,787,2247,,332,census2021-ts067-ward.csv,5507.0
2021,"Snaith, Airmyn, Rawcliffe and Marshland",E05001706,8424,1620,879,1261,588,1550,,196,census2021-ts067-ward.csv,2330.0
2021,South East Holderness,E05001707,12420,2951,1435,1779,1090,2092,,346,census2021-ts067-ward.csv,2727.0
2021,South Hunsley,E05001708,8798,926,687,1112,470,1443,,221,census2021-ts067-ward.csv,3939.0
2021,South West Holderness,E05001709,12104,2423,1380,1702,1045,2198,,346,census2021-ts067-ward.csv,3010.0
2021,Tranby,E05001710,8570,1506,880,1193,687,1614,,241,census2021-ts067-ward.csv,2449.0
2021,Willerby and Kirk Ella,E05001711,11336,1635,1011,1564,857,2014,,317,census2021-ts067-ward.csv,3938.0
2021,Wolds Weighton,E05001712,14313,2118,1306,2009,921,2595,,351,census2021-ts067-ward.csv,5013.0
2021,Croft Baker,E05001713,9239,2380,1064,1501,592,1492,,280,census2021-ts067-ward.csv,1930.0
2021,East Marsh,E05001714,8146,2788,1253,1414,410,952,,231,census2021-ts067-ward.csv,1098.0
2021,Freshney,E05001715,7649,1908,940,1314,552,1229,,227,census2021-ts067-ward.csv,1479.0
2021,Haverstoe,E05001716,8213,1747,840,1193,705,1375,,265,census2021-ts067-ward.csv,2088.0
2021,Heneage,E05001717,9089,2275,1194,1625,559,1518,,277,census2021-ts067-ward.csv,1641.0
2021,Humberston and New Waltham,E05001718,10108,1930,1006,1500,838,1815,,345,census2021-ts067-ward.csv,2674.0
2021,Immingham,E05001719,9561,2500,1289,1497,607,1651,,310,census2021-ts067-ward.csv,1707.0
2021,Park (North East Lincolnshire),E05001720,9733,1916,1109,1455,547,1728,,276,census2021-ts067-ward.csv,2702.0
2021,Scartho,E05001721,9340,1712,975,1450,652,1738,,257,census2021-ts067-ward.csv,2556.0
2021,Sidney Sussex,E05001722,9283,2351,1353,1604,555,1499,,224,census2021-ts067-ward.csv,1697.0
2021,South (North East Lincolnshire),E05001723,9496,2949,1338,1603,501,1292,,322,census2021-ts067-ward.csv,1491.0
2021,Waltham,E05001724,5866,1135,529,828,445,1024,,171,census2021-ts067-ward.csv,1734.0
2021,West Marsh,E05001725,5980,1856,840,1010,314,830,,189,census2021-ts067-ward.csv,941.0
2021,Wolds,E05001726,6452,1066,598,967,426,1216,,174,census2021-ts067-ward.csv,2005.0
2021,Yarborough,E05001727,9363,2392,1204,1552,609,1526,,288,census2021-ts067-ward.csv,1792.0
2021,Ashby,E05001728,10625,2294,1352,1768,695,1994,,262,census2021-ts067-ward.csv,2260.0
2021,Axholme Central,E05001729,6259,1068,573,893,414,1126,,153,census2021-ts067-ward.csv,2032.0
2021,Axholme North,E05001730,6830,1394,770,1052,491,1351,,191,census2021-ts067-ward.csv,1581.0
2021,Axholme South,E05001731,6058,1066,604,883,434,1106,,156,census2021-ts067-ward.csv,1809.0
2021,Barton (North Lincolnshire),E05001732,9889,1876,1175,1474,693,1751,,290,census2021-ts067-ward.csv,2630.0
2021,Bottesford (North Lincolnshire),E05001733,9173,1663,1055,1395,801,1752,,302,census2021-ts067-ward.csv,2205.0
2021,Brigg and Wolds,E05001734,9751,2001,1051,1462,633,1664,,256,census2021-ts067-ward.csv,2684.0
2021,Broughton and Appleby,E05001735,5459,1074,598,815,446,988,,177,census2021-ts067-ward.csv,1361.0
2021,Brumby,E05001736,9031,2361,1331,1523,614,1313,,338,census2021-ts067-ward.csv,1551.0
2021,Burringham and Gunness,E05001737,3190,958,374,465,223,497,,110,census2021-ts067-ward.csv,563.0
2021,Burton upon Stather and Winterton,E05001738,9368,1664,1046,1431,741,1748,,258,census2021-ts067-ward.csv,2480.0
2021,Crosby and Park,E05001739,11131,3494,1423,1481,806,1364,,538,census2021-ts067-ward.csv,2025.0
2021,Ferry,E05001740,9530,1929,1043,1444,688,1681,,266,census2021-ts067-ward.csv,2479.0
2021,Frodingham,E05001741,6488,1721,901,1072,434,1033,,228,census2021-ts067-ward.csv,1099.0
2021,Kingsway with Lincoln Gardens,E05001742,8891,1887,1043,1474,599,1568,,272,census2021-ts067-ward.csv,2048.0
2021,Ridge,E05001743,10775,1944,1103,1533,814,2048,,288,census2021-ts067-ward.csv,3045.0
2021,Town (North Lincolnshire),E05001744,7030,2077,849,939,398,970,,288,census2021-ts067-ward.csv,1509.0
2021,Abbey (Derby),E05001767,12257,2357,1164,1505,590,2175,,385,census2021-ts067-ward.csv,4081.0
2021,Allestree,E05001768,11301,1337,856,1457,793,1857,,293,census2021-ts067-ward.csv,4708.0
2021,Alvaston,E05001769,13417,3070,1636,1871,902,2189,,402,census2021-ts067-ward.csv,3347.0
2021,Arboretum (Derby),E05001770,16558,5074,1765,1869,629,2403,,661,census2021-ts067-ward.csv,4157.0
2021,Blagreaves,E05001771,10642,2092,1052,1376,699,1738,,379,census2021-ts067-ward.csv,3306.0
2021,Boulton,E05001772,11385,2728,1402,1628,969,1912,,326,census2021-ts067-ward.csv,2420.0
2021,Chaddesden,E05001773,10820,2168,1326,1687,997,2022,,314,census2021-ts067-ward.csv,2306.0
2021,Chellaston,E05001774,12675,2058,1192,1762,811,2206,,301,census2021-ts067-ward.csv,4345.0
2021,Darley,E05001775,13305,1665,863,1307,571,3361,,241,census2021-ts067-ward.csv,5297.0
2021,Derwent,E05001776,11190,2760,1419,1811,810,1803,,333,census2021-ts067-ward.csv,2254.0
2021,Littleover,E05001777,12009,1549,901,1470,562,1791,,322,census2021-ts067-ward.csv,5414.0
2021,Mackworth,E05001778,12615,2291,1263,1680,757,2842,,285,census2021-ts067-ward.csv,3497.0
2021,Mickleover,E05001779,12258,1590,988,1510,915,2240,,314,census2021-ts067-ward.csv,4701.0
2021,Normanton (Derby),E05001780,14380,4637,1782,1837,625,1721,,706,census2021-ts067-ward.csv,3072.0
2021,Oakwood (Derby),E05001781,11131,1491,1160,1538,735,2211,,220,census2021-ts067-ward.csv,3776.0
2021,Sinfin,E05001782,12812,3302,1740,1962,710,1802,,584,census2021-ts067-ward.csv,2712.0
2021,Spondon,E05001783,10437,1972,1077,1436,988,1962,,300,census2021-ts067-ward.csv,2702.0
2021,Budshead,E05002078,10565,2031,1185,1615,815,1993,,264,census2021-ts067-ward.csv,2662.0
2021,Compton,E05002079,10375,1351,768,1423,610,2129,,212,census2021-ts067-ward.csv,3882.0
2021,Devonport,E05002080,12944,2590,1487,1988,915,2385,,327,census2021-ts067-ward.csv,3252.0
2021,Drake,E05002081,10418,832,466,761,267,4988,,197,census2021-ts067-ward.csv,2907.0
2021,Efford and Lipson,E05002082,11563,2231,1195,1631,755,2583,,288,census2021-ts067-ward.csv,2880.0
2021,Eggbuckland,E05002083,10843,1819,1070,1584,953,2169,,331,census2021-ts067-ward.csv,2917.0
2021,Ham,E05002084,11447,2562,1288,1826,881,2162,,263,census2021-ts067-ward.csv,2465.0
2021,Honicknowle,E05002085,11412,3002,1428,1753,913,2058,,281,census2021-ts067-ward.csv,1977.0
2021,Moor View,E05002086,11247,2336,1095,1542,979,2410,,275,census2021-ts067-ward.csv,2610.0
2021,Peverell,E05002087,10968,1253,889,1420,710,2134,,225,census2021-ts067-ward.csv,4337.0
2021,Plympton Chaddlewood,E05002088,6594,717,696,1072,536,1614,,115,census2021-ts067-ward.csv,1844.0
2021,Plympton Erle,E05002089,7173,1153,742,1092,633,1441,,183,census2021-ts067-ward.csv,1929.0
2021,Plympton St Mary,E05002090,10521,1627,965,1582,986,2268,,238,census2021-ts067-ward.csv,2855.0
2021,Plymstock Dunstone,E05002091,10668,1619,995,1545,913,2129,,277,census2021-ts067-ward.csv,3190.0
2021,Plymstock Radford,E05002092,11721,1731,997,1639,958,2364,,291,census2021-ts067-ward.csv,3741.0
2021,St Budeaux,E05002093,10481,2437,1315,1714,819,1919,,301,census2021-ts067-ward.csv,1976.0
2021,St Peter and the Waterfront,E05002094,15695,2689,1447,1841,856,3749,,398,census2021-ts067-ward.csv,4715.0
2021,Southway,E05002095,10835,2149,1191,1623,893,2181,,280,census2021-ts067-ward.csv,2518.0
2021,Stoke (Plymouth),E05002096,11404,1853,1048,1544,751,2217,,241,census2021-ts067-ward.csv,3750.0
2021,Sutton and Mount Gould,E05002097,11754,1912,1121,1534,693,2469,,278,census2021-ts067-ward.csv,3747.0
2021,Barnfield (Luton),E05002193,6294,942,559,790,275,1003,,161,census2021-ts067-ward.csv,2564.0
2021,Biscot,E05002194,12150,3718,1417,1440,369,1541,,555,census2021-ts067-ward.csv,3110.0
2021,Bramingham,E05002195,5992,975,617,771,364,962,,207,census2021-ts067-ward.csv,2096.0
2021,Challney,E05002196,11476,2732,1206,1462,435,1502,,489,census2021-ts067-ward.csv,3650.0
2021,Crawley,E05002197,6605,1285,733,822,340,983,,246,census2021-ts067-ward.csv,2196.0
2021,Dallow,E05002198,12990,3740,1618,1546,430,1604,,701,census2021-ts067-ward.csv,3351.0
2021,Farley,E05002199,10332,2633,1259,1282,499,1389,,462,census2021-ts067-ward.csv,2808.0
2021,High Town,E05002200,8732,1874,859,930,443,1132,,399,census2021-ts067-ward.csv,3095.0
2021,Icknield,E05002201,6547,1355,626,878,373,962,,259,census2021-ts067-ward.csv,2094.0
2021,Leagrave,E05002202,10439,2419,1293,1386,494,1527,,362,census2021-ts067-ward.csv,2958.0
2021,Lewsey,E05002203,10403,2441,1269,1413,544,1460,,353,census2021-ts067-ward.csv,2923.0
2021,Limbury,E05002204,6687,1451,784,872,365,1034,,251,census2021-ts067-ward.csv,1930.0
2021,Northwell,E05002205,6404,1505,841,916,318,926,,229,census2021-ts067-ward.csv,1669.0
2021,Round Green,E05002206,9821,1908,1120,1338,540,1555,,323,census2021-ts067-ward.csv,3037.0
2021,Saints,E05002207,12025,3198,1359,1569,394,1670,,540,census2021-ts067-ward.csv,3295.0
2021,South (Luton),E05002208,14238,3275,1479,1436,760,1879,,674,census2021-ts067-ward.csv,4735.0
2021,Stopsley,E05002209,5803,1036,682,798,428,1100,,177,census2021-ts067-ward.csv,1582.0
2021,Sundon Park,E05002210,6477,1341,814,942,367,998,,251,census2021-ts067-ward.csv,1764.0
2021,Wigmore,E05002211,9286,1653,1116,1352,608,1605,,263,census2021-ts067-ward.csv,2689.0
2021,Belfairs,E05002212,7913,1870,901,1232,498,1267,,256,census2021-ts067-ward.csv,1889.0
2021,Blenheim Park,E05002213,8777,1838,1014,1413,427,1538,,241,census2021-ts067-ward.csv,2306.0
2021,Chalkwell (Southend-on-Sea),E05002214,8314,1512,833,1162,373,1373,,211,census2021-ts067-ward.csv,2850.0
2021,Eastwood Park,E05002215,7935,1752,1054,1336,551,1388,,256,census2021-ts067-ward.csv,1598.0
2021,Kursaal,E05002216,9543,2162,1283,1486,492,1581,,279,census2021-ts067-ward.csv,2260.0
2021,Leigh,E05002217,8153,946,780,1262,333,1528,,178,census2021-ts067-ward.csv,3126.0
2021,Milton (Southend-on-Sea),E05002218,9819,1819,1029,1369,484,1773,,290,census2021-ts067-ward.csv,3055.0
2021,Prittlewell,E05002219,8586,1598,1052,1352,467,1403,,236,census2021-ts067-ward.csv,2478.0
2021,St Laurence,E05002220,8566,1946,1152,1381,544,1429,,251,census2021-ts067-ward.csv,1863.0
2021,St. Luke's (Southend-on-Sea),E05002221,8866,1905,1232,1458,423,1594,,269,census2021-ts067-ward.csv,1985.0
2021,Shoeburyness,E05002222,9444,2144,1281,1599,481,1632,,267,census2021-ts067-ward.csv,2040.0
2021,Southchurch,E05002223,8147,1845,1019,1359,383,1267,,252,census2021-ts067-ward.csv,2022.0
2021,Thorpe (Southend-on-Sea),E05002224,7697,1297,905,1193,393,1363,,274,census2021-ts067-ward.csv,2272.0
2021,Victoria (Southend-on-Sea),E05002225,10259,2216,1239,1568,437,1696,,317,census2021-ts067-ward.csv,2786.0
2021,Westborough (Southend-on-Sea),E05002226,8769,1456,1040,1364,399,1640,,268,census2021-ts067-ward.csv,2602.0
2021,West Leigh,E05002227,7538,876,712,1258,345,1448,,204,census2021-ts067-ward.csv,2695.0
2021,West Shoebury,E05002228,8089,1642,1064,1361,401,1372,,240,census2021-ts067-ward.csv,2009.0
2021,Aveley and Uplands,E05002229,8335,1891,1036,1311,389,1327,,228,census2021-ts067-ward.csv,2153.0
2021,Belhus,E05002230,7985,2100,1000,1250,319,1250,,235,census2021-ts067-ward.csv,1831.0
2021,Chadwell St Mary,E05002231,8141,2345,1111,1261,391,1161,,244,census2021-ts067-ward.csv,1628.0
2021,Chafford and North Stifford,E05002232,6185,795,654,1003,274,1060,,149,census2021-ts067-ward.csv,2250.0
2021,Corringham and Fobbing,E05002233,4764,1075,655,861,335,867,,128,census2021-ts067-ward.csv,843.0
2021,East Tilbury,E05002234,5855,1105,793,1026,285,1071,,165,census2021-ts067-ward.csv,1410.0
2021,Grays Riverside,E05002235,10056,1980,1129,1282,448,1460,,440,census2021-ts067-ward.csv,3317.0
2021,Grays Thurrock,E05002236,7823,1874,963,1029,372,1171,,298,census2021-ts067-ward.csv,2116.0
2021,Little Thurrock Blackshots,E05002237,5579,1204,633,900,274,982,,199,census2021-ts067-ward.csv,1387.0
2021,Little Thurrock Rectory,E05002238,5090,1056,648,786,292,865,,173,census2021-ts067-ward.csv,1270.0
2021,Ockendon,E05002239,9151,1877,1112,1447,443,1452,,291,census2021-ts067-ward.csv,2529.0
2021,Orsett,E05002240,5376,1047,658,855,329,965,,157,census2021-ts067-ward.csv,1365.0
2021,South Chafford,E05002241,5734,620,514,836,195,938,,163,census2021-ts067-ward.csv,2468.0
2021,Stanford East and Corringham Town,E05002242,6967,1837,881,1246,420,1208,,234,census2021-ts067-ward.csv,1141.0
2021,Stanford-le-Hope West,E05002243,6066,1157,752,1136,334,1164,,169,census2021-ts067-ward.csv,1354.0
2021,Stifford Clays,E05002244,5388,1292,706,841,319,928,,168,census2021-ts067-ward.csv,1134.0
2021,The Homesteads,E05002245,6926,1373,909,1265,440,1333,,213,census2021-ts067-ward.csv,1393.0
2021,Tilbury Riverside and Thurrock Park,E05002246,5648,1490,733,796,240,779,,192,census2021-ts067-ward.csv,1418.0
2021,Tilbury St Chads,E05002247,5057,1479,640,683,189,681,,187,census2021-ts067-ward.csv,1198.0
2021,West Thurrock and South Stifford,E05002248,10243,1844,1113,1442,471,1488,,366,census2021-ts067-ward.csv,3519.0
2021,Chatham Central,E05002249,12659,3018,1540,1929,647,1888,,454,census2021-ts067-ward.csv,3183.0
2021,Cuxton and Halling,E05002250,5341,862,641,848,356,1048,,145,census2021-ts067-ward.csv,1441.0
2021,Gillingham North,E05002251,15031,2814,1809,2260,768,3144,,442,census2021-ts067-ward.csv,3794.0
2021,Gillingham South,E05002252,13268,2630,1678,2077,685,2116,,419,census2021-ts067-ward.csv,3663.0
2021,Hempstead and Wigmore,E05002253,6754,1011,745,1045,463,1287,,178,census2021-ts067-ward.csv,2025.0
2021,Lordswood and Capstone,E05002254,7241,1417,966,1303,483,1314,,212,census2021-ts067-ward.csv,1546.0
2021,Luton and Wayfield,E05002255,11416,2782,1498,1820,679,1761,,386,census2021-ts067-ward.csv,2490.0
2021,Peninsula,E05002256,12847,2834,1592,1999,898,2425,,388,census2021-ts067-ward.csv,2711.0
2021,Princes Park (Medway),E05002257,8005,1411,970,1402,477,1565,,203,census2021-ts067-ward.csv,1977.0
2021,Rainham Central,E05002258,10254,1737,1185,1661,762,1893,,348,census2021-ts067-ward.csv,2668.0
2021,Rainham North,E05002259,7475,1400,936,1151,574,1371,,220,census2021-ts067-ward.csv,1823.0
2021,Rainham South,E05002260,10886,1890,1346,1826,733,2194,,324,census2021-ts067-ward.csv,2573.0
2021,River (Medway),E05002261,9967,1478,938,1461,445,1861,,266,census2021-ts067-ward.csv,3518.0
2021,Rochester East,E05002262,8385,1545,957,1230,438,1394,,250,census2021-ts067-ward.csv,2571.0
2021,Rochester South and Horsted,E05002263,11114,2154,1251,1610,721,1928,,341,census2021-ts067-ward.csv,3109.0
2021,Rochester West,E05002264,9206,1500,959,1272,479,1516,,234,census2021-ts067-ward.csv,3246.0
2021,Strood North,E05002265,11366,2127,1465,1850,667,1971,,340,census2021-ts067-ward.csv,2946.0
2021,Strood Rural,E05002266,12661,2205,1474,2211,846,2522,,367,census2021-ts067-ward.csv,3036.0
2021,Strood South,E05002267,12703,2833,1699,2153,743,2146,,371,census2021-ts067-ward.csv,2758.0
2021,Twydall,E05002268,10739,2477,1419,1811,743,1864,,328,census2021-ts067-ward.csv,2097.0
2021,Walderslade,E05002269,7774,1651,903,1303,515,1441,,212,census2021-ts067-ward.csv,1749.0
2021,Watling (Medway),E05002270,7668,1383,930,1204,499,1358,,217,census2021-ts067-ward.csv,2077.0
2021,Ascot,E05002271,4700,526,380,608,236,836,,122,census2021-ts067-ward.csv,1992.0
2021,Binfield with Warfield,E05002272,9659,911,742,1312,404,1895,,198,census2021-ts067-ward.csv,4197.0
2021,Bullbrook,E05002273,5520,821,615,786,290,918,,195,census2021-ts067-ward.csv,1895.0
2021,Central Sandhurst,E05002274,4187,615,450,662,244,780,,115,census2021-ts067-ward.csv,1321.0
2021,College Town,E05002275,4919,669,564,679,368,878,,129,census2021-ts067-ward.csv,1632.0
2021,Crown Wood,E05002276,6225,847,705,1004,344,1185,,175,census2021-ts067-ward.csv,1965.0
2021,Crowthorne,E05002277,4994,588,425,713,231,859,,96,census2021-ts067-ward.csv,2082.0
2021,Great Hollands North,E05002278,6000,748,760,942,311,1071,,141,census2021-ts067-ward.csv,2027.0
2021,Great Hollands South,E05002279,3929,627,516,612,201,730,,104,census2021-ts067-ward.csv,1139.0
2021,Hanworth,E05002280,6561,1030,850,979,385,1161,,199,census2021-ts067-ward.csv,1957.0
2021,Harmans Water,E05002281,7214,921,793,1029,334,1258,,202,census2021-ts067-ward.csv,2677.0
2021,Little Sandhurst and Wellington,E05002282,4821,536,371,930,218,804,,118,census2021-ts067-ward.csv,1844.0
2021,Old Bracknell,E05002283,4680,712,567,707,284,850,,123,census2021-ts067-ward.csv,1437.0
2021,Owlsmoor,E05002284,4059,524,464,647,200,795,,132,census2021-ts067-ward.csv,1297.0
2021,Priestwood and Garth,E05002285,6817,1110,887,1064,352,1204,,175,census2021-ts067-ward.csv,2025.0
2021,Warfield Harvest Ride,E05002286,6382,483,596,1035,262,1148,,102,census2021-ts067-ward.csv,2756.0
2021,Wildridings and Central,E05002287,5144,807,531,698,253,877,,176,census2021-ts067-ward.csv,1802.0
2021,Winkfield and Cranbourne,E05002288,4124,705,364,523,255,625,,115,census2021-ts067-ward.csv,1537.0
2021,Arborfield,E05002372,2277,245,229,328,95,436,,40,census2021-ts067-ward.csv,904.0
2021,Barkham,E05002373,3607,270,248,468,147,665,,66,census2021-ts067-ward.csv,1743.0
2021,Bulmershe and Whitegates,E05002374,7644,1305,775,918,329,1201,,235,census2021-ts067-ward.csv,2881.0
2021,Charvil,E05002375,2486,256,191,331,77,376,,31,census2021-ts067-ward.csv,1224.0
2021,Coronation,E05002376,4527,524,434,622,222,802,,95,census2021-ts067-ward.csv,1828.0
2021,Emmbrook,E05002377,7897,680,605,1003,301,1239,,216,census2021-ts067-ward.csv,3853.0
2021,Evendons,E05002378,7511,629,576,890,264,1180,,128,census2021-ts067-ward.csv,3844.0
2021,Finchampstead North,E05002379,4448,363,347,595,189,712,,99,census2021-ts067-ward.csv,2143.0
2021,Finchampstead South,E05002380,4997,549,385,654,225,751,,100,census2021-ts067-ward.csv,2333.0
2021,Hawkedon,E05002381,7411,625,619,1010,276,1158,,163,census2021-ts067-ward.csv,3560.0
2021,Hillside (Wokingham),E05002382,6857,582,487,805,244,981,,156,census2021-ts067-ward.csv,3602.0
2021,Hurst,E05002383,2356,195,161,303,96,365,,45,census2021-ts067-ward.csv,1191.0
2021,Loddon,E05002384,8190,942,829,1166,418,1435,,185,census2021-ts067-ward.csv,3215.0
2021,Maiden Erlegh,E05002385,8583,690,561,906,284,2097,,205,census2021-ts067-ward.csv,3840.0
2021,Norreys,E05002386,8995,1034,819,1149,373,1431,,242,census2021-ts067-ward.csv,3947.0
2021,"Remenham, Wargrave and Ruscombe",E05002387,4536,526,302,522,154,623,,113,census2021-ts067-ward.csv,2296.0
2021,Shinfield North,E05002388,2855,439,320,386,114,394,,88,census2021-ts067-ward.csv,1114.0
2021,Shinfield South,E05002389,9496,904,692,1149,381,1587,,198,census2021-ts067-ward.csv,4585.0
2021,Sonning,E05002390,2687,323,195,333,134,386,,57,census2021-ts067-ward.csv,1259.0
2021,South Lake,E05002391,4609,618,476,590,262,672,,130,census2021-ts067-ward.csv,1861.0
2021,Swallowfield,E05002392,2771,344,229,362,134,456,,78,census2021-ts067-ward.csv,1168.0
2021,Twyford,E05002393,4872,482,333,577,215,675,,61,census2021-ts067-ward.csv,2529.0
2021,Wescott,E05002394,6006,507,374,711,166,907,,148,census2021-ts067-ward.csv,3193.0
2021,Winnersh,E05002395,8478,891,700,1114,356,1382,,168,census2021-ts067-ward.csv,3867.0
2021,Wokingham Without,E05002396,6726,747,506,883,290,1083,,150,census2021-ts067-ward.csv,3067.0
2021,Brunswick and Adelaide,E05002420,9082,605,410,786,266,1477,,177,census2021-ts067-ward.csv,5361.0
2021,Central Hove,E05002421,8369,830,476,790,266,1296,,180,census2021-ts067-ward.csv,4531.0
2021,East Brighton,E05002422,11932,2456,1166,1386,493,1732,,283,census2021-ts067-ward.csv,4416.0
2021,Goldsmid,E05002423,13740,1277,725,1238,377,2108,,283,census2021-ts067-ward.csv,7732.0
2021,Hangleton and Knoll,E05002424,12105,2342,1252,1626,586,1947,,378,census2021-ts067-ward.csv,3974.0
2021,Hanover and Elm Grove,E05002425,13831,1127,627,1088,291,3783,,224,census2021-ts067-ward.csv,6691.0
2021,Hollingdean and Stanmer,E05002426,14491,1838,973,1362,462,5412,,341,census2021-ts067-ward.csv,4103.0
2021,Moulsecoomb and Bevendean,E05002427,14556,2546,1181,1485,516,4763,,328,census2021-ts067-ward.csv,3737.0
2021,North Portslade,E05002428,8069,1503,1054,1251,489,1422,,225,census2021-ts067-ward.csv,2125.0
2021,Patcham,E05002429,11713,1746,1093,1681,533,2025,,276,census2021-ts067-ward.csv,4359.0
2021,Preston Park,E05002430,12583,819,573,1176,264,2207,,159,census2021-ts067-ward.csv,7385.0
2021,Queen's Park (Brighton and Hove),E05002431,13811,1838,876,1392,405,2526,,287,census2021-ts067-ward.csv,6487.0
2021,Regency,E05002432,9231,711,425,783,209,1652,,191,census2021-ts067-ward.csv,5260.0
2021,Rottingdean Coastal,E05002433,12411,1578,894,1446,530,2006,,359,census2021-ts067-ward.csv,5598.0
2021,St. Peter's and North Laine,E05002434,16111,1105,761,1296,329,3795,,403,census2021-ts067-ward.csv,8422.0
2021,South Portslade,E05002435,8016,1338,850,1065,439,1378,,214,census2021-ts067-ward.csv,2732.0
2021,Hove Park,E05002436,8815,903,571,1036,303,1336,,174,census2021-ts067-ward.csv,4492.0
2021,Westbourne (Brighton and Hove),E05002437,8279,927,463,869,215,1190,,191,census2021-ts067-ward.csv,4424.0
2021,Wish,E05002438,8100,1036,578,907,271,1151,,185,census2021-ts067-ward.csv,3972.0
2021,Withdean,E05002439,12115,1056,726,1378,345,1825,,207,census2021-ts067-ward.csv,6578.0
2021,Woodingdean,E05002440,8002,1634,871,1024,463,1328,,273,census2021-ts067-ward.csv,2409.0
2021,Baffins,E05002441,12154,2137,1306,1871,887,2349,,340,census2021-ts067-ward.csv,3264.0
2021,Central Southsea,E05002442,13697,1515,900,1401,484,4294,,297,census2021-ts067-ward.csv,4806.0
2021,Charles Dickens,E05002443,18394,3898,1728,2117,670,5876,,501,census2021-ts067-ward.csv,3604.0
2021,Copnor,E05002444,10743,1816,1256,1645,746,2166,,302,census2021-ts067-ward.csv,2812.0
2021,Cosham,E05002445,11496,2352,1240,1672,724,2081,,294,census2021-ts067-ward.csv,3133.0
2021,Drayton and Farlington,E05002446,11180,1548,1034,1590,774,2112,,280,census2021-ts067-ward.csv,3842.0
2021,Eastney and Craneswater,E05002447,10871,1476,832,1273,519,1815,,331,census2021-ts067-ward.csv,4625.0
2021,Fratton,E05002448,12219,2290,1406,1866,642,2418,,391,census2021-ts067-ward.csv,3206.0
2021,Hilsea,E05002449,11251,2178,1167,1664,726,2139,,325,census2021-ts067-ward.csv,3052.0
2021,Milton (Portsmouth),E05002450,11599,1789,1155,1566,633,2067,,273,census2021-ts067-ward.csv,4116.0
2021,Nelson (Portsmouth),E05002451,11954,2901,1446,1705,751,2046,,369,census2021-ts067-ward.csv,2736.0
2021,Paulsgrove,E05002452,11430,2863,1367,1789,688,1921,,332,census2021-ts067-ward.csv,2470.0
2021,St Jude,E05002453,10752,1230,697,1040,395,2163,,252,census2021-ts067-ward.csv,4975.0
2021,St Thomas (Portsmouth),E05002454,13081,1772,900,1204,452,3850,,351,census2021-ts067-ward.csv,4552.0
2021,Bargate,E05002455,20388,2229,1149,1751,622,5556,,613,census2021-ts067-ward.csv,8468.0
2021,Bassett,E05002456,12542,1586,773,1166,463,3220,,311,census2021-ts067-ward.csv,5023.0
2021,Bevois,E05002457,15249,2658,1289,1460,559,3620,,541,census2021-ts067-ward.csv,5122.0
2021,Bitterne,E05002458,11092,2786,1547,1820,833,1753,,321,census2021-ts067-ward.csv,2032.0
2021,Bitterne Park,E05002459,11338,1707,1098,1579,736,2080,,284,census2021-ts067-ward.csv,3854.0
2021,Coxford,E05002460,11394,2688,1350,1635,733,1841,,335,census2021-ts067-ward.csv,2812.0
2021,Freemantle,E05002461,13645,1820,1073,1548,661,2272,,435,census2021-ts067-ward.csv,5836.0
2021,Harefield,E05002462,11542,2368,1393,1792,873,2010,,378,census2021-ts067-ward.csv,2728.0
2021,Millbrook,E05002463,12647,2649,1427,1840,765,1972,,441,census2021-ts067-ward.csv,3553.0
2021,Peartree (Southampton),E05002464,11453,2027,1243,1791,778,2225,,278,census2021-ts067-ward.csv,3111.0
2021,Portswood,E05002465,12906,1512,730,1006,403,3520,,343,census2021-ts067-ward.csv,5392.0
2021,Redbridge,E05002466,12499,2993,1592,1966,841,2103,,351,census2021-ts067-ward.csv,2653.0
2021,Shirley,E05002467,11904,1867,1059,1471,571,1770,,363,census2021-ts067-ward.csv,4803.0
2021,Sholing,E05002468,11600,2284,1331,1754,927,2314,,349,census2021-ts067-ward.csv,2641.0
2021,Swaythling,E05002469,11601,1871,960,1182,512,3516,,364,census2021-ts067-ward.csv,3196.0
2021,Woolston,E05002470,12568,2336,1456,1910,822,2218,,388,census2021-ts067-ward.csv,3438.0
2021,Alfreton,E05003280,7252,1931,871,1026,465,1260,,157,census2021-ts067-ward.csv,1542.0
2021,Alport,E05003281,2241,329,180,275,127,329,,53,census2021-ts067-ward.csv,948.0
2021,Belper Central,E05003282,4581,777,389,597,266,800,,92,census2021-ts067-ward.csv,1660.0
2021,Belper East,E05003283,4886,677,469,759,311,974,,101,census2021-ts067-ward.csv,1595.0
2021,Belper North,E05003284,4042,686,344,477,295,639,,79,census2021-ts067-ward.csv,1522.0
2021,Codnor and Waingroves,E05003286,4203,984,491,568,352,808,,94,census2021-ts067-ward.csv,906.0
2021,Crich,E05003287,2260,380,180,274,123,338,,50,census2021-ts067-ward.csv,915.0
2021,Heage and Ambergate,E05003289,4173,755,353,514,302,789,,100,census2021-ts067-ward.csv,1360.0
2021,Heanor and Loscoe,E05003290,4279,940,535,726,355,755,,113,census2021-ts067-ward.csv,855.0
2021,Heanor West,E05003292,5269,1247,667,844,332,941,,132,census2021-ts067-ward.csv,1106.0
2021,Ironville and Riddings,E05003293,5033,1201,648,762,324,897,,124,census2021-ts067-ward.csv,1077.0
2021,Langley Mill and Aldercar,E05003295,4654,1144,599,772,294,871,,95,census2021-ts067-ward.csv,879.0
2021,Ripley,E05003296,7681,1610,871,1167,559,1453,,186,census2021-ts067-ward.csv,1835.0
2021,Ripley and Marehay,E05003297,4555,1073,510,656,327,819,,120,census2021-ts067-ward.csv,1050.0
2021,Somercotes,E05003299,4945,1317,613,830,317,848,,142,census2021-ts067-ward.csv,878.0
2021,South West Parishes,E05003300,3262,311,211,399,169,574,,53,census2021-ts067-ward.csv,1545.0
2021,Swanwick,E05003301,4384,791,448,611,322,842,,119,census2021-ts067-ward.csv,1251.0
2021,Wingfield,E05003302,1992,317,200,251,132,356,,46,census2021-ts067-ward.csv,690.0
2021,Barrow Hill and New Whittington,E05003323,4657,1019,508,756,365,852,,116,census2021-ts067-ward.csv,1041.0
2021,Brimington North,E05003324,3427,804,394,564,223,664,,68,census2021-ts067-ward.csv,710.0
2021,Brimington South,E05003325,5187,1023,518,758,361,967,,140,census2021-ts067-ward.csv,1420.0
2021,Brockwell,E05003326,5571,786,526,776,337,1011,,118,census2021-ts067-ward.csv,2017.0
2021,Dunston,E05003327,5325,1262,668,782,346,934,,153,census2021-ts067-ward.csv,1180.0
2021,Hasland,E05003328,5268,975,562,815,396,959,,148,census2021-ts067-ward.csv,1413.0
2021,Hollingwood and Inkersall,E05003329,6277,1357,697,1068,440,1172,,166,census2021-ts067-ward.csv,1377.0
2021,Holmebrook,E05003330,3565,729,401,568,193,704,,99,census2021-ts067-ward.csv,871.0
2021,Linacre (Chesterfield),E05003331,3305,435,316,451,185,633,,93,census2021-ts067-ward.csv,1192.0
2021,Loundsley Green,E05003332,3164,755,389,528,193,549,,85,census2021-ts067-ward.csv,665.0
2021,Lowgates and Woodthorpe,E05003333,3836,954,465,591,267,700,,114,census2021-ts067-ward.csv,745.0
2021,Middlecroft and Poolsbrook,E05003334,3828,1083,462,643,215,610,,96,census2021-ts067-ward.csv,719.0
2021,Moor,E05003335,3629,823,453,543,250,648,,86,census2021-ts067-ward.csv,826.0
2021,Old Whittington,E05003336,3449,828,412,546,237,587,,77,census2021-ts067-ward.csv,762.0
2021,Rother,E05003337,5150,1387,683,820,331,798,,128,census2021-ts067-ward.csv,1003.0
2021,St Helen's (Chesterfield),E05003338,3947,838,430,588,239,707,,101,census2021-ts067-ward.csv,1044.0
2021,St Leonard's (Chesterfield),E05003339,6697,1048,662,1009,378,1315,,146,census2021-ts067-ward.csv,2139.0
2021,Walton (Chesterfield),E05003340,4605,580,423,619,283,792,,133,census2021-ts067-ward.csv,1775.0
2021,West (Chesterfield),E05003341,5121,694,412,627,275,848,,110,census2021-ts067-ward.csv,2155.0
2021,Ashbourne North,E05003342,3133,582,331,424,170,454,,75,census2021-ts067-ward.csv,1097.0
2021,Ashbourne South,E05003343,4671,863,387,679,243,809,,107,census2021-ts067-ward.csv,1583.0
2021,Bakewell,E05003344,3746,582,325,487,189,545,,89,census2021-ts067-ward.csv,1529.0
2021,Bradwell (Derbyshire Dales),E05003345,1545,247,127,197,97,250,,29,census2021-ts067-ward.csv,598.0
2021,Brailsford,E05003346,1694,201,121,228,84,281,,36,census2021-ts067-ward.csv,743.0
2021,Calver,E05003347,1561,171,101,177,64,240,,29,census2021-ts067-ward.csv,779.0
2021,Carsington Water,E05003348,1530,251,119,189,87,226,,32,census2021-ts067-ward.csv,626.0
2021,Chatsworth,E05003349,1384,173,103,201,52,195,,28,census2021-ts067-ward.csv,632.0
2021,Clifton and Bradley,E05003350,1589,239,120,237,87,245,,40,census2021-ts067-ward.csv,621.0
2021,Darley Dale,E05003351,4999,878,487,719,271,778,,125,census2021-ts067-ward.csv,1741.0
2021,Dovedale and Parwich,E05003352,1370,237,146,183,75,226,,36,census2021-ts067-ward.csv,467.0
2021,Doveridge and Sudbury,E05003353,2305,308,214,400,147,397,,67,census2021-ts067-ward.csv,772.0
2021,Hartington and Taddington,E05003354,1419,253,137,175,76,221,,24,census2021-ts067-ward.csv,533.0
2021,Hathersage and Eyam,E05003355,3184,335,233,357,138,426,,63,census2021-ts067-ward.csv,1632.0
2021,Hulland,E05003356,1588,260,125,160,93,263,,48,census2021-ts067-ward.csv,639.0
2021,Lathkill and Bradford,E05003357,1320,239,108,197,59,188,,30,census2021-ts067-ward.csv,499.0
2021,Litton and Longstone,E05003358,1344,189,88,172,47,188,,21,census2021-ts067-ward.csv,639.0
2021,Masson,E05003359,2470,393,215,322,143,369,,36,census2021-ts067-ward.csv,992.0
2021,Matlock All Saints,E05003360,4626,657,441,613,216,803,,90,census2021-ts067-ward.csv,1806.0
2021,Matlock St Giles,E05003361,4755,824,431,622,266,759,,131,census2021-ts067-ward.csv,1722.0
2021,Norbury,E05003362,1460,191,136,185,75,243,,22,census2021-ts067-ward.csv,608.0
2021,Stanton (Derbyshire Dales),E05003363,1545,214,123,212,94,247,,21,census2021-ts067-ward.csv,634.0
2021,Tideswell,E05003364,1473,245,133,191,99,238,,29,census2021-ts067-ward.csv,538.0
2021,Winster and South Darley,E05003365,1414,233,103,169,67,234,,34,census2021-ts067-ward.csv,574.0
2021,Wirksworth,E05003366,4936,820,448,622,234,763,,114,census2021-ts067-ward.csv,1935.0
2021,Bradninch,E05003510,1603,220,149,223,93,272,,42,census2021-ts067-ward.csv,604.0
2021,Cadbury,E05003511,1391,158,93,201,67,229,,37,census2021-ts067-ward.csv,606.0
2021,Canonsleigh,E05003512,2757,428,255,393,137,470,,79,census2021-ts067-ward.csv,995.0
2021,Castle (Mid Devon),E05003513,3739,782,419,534,252,669,,119,census2021-ts067-ward.csv,964.0
2021,Clare and Shuttern,E05003514,3031,493,283,424,183,469,,88,census2021-ts067-ward.csv,1091.0
2021,Cranmore,E05003515,4202,905,464,654,294,721,,120,census2021-ts067-ward.csv,1044.0
2021,Cullompton North,E05003516,3622,728,382,589,236,706,,121,census2021-ts067-ward.csv,860.0
2021,Cullompton Outer,E05003517,2371,248,239,362,116,501,,47,census2021-ts067-ward.csv,858.0
2021,Cullompton South,E05003518,3538,660,439,596,226,703,,107,census2021-ts067-ward.csv,807.0
2021,Halberton,E05003519,1887,234,172,307,96,355,,35,census2021-ts067-ward.csv,688.0
2021,Lawrence,E05003520,3190,592,339,476,240,517,,85,census2021-ts067-ward.csv,941.0
2021,Lower Culm,E05003521,4863,900,522,796,265,882,,118,census2021-ts067-ward.csv,1380.0
2021,Lowman,E05003522,5477,952,583,982,349,1008,,132,census2021-ts067-ward.csv,1471.0
2021,Sandford and Creedy,E05003524,2847,437,262,436,136,493,,76,census2021-ts067-ward.csv,1007.0
2021,Silverton,E05003525,1620,228,146,233,104,284,,39,census2021-ts067-ward.csv,586.0
2021,Taw,E05003526,1421,201,160,220,80,217,,31,census2021-ts067-ward.csv,512.0
2021,Taw Vale,E05003527,1468,275,156,208,94,237,,41,census2021-ts067-ward.csv,457.0
2021,Upper Culm,E05003528,3543,485,302,543,189,642,,74,census2021-ts067-ward.csv,1308.0
2021,Upper Yeo,E05003529,1510,236,142,235,93,274,,34,census2021-ts067-ward.csv,496.0
2021,Way,E05003530,1428,192,128,206,80,284,,28,census2021-ts067-ward.csv,510.0
2021,Westexe,E05003531,4829,987,515,779,330,903,,128,census2021-ts067-ward.csv,1187.0
2021,Billericay East,E05004021,9780,1319,1021,1597,479,1840,,231,census2021-ts067-ward.csv,3293.0
2021,Billericay West,E05004022,9720,1279,1093,1609,446,1788,,220,census2021-ts067-ward.csv,3285.0
2021,Burstead,E05004023,9097,1467,1083,1499,525,1667,,236,census2021-ts067-ward.csv,2620.0
2021,Crouch,E05004024,7048,1382,922,1195,439,1258,,178,census2021-ts067-ward.csv,1674.0
2021,Fryerns,E05004025,11458,2782,1614,1937,604,1877,,334,census2021-ts067-ward.csv,2310.0
2021,Laindon Park,E05004026,10782,2546,1424,1665,591,1758,,299,census2021-ts067-ward.csv,2499.0
2021,Langdon Hills,E05004027,7367,1150,883,1249,360,1398,,200,census2021-ts067-ward.csv,2127.0
2021,Lee Chapel North,E05004028,11149,2530,1610,1925,557,1733,,284,census2021-ts067-ward.csv,2510.0
2021,Nethermayne,E05004029,11279,2128,1394,1657,539,1885,,301,census2021-ts067-ward.csv,3375.0
2021,Pitsea North West,E05004030,10128,2693,1512,1670,494,1553,,327,census2021-ts067-ward.csv,1879.0
2021,Pitsea South East,E05004031,9901,2820,1301,1544,581,1468,,308,census2021-ts067-ward.csv,1879.0
2021,St Martin's (Basildon),E05004032,7756,1822,1067,1177,384,1162,,227,census2021-ts067-ward.csv,1917.0
2021,Vange,E05004033,7798,2015,1194,1309,375,1168,,229,census2021-ts067-ward.csv,1508.0
2021,Wickford Castledon,E05004034,6688,1384,866,1160,462,1230,,195,census2021-ts067-ward.csv,1391.0
2021,Wickford North,E05004035,10964,2293,1441,1885,707,1945,,332,census2021-ts067-ward.csv,2361.0
2021,Wickford Park,E05004036,7747,1217,1015,1413,419,1587,,183,census2021-ts067-ward.csv,1913.0
2021,Brentwood North,E05004067,5834,849,496,915,262,1005,,135,census2021-ts067-ward.csv,2172.0
2021,Brentwood South,E05004068,5177,829,450,727,255,883,,136,census2021-ts067-ward.csv,1897.0
2021,Brentwood West,E05004069,6217,706,564,893,265,1138,,120,census2021-ts067-ward.csv,2531.0
2021,Brizes and Doddinghurst,E05004070,4985,945,597,809,313,853,,146,census2021-ts067-ward.csv,1322.0
2021,"Herongate, Ingrave and West Horndon",E05004071,3184,501,328,501,185,579,,98,census2021-ts067-ward.csv,992.0
2021,Hutton Central,E05004072,3258,421,320,524,136,576,,91,census2021-ts067-ward.csv,1190.0
2021,Hutton East,E05004073,2998,492,309,473,163,538,,71,census2021-ts067-ward.csv,952.0
2021,Hutton North,E05004074,3392,583,355,525,153,572,,94,census2021-ts067-ward.csv,1110.0
2021,Hutton South,E05004075,3084,335,292,535,110,512,,70,census2021-ts067-ward.csv,1230.0
2021,"Ingatestone, Fryerning and Mountnessing",E05004076,5288,820,484,821,262,936,,153,census2021-ts067-ward.csv,1812.0
2021,Pilgrims Hatch,E05004077,4909,1029,521,771,291,837,,161,census2021-ts067-ward.csv,1299.0
2021,Shenfield,E05004078,4426,426,355,649,114,725,,111,census2021-ts067-ward.csv,2046.0
2021,South Weald,E05004079,1606,239,174,248,82,262,,46,census2021-ts067-ward.csv,555.0
2021,Tipps Cross,E05004080,3250,585,363,522,202,568,,99,census2021-ts067-ward.csv,911.0
2021,Warley (Brentwood),E05004081,5257,722,463,755,171,806,,114,census2021-ts067-ward.csv,2226.0
2021,Appleton (Castle Point),E05004082,5624,1167,765,970,358,1029,,158,census2021-ts067-ward.csv,1177.0
2021,Boyce,E05004083,5636,931,719,1098,362,1027,,160,census2021-ts067-ward.csv,1339.0
2021,Canvey Island Central,E05004084,5540,1776,757,877,328,846,,193,census2021-ts067-ward.csv,763.0
2021,Canvey Island East,E05004085,5104,1404,722,854,381,815,,174,census2021-ts067-ward.csv,754.0
2021,Canvey Island North,E05004086,5580,1838,727,880,416,810,,198,census2021-ts067-ward.csv,711.0
2021,Canvey Island South,E05004087,6030,1754,922,986,412,904,,199,census2021-ts067-ward.csv,853.0
2021,Canvey Island West,E05004088,4036,1147,593,667,292,637,,123,census2021-ts067-ward.csv,577.0
2021,Canvey Island Winter Gardens,E05004089,5417,1214,837,1044,339,931,,153,census2021-ts067-ward.csv,899.0
2021,Cedar Hall,E05004090,5351,1085,674,935,347,956,,186,census2021-ts067-ward.csv,1168.0
2021,St George's (Castle Point),E05004091,4755,1055,627,770,346,891,,156,census2021-ts067-ward.csv,910.0
2021,St James (Castle Point),E05004092,5776,1112,741,966,356,1046,,163,census2021-ts067-ward.csv,1392.0
2021,St Mary's (Castle Point),E05004093,5253,1147,712,825,384,929,,196,census2021-ts067-ward.csv,1060.0
2021,St Peter's (Castle Point),E05004094,5412,1107,744,945,392,951,,183,census2021-ts067-ward.csv,1090.0
2021,Victoria (Castle Point),E05004095,4898,1016,613,817,320,888,,190,census2021-ts067-ward.csv,1054.0
2021,Bicknacre and East and West Hanningfield,E05004096,4732,786,527,774,319,851,,119,census2021-ts067-ward.csv,1356.0
2021,Boreham and The Leighs,E05004097,5484,799,592,946,290,1067,,139,census2021-ts067-ward.csv,1651.0
2021,Broomfield and The Walthams,E05004098,8655,1222,811,1277,385,1451,,185,census2021-ts067-ward.csv,3324.0
2021,Chelmer Village and Beaulieu Park,E05004099,8674,966,842,1417,378,1617,,190,census2021-ts067-ward.csv,3264.0
2021,Chelmsford Rural West,E05004100,2632,431,275,410,134,458,,53,census2021-ts067-ward.csv,871.0
2021,Galleywood,E05004101,4598,846,503,749,269,770,,133,census2021-ts067-ward.csv,1328.0
2021,Goat Hall,E05004102,4878,655,517,775,282,882,,122,census2021-ts067-ward.csv,1645.0
2021,Great Baddow East,E05004103,7078,1276,748,1040,410,1183,,210,census2021-ts067-ward.csv,2211.0
2021,Great Baddow West,E05004104,5131,908,584,756,281,862,,159,census2021-ts067-ward.csv,1581.0
2021,"Little Baddow, Danbury and Sandon",E05004105,6915,985,687,1085,361,1137,,161,census2021-ts067-ward.csv,2499.0
2021,Marconi,E05004106,7200,948,569,857,253,1405,,179,census2021-ts067-ward.csv,2989.0
2021,Moulsham and Central,E05004107,11108,1233,832,1358,448,1861,,270,census2021-ts067-ward.csv,5106.0
2021,Moulsham Lodge,E05004108,4572,673,539,739,288,833,,132,census2021-ts067-ward.csv,1368.0
2021,Patching Hall,E05004109,7406,1248,722,1059,417,1119,,227,census2021-ts067-ward.csv,2614.0
2021,Rettendon and Runwell,E05004110,5452,1239,655,872,367,931,,161,census2021-ts067-ward.csv,1227.0
2021,St Andrews (Chelmsford),E05004111,7299,1372,822,1072,330,1148,,203,census2021-ts067-ward.csv,2352.0
2021,"South Hanningfield, Stock and Margaretting",E05004112,4805,800,524,823,248,822,,153,census2021-ts067-ward.csv,1435.0
2021,South Woodham-Chetwood and Collingwood,E05004113,6578,925,797,1158,343,1341,,147,census2021-ts067-ward.csv,1867.0
2021,South Woodham-Elmwood and Woodville,E05004114,6485,1026,863,1149,415,1266,,149,census2021-ts067-ward.csv,1617.0
2021,Springfield North,E05004115,8313,1022,934,1270,435,1577,,193,census2021-ts067-ward.csv,2882.0
2021,The Lawns,E05004116,4437,608,452,694,256,724,,168,census2021-ts067-ward.csv,1535.0
2021,Trinity (Chelmsford),E05004117,5463,796,518,848,255,893,,146,census2021-ts067-ward.csv,2007.0
2021,Waterhouse Farm,E05004118,5312,820,579,758,240,892,,157,census2021-ts067-ward.csv,1866.0
2021,Writtle,E05004119,4530,816,426,622,214,833,,128,census2021-ts067-ward.csv,1491.0
2021,"Broadley Common, Epping Upland and Nazeing",E05004147,1911,394,227,299,110,334,,50,census2021-ts067-ward.csv,497.0
2021,Buckhurst Hill East,E05004148,3820,642,353,515,163,585,,109,census2021-ts067-ward.csv,1453.0
2021,Buckhurst Hill West,E05004149,5683,714,422,726,205,828,,127,census2021-ts067-ward.csv,2661.0
2021,Chigwell Row,E05004150,1941,385,192,277,105,286,,55,census2021-ts067-ward.csv,641.0
2021,Chigwell Village,E05004151,3781,476,339,527,134,517,,101,census2021-ts067-ward.csv,1687.0
2021,"Chipping Ongar, Greensted and Marden Ash",E05004152,3605,697,442,581,238,591,,120,census2021-ts067-ward.csv,936.0
2021,Epping Hemnall,E05004153,5310,809,489,799,245,862,,124,census2021-ts067-ward.csv,1982.0
2021,Epping Lindsey and Thornwood Common,E05004154,5768,1074,564,805,266,891,,144,census2021-ts067-ward.csv,2024.0
2021,Grange Hill,E05004155,5986,1056,574,743,243,800,,185,census2021-ts067-ward.csv,2385.0
2021,"High Ongar, Willingale and The Rodings",E05004157,2044,401,223,350,103,360,,44,census2021-ts067-ward.csv,563.0
2021,Lambourne,E05004158,1710,398,214,248,119,286,,54,census2021-ts067-ward.csv,391.0
2021,Loughton Alderton,E05004159,3828,764,442,562,200,639,,112,census2021-ts067-ward.csv,1109.0
2021,Loughton Broadway,E05004160,3918,816,478,550,169,704,,115,census2021-ts067-ward.csv,1086.0
2021,Loughton Fairmead,E05004161,3652,756,413,552,181,626,,116,census2021-ts067-ward.csv,1008.0
2021,Loughton Forest,E05004162,3549,414,247,475,121,528,,63,census2021-ts067-ward.csv,1701.0
2021,Loughton Roding,E05004163,3898,687,380,566,179,639,,104,census2021-ts067-ward.csv,1343.0
2021,Loughton St John's,E05004164,3740,472,383,556,172,575,,80,census2021-ts067-ward.csv,1502.0
2021,Loughton St Mary's,E05004165,4332,698,350,623,145,664,,121,census2021-ts067-ward.csv,1731.0
2021,Lower Nazeing,E05004166,3640,785,384,540,248,597,,117,census2021-ts067-ward.csv,969.0
2021,Lower Sheering,E05004167,1848,220,205,294,105,354,,49,census2021-ts067-ward.csv,621.0
2021,North Weald Bassett,E05004169,3913,868,453,635,242,635,,127,census2021-ts067-ward.csv,953.0
2021,Passingford,E05004170,2089,473,209,371,124,307,,52,census2021-ts067-ward.csv,553.0
2021,Roydon,E05004171,1897,380,193,281,103,294,,62,census2021-ts067-ward.csv,584.0
2021,Shelley,E05004172,2051,500,258,341,128,339,,50,census2021-ts067-ward.csv,435.0
2021,Theydon Bois,E05004173,3482,558,316,517,147,588,,87,census2021-ts067-ward.csv,1269.0
2021,Waltham Abbey High Beach,E05004174,2305,658,228,288,114,356,,68,census2021-ts067-ward.csv,593.0
2021,Waltham Abbey Honey Lane,E05004175,5062,1123,660,765,288,860,,141,census2021-ts067-ward.csv,1225.0
2021,Waltham Abbey North East,E05004176,3428,895,431,484,225,541,,92,census2021-ts067-ward.csv,760.0
2021,Waltham Abbey Paternoster,E05004177,3927,1047,470,613,230,661,,109,census2021-ts067-ward.csv,797.0
2021,Waltham Abbey South West,E05004178,3821,834,409,562,203,618,,112,census2021-ts067-ward.csv,1083.0
2021,Bush Fair,E05004179,6380,1521,973,1053,371,1022,,182,census2021-ts067-ward.csv,1258.0
2021,Church Langley,E05004180,7036,1036,898,1294,333,1418,,164,census2021-ts067-ward.csv,1893.0
2021,Great Parndon,E05004181,5404,1276,701,831,324,903,,187,census2021-ts067-ward.csv,1182.0
2021,Harlow Common,E05004182,6067,1422,839,990,350,1007,,177,census2021-ts067-ward.csv,1282.0
2021,Little Parndon and Hare Street,E05004183,7758,1627,972,1105,390,1151,,276,census2021-ts067-ward.csv,2237.0
2021,Mark Hall,E05004184,6199,1387,900,1042,365,974,,205,census2021-ts067-ward.csv,1326.0
2021,Netteswell,E05004185,6652,1481,895,1012,367,1100,,224,census2021-ts067-ward.csv,1573.0
2021,Old Harlow,E05004186,8791,1346,988,1401,477,1617,,173,census2021-ts067-ward.csv,2789.0
2021,Staple Tye,E05004187,6008,1317,883,950,349,937,,187,census2021-ts067-ward.csv,1385.0
2021,Sumners and Kingsmoor,E05004188,5975,1401,800,944,392,1005,,186,census2021-ts067-ward.csv,1247.0
2021,Toddbrook,E05004189,6827,1550,952,996,403,998,,236,census2021-ts067-ward.csv,1692.0
2021,Althorne,E05004190,3738,895,488,598,253,646,,113,census2021-ts067-ward.csv,745.0
2021,Burnham-on-Crouch North,E05004191,3841,742,477,623,235,663,,113,census2021-ts067-ward.csv,988.0
2021,Burnham-on-Crouch South,E05004192,3560,724,442,562,218,612,,108,census2021-ts067-ward.csv,894.0
2021,Great Totham,E05004193,3179,559,351,540,187,534,,78,census2021-ts067-ward.csv,930.0
2021,Heybridge East,E05004194,3442,603,440,568,234,625,,110,census2021-ts067-ward.csv,862.0
2021,Heybridge West,E05004195,3840,756,481,645,251,718,,106,census2021-ts067-ward.csv,883.0
2021,Maldon East,E05004196,2051,458,258,334,112,357,,51,census2021-ts067-ward.csv,481.0
2021,Maldon North,E05004197,3765,828,422,526,238,549,,125,census2021-ts067-ward.csv,1077.0
2021,Maldon South,E05004198,3211,586,427,528,178,569,,90,census2021-ts067-ward.csv,833.0
2021,Maldon West,E05004199,3553,624,373,528,240,684,,122,census2021-ts067-ward.csv,982.0
2021,Mayland,E05004200,3699,779,438,603,282,739,,113,census2021-ts067-ward.csv,745.0
2021,Purleigh,E05004201,3029,494,351,516,190,519,,89,census2021-ts067-ward.csv,870.0
2021,Southminster,E05004202,3961,853,551,699,264,696,,94,census2021-ts067-ward.csv,804.0
2021,Tillingham,E05004203,1946,409,222,331,138,317,,45,census2021-ts067-ward.csv,484.0
2021,Tollesbury,E05004204,1726,255,196,253,143,362,,51,census2021-ts067-ward.csv,466.0
2021,Tolleshunt D'Arcy,E05004205,3760,673,458,587,273,671,,122,census2021-ts067-ward.csv,976.0
2021,Wickham Bishops and Woodham,E05004206,3124,435,372,476,161,538,,83,census2021-ts067-ward.csv,1059.0
2021,All Saints,E05004288,4723,397,292,463,135,762,,103,census2021-ts067-ward.csv,2571.0
2021,Battledown,E05004289,4972,431,310,622,168,797,,75,census2021-ts067-ward.csv,2569.0
2021,Benhall and The Reddings,E05004290,4111,521,352,557,240,617,,117,census2021-ts067-ward.csv,1707.0
2021,Charlton Kings,E05004291,4532,476,255,573,196,646,,76,census2021-ts067-ward.csv,2310.0
2021,Charlton Park,E05004292,4092,340,243,466,156,554,,96,census2021-ts067-ward.csv,2237.0
2021,College (Cheltenham),E05004293,4958,403,252,606,142,677,,119,census2021-ts067-ward.csv,2759.0
2021,Hesters Way,E05004294,5561,1141,680,816,324,828,,192,census2021-ts067-ward.csv,1580.0
2021,Lansdown (Cheltenham),E05004295,4845,420,230,634,108,682,,145,census2021-ts067-ward.csv,2626.0
2021,Leckhampton,E05004296,4478,414,294,491,182,529,,97,census2021-ts067-ward.csv,2471.0
2021,Oakley (Cheltenham),E05004297,4590,1155,549,647,256,611,,125,census2021-ts067-ward.csv,1247.0
2021,Park (Cheltenham),E05004298,5392,464,323,628,156,796,,113,census2021-ts067-ward.csv,2912.0
2021,Pittville,E05004299,5311,497,344,560,191,953,,124,census2021-ts067-ward.csv,2642.0
2021,Prestbury (Cheltenham),E05004300,5221,551,372,577,227,1025,,115,census2021-ts067-ward.csv,2354.0
2021,St Mark's (Cheltenham),E05004301,5160,998,542,686,267,758,,145,census2021-ts067-ward.csv,1764.0
2021,St Paul's (Cheltenham),E05004302,5461,794,403,574,175,1578,,109,census2021-ts067-ward.csv,1828.0
2021,St Peter's (Cheltenham),E05004303,6155,919,496,714,263,994,,159,census2021-ts067-ward.csv,2610.0
2021,Springbank,E05004304,5492,1166,612,826,331,890,,169,census2021-ts067-ward.csv,1498.0
2021,Swindon Village,E05004305,4581,904,505,632,304,727,,138,census2021-ts067-ward.csv,1371.0
2021,Up Hatherley,E05004306,4305,547,395,643,244,758,,98,census2021-ts067-ward.csv,1620.0
2021,Warden Hill,E05004307,4498,640,398,623,273,707,,92,census2021-ts067-ward.csv,1765.0
2021,Fareham East,E05004516,6343,853,589,917,382,1182,,158,census2021-ts067-ward.csv,2262.0
2021,Fareham North,E05004517,5935,834,509,839,321,1192,,173,census2021-ts067-ward.csv,2067.0
2021,Fareham North-West,E05004518,6025,1100,700,934,356,1167,,144,census2021-ts067-ward.csv,1624.0
2021,Fareham South,E05004519,6053,1054,749,930,426,1188,,166,census2021-ts067-ward.csv,1540.0
2021,Fareham West,E05004520,5610,856,622,750,418,1089,,187,census2021-ts067-ward.csv,1688.0
2021,Hill Head,E05004521,6042,762,506,862,350,1078,,195,census2021-ts067-ward.csv,2289.0
2021,Locks Heath,E05004522,5764,721,560,845,419,1027,,132,census2021-ts067-ward.csv,2060.0
2021,Park Gate,E05004523,7636,967,728,1114,447,1589,,160,census2021-ts067-ward.csv,2631.0
2021,Portchester East,E05004524,9213,1602,1041,1347,811,1703,,263,census2021-ts067-ward.csv,2446.0
2021,Portchester West,E05004525,5921,884,625,838,427,1160,,178,census2021-ts067-ward.csv,1809.0
2021,Sarisbury,E05004526,6309,455,501,990,307,1312,,87,census2021-ts067-ward.csv,2657.0
2021,Stubbington,E05004527,6315,1005,568,827,476,1206,,183,census2021-ts067-ward.csv,2050.0
2021,Titchfield,E05004528,6184,763,537,894,382,1154,,142,census2021-ts067-ward.csv,2312.0
2021,Titchfield Common,E05004529,6334,738,636,977,411,1325,,138,census2021-ts067-ward.csv,2109.0
2021,Warsash,E05004530,5959,658,503,888,356,1056,,131,census2021-ts067-ward.csv,2367.0
2021,Barncroft,E05004566,5015,1325,658,843,317,921,,125,census2021-ts067-ward.csv,826.0
2021,Battins,E05004567,5436,1527,790,900,313,924,,154,census2021-ts067-ward.csv,828.0
2021,Bedhampton,E05004568,7917,1431,862,1168,545,1534,,212,census2021-ts067-ward.csv,2165.0
2021,Bondfields,E05004569,5309,1442,720,905,332,867,,155,census2021-ts067-ward.csv,888.0
2021,Cowplain,E05004570,7723,1255,831,1173,606,1517,,235,census2021-ts067-ward.csv,2106.0
2021,Emsworth,E05004571,8763,1211,749,1147,481,1335,,206,census2021-ts067-ward.csv,3634.0
2021,Hart Plain,E05004572,8179,1705,988,1307,578,1564,,238,census2021-ts067-ward.csv,1799.0
2021,Hayling East,E05004573,7955,1677,893,1193,542,1325,,253,census2021-ts067-ward.csv,2072.0
2021,Hayling West,E05004574,7365,1376,754,1055,463,1185,,218,census2021-ts067-ward.csv,2314.0
2021,Purbrook,E05004575,7865,1353,882,1158,573,1584,,202,census2021-ts067-ward.csv,2113.0
2021,St Faith's,E05004576,8676,1220,751,1289,446,1531,,222,census2021-ts067-ward.csv,3217.0
2021,Stakes,E05004577,8324,1697,1019,1337,519,1544,,210,census2021-ts067-ward.csv,1998.0
2021,Warren Park,E05004578,5613,1664,773,991,286,911,,151,census2021-ts067-ward.csv,837.0
2021,Waterloo (Havant),E05004579,8726,1612,973,1252,592,1536,,295,census2021-ts067-ward.csv,2466.0
2021,"Ashurst, Copythorne South and Netley Marsh",E05004580,4902,780,471,639,377,810,,148,census2021-ts067-ward.csv,1677.0
2021,Barton (New Forest),E05004581,5007,876,513,652,411,757,,262,census2021-ts067-ward.csv,1536.0
2021,Bashley,E05004582,2335,421,273,346,166,364,,61,census2021-ts067-ward.csv,704.0
2021,Becton,E05004583,4282,819,466,635,359,646,,168,census2021-ts067-ward.csv,1189.0
2021,Boldre and Sway,E05004584,4629,587,327,616,261,769,,141,census2021-ts067-ward.csv,1928.0
2021,"Bramshaw, Copythorne North and Minstead",E05004585,2219,348,181,280,140,362,,58,census2021-ts067-ward.csv,850.0
2021,Bransgore and Burley,E05004586,4596,596,386,636,257,792,,129,census2021-ts067-ward.csv,1800.0
2021,Brockenhurst and Forest South East,E05004587,4737,549,349,648,216,720,,105,census2021-ts067-ward.csv,2150.0
2021,Buckland (New Forest),E05004588,3055,402,334,470,206,529,,88,census2021-ts067-ward.csv,1026.0
2021,Butts Ash and Dibden Purlieu,E05004589,5277,893,547,816,400,985,,155,census2021-ts067-ward.csv,1481.0
2021,Dibden and Hythe East,E05004590,4703,710,492,704,317,908,,166,census2021-ts067-ward.csv,1406.0
2021,"Fawley, Blackfield and Langley",E05004592,4972,874,558,731,401,949,,171,census2021-ts067-ward.csv,1288.0
2021,Fernhill (New Forest),E05004593,5283,997,650,813,390,910,,145,census2021-ts067-ward.csv,1378.0
2021,Furzedown and Hardley,E05004596,2811,528,344,414,247,540,,63,census2021-ts067-ward.csv,675.0
2021,Holbury and North Blackfield,E05004597,5354,1106,685,933,449,1063,,158,census2021-ts067-ward.csv,960.0
2021,Hordle,E05004598,4828,781,506,699,397,851,,160,census2021-ts067-ward.csv,1434.0
2021,Hythe West and Langdown,E05004599,5260,876,598,800,408,982,,174,census2021-ts067-ward.csv,1422.0
2021,Lymington Town,E05004600,5314,666,391,706,273,821,,158,census2021-ts067-ward.csv,2299.0
2021,Lyndhurst,E05004601,2623,333,230,363,143,417,,61,census2021-ts067-ward.csv,1076.0
2021,Marchwood,E05004602,4660,569,463,689,300,960,,114,census2021-ts067-ward.csv,1565.0
2021,Milford (New Forest),E05004603,4375,608,359,582,296,675,,129,census2021-ts067-ward.csv,1726.0
2021,Milton (New Forest),E05004604,5484,1131,661,820,399,934,,188,census2021-ts067-ward.csv,1351.0
2021,Pennington,E05004605,5217,895,488,836,357,904,,141,census2021-ts067-ward.csv,1596.0
2021,Ringwood East and Sopley,E05004606,2422,289,198,371,114,451,,51,census2021-ts067-ward.csv,948.0
2021,Ringwood North,E05004607,5102,838,506,826,339,856,,124,census2021-ts067-ward.csv,1613.0
2021,Ringwood South,E05004608,5397,972,532,795,343,949,,161,census2021-ts067-ward.csv,1645.0
2021,Totton Central,E05004609,4339,680,475,669,331,876,,107,census2021-ts067-ward.csv,1201.0
2021,Totton East,E05004610,5274,986,646,827,467,984,,153,census2021-ts067-ward.csv,1211.0
2021,Totton North,E05004611,5084,849,656,840,347,1071,,130,census2021-ts067-ward.csv,1191.0
2021,Totton South,E05004612,4784,740,542,745,358,931,,125,census2021-ts067-ward.csv,1343.0
2021,Totton West,E05004613,4000,660,515,627,281,809,,105,census2021-ts067-ward.csv,1003.0
2021,Adeyfield East,E05004691,4783,880,589,706,274,817,,158,census2021-ts067-ward.csv,1359.0
2021,Adeyfield West,E05004692,4714,929,605,779,272,783,,125,census2021-ts067-ward.csv,1221.0
2021,Aldbury and Wigginton,E05004693,1980,260,137,244,77,264,,43,census2021-ts067-ward.csv,955.0
2021,Apsley and Corner Hall,E05004694,8285,1164,765,1109,376,1501,,187,census2021-ts067-ward.csv,3183.0
2021,Ashridge,E05004695,2210,215,126,299,80,319,,46,census2021-ts067-ward.csv,1125.0
2021,Bennetts End,E05004696,4720,777,589,699,288,836,,124,census2021-ts067-ward.csv,1407.0
2021,Berkhamsted Castle,E05004697,5013,409,309,563,155,660,,100,census2021-ts067-ward.csv,2817.0
2021,Berkhamsted East,E05004698,4851,496,360,580,151,613,,89,census2021-ts067-ward.csv,2562.0
2021,Berkhamsted West,E05004699,4991,528,358,583,155,619,,100,census2021-ts067-ward.csv,2648.0
2021,"Bovingdon, Flaunden and Chipperfield",E05004700,7975,1060,726,1242,390,1334,,212,census2021-ts067-ward.csv,3011.0
2021,Boxmoor,E05004701,7146,813,588,986,303,1154,,165,census2021-ts067-ward.csv,3137.0
2021,Chaulden and Warners End,E05004702,7390,1196,885,1195,420,1204,,170,census2021-ts067-ward.csv,2320.0
2021,Gadebridge,E05004703,4538,748,609,730,235,826,,111,census2021-ts067-ward.csv,1279.0
2021,Grovehill,E05004704,6293,1337,854,926,368,984,,182,census2021-ts067-ward.csv,1642.0
2021,Hemel Hempstead Town,E05004705,5701,1056,665,785,275,861,,164,census2021-ts067-ward.csv,1895.0
2021,Highfield (Dacorum),E05004706,4589,1044,607,622,219,744,,146,census2021-ts067-ward.csv,1207.0
2021,Kings Langley,E05004707,4338,571,360,578,229,713,,82,census2021-ts067-ward.csv,1805.0
2021,Leverstock Green,E05004708,7696,1261,934,1220,409,1249,,201,census2021-ts067-ward.csv,2422.0
2021,Nash Mills,E05004709,3066,365,274,453,142,524,,74,census2021-ts067-ward.csv,1234.0
2021,Northchurch,E05004710,2352,377,181,256,120,355,,53,census2021-ts067-ward.csv,1010.0
2021,Tring Central,E05004711,4295,620,433,609,210,714,,87,census2021-ts067-ward.csv,1622.0
2021,Tring East,E05004712,2751,257,174,424,100,396,,48,census2021-ts067-ward.csv,1352.0
2021,Tring West and Rural,E05004713,4229,441,356,565,189,699,,89,census2021-ts067-ward.csv,1890.0
2021,Watling (Dacorum),E05004714,4663,598,403,658,227,794,,92,census2021-ts067-ward.csv,1891.0
2021,Woodhall Farm,E05004715,5215,764,612,783,267,885,,155,census2021-ts067-ward.csv,1749.0
2021,Braughing,E05004721,2273,353,226,318,98,403,,50,census2021-ts067-ward.csv,825.0
2021,Datchworth & Aston,E05004723,2010,263,194,284,80,337,,45,census2021-ts067-ward.csv,807.0
2021,Great Amwell,E05004724,2268,357,257,360,118,382,,51,census2021-ts067-ward.csv,743.0
2021,Hertford Bengeo,E05004725,6338,736,510,805,237,967,,125,census2021-ts067-ward.csv,2958.0
2021,Hertford Castle,E05004726,7909,926,640,946,299,1255,,163,census2021-ts067-ward.csv,3680.0
2021,Hertford Heath,E05004727,2714,453,261,514,136,426,,66,census2021-ts067-ward.csv,858.0
2021,Hertford Kingsmead,E05004728,4640,485,385,676,186,873,,90,census2021-ts067-ward.csv,1945.0
2021,Hertford Rural North,E05004729,1907,250,170,271,75,309,,50,census2021-ts067-ward.csv,782.0
2021,Hertford Rural South,E05004730,2195,252,174,321,99,363,,35,census2021-ts067-ward.csv,951.0
2021,Hertford Sele,E05004731,4639,758,459,615,212,762,,119,census2021-ts067-ward.csv,1714.0
2021,Hunsdon,E05004732,2874,435,263,441,135,503,,76,census2021-ts067-ward.csv,1021.0
2021,Little Hadham,E05004733,2038,243,194,313,88,331,,49,census2021-ts067-ward.csv,820.0
2021,Much Hadham,E05004735,2511,498,231,326,128,380,,49,census2021-ts067-ward.csv,899.0
2021,Puckeridge,E05004736,2356,403,257,346,153,436,,43,census2021-ts067-ward.csv,718.0
2021,Sawbridgeworth,E05004737,7127,1073,760,1068,377,1157,,164,census2021-ts067-ward.csv,2528.0
2021,Stanstead Abbots,E05004738,2575,449,278,383,131,418,,51,census2021-ts067-ward.csv,865.0
2021,Thundridge & Standon,E05004739,2675,429,266,400,146,491,,54,census2021-ts067-ward.csv,889.0
2021,Ware Chadwell,E05004741,2729,297,227,360,118,461,,64,census2021-ts067-ward.csv,1202.0
2021,Ware Christchurch,E05004742,4695,751,403,647,259,739,,126,census2021-ts067-ward.csv,1770.0
2021,Ware St Mary's,E05004743,4251,554,498,644,230,828,,91,census2021-ts067-ward.csv,1406.0
2021,Ware Trinity,E05004744,4322,745,496,618,228,763,,117,census2021-ts067-ward.csv,1355.0
2021,Watton-at-Stone,E05004745,2117,288,197,332,109,357,,44,census2021-ts067-ward.csv,790.0
2021,Arbury (North Hertfordshire),E05004761,2285,269,164,302,91,329,,29,census2021-ts067-ward.csv,1101.0
2021,Baldock East,E05004762,2400,230,227,301,111,407,,43,census2021-ts067-ward.csv,1081.0
2021,Baldock Town,E05004763,6338,900,660,937,347,1051,,225,census2021-ts067-ward.csv,2218.0
2021,Cadwell,E05004764,1948,292,178,253,90,307,,33,census2021-ts067-ward.csv,795.0
2021,Chesfield,E05004765,5743,636,576,834,218,1070,,159,census2021-ts067-ward.csv,2250.0
2021,Codicote,E05004766,2184,262,181,315,104,344,,48,census2021-ts067-ward.csv,930.0
2021,Ermine,E05004767,2306,292,190,325,108,383,,39,census2021-ts067-ward.csv,969.0
2021,Hitchin Bearton,E05004768,7014,768,439,745,230,964,,129,census2021-ts067-ward.csv,3739.0
2021,Hitchin Highbury,E05004769,6785,720,459,797,268,942,,143,census2021-ts067-ward.csv,3456.0
2021,Hitchin Oughton,E05004770,4035,774,482,603,177,592,,81,census2021-ts067-ward.csv,1326.0
2021,Hitchin Priory,E05004771,3927,434,214,422,125,506,,89,census2021-ts067-ward.csv,2137.0
2021,Hitchin Walsworth,E05004772,6614,890,621,818,277,996,,147,census2021-ts067-ward.csv,2865.0
2021,"Hitchwood, Offa and Hoo",E05004773,6286,854,551,882,313,987,,144,census2021-ts067-ward.csv,2555.0
2021,Kimpton,E05004774,1844,216,135,242,61,284,,23,census2021-ts067-ward.csv,883.0
2021,Knebworth,E05004775,4498,535,352,597,214,694,,89,census2021-ts067-ward.csv,2017.0
2021,Letchworth East,E05004776,5267,800,581,731,212,777,,117,census2021-ts067-ward.csv,2049.0
2021,Letchworth Grange,E05004777,5930,1048,694,902,356,944,,157,census2021-ts067-ward.csv,1829.0
2021,Letchworth South East,E05004778,5935,1102,663,843,301,885,,184,census2021-ts067-ward.csv,1957.0
2021,Letchworth South West,E05004779,6220,761,530,764,238,870,,146,census2021-ts067-ward.csv,2911.0
2021,Letchworth Wilbury,E05004780,4377,780,536,603,244,673,,125,census2021-ts067-ward.csv,1416.0
2021,Royston Heath,E05004781,4565,496,447,569,190,726,,116,census2021-ts067-ward.csv,2021.0
2021,Royston Meridian,E05004782,4541,625,413,627,258,775,,124,census2021-ts067-ward.csv,1719.0
2021,Royston Palace,E05004783,4955,790,520,700,236,857,,100,census2021-ts067-ward.csv,1752.0
2021,Weston and Sandon,E05004784,1739,173,173,246,64,283,,34,census2021-ts067-ward.csv,766.0
2021,Bandley Hill,E05004805,5511,1000,765,851,282,925,,141,census2021-ts067-ward.csv,1547.0
2021,Bedwell,E05004806,6386,1240,828,877,320,1021,,183,census2021-ts067-ward.csv,1917.0
2021,Chells,E05004807,5305,949,726,855,302,984,,150,census2021-ts067-ward.csv,1339.0
2021,Longmeadow,E05004808,4802,778,681,781,270,871,,128,census2021-ts067-ward.csv,1293.0
2021,Martins Wood,E05004810,5123,924,748,857,287,874,,110,census2021-ts067-ward.csv,1323.0
2021,Old Town (Stevenage),E05004811,6955,1076,788,926,327,1142,,181,census2021-ts067-ward.csv,2515.0
2021,Pin Green,E05004812,5210,999,719,827,318,868,,158,census2021-ts067-ward.csv,1321.0
2021,Roebuck,E05004813,5641,974,784,826,319,1056,,160,census2021-ts067-ward.csv,1522.0
2021,St Nicholas,E05004814,6195,967,797,979,293,1063,,170,census2021-ts067-ward.csv,1926.0
2021,Shephall,E05004815,5015,990,654,831,300,858,,139,census2021-ts067-ward.csv,1243.0
2021,Symonds Green,E05004816,4946,861,629,731,304,775,,144,census2021-ts067-ward.csv,1502.0
2021,Woodfield,E05004817,4815,613,482,726,228,780,,98,census2021-ts067-ward.csv,1888.0
2021,Central (Gravesham),E05004964,5689,1136,587,765,297,906,,220,census2021-ts067-ward.csv,1778.0
2021,Chalk,E05004965,1875,361,211,266,163,333,,74,census2021-ts067-ward.csv,467.0
2021,Coldharbour,E05004966,3917,995,534,641,199,602,,125,census2021-ts067-ward.csv,821.0
2021,Higham (Gravesham),E05004967,3300,577,355,527,239,583,,96,census2021-ts067-ward.csv,923.0
2021,Istead Rise,E05004968,2899,532,333,495,243,493,,102,census2021-ts067-ward.csv,701.0
2021,Meopham North,E05004969,3639,539,359,597,222,667,,105,census2021-ts067-ward.csv,1150.0
2021,Meopham South and Vigo,E05004970,3678,528,427,640,252,674,,87,census2021-ts067-ward.csv,1070.0
2021,Northfleet North,E05004971,6170,1407,839,920,325,928,,244,census2021-ts067-ward.csv,1507.0
2021,Northfleet South,E05004972,6860,1319,829,1014,370,1125,,248,census2021-ts067-ward.csv,1955.0
2021,Painters Ash,E05004973,4709,1134,582,733,300,807,,176,census2021-ts067-ward.csv,977.0
2021,Pelham,E05004974,6350,1392,679,771,293,911,,248,census2021-ts067-ward.csv,2056.0
2021,Riverside (Gravesham),E05004975,7313,1681,883,992,350,1134,,298,census2021-ts067-ward.csv,1975.0
2021,Riverview,E05004976,3533,627,469,578,249,659,,123,census2021-ts067-ward.csv,828.0
2021,"Shorne, Cobham and Luddesdown",E05004977,3419,532,378,536,232,585,,94,census2021-ts067-ward.csv,1062.0
2021,Singlewell,E05004978,6325,1471,861,1000,381,1029,,202,census2021-ts067-ward.csv,1381.0
2021,Westcourt,E05004979,5446,1301,706,893,284,866,,183,census2021-ts067-ward.csv,1213.0
2021,Whitehill,E05004980,3639,756,455,553,223,617,,143,census2021-ts067-ward.csv,892.0
2021,Woodlands (Gravesham),E05004981,5789,898,598,925,332,1042,,179,census2021-ts067-ward.csv,1815.0
2021,Allington,E05004982,6496,1092,716,994,434,1196,,220,census2021-ts067-ward.csv,1844.0
2021,Barming and Teston,E05004983,2063,334,208,311,120,342,,68,census2021-ts067-ward.csv,680.0
2021,Bearsted,E05004984,6840,1006,697,1040,425,1137,,221,census2021-ts067-ward.csv,2314.0
2021,Boughton Monchelsea and Chart Sutton,E05004985,2382,325,227,388,160,445,,87,census2021-ts067-ward.csv,750.0
2021,Boxley,E05004986,7066,804,765,1227,454,1418,,166,census2021-ts067-ward.csv,2232.0
2021,Bridge (Maidstone),E05004987,5622,898,527,792,303,887,,177,census2021-ts067-ward.csv,2038.0
2021,Detling and Thurnham,E05004989,2647,347,263,421,139,493,,64,census2021-ts067-ward.csv,920.0
2021,Downswood and Otham,E05004990,2690,327,288,432,166,566,,45,census2021-ts067-ward.csv,866.0
2021,East (Maidstone),E05004991,7323,1328,832,1091,462,1260,,219,census2021-ts067-ward.csv,2131.0
2021,Fant,E05004992,8391,1370,910,1278,444,1523,,237,census2021-ts067-ward.csv,2629.0
2021,Harrietsham and Lenham,E05004993,5840,1163,652,893,384,1029,,158,census2021-ts067-ward.csv,1561.0
2021,Headcorn,E05004994,4976,779,482,756,280,846,,132,census2021-ts067-ward.csv,1701.0
2021,Heath (Maidstone),E05004995,5796,818,649,870,296,969,,154,census2021-ts067-ward.csv,2040.0
2021,High Street (Maidstone),E05004996,9619,1959,1151,1377,530,1508,,355,census2021-ts067-ward.csv,2739.0
2021,Leeds,E05004997,2026,328,225,303,161,354,,65,census2021-ts067-ward.csv,590.0
2021,Marden and Yalding,E05004999,7657,1311,725,1152,403,1337,,164,census2021-ts067-ward.csv,2565.0
2021,North (Maidstone),E05005000,8550,1483,900,1167,616,1578,,271,census2021-ts067-ward.csv,2535.0
2021,North Downs,E05005001,2282,443,224,315,126,396,,62,census2021-ts067-ward.csv,716.0
2021,Park Wood,E05005002,6700,1327,824,1139,360,1241,,166,census2021-ts067-ward.csv,1643.0
2021,Shepway North,E05005003,7325,1730,904,1155,450,1185,,256,census2021-ts067-ward.csv,1645.0
2021,Shepway South,E05005004,4672,1435,638,710,305,661,,150,census2021-ts067-ward.csv,773.0
2021,Staplehurst,E05005006,5519,844,568,842,312,1035,,139,census2021-ts067-ward.csv,1779.0
2021,Sutton Valence and Langley,E05005007,2600,513,275,407,161,430,,68,census2021-ts067-ward.csv,746.0
2021,Cowden and Hever,E05005010,1778,235,154,254,91,297,,46,census2021-ts067-ward.csv,701.0
2021,Crockenhill and Well Hill,E05005011,1669,338,201,262,105,269,,40,census2021-ts067-ward.csv,454.0
2021,Dunton Green and Riverhead,E05005012,4617,479,313,575,169,724,,100,census2021-ts067-ward.csv,2257.0
2021,Edenbridge North and East,E05005013,4409,695,484,679,244,786,,118,census2021-ts067-ward.csv,1403.0
2021,Edenbridge South and West,E05005014,3445,649,378,539,162,590,,96,census2021-ts067-ward.csv,1031.0
2021,"Farningham, Horton Kirby and South Darenth",E05005016,4038,746,445,660,262,689,,84,census2021-ts067-ward.csv,1152.0
2021,Fawkham and West Kingsdown,E05005017,5119,1201,572,746,361,836,,158,census2021-ts067-ward.csv,1245.0
2021,"Halstead, Knockholt and Badgers Mount",E05005018,2940,383,297,499,148,508,,77,census2021-ts067-ward.csv,1028.0
2021,Kemsing,E05005021,3423,485,323,498,175,562,,81,census2021-ts067-ward.csv,1299.0
2021,Sevenoaks Eastern,E05005026,3234,387,234,374,132,434,,70,census2021-ts067-ward.csv,1603.0
2021,Sevenoaks Kippington,E05005027,3828,366,206,435,76,429,,70,census2021-ts067-ward.csv,2246.0
2021,Sevenoaks Northern,E05005028,3515,547,346,519,153,496,,76,census2021-ts067-ward.csv,1378.0
2021,Sevenoaks Town and St John's,E05005029,5579,543,267,664,126,633,,138,census2021-ts067-ward.csv,3208.0
2021,Swanley St Mary's,E05005031,3755,982,484,578,196,529,,93,census2021-ts067-ward.csv,893.0
2021,Swanley White Oak,E05005032,5249,1322,688,793,290,786,,133,census2021-ts067-ward.csv,1237.0
2021,Beacon Road,E05005081,3716,739,441,569,237,675,,84,census2021-ts067-ward.csv,971.0
2021,Birchington North,E05005082,3467,776,347,447,244,514,,138,census2021-ts067-ward.csv,1001.0
2021,Birchington South,E05005083,5616,1419,632,804,429,870,,227,census2021-ts067-ward.csv,1235.0
2021,Bradstowe,E05005084,3455,620,318,472,215,528,,129,census2021-ts067-ward.csv,1173.0
2021,Central Harbour,E05005085,7014,1339,817,967,349,1224,,164,census2021-ts067-ward.csv,2154.0
2021,Cliffsend and Pegwell,E05005086,4206,802,461,575,290,720,,135,census2021-ts067-ward.csv,1223.0
2021,Cliftonville East,E05005087,5523,1191,564,722,398,878,,202,census2021-ts067-ward.csv,1568.0
2021,Cliftonville West,E05005088,7692,1993,963,938,417,995,,334,census2021-ts067-ward.csv,2052.0
2021,Dane Valley (Thanet),E05005089,6034,1421,808,980,348,1060,,159,census2021-ts067-ward.csv,1258.0
2021,Eastcliff (Thanet),E05005090,6511,1357,777,969,342,1173,,191,census2021-ts067-ward.csv,1702.0
2021,Garlinge,E05005091,4069,886,493,632,275,778,,112,census2021-ts067-ward.csv,893.0
2021,Kingsgate,E05005092,1922,321,161,257,134,333,,66,census2021-ts067-ward.csv,650.0
2021,Margate Central,E05005093,4947,1173,582,697,268,730,,126,census2021-ts067-ward.csv,1371.0
2021,Nethercourt,E05005094,3982,876,444,579,261,716,,120,census2021-ts067-ward.csv,986.0
2021,Newington (Thanet),E05005095,4275,1244,613,703,225,700,,115,census2021-ts067-ward.csv,675.0
2021,Northwood (Thanet),E05005096,5463,1491,757,812,367,885,,168,census2021-ts067-ward.csv,983.0
2021,St Peters (Thanet),E05005097,5891,1142,667,875,381,997,,192,census2021-ts067-ward.csv,1637.0
2021,Salmestone,E05005098,4548,990,553,675,250,786,,138,census2021-ts067-ward.csv,1156.0
2021,Sir Moses Montefiore,E05005099,4075,793,480,669,236,713,,119,census2021-ts067-ward.csv,1065.0
2021,Thanet Villages,E05005100,6697,1312,748,1029,420,1272,,199,census2021-ts067-ward.csv,1717.0
2021,Viking (Thanet),E05005101,6178,1073,605,836,399,993,,195,census2021-ts067-ward.csv,2077.0
2021,Westbrook (Thanet),E05005102,3826,697,406,507,231,686,,111,census2021-ts067-ward.csv,1188.0
2021,Westgate-on-Sea,E05005103,6315,1340,698,932,427,1068,,209,census2021-ts067-ward.csv,1641.0
2021,Benenden and Cranbrook,E05005130,5940,921,510,1105,269,897,,119,census2021-ts067-ward.csv,2119.0
2021,Brenchley and Horsmonden,E05005131,4303,557,317,629,183,655,,75,census2021-ts067-ward.csv,1887.0
2021,Broadwater (Tunbridge Wells),E05005132,3684,590,366,537,170,537,,101,census2021-ts067-ward.csv,1383.0
2021,Capel,E05005133,1915,304,194,294,108,356,,46,census2021-ts067-ward.csv,613.0
2021,Culverden,E05005134,7096,681,449,856,216,1071,,145,census2021-ts067-ward.csv,3678.0
2021,Frittenden and Sissinghurst,E05005135,1874,234,146,267,79,326,,36,census2021-ts067-ward.csv,786.0
2021,Goudhurst and Lamberhurst,E05005136,3782,434,339,577,143,600,,73,census2021-ts067-ward.csv,1616.0
2021,Hawkhurst and Sandhurst,E05005137,5200,770,481,798,268,946,,132,census2021-ts067-ward.csv,1805.0
2021,Paddock Wood East,E05005138,3477,636,380,544,205,612,,103,census2021-ts067-ward.csv,997.0
2021,Paddock Wood West,E05005139,3224,572,408,536,151,567,,84,census2021-ts067-ward.csv,906.0
2021,Pantiles and St Mark's,E05005140,5477,372,299,627,148,744,,128,census2021-ts067-ward.csv,3159.0
2021,Park (Tunbridge Wells),E05005141,6373,716,456,851,203,881,,211,census2021-ts067-ward.csv,3055.0
2021,Pembury,E05005142,4751,724,446,717,245,798,,139,census2021-ts067-ward.csv,1682.0
2021,Rusthall,E05005143,3882,685,372,584,213,588,,97,census2021-ts067-ward.csv,1343.0
2021,St James' (Tunbridge Wells),E05005144,5043,591,429,618,199,777,,160,census2021-ts067-ward.csv,2269.0
2021,St John's (Tunbridge Wells),E05005145,5667,605,447,825,209,895,,116,census2021-ts067-ward.csv,2570.0
2021,Sherwood (Tunbridge Wells),E05005146,6474,1190,731,967,303,960,,166,census2021-ts067-ward.csv,2157.0
2021,Southborough and High Brooms,E05005147,5930,992,615,871,294,968,,152,census2021-ts067-ward.csv,2038.0
2021,Southborough North,E05005148,3551,446,273,541,127,532,,77,census2021-ts067-ward.csv,1555.0
2021,Speldhurst and Bidborough,E05005149,4763,431,338,653,145,674,,127,census2021-ts067-ward.csv,2395.0
2021,Bank Hall,E05005150,5170,1694,690,641,280,588,,218,census2021-ts067-ward.csv,1059.0
2021,Briercliffe,E05005151,4655,756,423,658,389,974,,120,census2021-ts067-ward.csv,1335.0
2021,Brunshaw,E05005152,5118,1335,603,781,378,902,,127,census2021-ts067-ward.csv,992.0
2021,Cliviger with Worsthorne,E05005153,4422,657,367,554,377,843,,109,census2021-ts067-ward.csv,1515.0
2021,Coal Clough with Deerplay,E05005154,4303,939,487,575,276,741,,124,census2021-ts067-ward.csv,1161.0
2021,Daneshouse with Stoneyholme,E05005155,5685,1898,799,753,200,648,,218,census2021-ts067-ward.csv,1169.0
2021,Gannow,E05005156,4732,1104,474,674,355,925,,113,census2021-ts067-ward.csv,1087.0
2021,Gawthorpe,E05005157,5094,1245,608,762,376,894,,118,census2021-ts067-ward.csv,1091.0
2021,Hapton with Park,E05005158,5093,1084,523,746,350,937,,112,census2021-ts067-ward.csv,1341.0
2021,Lanehead,E05005159,5176,1306,541,731,325,827,,186,census2021-ts067-ward.csv,1260.0
2021,Queensgate,E05005160,5198,1586,611,643,296,717,,238,census2021-ts067-ward.csv,1107.0
2021,Rosegrove with Lowerhouse,E05005161,5562,1409,663,773,352,933,,144,census2021-ts067-ward.csv,1288.0
2021,Rosehill with Burnley Wood,E05005162,5236,1208,546,733,348,925,,137,census2021-ts067-ward.csv,1339.0
2021,Trinity (Burnley),E05005163,4831,1291,519,696,286,824,,166,census2021-ts067-ward.csv,1049.0
2021,Whittlefield with Ightenhill,E05005164,4928,835,514,695,331,934,,113,census2021-ts067-ward.csv,1506.0
2021,Ansdell,E05005185,3563,503,253,467,212,516,,112,census2021-ts067-ward.csv,1500.0
2021,Ashton (Fylde),E05005186,3963,722,346,532,249,630,,106,census2021-ts067-ward.csv,1378.0
2021,Central (Fylde),E05005187,3841,713,383,506,201,647,,102,census2021-ts067-ward.csv,1289.0
2021,Clifton (Fylde),E05005188,3583,562,343,458,192,525,,118,census2021-ts067-ward.csv,1385.0
2021,Elswick and Little Eccleston,E05005189,1399,191,121,181,103,221,,36,census2021-ts067-ward.csv,546.0
2021,Fairhaven,E05005190,3706,583,318,432,222,528,,93,census2021-ts067-ward.csv,1530.0
2021,Freckleton East,E05005191,2662,505,251,357,220,463,,91,census2021-ts067-ward.csv,775.0
2021,Freckleton West,E05005192,2320,422,254,321,188,443,,59,census2021-ts067-ward.csv,633.0
2021,Heyhouses,E05005193,4434,716,446,621,288,784,,124,census2021-ts067-ward.csv,1455.0
2021,Kilnhouse,E05005194,3400,683,360,502,224,598,,68,census2021-ts067-ward.csv,965.0
2021,Kirkham North,E05005195,3894,587,359,568,274,697,,104,census2021-ts067-ward.csv,1305.0
2021,Kirkham South,E05005196,2790,538,320,438,187,493,,106,census2021-ts067-ward.csv,708.0
2021,Medlar-with-Wesham,E05005197,3585,529,327,539,212,752,,89,census2021-ts067-ward.csv,1137.0
2021,Newton and Treales,E05005198,2750,383,220,327,172,584,,60,census2021-ts067-ward.csv,1004.0
2021,Park (Fylde),E05005199,4319,640,349,651,263,677,,126,census2021-ts067-ward.csv,1613.0
2021,Ribby-with-Wrea,E05005200,1585,164,122,192,86,257,,21,census2021-ts067-ward.csv,743.0
2021,St Johns (Fylde),E05005201,3853,490,316,538,216,695,,86,census2021-ts067-ward.csv,1512.0
2021,St Leonards (Fylde),E05005202,4170,722,416,610,259,797,,104,census2021-ts067-ward.csv,1262.0
2021,Singleton and Greenhalgh,E05005203,1214,200,116,156,86,214,,30,census2021-ts067-ward.csv,412.0
2021,Staining and Weeton,E05005204,2739,360,290,422,166,499,,51,census2021-ts067-ward.csv,951.0
2021,Warton and Westby,E05005205,5472,901,496,787,364,1037,,122,census2021-ts067-ward.csv,1765.0
2021,Altham,E05005206,4288,784,435,661,321,875,,71,census2021-ts067-ward.csv,1141.0
2021,Barnfield (Hyndburn),E05005207,3833,819,374,597,254,636,,105,census2021-ts067-ward.csv,1048.0
2021,Baxenden,E05005208,3329,465,306,486,255,681,,76,census2021-ts067-ward.csv,1060.0
2021,Central (Hyndburn),E05005209,4343,1523,568,628,170,575,,148,census2021-ts067-ward.csv,731.0
2021,Church (Hyndburn),E05005210,4034,1111,506,621,238,618,,134,census2021-ts067-ward.csv,806.0
2021,Clayton-le-Moors,E05005211,3706,747,387,467,294,687,,75,census2021-ts067-ward.csv,1049.0
2021,Huncoat,E05005212,3855,691,387,581,291,730,,100,census2021-ts067-ward.csv,1075.0
2021,Immanuel,E05005213,3601,789,318,460,352,621,,94,census2021-ts067-ward.csv,967.0
2021,Milnshaw,E05005214,3945,1082,414,509,297,638,,108,census2021-ts067-ward.csv,897.0
2021,Netherton,E05005215,3821,1001,388,508,257,645,,90,census2021-ts067-ward.csv,932.0
2021,Overton (Hyndburn),E05005216,5169,986,485,707,396,975,,110,census2021-ts067-ward.csv,1510.0
2021,Peel,E05005217,3464,827,409,593,241,599,,85,census2021-ts067-ward.csv,710.0
2021,Rishton,E05005218,5468,1105,587,743,447,992,,115,census2021-ts067-ward.csv,1479.0
2021,St Andrew's (Hyndburn),E05005219,3614,812,364,540,279,655,,97,census2021-ts067-ward.csv,867.0
2021,St Oswald's (Hyndburn),E05005220,5114,930,470,659,475,988,,132,census2021-ts067-ward.csv,1460.0
2021,Spring Hill,E05005221,4044,1281,445,561,209,610,,153,census2021-ts067-ward.csv,785.0
2021,Cribden,E05005316,3106,500,276,410,151,555,,67,census2021-ts067-ward.csv,1147.0
2021,Eden,E05005317,2999,378,225,386,170,559,,69,census2021-ts067-ward.csv,1212.0
2021,Facit and Shawforth,E05005318,3098,634,295,415,222,625,,67,census2021-ts067-ward.csv,840.0
2021,Goodshaw,E05005319,3349,462,284,438,216,612,,86,census2021-ts067-ward.csv,1251.0
2021,Greenfield (Rossendale),E05005320,4659,771,451,699,309,845,,114,census2021-ts067-ward.csv,1470.0
2021,Greensclough,E05005321,4949,959,465,767,345,895,,121,census2021-ts067-ward.csv,1397.0
2021,Hareholme,E05005322,4520,885,467,642,265,764,,97,census2021-ts067-ward.csv,1400.0
2021,Healey and Whitworth,E05005323,3298,611,315,478,265,636,,66,census2021-ts067-ward.csv,927.0
2021,Helmshore,E05005324,5031,754,405,673,335,932,,119,census2021-ts067-ward.csv,1813.0
2021,Irwell,E05005325,4854,996,535,742,305,954,,96,census2021-ts067-ward.csv,1226.0
2021,Longholme,E05005326,4822,889,434,693,254,857,,85,census2021-ts067-ward.csv,1610.0
2021,Stacksteads,E05005327,3226,790,338,483,201,557,,70,census2021-ts067-ward.csv,787.0
2021,Whitewell,E05005328,4644,904,437,675,286,915,,100,census2021-ts067-ward.csv,1327.0
2021,Worsley,E05005329,4745,1139,507,644,328,854,,115,census2021-ts067-ward.csv,1158.0
2021,Ashurst,E05005357,5486,1005,608,878,303,1073,,124,census2021-ts067-ward.csv,1495.0
2021,Aughton and Downholland,E05005358,4623,705,382,605,276,719,,105,census2021-ts067-ward.csv,1831.0
2021,Aughton Park,E05005359,3239,457,248,417,160,539,,68,census2021-ts067-ward.csv,1350.0
2021,Birch Green,E05005360,3519,947,460,518,191,662,,103,census2021-ts067-ward.csv,638.0
2021,Burscough East,E05005361,3774,618,329,532,234,655,,104,census2021-ts067-ward.csv,1302.0
2021,Burscough West,E05005362,4148,648,377,593,277,763,,138,census2021-ts067-ward.csv,1352.0
2021,Derby (West Lancashire),E05005363,8673,637,348,780,293,4415,,94,census2021-ts067-ward.csv,2106.0
2021,Digmoor,E05005364,3615,1063,456,554,225,558,,145,census2021-ts067-ward.csv,614.0
2021,Halsall,E05005365,1868,336,165,267,133,318,,54,census2021-ts067-ward.csv,595.0
2021,Hesketh-with-Becconsall,E05005366,3484,568,344,524,227,740,,62,census2021-ts067-ward.csv,1019.0
2021,Knowsley,E05005367,4954,696,411,596,291,1103,,123,census2021-ts067-ward.csv,1734.0
2021,Moorside (West Lancashire),E05005368,3090,854,376,522,169,500,,95,census2021-ts067-ward.csv,574.0
2021,North Meols,E05005369,3997,799,362,551,307,716,,127,census2021-ts067-ward.csv,1135.0
2021,Parbold,E05005370,3085,346,217,382,152,487,,73,census2021-ts067-ward.csv,1428.0
2021,Rufford,E05005371,1850,241,170,241,112,303,,43,census2021-ts067-ward.csv,740.0
2021,Scarisbrick,E05005372,3507,671,315,470,272,612,,112,census2021-ts067-ward.csv,1055.0
2021,Scott,E05005373,5378,821,438,647,266,1354,,103,census2021-ts067-ward.csv,1749.0
2021,Skelmersdale North,E05005374,3175,875,375,506,178,556,,75,census2021-ts067-ward.csv,610.0
2021,Skelmersdale South,E05005375,5325,1267,652,828,336,981,,141,census2021-ts067-ward.csv,1120.0
2021,Tanhouse,E05005376,4046,1006,475,706,257,705,,90,census2021-ts067-ward.csv,807.0
2021,Tarleton,E05005377,5089,929,433,671,338,887,,162,census2021-ts067-ward.csv,1669.0
2021,Up Holland,E05005378,5289,983,494,757,334,913,,112,census2021-ts067-ward.csv,1696.0
2021,Wrightington,E05005379,3503,508,294,441,238,540,,94,census2021-ts067-ward.csv,1388.0
2021,Bickerstaffe,E05005380,1857,284,179,229,122,318,,38,census2021-ts067-ward.csv,687.0
2021,Newburgh,E05005381,1763,221,153,243,84,259,,34,census2021-ts067-ward.csv,769.0
2021,Blaby South,E05005408,4267,831,455,647,348,780,,108,census2021-ts067-ward.csv,1098.0
2021,Cosby with South Whetstone,E05005409,4407,641,415,628,312,914,,95,census2021-ts067-ward.csv,1402.0
2021,Countesthorpe,E05005410,6482,1031,633,928,533,1270,,152,census2021-ts067-ward.csv,1935.0
2021,Croft Hill,E05005411,2069,359,222,281,162,379,,62,census2021-ts067-ward.csv,604.0
2021,Ellis,E05005412,4863,814,462,628,314,870,,122,census2021-ts067-ward.csv,1653.0
2021,Enderby and St John's,E05005413,4906,775,505,735,300,918,,92,census2021-ts067-ward.csv,1581.0
2021,Fairestone,E05005414,4061,865,385,482,329,644,,108,census2021-ts067-ward.csv,1248.0
2021,Millfield (Blaby),E05005416,2213,503,242,270,159,392,,61,census2021-ts067-ward.csv,586.0
2021,Muxloe,E05005417,3626,566,278,486,227,557,,88,census2021-ts067-ward.csv,1424.0
2021,Narborough and Littlethorpe,E05005418,4420,681,450,661,337,841,,105,census2021-ts067-ward.csv,1345.0
2021,Normanton (Blaby),E05005419,2344,376,245,342,162,456,,51,census2021-ts067-ward.csv,712.0
2021,North Whetstone,E05005420,4299,779,405,659,362,869,,108,census2021-ts067-ward.csv,1117.0
2021,Pastures,E05005421,3997,509,375,636,294,812,,82,census2021-ts067-ward.csv,1289.0
2021,Ravenhurst and Fosse,E05005422,5899,1352,696,798,387,951,,197,census2021-ts067-ward.csv,1518.0
2021,Saxondale,E05005423,6078,1171,640,836,441,1139,,142,census2021-ts067-ward.csv,1709.0
2021,Stanton and Flamville,E05005424,7522,1192,736,1096,542,1463,,139,census2021-ts067-ward.csv,2354.0
2021,Anstey,E05005426,6264,1171,586,882,434,1124,,151,census2021-ts067-ward.csv,1916.0
2021,Barrow and Sileby West,E05005427,6013,835,535,815,393,1101,,118,census2021-ts067-ward.csv,2216.0
2021,Birstall Wanlip,E05005428,6174,934,599,776,339,1042,,161,census2021-ts067-ward.csv,2323.0
2021,Birstall Watermead,E05005429,5548,1105,637,759,404,947,,128,census2021-ts067-ward.csv,1568.0
2021,East Goscote,E05005430,2371,423,274,343,211,478,,71,census2021-ts067-ward.csv,571.0
2021,Forest Bradgate,E05005431,2809,303,187,393,141,497,,40,census2021-ts067-ward.csv,1248.0
2021,Loughborough Ashby,E05005432,6678,597,328,418,166,4017,,135,census2021-ts067-ward.csv,1017.0
2021,Loughborough Dishley and Hathern,E05005433,5347,920,526,723,350,911,,127,census2021-ts067-ward.csv,1790.0
2021,Loughborough Garendon,E05005434,4818,861,445,569,350,833,,145,census2021-ts067-ward.csv,1615.0
2021,Loughborough Hastings,E05005435,5526,1120,606,729,291,908,,167,census2021-ts067-ward.csv,1705.0
2021,Loughborough Lemyngton,E05005436,5977,1104,579,679,245,1179,,235,census2021-ts067-ward.csv,1956.0
2021,Loughborough Nanpantan,E05005437,4576,299,199,342,130,1772,,88,census2021-ts067-ward.csv,1746.0
2021,Loughborough Outwoods,E05005438,4859,593,341,481,271,952,,115,census2021-ts067-ward.csv,2106.0
2021,Loughborough Shelthorpe,E05005439,7450,1196,734,976,392,1282,,143,census2021-ts067-ward.csv,2727.0
2021,Loughborough Southfields,E05005440,6941,577,279,521,194,2729,,139,census2021-ts067-ward.csv,2502.0
2021,Loughborough Storer,E05005441,5894,843,370,495,221,2436,,113,census2021-ts067-ward.csv,1416.0
2021,Mountsorrel,E05005442,5720,903,606,811,398,1101,,103,census2021-ts067-ward.csv,1798.0
2021,Queniborough,E05005443,3900,550,388,525,243,689,,77,census2021-ts067-ward.csv,1428.0
2021,Quorn and Mountsorrel Castle,E05005444,6044,796,461,705,309,942,,103,census2021-ts067-ward.csv,2728.0
2021,Rothley and Thurcaston,E05005445,6670,757,506,837,387,1164,,126,census2021-ts067-ward.csv,2893.0
2021,Shepshed East,E05005446,5839,984,623,885,492,1094,,182,census2021-ts067-ward.csv,1579.0
2021,Shepshed West,E05005447,6497,1188,701,924,519,1263,,164,census2021-ts067-ward.csv,1738.0
2021,Sileby,E05005448,6720,1115,733,1013,486,1369,,131,census2021-ts067-ward.csv,1873.0
2021,Syston East,E05005449,5869,1227,659,868,456,993,,137,census2021-ts067-ward.csv,1529.0
2021,Syston West,E05005450,5297,992,583,761,350,918,,86,census2021-ts067-ward.csv,1607.0
2021,The Wolds,E05005451,2697,292,210,357,147,390,,51,census2021-ts067-ward.csv,1250.0
2021,Thurmaston,E05005452,8094,2108,948,1040,530,1166,,236,census2021-ts067-ward.csv,2066.0
2021,Wreake Villages,E05005453,2515,328,216,340,137,452,,70,census2021-ts067-ward.csv,972.0
2021,Ambien,E05005479,3190,485,284,453,206,578,,65,census2021-ts067-ward.csv,1119.0
2021,"Barlestone, Nailstone and Osbaston",E05005480,2747,536,277,397,197,538,,68,census2021-ts067-ward.csv,734.0
2021,Barwell,E05005481,7578,1661,1022,1130,529,1407,,176,census2021-ts067-ward.csv,1653.0
2021,Burbage St Catherines and Lash Hill,E05005482,5063,1088,553,721,304,865,,118,census2021-ts067-ward.csv,1414.0
2021,Burbage Sketchley and Stretton,E05005483,8625,1281,740,1152,562,1538,,204,census2021-ts067-ward.csv,3148.0
2021,"Cadeby, Carlton and Market Bosworth with Shackerstone",E05005484,3061,397,225,406,174,460,,63,census2021-ts067-ward.csv,1336.0
2021,Earl Shilton,E05005485,8756,1900,1045,1333,584,1638,,236,census2021-ts067-ward.csv,2020.0
2021,Groby,E05005486,5627,908,541,812,384,975,,155,census2021-ts067-ward.csv,1852.0
2021,Hinckley Castle,E05005487,5789,1158,678,833,356,1068,,147,census2021-ts067-ward.csv,1549.0
2021,Hinckley Clarendon,E05005488,7574,1328,883,1175,508,1475,,143,census2021-ts067-ward.csv,2062.0
2021,Hinckley De Montfort,E05005489,8855,1525,974,1262,580,1576,,243,census2021-ts067-ward.csv,2695.0
2021,Hinckley Trinity,E05005490,5946,1221,769,905,399,1073,,171,census2021-ts067-ward.csv,1408.0
2021,"Markfield, Stanton and Fieldhead",E05005491,5103,945,506,668,388,900,,161,census2021-ts067-ward.csv,1535.0
2021,Newbold Verdon with Desford and Peckleton,E05005492,7276,1286,666,1008,491,1211,,216,census2021-ts067-ward.csv,2398.0
2021,"Ratby, Bagworth and Thornton",E05005493,6045,1058,618,930,407,1146,,141,census2021-ts067-ward.csv,1745.0
2021,Twycross and Witherley with Sheepy,E05005494,2687,430,246,402,129,450,,68,census2021-ts067-ward.csv,962.0
2021,Asfordby,E05005495,2946,569,299,464,204,581,,69,census2021-ts067-ward.csv,760.0
2021,Bottesford (Melton),E05005496,3087,479,236,440,202,533,,84,census2021-ts067-ward.csv,1113.0
2021,Croxton Kerrial,E05005497,1566,211,139,207,85,296,,35,census2021-ts067-ward.csv,593.0
2021,Frisby-on-the-Wreake,E05005498,1637,151,122,245,99,304,,27,census2021-ts067-ward.csv,689.0
2021,Gaddesby,E05005499,1475,189,117,204,83,257,,34,census2021-ts067-ward.csv,591.0
2021,Long Clawson and Stathern,E05005500,3492,434,279,464,199,577,,89,census2021-ts067-ward.csv,1450.0
2021,Melton Craven,E05005501,3015,587,352,450,241,550,,101,census2021-ts067-ward.csv,734.0
2021,Melton Dorian,E05005502,4524,836,562,685,351,878,,145,census2021-ts067-ward.csv,1067.0
2021,Melton Egerton,E05005503,3236,689,392,548,229,580,,88,census2021-ts067-ward.csv,710.0
2021,Melton Newport,E05005504,4469,710,476,663,331,902,,135,census2021-ts067-ward.csv,1252.0
2021,Melton Sysonby,E05005505,4475,677,483,705,322,929,,122,census2021-ts067-ward.csv,1237.0
2021,Melton Warwick,E05005506,3017,601,308,424,182,503,,78,census2021-ts067-ward.csv,921.0
2021,Old Dalby,E05005507,1616,257,153,215,88,302,,38,census2021-ts067-ward.csv,563.0
2021,Somerby,E05005508,1549,211,140,207,101,261,,28,census2021-ts067-ward.csv,601.0
2021,Waltham-on-the-Wolds,E05005509,1510,227,122,207,93,232,,60,census2021-ts067-ward.csv,569.0
2021,Wymondham,E05005510,1326,206,113,175,83,224,,27,census2021-ts067-ward.csv,498.0
2021,Oadby Brocks Hill,E05005531,3385,508,280,363,131,467,,115,census2021-ts067-ward.csv,1521.0
2021,Oadby Grange,E05005532,5217,563,266,433,112,1842,,103,census2021-ts067-ward.csv,1898.0
2021,Oadby St Peter's,E05005533,3696,774,368,470,202,494,,93,census2021-ts067-ward.csv,1295.0
2021,Oadby Uplands,E05005534,3621,565,304,471,167,506,,109,census2021-ts067-ward.csv,1499.0
2021,Oadby Woodlands,E05005535,3684,464,316,423,111,567,,90,census2021-ts067-ward.csv,1713.0
2021,South Wigston,E05005536,6529,1541,774,993,467,1142,,179,census2021-ts067-ward.csv,1433.0
2021,Wigston All Saints,E05005537,4982,1172,582,674,398,836,,139,census2021-ts067-ward.csv,1181.0
2021,Wigston Fields,E05005538,5504,1245,668,778,366,929,,162,census2021-ts067-ward.csv,1356.0
2021,Wigston Meadowcourt,E05005539,5253,879,537,683,394,1016,,120,census2021-ts067-ward.csv,1624.0
2021,Wigston St Wolstan's,E05005540,5341,1060,485,747,344,932,,168,census2021-ts067-ward.csv,1605.0
2021,Ashby de la Launde and Cranwell,E05005618,4805,602,387,683,223,1186,,83,census2021-ts067-ward.csv,1641.0
2021,Bassingham and Brant Broughton,E05005619,4447,592,372,624,262,832,,126,census2021-ts067-ward.csv,1639.0
2021,"Billinghay, Martin and North Kyme",E05005620,4525,1040,494,692,280,850,,132,census2021-ts067-ward.csv,1037.0
2021,Bracebridge Heath and Waddington East,E05005621,8164,976,670,1176,523,1981,,183,census2021-ts067-ward.csv,2655.0
2021,Branston (North Kesteven),E05005622,4573,692,452,687,297,865,,127,census2021-ts067-ward.csv,1453.0
2021,Cliff Villages,E05005623,4696,708,370,607,304,853,,142,census2021-ts067-ward.csv,1712.0
2021,"Eagle, Swinderby and Witham St Hughs",E05005624,5367,661,487,777,302,1093,,82,census2021-ts067-ward.csv,1965.0
2021,Heckington Rural,E05005625,4920,978,543,772,321,880,,141,census2021-ts067-ward.csv,1285.0
2021,Heighington and Washingborough,E05005626,6004,905,623,804,446,1151,,165,census2021-ts067-ward.csv,1910.0
2021,Kirkby la Thorpe and South Kyme,E05005627,2109,380,219,342,122,407,,55,census2021-ts067-ward.csv,584.0
2021,Leasingham and Rauceby,E05005628,1851,312,184,270,111,348,,76,census2021-ts067-ward.csv,550.0
2021,Metheringham,E05005629,4521,773,421,718,300,839,,111,census2021-ts067-ward.csv,1359.0
2021,North Hykeham Forum,E05005630,1573,274,157,228,133,289,,53,census2021-ts067-ward.csv,439.0
2021,North Hykeham Memorial,E05005631,3070,521,297,443,219,633,,68,census2021-ts067-ward.csv,889.0
2021,North Hykeham Mill,E05005632,5066,627,472,785,290,1061,,87,census2021-ts067-ward.csv,1744.0
2021,North Hykeham Moor,E05005633,2190,397,265,319,215,415,,82,census2021-ts067-ward.csv,497.0
2021,North Hykeham Witham,E05005634,1978,467,239,260,196,318,,78,census2021-ts067-ward.csv,420.0
2021,Osbournby,E05005635,2113,299,236,292,117,397,,55,census2021-ts067-ward.csv,717.0
2021,Ruskington,E05005636,4814,997,535,749,292,915,,155,census2021-ts067-ward.csv,1171.0
2021,Skellingthorpe,E05005637,3043,531,316,416,242,614,,83,census2021-ts067-ward.csv,841.0
2021,Sleaford Castle,E05005638,2247,410,270,351,118,480,,61,census2021-ts067-ward.csv,557.0
2021,Sleaford Holdingham,E05005639,2868,518,345,487,173,581,,71,census2021-ts067-ward.csv,693.0
2021,Sleaford Navigation,E05005640,2130,522,254,337,127,370,,76,census2021-ts067-ward.csv,444.0
2021,Sleaford Quarrington and Mareham,E05005641,6410,788,621,1022,367,1444,,126,census2021-ts067-ward.csv,2042.0
2021,Sleaford Westholme,E05005642,2355,570,276,398,159,399,,71,census2021-ts067-ward.csv,482.0
2021,Waddington West,E05005643,2176,349,235,327,207,463,,47,census2021-ts067-ward.csv,548.0
2021,Crowland and Deeping St Nicholas,E05005644,5547,1015,697,895,379,1106,,151,census2021-ts067-ward.csv,1304.0
2021,"Donington, Quadring and Gosberton",E05005645,6201,1532,727,1009,442,1035,,214,census2021-ts067-ward.csv,1242.0
2021,Fleet,E05005646,2130,564,264,319,147,356,,97,census2021-ts067-ward.csv,383.0
2021,Gedney,E05005647,1948,493,305,304,122,318,,63,census2021-ts067-ward.csv,343.0
2021,Holbeach Hurn,E05005648,1969,464,270,325,132,315,,74,census2021-ts067-ward.csv,389.0
2021,Holbeach Town,E05005649,6714,1763,839,1115,524,1063,,257,census2021-ts067-ward.csv,1153.0
2021,Long Sutton,E05005650,6466,1750,806,1091,405,1022,,253,census2021-ts067-ward.csv,1139.0
2021,"Moulton, Weston and Cowbit",E05005651,6046,1316,713,989,382,1123,,163,census2021-ts067-ward.csv,1360.0
2021,Pinchbeck and Surfleet,E05005652,6136,1337,780,981,474,1030,,203,census2021-ts067-ward.csv,1331.0
2021,Spalding Castle,E05005653,2186,551,258,340,160,311,,97,census2021-ts067-ward.csv,469.0
2021,Spalding Monks House,E05005654,4872,1176,586,733,380,720,,242,census2021-ts067-ward.csv,1035.0
2021,Spalding St John's,E05005655,5434,1481,664,734,356,719,,381,census2021-ts067-ward.csv,1099.0
2021,Spalding St Mary's,E05005656,3865,1045,449,548,268,537,,195,census2021-ts067-ward.csv,823.0
2021,Spalding St Paul's,E05005657,4576,1279,625,681,352,575,,245,census2021-ts067-ward.csv,819.0
2021,Spalding Wygate,E05005658,5234,1138,579,807,397,841,,245,census2021-ts067-ward.csv,1227.0
2021,Sutton Bridge,E05005659,3688,1042,521,611,242,578,,121,census2021-ts067-ward.csv,573.0
2021,The Saints,E05005660,2244,525,299,368,175,381,,62,census2021-ts067-ward.csv,434.0
2021,Whaplode and Holbeach St John's,E05005661,3739,922,463,575,261,644,,129,census2021-ts067-ward.csv,745.0
2021,Acle,E05005757,2411,514,291,372,147,402,,78,census2021-ts067-ward.csv,607.0
2021,Aylsham,E05005758,7470,1330,844,1185,465,1279,,205,census2021-ts067-ward.csv,2162.0
2021,Blofield with South Walsham,E05005759,5344,851,576,836,336,918,,142,census2021-ts067-ward.csv,1685.0
2021,Brundall,E05005760,5277,777,522,798,351,933,,148,census2021-ts067-ward.csv,1748.0
2021,Burlingham,E05005761,2253,428,253,342,175,440,,81,census2021-ts067-ward.csv,534.0
2021,Buxton,E05005762,2277,346,229,382,186,432,,59,census2021-ts067-ward.csv,643.0
2021,Coltishall,E05005763,2381,445,222,359,165,449,,57,census2021-ts067-ward.csv,684.0
2021,Drayton North,E05005764,2388,324,286,412,166,493,,45,census2021-ts067-ward.csv,662.0
2021,Drayton South,E05005765,2083,464,213,299,153,339,,80,census2021-ts067-ward.csv,535.0
2021,Eynesford,E05005766,2767,524,288,423,175,509,,74,census2021-ts067-ward.csv,774.0
2021,Great Witchingham,E05005767,2306,424,245,336,160,361,,58,census2021-ts067-ward.csv,722.0
2021,Hellesdon North West,E05005768,4897,1118,597,753,476,782,,158,census2021-ts067-ward.csv,1013.0
2021,Hellesdon South East,E05005769,4590,898,546,695,424,804,,141,census2021-ts067-ward.csv,1082.0
2021,Hevingham,E05005770,2431,515,283,396,213,421,,62,census2021-ts067-ward.csv,541.0
2021,Horsford and Felthorpe,E05005771,4600,781,555,849,290,913,,85,census2021-ts067-ward.csv,1127.0
2021,Marshes,E05005772,2710,517,286,436,214,468,,66,census2021-ts067-ward.csv,723.0
2021,Old Catton and Sprowston West,E05005773,7146,1213,849,1158,564,1312,,189,census2021-ts067-ward.csv,1861.0
2021,Plumstead,E05005774,2895,370,243,480,156,567,,72,census2021-ts067-ward.csv,1007.0
2021,Reepham,E05005775,2251,358,235,334,142,378,,58,census2021-ts067-ward.csv,746.0
2021,Spixworth with St Faiths,E05005776,4523,881,534,689,438,837,,131,census2021-ts067-ward.csv,1013.0
2021,Sprowston Central,E05005777,4473,869,533,694,338,864,,131,census2021-ts067-ward.csv,1044.0
2021,Sprowston East,E05005778,7976,1471,929,1207,686,1482,,225,census2021-ts067-ward.csv,1976.0
2021,Taverham North,E05005779,4309,609,468,764,254,889,,108,census2021-ts067-ward.csv,1217.0
2021,Taverham South,E05005780,3883,630,418,642,321,693,,121,census2021-ts067-ward.csv,1058.0
2021,Thorpe St Andrew North West,E05005781,6269,1167,712,909,478,1122,,189,census2021-ts067-ward.csv,1692.0
2021,Thorpe St Andrew South East,E05005782,5936,767,556,909,313,1068,,132,census2021-ts067-ward.csv,2191.0
2021,Wroxham,E05005783,4661,821,539,706,332,876,,114,census2021-ts067-ward.csv,1273.0
2021,Bradwell North,E05005784,5481,1306,631,802,469,1013,,183,census2021-ts067-ward.csv,1077.0
2021,Bradwell South and Hopton,E05005785,6438,1481,716,1067,501,1219,,179,census2021-ts067-ward.csv,1275.0
2021,Caister North,E05005786,3805,1036,502,554,305,626,,156,census2021-ts067-ward.csv,626.0
2021,Caister South,E05005787,3864,1030,501,637,321,583,,130,census2021-ts067-ward.csv,662.0
2021,Central and Northgate,E05005788,6924,2157,1008,1063,412,950,,265,census2021-ts067-ward.csv,1069.0
2021,Claydon,E05005789,6242,1755,873,1027,385,1067,,197,census2021-ts067-ward.csv,938.0
2021,East Flegg,E05005790,4407,1205,513,691,343,706,,179,census2021-ts067-ward.csv,770.0
2021,Fleggburgh,E05005791,2284,404,255,335,163,437,,64,census2021-ts067-ward.csv,626.0
2021,Gorleston,E05005792,4481,860,518,696,304,715,,139,census2021-ts067-ward.csv,1249.0
2021,Lothingland (Great Yarmouth),E05005793,4807,1192,600,710,411,839,,144,census2021-ts067-ward.csv,911.0
2021,Magdalen,E05005794,5914,1590,821,931,358,900,,190,census2021-ts067-ward.csv,1124.0
2021,Nelson (Great Yarmouth),E05005795,7266,2527,1080,1064,420,789,,344,census2021-ts067-ward.csv,1042.0
2021,Ormesby (Great Yarmouth),E05005796,4083,908,476,681,360,714,,139,census2021-ts067-ward.csv,805.0
2021,St Andrews (Great Yarmouth),E05005797,4068,1017,560,648,292,685,,116,census2021-ts067-ward.csv,750.0
2021,Southtown and Cobholm,E05005798,4408,1310,669,716,304,639,,138,census2021-ts067-ward.csv,632.0
2021,West Flegg,E05005799,4529,982,528,712,370,811,,180,census2021-ts067-ward.csv,946.0
2021,Yarmouth North,E05005800,3717,1164,493,601,250,516,,102,census2021-ts067-ward.csv,591.0
2021,Beckingham,E05006377,2068,370,188,297,166,400,,59,census2021-ts067-ward.csv,588.0
2021,Blyth,E05006378,2017,331,200,270,143,353,,67,census2021-ts067-ward.csv,653.0
2021,Carlton (Bassetlaw),E05006379,4721,1112,543,650,292,838,,114,census2021-ts067-ward.csv,1172.0
2021,Clayworth,E05006380,1593,255,159,217,112,285,,61,census2021-ts067-ward.csv,504.0
2021,East Markham,E05006381,2112,352,196,279,120,399,,45,census2021-ts067-ward.csv,721.0
2021,East Retford East,E05006382,5971,1270,629,861,405,1008,,214,census2021-ts067-ward.csv,1584.0
2021,East Retford North,E05006383,5391,1190,599,850,406,924,,166,census2021-ts067-ward.csv,1256.0
2021,East Retford South,E05006384,4166,817,479,657,285,827,,106,census2021-ts067-ward.csv,995.0
2021,East Retford West,E05006385,4195,724,466,666,265,815,,102,census2021-ts067-ward.csv,1157.0
2021,Everton (Bassetlaw),E05006386,2118,284,152,284,141,363,,52,census2021-ts067-ward.csv,842.0
2021,Harworth,E05006387,7102,1714,841,1225,421,1300,,173,census2021-ts067-ward.csv,1428.0
2021,Langold,E05006388,2085,626,265,302,139,355,,72,census2021-ts067-ward.csv,326.0
2021,Misterton (Bassetlaw),E05006389,2132,365,200,329,161,429,,48,census2021-ts067-ward.csv,600.0
2021,Rampton,E05006390,2000,397,209,239,127,352,,64,census2021-ts067-ward.csv,612.0
2021,Ranskill,E05006391,1983,365,193,251,121,343,,68,census2021-ts067-ward.csv,642.0
2021,Sturton,E05006392,1970,305,198,278,129,381,,51,census2021-ts067-ward.csv,628.0
2021,Sutton (Bassetlaw),E05006393,2673,462,346,414,163,406,,105,census2021-ts067-ward.csv,777.0
2021,Tuxford and Trent,E05006394,3831,854,393,533,234,686,,104,census2021-ts067-ward.csv,1027.0
2021,Welbeck,E05006395,1673,379,187,242,108,297,,44,census2021-ts067-ward.csv,416.0
2021,Worksop East,E05006396,5248,1379,630,783,419,843,,184,census2021-ts067-ward.csv,1010.0
2021,Worksop North,E05006397,7736,1351,818,1262,510,1511,,181,census2021-ts067-ward.csv,2103.0
2021,Worksop North East,E05006398,5238,1227,586,683,412,885,,200,census2021-ts067-ward.csv,1245.0
2021,Worksop North West,E05006399,6749,1386,748,1027,454,1145,,235,census2021-ts067-ward.csv,1754.0
2021,Worksop South,E05006400,6035,1080,624,872,393,1000,,232,census2021-ts067-ward.csv,1834.0
2021,Worksop South East,E05006401,6554,2416,802,921,388,818,,241,census2021-ts067-ward.csv,968.0
2021,Alvescot and Filkins,E05006627,1543,147,126,248,51,255,,37,census2021-ts067-ward.csv,679.0
2021,Ascott and Shipton,E05006628,1840,254,131,208,87,261,,25,census2021-ts067-ward.csv,874.0
2021,Bampton and Clanfield,E05006629,3439,490,348,442,174,555,,72,census2021-ts067-ward.csv,1358.0
2021,Carterton North East,E05006632,4610,453,479,812,234,1177,,98,census2021-ts067-ward.csv,1357.0
2021,Carterton South,E05006634,3362,528,395,535,205,708,,96,census2021-ts067-ward.csv,895.0
2021,Chipping Norton,E05006637,5986,1041,563,744,306,924,,171,census2021-ts067-ward.csv,2237.0
2021,Ducklington,E05006638,2012,349,214,284,100,351,,37,census2021-ts067-ward.csv,677.0
2021,Eynsham and Cassington,E05006639,5313,780,459,624,328,720,,147,census2021-ts067-ward.csv,2255.0
2021,Freeland and Hanborough,E05006640,4097,500,352,513,248,633,,90,census2021-ts067-ward.csv,1761.0
2021,"Kingham, Rollright and Enstone",E05006642,3537,525,290,463,178,531,,68,census2021-ts067-ward.csv,1482.0
2021,Milton-under-Wychwood,E05006643,1849,272,177,239,88,298,,36,census2021-ts067-ward.csv,739.0
2021,North Leigh,E05006644,1815,242,164,227,123,278,,40,census2021-ts067-ward.csv,741.0
2021,"Standlake, Aston and Stanton Harcourt",E05006645,3783,487,357,514,192,561,,64,census2021-ts067-ward.csv,1608.0
2021,Stonesfield and Tackley,E05006646,3635,405,275,471,161,567,,63,census2021-ts067-ward.csv,1693.0
2021,The Bartons,E05006647,1611,221,145,191,92,277,,33,census2021-ts067-ward.csv,652.0
2021,Witney Central,E05006648,4791,900,569,605,279,794,,142,census2021-ts067-ward.csv,1502.0
2021,Witney East,E05006649,6244,806,601,830,308,1027,,138,census2021-ts067-ward.csv,2534.0
2021,Witney North,E05006650,3332,570,322,465,206,516,,82,census2021-ts067-ward.csv,1171.0
2021,Witney South,E05006651,5337,977,601,762,351,851,,157,census2021-ts067-ward.csv,1638.0
2021,Witney West,E05006652,4529,468,455,667,250,891,,94,census2021-ts067-ward.csv,1704.0
2021,Woodstock and Bladon,E05006653,3689,362,256,400,165,476,,68,census2021-ts067-ward.csv,1962.0
2021,Brereton and Ravenhill,E05006902,5677,1354,704,873,364,1021,,181,census2021-ts067-ward.csv,1180.0
2021,Cannock East,E05006903,5853,1580,819,917,366,956,,165,census2021-ts067-ward.csv,1050.0
2021,Cannock North,E05006904,5832,1706,691,962,362,934,,185,census2021-ts067-ward.csv,992.0
2021,Cannock South,E05006905,6757,1753,820,1077,380,1185,,180,census2021-ts067-ward.csv,1362.0
2021,Cannock West,E05006906,6070,1207,641,911,332,1151,,176,census2021-ts067-ward.csv,1652.0
2021,Etching Hill and The Heath,E05006907,5515,1162,687,846,359,1017,,156,census2021-ts067-ward.csv,1288.0
2021,Hagley (Cannock Chase),E05006908,3616,871,464,584,204,687,,83,census2021-ts067-ward.csv,723.0
2021,Hawks Green,E05006909,5712,696,639,954,320,1362,,94,census2021-ts067-ward.csv,1647.0
2021,Heath Hayes East and Wimblebury,E05006910,5158,1037,599,845,302,1010,,123,census2021-ts067-ward.csv,1242.0
2021,Hednesford Green Heath,E05006911,5606,878,623,939,323,1181,,132,census2021-ts067-ward.csv,1530.0
2021,Hednesford North,E05006912,5814,1427,705,902,345,1064,,160,census2021-ts067-ward.csv,1211.0
2021,Hednesford South,E05006913,4530,868,521,697,307,926,,115,census2021-ts067-ward.csv,1096.0
2021,Norton Canes,E05006914,6771,1495,805,1105,410,1295,,164,census2021-ts067-ward.csv,1497.0
2021,Rawnsley,E05006915,3911,776,422,578,264,747,,93,census2021-ts067-ward.csv,1031.0
2021,Western Springs,E05006916,5660,1323,686,887,353,990,,173,census2021-ts067-ward.csv,1248.0
2021,Abbey (East Staffordshire),E05006917,2444,431,216,330,131,436,,49,census2021-ts067-ward.csv,851.0
2021,Anglesey (East Staffordshire),E05006918,5974,1787,772,831,374,749,,317,census2021-ts067-ward.csv,1144.0
2021,Bagots,E05006919,2330,361,195,317,121,397,,55,census2021-ts067-ward.csv,884.0
2021,Branston (East Staffordshire),E05006920,7509,1169,747,1067,454,1493,,192,census2021-ts067-ward.csv,2387.0
2021,Brizlincote,E05006921,4438,713,382,653,281,836,,124,census2021-ts067-ward.csv,1449.0
2021,Burton (East Staffordshire),E05006922,3518,807,398,503,217,588,,159,census2021-ts067-ward.csv,846.0
2021,Churnet (East Staffordshire),E05006923,2332,515,243,356,132,365,,56,census2021-ts067-ward.csv,665.0
2021,Crown,E05006924,3173,569,328,496,218,541,,64,census2021-ts067-ward.csv,957.0
2021,Eton Park,E05006925,6097,1530,772,923,302,982,,228,census2021-ts067-ward.csv,1360.0
2021,Heath (East Staffordshire),E05006926,5638,1169,636,867,353,1067,,127,census2021-ts067-ward.csv,1419.0
2021,Horninglow,E05006927,7189,1684,825,1100,454,1164,,268,census2021-ts067-ward.csv,1694.0
2021,Needwood,E05006928,4898,654,395,681,270,817,,99,census2021-ts067-ward.csv,1982.0
2021,Rolleston on Dove,E05006929,2758,389,251,364,176,431,,81,census2021-ts067-ward.csv,1066.0
2021,Shobnall,E05006930,6473,1767,815,819,367,940,,262,census2021-ts067-ward.csv,1503.0
2021,Stapenhill,E05006931,6639,1712,869,1068,458,1045,,216,census2021-ts067-ward.csv,1271.0
2021,Stretton,E05006932,6533,1067,668,948,455,1238,,150,census2021-ts067-ward.csv,2007.0
2021,Town (East Staffordshire),E05006933,5816,1027,559,893,298,1096,,116,census2021-ts067-ward.csv,1827.0
2021,Tutbury and Outwoods,E05006934,5914,882,571,806,354,1077,,138,census2021-ts067-ward.csv,2086.0
2021,Weaver,E05006935,1755,325,139,222,99,292,,49,census2021-ts067-ward.csv,629.0
2021,Winshill,E05006936,6727,1348,788,1007,403,1160,,186,census2021-ts067-ward.csv,1835.0
2021,Yoxall,E05006937,2338,325,188,344,104,363,,53,census2021-ts067-ward.csv,961.0
2021,Bilbrook,E05006988,3470,690,350,475,260,587,,86,census2021-ts067-ward.csv,1022.0
2021,Brewood and Coven,E05006989,5657,1211,522,710,378,915,,149,census2021-ts067-ward.csv,1772.0
2021,Cheslyn Hay North and Saredon,E05006990,3590,729,422,559,227,708,,85,census2021-ts067-ward.csv,860.0
2021,Cheslyn Hay South,E05006991,2994,584,340,449,227,563,,96,census2021-ts067-ward.csv,735.0
2021,Codsall North,E05006992,3748,656,329,540,216,630,,84,census2021-ts067-ward.csv,1293.0
2021,Codsall South,E05006993,3313,493,281,435,199,534,,91,census2021-ts067-ward.csv,1280.0
2021,Essington,E05006994,4320,1011,503,564,293,758,,118,census2021-ts067-ward.csv,1073.0
2021,Featherstone and Shareshill,E05006995,7039,1560,872,1190,476,1176,,276,census2021-ts067-ward.csv,1489.0
2021,Great Wyrley Landywood,E05006996,3918,867,464,611,265,747,,90,census2021-ts067-ward.csv,874.0
2021,Great Wyrley Town,E05006997,5306,1199,611,786,407,977,,127,census2021-ts067-ward.csv,1199.0
2021,Himley and Swindon,E05006998,2180,557,197,263,136,354,,55,census2021-ts067-ward.csv,618.0
2021,Huntington and Hatherton,E05006999,4297,996,489,646,258,797,,101,census2021-ts067-ward.csv,1010.0
2021,Kinver,E05007000,6138,1072,510,874,328,972,,171,census2021-ts067-ward.csv,2211.0
2021,Pattingham and Patshull,E05007001,1860,289,168,244,96,298,,52,census2021-ts067-ward.csv,713.0
2021,Penkridge North East and Acton Trussell,E05007002,3187,554,319,480,220,505,,95,census2021-ts067-ward.csv,1014.0
2021,Penkridge South East,E05007003,4154,630,368,632,225,802,,94,census2021-ts067-ward.csv,1403.0
2021,Penkridge West,E05007004,1851,369,154,301,104,337,,41,census2021-ts067-ward.csv,545.0
2021,Perton Dippons,E05007005,1651,288,166,244,117,310,,52,census2021-ts067-ward.csv,474.0
2021,Perton East,E05007006,1681,180,168,251,98,352,,48,census2021-ts067-ward.csv,584.0
2021,Perton Lakeside,E05007007,5014,794,539,785,309,928,,139,census2021-ts067-ward.csv,1520.0
2021,Trysull and Seisdon,E05007008,1940,381,175,275,116,340,,57,census2021-ts067-ward.csv,596.0
2021,"Wheaton Aston, Bishopswood and Lapley",E05007009,3535,571,342,494,207,634,,87,census2021-ts067-ward.csv,1200.0
2021,Wombourne North and Lower Penn,E05007010,5393,922,492,724,310,925,,147,census2021-ts067-ward.csv,1873.0
2021,Wombourne South East,E05007011,3351,643,304,441,216,572,,102,census2021-ts067-ward.csv,1073.0
2021,Wombourne South West,E05007012,3783,762,432,536,233,703,,100,census2021-ts067-ward.csv,1017.0
2021,Alton,E05007039,1183,194,103,170,63,176,,18,census2021-ts067-ward.csv,459.0
2021,Bagnall and Stanley,E05007040,1396,212,116,159,130,231,,41,census2021-ts067-ward.csv,507.0
2021,Biddulph East,E05007041,4763,1130,507,784,288,895,,137,census2021-ts067-ward.csv,1022.0
2021,Biddulph Moor,E05007042,1393,251,110,190,105,256,,42,census2021-ts067-ward.csv,439.0
2021,Biddulph North,E05007043,4619,802,426,613,371,857,,115,census2021-ts067-ward.csv,1435.0
2021,Biddulph South,E05007044,1422,330,140,180,127,249,,40,census2021-ts067-ward.csv,356.0
2021,Biddulph West,E05007045,4259,957,452,558,369,807,,128,census2021-ts067-ward.csv,988.0
2021,Brown Edge and Endon,E05007046,4053,720,370,557,357,713,,130,census2021-ts067-ward.csv,1206.0
2021,Caverswall,E05007047,1540,354,136,187,132,248,,39,census2021-ts067-ward.csv,444.0
2021,Cellarhead,E05007048,2740,534,263,375,228,539,,116,census2021-ts067-ward.csv,685.0
2021,Cheadle North East,E05007049,2880,711,286,500,198,513,,64,census2021-ts067-ward.csv,608.0
2021,Cheadle South East,E05007050,3020,729,293,453,246,521,,64,census2021-ts067-ward.csv,714.0
2021,Cheadle West,E05007051,4248,916,430,594,287,786,,104,census2021-ts067-ward.csv,1131.0
2021,Checkley,E05007052,4658,815,463,661,316,885,,76,census2021-ts067-ward.csv,1442.0
2021,Cheddleton,E05007053,4484,735,360,669,309,872,,146,census2021-ts067-ward.csv,1393.0
2021,Churnet (Staffordshire Moorlands),E05007054,2731,582,237,357,167,513,,74,census2021-ts067-ward.csv,801.0
2021,Dane,E05007055,1333,275,101,192,62,218,,28,census2021-ts067-ward.csv,457.0
2021,Forsbrook,E05007056,4303,848,430,599,355,793,,125,census2021-ts067-ward.csv,1153.0
2021,Hamps Valley,E05007057,1453,262,134,206,77,243,,40,census2021-ts067-ward.csv,491.0
2021,Horton,E05007058,1602,258,144,196,98,258,,27,census2021-ts067-ward.csv,621.0
2021,Ipstones,E05007059,1515,280,133,198,111,260,,43,census2021-ts067-ward.csv,490.0
2021,Leek East,E05007060,4194,812,432,574,257,709,,111,census2021-ts067-ward.csv,1299.0
2021,Leek North,E05007061,4463,1159,489,672,251,735,,126,census2021-ts067-ward.csv,1031.0
2021,Leek South,E05007062,4720,925,484,700,275,824,,129,census2021-ts067-ward.csv,1383.0
2021,Leek West,E05007063,3760,639,403,544,239,671,,114,census2021-ts067-ward.csv,1150.0
2021,Manifold,E05007064,1487,318,139,191,90,221,,38,census2021-ts067-ward.csv,490.0
2021,Werrington (Staffordshire Moorlands),E05007065,2650,479,257,365,223,500,,74,census2021-ts067-ward.csv,752.0
2021,Amington,E05007066,6796,1410,858,1142,344,1321,,162,census2021-ts067-ward.csv,1559.0
2021,Belgrave (Tamworth),E05007067,6305,1539,857,1099,386,1094,,179,census2021-ts067-ward.csv,1151.0
2021,Bolehall,E05007068,6125,1395,815,1030,318,1131,,166,census2021-ts067-ward.csv,1270.0
2021,Castle (Tamworth),E05007069,6469,1503,777,976,377,1164,,152,census2021-ts067-ward.csv,1520.0
2021,Glascote,E05007070,5969,1685,901,1057,309,914,,194,census2021-ts067-ward.csv,909.0
2021,Mercian,E05007071,5808,1299,741,925,321,1083,,180,census2021-ts067-ward.csv,1259.0
2021,Spital,E05007072,6656,1334,791,1067,331,1230,,181,census2021-ts067-ward.csv,1722.0
2021,Stonydelph,E05007073,6080,1214,849,1102,354,1134,,180,census2021-ts067-ward.csv,1247.0
2021,Trinity (Tamworth),E05007074,6069,1165,775,962,356,1138,,163,census2021-ts067-ward.csv,1510.0
2021,Wilnecote,E05007075,7510,1355,920,1358,396,1519,,156,census2021-ts067-ward.csv,1806.0
2021,Alexandra (Ipswich),E05007117,8935,1520,928,1132,420,1558,,237,census2021-ts067-ward.csv,3140.0
2021,Bixley,E05007118,6198,1095,625,881,475,1013,,208,census2021-ts067-ward.csv,1901.0
2021,Bridge (Ipswich),E05007119,7773,1900,1044,1006,475,1237,,273,census2021-ts067-ward.csv,1838.0
2021,Castle Hill,E05007120,6136,1160,749,914,457,1126,,171,census2021-ts067-ward.csv,1559.0
2021,Gainsborough,E05007121,6802,1882,911,1064,498,1039,,232,census2021-ts067-ward.csv,1176.0
2021,Gipping,E05007122,7451,1964,936,1050,458,1031,,237,census2021-ts067-ward.csv,1775.0
2021,Holywells,E05007123,6781,1129,697,911,384,1397,,204,census2021-ts067-ward.csv,2059.0
2021,Priory Heath,E05007124,7510,1820,982,1103,447,1238,,238,census2021-ts067-ward.csv,1682.0
2021,Rushmere,E05007125,6657,1186,733,1010,400,1142,,203,census2021-ts067-ward.csv,1983.0
2021,St John's (Ipswich),E05007126,7737,1285,804,1100,491,1366,,188,census2021-ts067-ward.csv,2503.0
2021,St Margaret's (Ipswich),E05007127,6910,940,578,875,305,989,,169,census2021-ts067-ward.csv,3054.0
2021,Sprites,E05007128,5459,1489,804,851,408,815,,179,census2021-ts067-ward.csv,913.0
2021,Stoke Park,E05007129,5702,1402,792,959,389,919,,193,census2021-ts067-ward.csv,1048.0
2021,Westgate (Ipswich),E05007130,8115,1932,1012,1085,478,1177,,321,census2021-ts067-ward.csv,2110.0
2021,Whitehouse,E05007131,7134,1758,960,1155,485,1183,,230,census2021-ts067-ward.csv,1363.0
2021,Whitton (Ipswich),E05007132,6532,1791,882,1004,449,1008,,207,census2021-ts067-ward.csv,1191.0
2021,Auriol,E05007273,3297,421,286,430,143,556,,87,census2021-ts067-ward.csv,1374.0
2021,College (Epsom and Ewell),E05007274,4748,441,250,573,109,611,,107,census2021-ts067-ward.csv,2657.0
2021,Court (Epsom and Ewell),E05007275,5812,1013,551,781,226,912,,169,census2021-ts067-ward.csv,2160.0
2021,Cuddington,E05007276,4869,612,380,580,209,732,,163,census2021-ts067-ward.csv,2193.0
2021,Ewell,E05007277,4886,634,372,645,231,743,,115,census2021-ts067-ward.csv,2146.0
2021,Ewell Court,E05007278,4620,759,471,592,270,748,,138,census2021-ts067-ward.csv,1642.0
2021,Nonsuch,E05007279,4984,442,307,616,160,726,,115,census2021-ts067-ward.csv,2618.0
2021,Ruxley,E05007280,5151,893,563,733,251,793,,140,census2021-ts067-ward.csv,1778.0
2021,Stamford,E05007281,5801,539,375,728,208,866,,141,census2021-ts067-ward.csv,2944.0
2021,Stoneleigh,E05007282,3866,469,337,516,161,651,,119,census2021-ts067-ward.csv,1613.0
2021,Town (Epsom and Ewell),E05007283,6829,865,455,744,219,1213,,191,census2021-ts067-ward.csv,3142.0
2021,West Ewell,E05007284,4980,664,443,671,264,878,,114,census2021-ts067-ward.csv,1946.0
2021,Woodcote,E05007285,4775,496,318,573,177,680,,98,census2021-ts067-ward.csv,2433.0
2021,Ash South and Tongham,E05007286,7097,1086,696,993,430,1272,,201,census2021-ts067-ward.csv,2419.0
2021,Ash Vale,E05007287,4651,589,479,661,242,816,,119,census2021-ts067-ward.csv,1745.0
2021,Ash Wharf,E05007288,5016,922,550,698,296,890,,154,census2021-ts067-ward.csv,1506.0
2021,Burpham,E05007289,4606,428,298,541,152,701,,88,census2021-ts067-ward.csv,2398.0
2021,Christchurch,E05007290,4749,309,195,480,112,591,,85,census2021-ts067-ward.csv,2977.0
2021,Clandon and Horsley,E05007291,7184,634,422,895,214,957,,150,census2021-ts067-ward.csv,3912.0
2021,Effingham,E05007292,2225,256,152,339,86,361,,43,census2021-ts067-ward.csv,988.0
2021,Friary and St Nicolas,E05007293,8733,654,457,664,200,1722,,200,census2021-ts067-ward.csv,4836.0
2021,Holy Trinity,E05007294,7048,501,318,627,149,965,,146,census2021-ts067-ward.csv,4342.0
2021,Lovelace,E05007295,2231,293,210,314,124,385,,52,census2021-ts067-ward.csv,853.0
2021,Merrow,E05007296,6404,626,453,809,218,881,,126,census2021-ts067-ward.csv,3291.0
2021,Normandy,E05007297,2649,491,282,293,159,397,,68,census2021-ts067-ward.csv,959.0
2021,Onslow,E05007298,10091,539,220,492,141,4767,,205,census2021-ts067-ward.csv,3727.0
2021,Pilgrims,E05007299,2110,221,158,249,80,309,,39,census2021-ts067-ward.csv,1054.0
2021,Pirbright,E05007300,3801,260,351,724,178,973,,60,census2021-ts067-ward.csv,1255.0
2021,Send,E05007301,3501,413,299,482,160,551,,88,census2021-ts067-ward.csv,1508.0
2021,Shalford,E05007302,4546,488,304,533,185,647,,126,census2021-ts067-ward.csv,2263.0
2021,Stoke (Guildford),E05007303,5145,1133,558,641,289,849,,135,census2021-ts067-ward.csv,1540.0
2021,Stoughton,E05007304,7794,859,569,900,347,1541,,181,census2021-ts067-ward.csv,3397.0
2021,Tillingbourne,E05007305,4715,469,327,604,172,732,,90,census2021-ts067-ward.csv,2321.0
2021,Westborough (Guildford),E05007306,8051,1350,739,775,369,2104,,224,census2021-ts067-ward.csv,2490.0
2021,Worplesdon,E05007307,7018,1020,611,816,384,1146,,203,census2021-ts067-ward.csv,2838.0
2021,Ashtead Common,E05007308,3325,331,235,457,139,504,,85,census2021-ts067-ward.csv,1574.0
2021,Ashtead Park,E05007309,3701,382,263,482,120,531,,99,census2021-ts067-ward.csv,1824.0
2021,Ashtead Village,E05007310,4901,518,350,641,166,679,,113,census2021-ts067-ward.csv,2434.0
2021,Beare Green,E05007311,1638,332,171,226,97,263,,30,census2021-ts067-ward.csv,519.0
2021,Bookham North,E05007312,4927,498,397,647,159,789,,141,census2021-ts067-ward.csv,2296.0
2021,Bookham South,E05007313,4720,572,421,636,217,690,,114,census2021-ts067-ward.csv,2070.0
2021,Box Hill and Headley,E05007314,1715,368,174,231,130,253,,59,census2021-ts067-ward.csv,500.0
2021,"Brockham, Betchworth and Buckland",E05007315,3724,438,319,507,196,580,,78,census2021-ts067-ward.csv,1606.0
2021,"Capel, Leigh and Newdigate",E05007316,3593,488,342,539,208,588,,87,census2021-ts067-ward.csv,1341.0
2021,Charlwood,E05007317,2036,309,256,327,121,377,,43,census2021-ts067-ward.csv,603.0
2021,Dorking North,E05007318,3701,358,240,455,152,568,,86,census2021-ts067-ward.csv,1842.0
2021,Dorking South,E05007319,6092,713,432,767,211,861,,153,census2021-ts067-ward.csv,2955.0
2021,Fetcham East,E05007320,3237,338,288,453,143,481,,59,census2021-ts067-ward.csv,1475.0
2021,Fetcham West,E05007321,3379,295,291,517,190,602,,76,census2021-ts067-ward.csv,1408.0
2021,Holmwoods,E05007322,5154,902,600,782,284,806,,132,census2021-ts067-ward.csv,1648.0
2021,Leatherhead North,E05007323,6214,972,693,839,272,1050,,151,census2021-ts067-ward.csv,2237.0
2021,Leatherhead South,E05007324,3764,421,259,446,144,557,,94,census2021-ts067-ward.csv,1843.0
2021,Leith Hill,E05007325,1377,102,92,188,48,255,,19,census2021-ts067-ward.csv,673.0
2021,"Mickleham, Westhumble and Pixham",E05007326,1629,128,115,235,53,218,,24,census2021-ts067-ward.csv,856.0
2021,Okewood,E05007327,1617,197,126,239,91,268,,29,census2021-ts067-ward.csv,667.0
2021,Westcott,E05007328,1893,240,171,238,66,265,,67,census2021-ts067-ward.csv,846.0
2021,Ashford Common,E05007362,6798,1295,798,1083,427,1168,,191,census2021-ts067-ward.csv,1836.0
2021,Ashford East,E05007363,6238,1047,779,1024,339,1038,,191,census2021-ts067-ward.csv,1820.0
2021,Ashford North and Stanwell South,E05007364,7479,1417,851,1047,393,1044,,272,census2021-ts067-ward.csv,2455.0
2021,Ashford Town,E05007365,6285,902,729,977,329,1084,,161,census2021-ts067-ward.csv,2103.0
2021,Halliford and Sunbury West,E05007366,5290,983,552,701,280,850,,149,census2021-ts067-ward.csv,1775.0
2021,Laleham and Shepperton Green,E05007367,6716,1065,777,1037,410,1184,,186,census2021-ts067-ward.csv,2057.0
2021,Riverside and Laleham,E05007368,5651,760,592,812,311,972,,166,census2021-ts067-ward.csv,2038.0
2021,Shepperton Town,E05007369,5907,910,597,830,335,935,,153,census2021-ts067-ward.csv,2147.0
2021,Staines,E05007370,7466,958,590,943,309,1111,,193,census2021-ts067-ward.csv,3362.0
2021,Staines South,E05007371,5770,1121,716,845,288,911,,178,census2021-ts067-ward.csv,1711.0
2021,Stanwell North,E05007372,6848,1538,916,941,335,936,,275,census2021-ts067-ward.csv,1907.0
2021,Sunbury Common,E05007373,6663,1265,822,967,374,1011,,229,census2021-ts067-ward.csv,1995.0
2021,Sunbury East,E05007374,6243,753,512,819,239,983,,153,census2021-ts067-ward.csv,2784.0
2021,Chaldon,E05007391,1492,170,119,217,51,270,,34,census2021-ts067-ward.csv,631.0
2021,Dormansland and Felcourt,E05007392,3387,422,330,463,163,534,,89,census2021-ts067-ward.csv,1386.0
2021,Felbridge,E05007393,1969,283,165,314,110,355,,43,census2021-ts067-ward.csv,699.0
2021,Godstone,E05007394,5014,784,532,798,256,896,,143,census2021-ts067-ward.csv,1605.0
2021,Harestone,E05007395,3608,320,278,549,124,638,,76,census2021-ts067-ward.csv,1623.0
2021,Limpsfield,E05007396,2998,250,189,404,85,468,,53,census2021-ts067-ward.csv,1549.0
2021,Lingfield and Crowhurst,E05007397,3536,565,344,545,169,620,,94,census2021-ts067-ward.csv,1199.0
2021,Oxted North and Tandridge,E05007398,4725,512,375,635,148,749,,115,census2021-ts067-ward.csv,2191.0
2021,Oxted South,E05007399,5218,776,552,782,231,814,,116,census2021-ts067-ward.csv,1947.0
2021,Portley,E05007400,3660,555,344,608,187,690,,86,census2021-ts067-ward.csv,1190.0
2021,Queens Park (Tandridge),E05007401,3138,475,286,457,152,545,,86,census2021-ts067-ward.csv,1137.0
2021,Tatsfield and Titsey,E05007402,1636,223,165,292,83,275,,46,census2021-ts067-ward.csv,552.0
2021,Valley (Tandridge),E05007403,3546,500,362,515,146,672,,110,census2021-ts067-ward.csv,1241.0
2021,Warlingham East and Chelsham and Farleigh,E05007404,4658,857,507,741,236,821,,134,census2021-ts067-ward.csv,1362.0
2021,Warlingham West,E05007405,2985,359,275,442,103,502,,86,census2021-ts067-ward.csv,1218.0
2021,Westway,E05007406,3794,547,419,610,174,740,,84,census2021-ts067-ward.csv,1220.0
2021,Whyteleafe,E05007407,3659,350,330,557,125,741,,80,census2021-ts067-ward.csv,1476.0
2021,Woldingham,E05007408,1828,227,105,339,59,213,,19,census2021-ts067-ward.csv,866.0
2021,Bletchingley and Nutfield,E05007409,4826,698,403,699,190,785,,122,census2021-ts067-ward.csv,1929.0
2021,"Burstow, Horne and Outwood",E05007410,5152,914,582,763,307,939,,152,census2021-ts067-ward.csv,1495.0
2021,"Alfold, Cranleigh Rural and Ellens Green",E05007411,1715,305,146,218,108,241,,77,census2021-ts067-ward.csv,620.0
2021,Blackheath and Wonersh,E05007412,1533,123,87,172,49,241,,34,census2021-ts067-ward.csv,827.0
2021,"Bramley, Busbridge and Hascombe",E05007413,3998,405,239,488,142,558,,91,census2021-ts067-ward.csv,2075.0
2021,Chiddingfold and Dunsfold,E05007414,3247,328,225,417,102,550,,66,census2021-ts067-ward.csv,1559.0
2021,Cranleigh East,E05007415,5533,742,509,839,282,857,,135,census2021-ts067-ward.csv,2169.0
2021,Cranleigh West,E05007416,4048,514,329,699,148,615,,106,census2021-ts067-ward.csv,1637.0
2021,Elstead and Thursley,E05007417,3282,390,217,435,151,465,,76,census2021-ts067-ward.csv,1548.0
2021,Ewhurst,E05007418,2034,195,139,464,82,297,,48,census2021-ts067-ward.csv,809.0
2021,Farnham Bourne,E05007419,3468,234,159,413,88,425,,56,census2021-ts067-ward.csv,2093.0
2021,Farnham Castle,E05007420,4077,453,285,484,166,758,,140,census2021-ts067-ward.csv,1791.0
2021,Farnham Firgrove,E05007421,3604,345,213,414,127,532,,97,census2021-ts067-ward.csv,1876.0
2021,Farnham Hale and Heath End,E05007422,3622,395,302,510,193,592,,90,census2021-ts067-ward.csv,1540.0
2021,Farnham Moor Park,E05007423,4393,494,253,521,112,794,,104,census2021-ts067-ward.csv,2115.0
2021,Farnham Shortheath and Boundstone,E05007424,3396,373,247,420,118,525,,68,census2021-ts067-ward.csv,1645.0
2021,Farnham Upper Hale,E05007425,3489,463,346,463,194,619,,97,census2021-ts067-ward.csv,1307.0
2021,Farnham Weybourne and Badshot Lea,E05007426,3871,545,323,530,228,691,,86,census2021-ts067-ward.csv,1468.0
2021,Farnham Wrecclesham and Rowledge,E05007427,3986,404,309,575,118,611,,96,census2021-ts067-ward.csv,1873.0
2021,"Frensham, Dockenfield and Tilford",E05007428,3421,366,222,426,105,489,,69,census2021-ts067-ward.csv,1744.0
2021,Godalming Binscombe,E05007429,3342,610,376,422,191,542,,81,census2021-ts067-ward.csv,1120.0
2021,Godalming Central and Ockford,E05007430,4205,600,319,462,155,604,,107,census2021-ts067-ward.csv,1958.0
2021,Godalming Charterhouse,E05007431,3412,272,166,604,97,390,,60,census2021-ts067-ward.csv,1823.0
2021,Godalming Farncombe and Catteshall,E05007432,4189,522,330,431,197,638,,115,census2021-ts067-ward.csv,1956.0
2021,Godalming Holloway,E05007433,3477,180,144,396,74,410,,46,census2021-ts067-ward.csv,2227.0
2021,Haslemere Critchmere and Shottermill,E05007434,5000,680,401,652,213,756,,96,census2021-ts067-ward.csv,2202.0
2021,Haslemere East and Grayswood,E05007435,5414,551,366,643,185,758,,113,census2021-ts067-ward.csv,2798.0
2021,Hindhead,E05007436,3671,377,280,486,136,565,,87,census2021-ts067-ward.csv,1740.0
2021,Milford (Waverley),E05007437,3342,461,285,439,152,540,,74,census2021-ts067-ward.csv,1391.0
2021,Shamley Green and Cranleigh North,E05007438,1546,181,89,201,48,227,,32,census2021-ts067-ward.csv,768.0
2021,Witley and Hambledon,E05007439,3341,353,228,421,123,539,,64,census2021-ts067-ward.csv,1613.0
2021,Arley and Whitacre,E05007457,4828,1136,554,681,294,860,,118,census2021-ts067-ward.csv,1185.0
2021,Atherstone Central,E05007458,3374,918,427,575,159,561,,77,census2021-ts067-ward.csv,657.0
2021,Atherstone North,E05007459,3121,723,339,506,169,550,,82,census2021-ts067-ward.csv,752.0
2021,Atherstone South and Mancetter,E05007460,3173,891,346,487,185,484,,87,census2021-ts067-ward.csv,693.0
2021,Baddesley and Grendon,E05007461,3592,785,408,590,233,640,,82,census2021-ts067-ward.csv,854.0
2021,Coleshill North,E05007462,2663,457,314,406,195,528,,48,census2021-ts067-ward.csv,715.0
2021,Coleshill South,E05007463,3127,641,369,482,210,501,,76,census2021-ts067-ward.csv,848.0
2021,Curdworth,E05007464,2889,515,294,416,183,501,,79,census2021-ts067-ward.csv,901.0
2021,Dordon,E05007465,2602,752,353,397,159,428,,62,census2021-ts067-ward.csv,451.0
2021,Fillongley,E05007466,3055,584,293,404,215,533,,84,census2021-ts067-ward.csv,942.0
2021,Hartshill,E05007467,3234,701,394,513,226,557,,76,census2021-ts067-ward.csv,767.0
2021,Hurley and Wood End,E05007468,3193,685,421,568,195,522,,66,census2021-ts067-ward.csv,736.0
2021,Kingsbury (North Warwickshire),E05007469,3021,652,394,472,187,558,,69,census2021-ts067-ward.csv,689.0
2021,Newton Regis and Warton,E05007470,3131,645,318,439,162,555,,69,census2021-ts067-ward.csv,943.0
2021,Polesworth East,E05007471,3216,759,355,519,161,598,,81,census2021-ts067-ward.csv,743.0
2021,Polesworth West,E05007472,2754,568,313,379,162,540,,90,census2021-ts067-ward.csv,702.0
2021,Water Orton,E05007473,2920,539,326,431,185,566,,68,census2021-ts067-ward.csv,805.0
2021,Abbey (Nuneaton and Bedworth),E05007474,7511,2070,995,1027,392,1060,,254,census2021-ts067-ward.csv,1713.0
2021,Arbury (Nuneaton and Bedworth),E05007475,5843,1224,717,897,366,1032,,148,census2021-ts067-ward.csv,1459.0
2021,Attleborough,E05007476,6278,1381,740,943,392,1144,,149,census2021-ts067-ward.csv,1529.0
2021,Bar Pool,E05007477,6030,1553,837,969,363,968,,168,census2021-ts067-ward.csv,1172.0
2021,Bede (Nuneaton and Bedworth),E05007478,5675,1611,723,894,381,880,,164,census2021-ts067-ward.csv,1022.0
2021,Bulkington,E05007479,5252,1262,549,680,418,854,,156,census2021-ts067-ward.csv,1333.0
2021,Camp Hill,E05007480,7339,1935,959,1124,396,1155,,194,census2021-ts067-ward.csv,1576.0
2021,Exhall,E05007481,6937,1663,855,1007,421,1153,,224,census2021-ts067-ward.csv,1614.0
2021,Galley Common,E05007482,6732,1194,797,1083,440,1396,,162,census2021-ts067-ward.csv,1660.0
2021,Heath (Nuneaton and Bedworth),E05007483,6196,1420,785,954,407,1050,,192,census2021-ts067-ward.csv,1388.0
2021,Kingswood (Nuneaton and Bedworth),E05007484,5689,1457,750,918,373,931,,154,census2021-ts067-ward.csv,1106.0
2021,Poplar (Nuneaton and Bedworth),E05007485,6373,1525,757,950,363,1047,,231,census2021-ts067-ward.csv,1500.0
2021,St Nicolas (Nuneaton and Bedworth),E05007486,7086,912,602,1047,435,1373,,177,census2021-ts067-ward.csv,2540.0
2021,Slough,E05007487,5881,1418,777,902,369,1075,,151,census2021-ts067-ward.csv,1189.0
2021,Weddington,E05007488,7671,1185,697,1098,481,1455,,160,census2021-ts067-ward.csv,2595.0
2021,Wem Brook,E05007489,6340,1883,807,917,359,853,,238,census2021-ts067-ward.csv,1283.0
2021,Whitestone,E05007490,5753,874,566,852,389,1015,,158,census2021-ts067-ward.csv,1899.0
2021,Buckingham,E05007562,3244,460,332,477,184,612,,91,census2021-ts067-ward.csv,1088.0
2021,Churchill (Adur),E05007563,3761,858,477,604,248,607,,104,census2021-ts067-ward.csv,863.0
2021,Cokeham,E05007564,3756,846,488,604,265,649,,107,census2021-ts067-ward.csv,797.0
2021,Eastbrook,E05007565,3800,780,466,612,219,642,,115,census2021-ts067-ward.csv,966.0
2021,Hillside (Adur),E05007566,3688,834,462,571,269,637,,91,census2021-ts067-ward.csv,824.0
2021,Manor (Adur),E05007567,3624,624,420,595,269,650,,91,census2021-ts067-ward.csv,975.0
2021,Marine (Adur),E05007568,3846,430,331,519,188,689,,95,census2021-ts067-ward.csv,1594.0
2021,Mash Barn,E05007569,3601,775,478,579,251,640,,90,census2021-ts067-ward.csv,788.0
2021,Peverel,E05007570,3651,883,504,535,254,652,,116,census2021-ts067-ward.csv,707.0
2021,St Mary's (Adur),E05007571,4250,812,414,610,208,683,,90,census2021-ts067-ward.csv,1433.0
2021,St Nicolas (Adur),E05007572,3427,451,286,473,163,518,,102,census2021-ts067-ward.csv,1434.0
2021,Southlands,E05007573,3408,830,416,496,219,575,,84,census2021-ts067-ward.csv,788.0
2021,Southwick Green,E05007574,3756,633,379,548,205,644,,91,census2021-ts067-ward.csv,1256.0
2021,Widewater,E05007575,5141,1117,610,727,385,857,,174,census2021-ts067-ward.csv,1271.0
2021,Ardingly and Balcombe,E05007668,5437,605,500,795,242,1064,,134,census2021-ts067-ward.csv,2097.0
2021,Ashurst Wood,E05007669,2247,258,232,352,89,408,,62,census2021-ts067-ward.csv,846.0
2021,Bolney,E05007670,2394,264,194,358,107,422,,67,census2021-ts067-ward.csv,982.0
2021,Burgess Hill Dunstall,E05007671,4174,403,461,699,206,919,,94,census2021-ts067-ward.csv,1392.0
2021,Burgess Hill Franklands,E05007672,4267,481,386,684,219,764,,143,census2021-ts067-ward.csv,1590.0
2021,Burgess Hill Leylands,E05007673,3942,729,472,604,227,717,,112,census2021-ts067-ward.csv,1081.0
2021,Burgess Hill Meeds,E05007674,4171,623,451,609,216,728,,132,census2021-ts067-ward.csv,1412.0
2021,Burgess Hill St Andrews,E05007675,5105,622,488,837,260,1045,,106,census2021-ts067-ward.csv,1747.0
2021,Burgess Hill Victoria,E05007676,4867,614,517,811,262,974,,113,census2021-ts067-ward.csv,1576.0
2021,Copthorne and Worth,E05007677,4206,550,456,654,229,846,,131,census2021-ts067-ward.csv,1340.0
2021,Crawley Down and Turners Hill,E05007678,6239,792,716,1018,404,1149,,170,census2021-ts067-ward.csv,1990.0
2021,Cuckfield,E05007679,5146,451,364,765,196,924,,88,census2021-ts067-ward.csv,2358.0
2021,East Grinstead Ashplats,E05007680,4754,651,565,827,258,898,,139,census2021-ts067-ward.csv,1416.0
2021,East Grinstead Baldwins,E05007681,4120,570,427,642,222,768,,113,census2021-ts067-ward.csv,1378.0
2021,East Grinstead Herontye,E05007682,3968,449,420,633,191,723,,96,census2021-ts067-ward.csv,1456.0
2021,East Grinstead Imberhorne,E05007683,3892,453,399,612,195,709,,87,census2021-ts067-ward.csv,1437.0
2021,East Grinstead Town,E05007684,5201,705,460,735,259,923,,181,census2021-ts067-ward.csv,1938.0
2021,Hassocks,E05007685,6820,735,564,923,306,1089,,170,census2021-ts067-ward.csv,3033.0
2021,Haywards Heath Ashenground,E05007686,4600,571,434,678,227,826,,106,census2021-ts067-ward.csv,1758.0
2021,Haywards Heath Bentswood,E05007687,5018,683,526,731,229,849,,125,census2021-ts067-ward.csv,1875.0
2021,Haywards Heath Franklands,E05007688,4604,472,406,746,180,836,,107,census2021-ts067-ward.csv,1857.0
2021,Haywards Heath Heath,E05007689,4823,506,337,543,175,764,,120,census2021-ts067-ward.csv,2378.0
2021,Haywards Heath Lucastes,E05007690,5743,471,378,755,139,1002,,146,census2021-ts067-ward.csv,2852.0
2021,High Weald,E05007691,4164,456,305,579,190,747,,83,census2021-ts067-ward.csv,1804.0
2021,Hurstpierpoint and Downs,E05007692,6939,761,569,995,297,1138,,145,census2021-ts067-ward.csv,3034.0
2021,Lindfield,E05007693,6474,579,474,928,241,1026,,166,census2021-ts067-ward.csv,3060.0
2021,Broadwater (Worthing),E05007694,7408,1154,800,1241,404,1404,,188,census2021-ts067-ward.csv,2217.0
2021,Castle (Worthing),E05007695,7589,1418,948,1210,460,1351,,230,census2021-ts067-ward.csv,1972.0
2021,Central (Worthing),E05007696,8988,1589,915,1185,416,1425,,268,census2021-ts067-ward.csv,3190.0
2021,Durrington (Worthing),E05007697,4807,951,607,753,319,911,,148,census2021-ts067-ward.csv,1118.0
2021,Gaisford,E05007698,7627,1040,736,1095,416,1470,,188,census2021-ts067-ward.csv,2682.0
2021,Goring (Worthing),E05007699,7247,1203,738,1167,417,1224,,227,census2021-ts067-ward.csv,2271.0
2021,Heene,E05007700,7722,1424,720,1035,347,1197,,291,census2021-ts067-ward.csv,2708.0
2021,Marine (Worthing),E05007701,7053,918,666,1049,367,1157,,231,census2021-ts067-ward.csv,2665.0
2021,Northbrook,E05007702,5592,774,704,1020,261,1166,,130,census2021-ts067-ward.csv,1537.0
2021,Offington,E05007703,6756,911,651,1068,404,1258,,179,census2021-ts067-ward.csv,2285.0
2021,Salvington,E05007704,7747,1367,942,1215,502,1323,,251,census2021-ts067-ward.csv,2147.0
2021,Selden,E05007705,7020,1205,714,962,335,1194,,229,census2021-ts067-ward.csv,2381.0
2021,Tarring,E05007706,6807,1024,728,1064,362,1336,,150,census2021-ts067-ward.csv,2143.0
2021,Alfrick and Leigh,E05007846,3194,426,246,410,172,524,,63,census2021-ts067-ward.csv,1353.0
2021,Baldwin,E05007847,1907,319,152,279,122,297,,49,census2021-ts067-ward.csv,689.0
2021,Broadheath (Malvern Hills),E05007848,3268,460,270,461,182,564,,66,census2021-ts067-ward.csv,1265.0
2021,Chase,E05007849,5173,742,451,707,273,801,,129,census2021-ts067-ward.csv,2070.0
2021,Dyson Perrins,E05007850,3774,525,343,581,222,692,,81,census2021-ts067-ward.csv,1330.0
2021,Hallow,E05007851,1745,263,146,221,109,265,,30,census2021-ts067-ward.csv,711.0
2021,Kempsey,E05007852,4145,585,367,556,256,746,,113,census2021-ts067-ward.csv,1522.0
2021,Lindridge,E05007853,1942,325,174,255,111,293,,67,census2021-ts067-ward.csv,717.0
2021,Link,E05007854,5409,880,498,757,337,820,,162,census2021-ts067-ward.csv,1955.0
2021,Longdon (Malvern Hills),E05007855,1861,248,157,281,96,283,,45,census2021-ts067-ward.csv,751.0
2021,Martley,E05007856,1656,225,126,255,109,287,,43,census2021-ts067-ward.csv,611.0
2021,Morton (Malvern Hills),E05007857,2043,284,166,270,100,327,,42,census2021-ts067-ward.csv,854.0
2021,Pickersleigh,E05007858,5091,1105,572,799,299,786,,152,census2021-ts067-ward.csv,1378.0
2021,Powick,E05007859,3547,519,274,475,217,587,,106,census2021-ts067-ward.csv,1369.0
2021,Priory (Malvern Hills),E05007860,3722,336,254,539,168,484,,119,census2021-ts067-ward.csv,1822.0
2021,Ripple,E05007861,1640,248,145,212,102,271,,56,census2021-ts067-ward.csv,606.0
2021,Teme Valley,E05007862,1832,244,150,237,95,304,,49,census2021-ts067-ward.csv,753.0
2021,Tenbury,E05007863,3345,615,331,550,164,581,,93,census2021-ts067-ward.csv,1011.0
2021,Upton and Hanley,E05007864,3803,636,376,526,224,584,,69,census2021-ts067-ward.csv,1388.0
2021,Wells (Malvern Hills),E05007865,2747,246,179,315,112,450,,70,census2021-ts067-ward.csv,1375.0
2021,West (Malvern Hills),E05007866,3424,355,272,430,137,520,,41,census2021-ts067-ward.csv,1669.0
2021,Woodbury,E05007867,1861,193,132,264,88,314,,46,census2021-ts067-ward.csv,824.0
2021,Abbey (Redditch),E05007868,5606,1120,634,777,313,971,,174,census2021-ts067-ward.csv,1617.0
2021,Astwood Bank and Feckenham,E05007869,5052,710,457,772,327,906,,110,census2021-ts067-ward.csv,1770.0
2021,Batchley & Brockhill,E05007870,7249,1542,793,1200,359,1273,,190,census2021-ts067-ward.csv,1892.0
2021,Central (Redditch),E05007871,5292,1229,651,762,282,802,,191,census2021-ts067-ward.csv,1375.0
2021,Church Hill,E05007872,6520,1501,862,1074,369,1123,,196,census2021-ts067-ward.csv,1395.0
2021,Crabbs Cross,E05007873,4651,703,486,726,287,888,,122,census2021-ts067-ward.csv,1439.0
2021,Greenlands (Redditch),E05007874,7562,1715,1030,1244,409,1273,,247,census2021-ts067-ward.csv,1644.0
2021,Headless Cross and Oakenshaw,E05007875,7027,1502,689,1050,427,1282,,189,census2021-ts067-ward.csv,1888.0
2021,Lodge Park,E05007876,4408,1191,566,689,249,648,,155,census2021-ts067-ward.csv,910.0
2021,Matchborough,E05007877,4966,1107,652,794,315,824,,172,census2021-ts067-ward.csv,1102.0
2021,West (Redditch),E05007878,5199,787,492,828,333,961,,114,census2021-ts067-ward.csv,1684.0
2021,Winyates,E05007879,6717,1497,855,1110,448,1157,,204,census2021-ts067-ward.csv,1446.0
2021,Arboretum (Worcester),E05007880,5314,854,387,652,236,869,,143,census2021-ts067-ward.csv,2173.0
2021,Battenhall,E05007881,4454,633,347,537,215,708,,111,census2021-ts067-ward.csv,1903.0
2021,Bedwardine,E05007882,7311,1196,704,1022,441,1293,,179,census2021-ts067-ward.csv,2476.0
2021,Cathedral,E05007883,9966,1499,791,1167,407,1835,,277,census2021-ts067-ward.csv,3990.0
2021,Claines,E05007884,6773,945,525,839,385,1133,,157,census2021-ts067-ward.csv,2789.0
2021,Gorse Hill (Worcester),E05007885,4352,1285,562,646,282,578,,169,census2021-ts067-ward.csv,830.0
2021,Nunnery,E05007886,7025,1500,711,986,398,1141,,226,census2021-ts067-ward.csv,2063.0
2021,Rainbow Hill,E05007887,4651,1167,494,689,241,708,,138,census2021-ts067-ward.csv,1214.0
2021,St Clement (Worcester),E05007888,5148,656,345,553,279,1740,,104,census2021-ts067-ward.csv,1471.0
2021,St John (Worcester),E05007889,7369,1435,740,1042,414,1632,,175,census2021-ts067-ward.csv,1931.0
2021,St Peter's Parish,E05007890,4738,588,405,674,251,926,,107,census2021-ts067-ward.csv,1787.0
2021,St Stephen (Worcester),E05007891,4645,815,434,618,259,818,,85,census2021-ts067-ward.csv,1616.0
2021,Warndon,E05007892,4521,1258,641,726,292,619,,136,census2021-ts067-ward.csv,849.0
2021,Warndon Parish North,E05007893,4348,448,397,624,196,842,,81,census2021-ts067-ward.csv,1760.0
2021,Warndon Parish South,E05007894,4990,587,410,730,261,861,,119,census2021-ts067-ward.csv,2022.0
2021,Badsey,E05007895,2757,528,329,346,182,485,,63,census2021-ts067-ward.csv,824.0
2021,Bengeworth,E05007896,6333,1299,684,869,433,1083,,215,census2021-ts067-ward.csv,1750.0
2021,Bowbrook (Wychavon),E05007897,2474,264,221,324,125,380,,41,census2021-ts067-ward.csv,1119.0
2021,Bredon,E05007898,2234,241,183,320,120,391,,59,census2021-ts067-ward.csv,920.0
2021,Bretforton and Offenham,E05007899,2497,564,246,355,145,418,,67,census2021-ts067-ward.csv,702.0
2021,Broadway and Wickhamford,E05007900,4381,848,475,600,305,624,,137,census2021-ts067-ward.csv,1392.0
2021,Dodderhill,E05007901,2445,457,254,314,145,406,,51,census2021-ts067-ward.csv,818.0
2021,Drakes Broughton,E05007902,2300,344,248,324,116,428,,68,census2021-ts067-ward.csv,772.0
2021,Droitwich Central,E05007903,2123,507,239,334,126,327,,42,census2021-ts067-ward.csv,548.0
2021,Droitwich East,E05007904,4631,933,493,628,261,741,,163,census2021-ts067-ward.csv,1412.0
2021,Droitwich South East,E05007905,5461,576,508,809,256,1015,,125,census2021-ts067-ward.csv,2172.0
2021,Droitwich South West,E05007906,4121,769,416,584,232,659,,131,census2021-ts067-ward.csv,1330.0
2021,Droitwich West,E05007907,4266,1034,589,639,253,691,,118,census2021-ts067-ward.csv,942.0
2021,Eckington,E05007908,2423,325,197,323,138,363,,54,census2021-ts067-ward.csv,1023.0
2021,Elmley Castle and Somerville,E05007909,2176,308,182,286,134,341,,37,census2021-ts067-ward.csv,888.0
2021,Evesham North,E05007910,4392,1064,496,535,304,654,,177,census2021-ts067-ward.csv,1162.0
2021,Evesham South,E05007911,4303,924,556,584,268,780,,181,census2021-ts067-ward.csv,1010.0
2021,Fladbury,E05007912,2460,397,239,298,148,380,,63,census2021-ts067-ward.csv,935.0
2021,Great Hampton,E05007913,3090,732,341,392,216,550,,96,census2021-ts067-ward.csv,763.0
2021,Hartlebury,E05007914,2550,436,248,353,133,417,,62,census2021-ts067-ward.csv,901.0
2021,Harvington and Norton,E05007915,2339,477,238,309,145,362,,59,census2021-ts067-ward.csv,749.0
2021,Honeybourne and Pebworth,E05007916,2489,452,232,364,119,444,,68,census2021-ts067-ward.csv,810.0
2021,Inkberrow,E05007917,5149,652,463,698,296,872,,129,census2021-ts067-ward.csv,2039.0
2021,Little Hampton,E05007918,4698,914,539,696,286,861,,149,census2021-ts067-ward.csv,1253.0
2021,Lovett and North Claines,E05007919,6118,836,551,860,298,1007,,151,census2021-ts067-ward.csv,2415.0
2021,Norton and Whittington,E05007920,3149,321,277,462,155,582,,50,census2021-ts067-ward.csv,1302.0
2021,Ombersley,E05007921,2134,418,173,283,116,325,,54,census2021-ts067-ward.csv,765.0
2021,Pershore,E05007922,7044,1289,740,992,443,1137,,220,census2021-ts067-ward.csv,2223.0
2021,Pinvin,E05007923,2806,482,287,368,162,462,,81,census2021-ts067-ward.csv,964.0
2021,South Bredon Hill,E05007924,2076,285,185,264,118,308,,53,census2021-ts067-ward.csv,863.0
2021,The Littletons,E05007925,2968,548,307,462,171,510,,81,census2021-ts067-ward.csv,889.0
2021,Upton Snodsbury,E05007926,2339,311,181,337,117,393,,63,census2021-ts067-ward.csv,937.0
2021,Abbey (Shropshire),E05008136,3899,508,303,531,227,617,,77,census2021-ts067-ward.csv,1636.0
2021,Albrighton,E05008137,4083,782,388,621,253,675,,95,census2021-ts067-ward.csv,1269.0
2021,Alveley and Claverley,E05008138,3599,612,354,527,236,582,,108,census2021-ts067-ward.csv,1180.0
2021,Bagley,E05008139,4090,543,400,631,326,770,,86,census2021-ts067-ward.csv,1334.0
2021,Battlefield,E05008140,4913,847,572,835,373,983,,108,census2021-ts067-ward.csv,1195.0
2021,"Bayston Hill, Column and Sutton",E05008141,10527,1590,924,1471,736,1952,,304,census2021-ts067-ward.csv,3550.0
2021,Belle Vue (Shropshire),E05008142,3758,459,292,485,183,611,,77,census2021-ts067-ward.csv,1651.0
2021,Bishop's Castle,E05008143,3180,581,274,472,187,502,,97,census2021-ts067-ward.csv,1067.0
2021,Bowbrook (Shropshire),E05008144,3565,455,315,490,225,640,,100,census2021-ts067-ward.csv,1340.0
2021,Bridgnorth East and Astley Abbotts,E05008145,5790,1130,573,836,347,951,,171,census2021-ts067-ward.csv,1782.0
2021,Bridgnorth West and Tasley,E05008146,5726,1000,563,848,352,943,,157,census2021-ts067-ward.csv,1863.0
2021,Broseley,E05008147,4261,904,441,626,268,756,,124,census2021-ts067-ward.csv,1142.0
2021,Brown Clee,E05008148,3784,574,361,515,224,646,,98,census2021-ts067-ward.csv,1366.0
2021,Burnell,E05008149,3999,522,333,584,191,704,,98,census2021-ts067-ward.csv,1567.0
2021,Castlefields and Ditherington,E05008150,3890,877,377,546,248,635,,99,census2021-ts067-ward.csv,1108.0
2021,Cheswardine,E05008151,3532,615,319,511,199,624,,80,census2021-ts067-ward.csv,1184.0
2021,Chirbury and Worthen,E05008152,2527,401,246,394,142,387,,52,census2021-ts067-ward.csv,905.0
2021,Church Stretton and Craven Arms,E05008153,7753,1315,681,1064,454,1183,,256,census2021-ts067-ward.csv,2800.0
2021,Clee,E05008154,3774,719,358,608,236,641,,92,census2021-ts067-ward.csv,1120.0
2021,Cleobury Mortimer,E05008155,6394,1262,625,870,375,1080,,167,census2021-ts067-ward.csv,2015.0
2021,Clun,E05008156,3286,512,278,461,185,518,,92,census2021-ts067-ward.csv,1240.0
2021,Copthorne,E05008157,3381,286,219,480,152,526,,72,census2021-ts067-ward.csv,1646.0
2021,Corvedale,E05008158,3182,411,295,470,158,530,,72,census2021-ts067-ward.csv,1246.0
2021,Ellesmere Urban,E05008159,3674,729,384,547,229,611,,111,census2021-ts067-ward.csv,1063.0
2021,Harlescott,E05008160,3905,865,478,713,355,673,,106,census2021-ts067-ward.csv,715.0
2021,Highley,E05008161,3133,747,350,459,224,529,,85,census2021-ts067-ward.csv,739.0
2021,Hodnet,E05008162,4344,767,461,740,265,742,,123,census2021-ts067-ward.csv,1246.0
2021,Llanymynech,E05008163,3655,575,391,521,222,687,,90,census2021-ts067-ward.csv,1169.0
2021,Longden,E05008164,3448,470,317,484,210,612,,89,census2021-ts067-ward.csv,1266.0
2021,Loton,E05008165,3754,486,341,551,233,659,,102,census2021-ts067-ward.csv,1382.0
2021,Ludlow East,E05008166,3256,735,364,540,213,524,,90,census2021-ts067-ward.csv,790.0
2021,Ludlow North,E05008167,3405,624,275,527,165,517,,102,census2021-ts067-ward.csv,1195.0
2021,Ludlow South,E05008168,3393,580,335,545,197,611,,94,census2021-ts067-ward.csv,1031.0
2021,Market Drayton East,E05008169,4492,848,488,665,271,729,,143,census2021-ts067-ward.csv,1348.0
2021,Market Drayton West,E05008170,7508,1550,826,1167,500,1339,,216,census2021-ts067-ward.csv,1910.0
2021,Meole,E05008171,3609,531,374,507,236,555,,84,census2021-ts067-ward.csv,1322.0
2021,Rea Valley,E05008172,3783,575,337,576,281,678,,90,census2021-ts067-ward.csv,1246.0
2021,Monkmoor,E05008173,3514,754,412,656,256,583,,102,census2021-ts067-ward.csv,751.0
2021,Much Wenlock,E05008174,3661,597,339,546,156,595,,105,census2021-ts067-ward.csv,1323.0
2021,Porthill,E05008178,3764,396,247,633,155,565,,77,census2021-ts067-ward.csv,1691.0
2021,Prees,E05008179,3859,712,397,561,246,647,,98,census2021-ts067-ward.csv,1198.0
2021,Quarry and Coton Hill,E05008180,3812,458,294,419,185,768,,103,census2021-ts067-ward.csv,1585.0
2021,Radbrook,E05008181,4660,491,379,609,213,797,,109,census2021-ts067-ward.csv,2062.0
2021,St Martin's (Shropshire),E05008183,3840,749,368,563,210,700,,83,census2021-ts067-ward.csv,1167.0
2021,Severn Valley,E05008186,4069,604,351,509,205,713,,108,census2021-ts067-ward.csv,1579.0
2021,Shawbury,E05008187,3997,586,361,562,249,857,,100,census2021-ts067-ward.csv,1282.0
2021,Shifnal North,E05008188,4952,789,525,737,270,963,,110,census2021-ts067-ward.csv,1558.0
2021,Shifnal South and Cosford,E05008189,6498,656,414,1016,274,1621,,128,census2021-ts067-ward.csv,2389.0
2021,Sundorne,E05008190,3256,746,392,558,285,532,,85,census2021-ts067-ward.csv,658.0
2021,Tern,E05008191,4177,625,404,629,230,747,,142,census2021-ts067-ward.csv,1400.0
2021,The Meres,E05008192,4156,530,357,667,249,684,,102,census2021-ts067-ward.csv,1567.0
2021,Underdale,E05008193,3459,568,330,566,215,583,,81,census2021-ts067-ward.csv,1116.0
2021,Wem,E05008194,7555,1315,768,1226,501,1432,,216,census2021-ts067-ward.csv,2097.0
2021,Whitchurch North,E05008195,6239,1277,656,946,410,1007,,190,census2021-ts067-ward.csv,1753.0
2021,Whitchurch South,E05008196,3618,749,399,569,232,580,,77,census2021-ts067-ward.csv,1012.0
2021,Worfield,E05008198,3190,622,321,438,143,559,,72,census2021-ts067-ward.csv,1035.0
2021,Belper South,E05008520,4697,832,448,580,311,751,,97,census2021-ts067-ward.csv,1678.0
2021,Duffield,E05008521,4090,409,219,536,154,527,,88,census2021-ts067-ward.csv,2157.0
2021,Heanor East,E05008522,4789,1080,575,758,368,898,,94,census2021-ts067-ward.csv,1016.0
2021,"Kilburn, Denby and Holbrook",E05008523,6268,996,626,844,452,1217,,133,census2021-ts067-ward.csv,2000.0
2021,"Shipley Park, Horsley and Horsley Woodhouse",E05008524,5524,881,529,784,375,1037,,120,census2021-ts067-ward.csv,1798.0
2021,Boniface,E05008546,3409,618,404,510,199,642,,85,census2021-ts067-ward.csv,951.0
2021,Newbrooke,E05008547,1341,190,99,164,54,215,,30,census2021-ts067-ward.csv,589.0
2021,Yeo,E05008548,3124,467,320,476,211,570,,65,census2021-ts067-ward.csv,1015.0
2021,Coxheath and Hunton,E05008553,6815,1217,747,1026,449,1189,,177,census2021-ts067-ward.csv,2010.0
2021,Loose,E05008554,2079,269,221,317,132,378,,53,census2021-ts067-ward.csv,709.0
2021,South (Maidstone),E05008555,8166,1336,896,1302,477,1504,,276,census2021-ts067-ward.csv,2375.0
2021,Almondbury,E05008558,14506,2573,1350,1917,1100,2693,,362,census2021-ts067-ward.csv,4511.0
2021,Colne Valley,E05008559,14497,2110,1294,1787,1079,2608,,330,census2021-ts067-ward.csv,5289.0
2021,Crosland Moor and Netherton,E05008560,15265,3848,1611,1838,904,2313,,536,census2021-ts067-ward.csv,4215.0
2021,Holme Valley North,E05008561,13797,2024,1157,1697,979,2544,,296,census2021-ts067-ward.csv,5100.0
2021,Kirkburton,E05008562,13503,1765,1041,1712,885,2699,,232,census2021-ts067-ward.csv,5169.0
2021,Alderley Edge,E05008610,4063,437,263,507,155,548,,101,census2021-ts067-ward.csv,2052.0
2021,Alsager,E05008611,10958,1462,909,1486,670,1911,,245,census2021-ts067-ward.csv,4275.0
2021,Audlem,E05008612,4534,665,356,640,259,713,,113,census2021-ts067-ward.csv,1788.0
2021,Bollington,E05008613,7184,873,550,911,362,1156,,137,census2021-ts067-ward.csv,3195.0
2021,Brereton Rural,E05008614,6018,703,440,864,294,1092,,94,census2021-ts067-ward.csv,2531.0
2021,Broken Cross and Upton,E05008615,7264,901,601,1036,329,1209,,177,census2021-ts067-ward.csv,3011.0
2021,Bunbury,E05008616,5195,585,382,740,225,1033,,103,census2021-ts067-ward.csv,2127.0
2021,Chelford,E05008617,3937,431,300,511,165,641,,86,census2021-ts067-ward.csv,1803.0
2021,Congleton East,E05008618,11605,1891,1086,1605,697,2076,,261,census2021-ts067-ward.csv,3989.0
2021,Congleton West,E05008619,11996,1932,1095,1629,751,2248,,273,census2021-ts067-ward.csv,4068.0
2021,Crewe Central,E05008620,5543,1531,690,712,397,780,,215,census2021-ts067-ward.csv,1218.0
2021,Crewe East,E05008621,12787,2825,1441,1892,1044,2213,,365,census2021-ts067-ward.csv,3007.0
2021,Crewe North,E05008622,3865,858,458,613,392,640,,121,census2021-ts067-ward.csv,783.0
2021,Crewe St Barnabas,E05008623,4108,1120,526,611,321,584,,144,census2021-ts067-ward.csv,802.0
2021,Crewe South,E05008624,10232,2734,1212,1291,795,1463,,405,census2021-ts067-ward.csv,2332.0
2021,Crewe West,E05008625,8508,2007,920,1292,674,1391,,233,census2021-ts067-ward.csv,1991.0
2021,Dane Valley (Cheshire East),E05008626,8594,1089,605,1119,403,1296,,182,census2021-ts067-ward.csv,3900.0
2021,Disley,E05008627,3992,446,317,428,214,703,,95,census2021-ts067-ward.csv,1789.0
2021,Gawsworth,E05008628,3786,469,275,555,205,626,,73,census2021-ts067-ward.csv,1583.0
2021,Handforth,E05008629,7890,1289,746,1056,391,1304,,174,census2021-ts067-ward.csv,2930.0
2021,Haslington,E05008630,7460,1066,599,1094,578,1354,,149,census2021-ts067-ward.csv,2620.0
2021,High Legh,E05008631,4100,505,297,562,166,631,,81,census2021-ts067-ward.csv,1858.0
2021,Knutsford,E05008632,10767,1366,716,1347,417,1557,,198,census2021-ts067-ward.csv,5166.0
2021,Leighton,E05008633,4825,477,486,814,324,1115,,72,census2021-ts067-ward.csv,1537.0
2021,Macclesfield Central,E05008634,7851,1079,618,992,396,1381,,159,census2021-ts067-ward.csv,3226.0
2021,Macclesfield East,E05008635,3772,517,320,468,212,640,,72,census2021-ts067-ward.csv,1543.0
2021,Macclesfield Hurdsfield,E05008636,3695,762,359,561,214,634,,95,census2021-ts067-ward.csv,1070.0
2021,Macclesfield South,E05008637,6992,1276,686,1020,415,1186,,143,census2021-ts067-ward.csv,2266.0
2021,Macclesfield Tytherington,E05008638,7559,840,549,1030,387,1261,,164,census2021-ts067-ward.csv,3328.0
2021,Macclesfield West and Ivy,E05008639,6752,1296,663,1005,431,1265,,132,census2021-ts067-ward.csv,1960.0
2021,Middlewich,E05008640,11939,1838,1186,1922,809,2325,,247,census2021-ts067-ward.csv,3612.0
2021,Mobberley,E05008641,4001,662,303,501,228,593,,116,census2021-ts067-ward.csv,1598.0
2021,Nantwich North and West,E05008642,7438,1474,719,946,457,1175,,203,census2021-ts067-ward.csv,2464.0
2021,Nantwich South and Stapeley,E05008643,7893,935,599,1027,412,1313,,201,census2021-ts067-ward.csv,3406.0
2021,Odd Rode,E05008644,7155,1177,675,1001,531,1318,,187,census2021-ts067-ward.csv,2266.0
2021,Poynton East and Pott Shrigley,E05008645,6378,762,474,828,377,928,,166,census2021-ts067-ward.csv,2843.0
2021,Poynton West and Adlington,E05008646,7048,829,595,916,379,1143,,164,census2021-ts067-ward.csv,3022.0
2021,Prestbury (Cheshire East),E05008647,3718,329,240,476,146,490,,64,census2021-ts067-ward.csv,1973.0
2021,Sandbach Elworth,E05008648,4748,536,369,677,288,875,,96,census2021-ts067-ward.csv,1907.0
2021,Sandbach Ettiley Heath and Wheelock,E05008649,4671,475,352,681,270,1001,,86,census2021-ts067-ward.csv,1806.0
2021,Sandbach Heath and East,E05008650,4135,673,364,609,302,692,,104,census2021-ts067-ward.csv,1391.0
2021,Sandbach Town,E05008651,4526,657,415,572,285,744,,114,census2021-ts067-ward.csv,1739.0
2021,Shavington,E05008652,4567,653,412,638,355,891,,104,census2021-ts067-ward.csv,1514.0
2021,Sutton (Cheshire East),E05008653,3628,506,277,477,197,554,,55,census2021-ts067-ward.csv,1562.0
2021,Willaston and Rope,E05008654,4433,501,360,586,251,858,,109,census2021-ts067-ward.csv,1768.0
2021,Wilmslow Dean Row,E05008655,4189,278,277,492,120,654,,91,census2021-ts067-ward.csv,2277.0
2021,Wilmslow East,E05008656,3703,294,214,420,111,429,,91,census2021-ts067-ward.csv,2144.0
2021,Wilmslow Lacey Green,E05008657,4046,550,333,513,180,613,,117,census2021-ts067-ward.csv,1740.0
2021,Wilmslow West and Chorley,E05008658,8091,737,473,978,309,1174,,141,census2021-ts067-ward.csv,4279.0
2021,Wistaston,E05008659,7986,1099,743,1145,610,1413,,198,census2021-ts067-ward.csv,2778.0
2021,Wrenbury,E05008660,4636,666,371,615,249,710,,85,census2021-ts067-ward.csv,1940.0
2021,Wybunbury,E05008661,4732,464,353,704,250,834,,113,census2021-ts067-ward.csv,2014.0
2021,Abbey Hulton and Townsend,E05008714,8482,2614,944,1341,588,1303,,232,census2021-ts067-ward.csv,1460.0
2021,"Baddeley, Milton and Norton",E05008715,13977,3277,1434,2162,1234,2370,,388,census2021-ts067-ward.csv,3112.0
2021,Bentilee and Ubberley,E05008716,8506,2787,1039,1329,536,1228,,234,census2021-ts067-ward.csv,1353.0
2021,Birches Head and Central Forest Park,E05008717,8636,2202,966,1311,714,1475,,260,census2021-ts067-ward.csv,1708.0
2021,Blurton East,E05008718,4586,1300,511,667,390,682,,144,census2021-ts067-ward.csv,892.0
2021,Blurton West and Newstead,E05008719,5595,1262,603,955,313,911,,136,census2021-ts067-ward.csv,1415.0
2021,Boothen and Oak Hill,E05008720,5151,1196,550,702,299,856,,189,census2021-ts067-ward.csv,1359.0
2021,Bradeley and Chell Heath,E05008721,4521,1435,508,693,335,681,,138,census2021-ts067-ward.csv,731.0
2021,Broadway and Longton East,E05008722,4576,1168,522,689,406,825,,118,census2021-ts067-ward.csv,848.0
2021,Burslem Central,E05008723,5424,1621,672,793,312,797,,172,census2021-ts067-ward.csv,1057.0
2021,Burslem Park,E05008724,3914,1017,438,642,313,647,,93,census2021-ts067-ward.csv,764.0
2021,Dresden and Florence,E05008725,4017,1085,445,586,210,664,,145,census2021-ts067-ward.csv,882.0
2021,Eaton Park,E05008726,3708,1108,421,565,352,550,,115,census2021-ts067-ward.csv,597.0
2021,Etruria and Hanley,E05008727,6016,1844,624,793,280,717,,237,census2021-ts067-ward.csv,1521.0
2021,Fenton East,E05008728,4787,1405,613,716,389,743,,133,census2021-ts067-ward.csv,788.0
2021,Fenton West and Mount Pleasant,E05008729,4591,1299,569,711,300,728,,128,census2021-ts067-ward.csv,856.0
2021,Ford Green and Smallthorne,E05008730,4957,1192,606,821,297,838,,98,census2021-ts067-ward.csv,1105.0
2021,Goldenhill and Sandyford,E05008731,4826,1258,490,736,326,850,,94,census2021-ts067-ward.csv,1072.0
2021,Great Chell and Packmoor,E05008732,8310,2162,872,1276,722,1418,,212,census2021-ts067-ward.csv,1648.0
2021,Hanford and Trentham,E05008733,9685,1784,898,1296,671,1694,,267,census2021-ts067-ward.csv,3075.0
2021,Hanley Park and Shelton,E05008734,5340,931,365,513,104,2042,,124,census2021-ts067-ward.csv,1261.0
2021,Hartshill and Basford,E05008735,5910,997,511,693,303,1166,,180,census2021-ts067-ward.csv,2060.0
2021,Hollybush and Longton West,E05008736,4643,1346,561,733,380,730,,107,census2021-ts067-ward.csv,786.0
2021,Joiner's Square,E05008737,5485,1402,606,685,306,811,,185,census2021-ts067-ward.csv,1490.0
2021,Lightwood North and Normacot,E05008738,4237,1214,464,648,222,634,,118,census2021-ts067-ward.csv,937.0
2021,Little Chell and Stanfield,E05008739,5105,1489,609,827,340,767,,126,census2021-ts067-ward.csv,947.0
2021,Meir Hay,E05008740,3669,820,423,579,281,752,,78,census2021-ts067-ward.csv,736.0
2021,Meir North,E05008741,4694,1391,564,795,335,718,,124,census2021-ts067-ward.csv,767.0
2021,Meir Park,E05008742,3934,715,390,538,298,733,,80,census2021-ts067-ward.csv,1180.0
2021,Meir South,E05008743,4470,1315,538,683,270,691,,102,census2021-ts067-ward.csv,871.0
2021,Moorcroft,E05008744,4746,1427,531,703,260,672,,205,census2021-ts067-ward.csv,948.0
2021,Penkhull and Stoke,E05008745,5700,986,539,686,321,1149,,157,census2021-ts067-ward.csv,1862.0
2021,Sandford Hill,E05008746,4910,1380,565,823,388,794,,107,census2021-ts067-ward.csv,853.0
2021,Sneyd Green,E05008747,4285,1105,523,643,341,703,,122,census2021-ts067-ward.csv,848.0
2021,Springfields and Trent Vale,E05008748,5345,1204,623,769,315,869,,119,census2021-ts067-ward.csv,1446.0
2021,Tunstall,E05008749,4918,1481,611,730,324,721,,170,census2021-ts067-ward.csv,881.0
2021,Weston Coyney,E05008750,4245,1135,425,613,371,749,,118,census2021-ts067-ward.csv,834.0
2021,Brickhill,E05008751,6722,1018,675,910,436,1093,,193,census2021-ts067-ward.csv,2397.0
2021,Bromham and Biddenham,E05008752,6615,672,536,883,312,1049,,115,census2021-ts067-ward.csv,3048.0
2021,Castle (Bedford),E05008753,7743,1457,692,842,371,989,,271,census2021-ts067-ward.csv,3121.0
2021,Cauldwell,E05008754,8584,2087,1041,1055,417,1120,,348,census2021-ts067-ward.csv,2516.0
2021,Clapham,E05008755,3608,615,354,536,236,614,,118,census2021-ts067-ward.csv,1135.0
2021,De Parys,E05008756,6086,909,477,753,289,1164,,178,census2021-ts067-ward.csv,2316.0
2021,Eastcotts,E05008757,4291,503,491,656,234,829,,84,census2021-ts067-ward.csv,1494.0
2021,Elstow and Stewartby,E05008758,4626,740,481,691,270,857,,119,census2021-ts067-ward.csv,1468.0
2021,Goldington,E05008759,7527,1471,983,1108,462,1214,,267,census2021-ts067-ward.csv,2022.0
2021,Great Barford,E05008760,6705,906,645,951,424,1202,,138,census2021-ts067-ward.csv,2439.0
2021,Harpur,E05008761,7574,1557,677,894,422,997,,252,census2021-ts067-ward.csv,2775.0
2021,Harrold,E05008762,3450,418,293,508,177,580,,75,census2021-ts067-ward.csv,1399.0
2021,Kempston Central and East,E05008763,5955,1256,738,818,367,919,,239,census2021-ts067-ward.csv,1618.0
2021,Kempston North,E05008764,3109,649,398,433,199,507,,105,census2021-ts067-ward.csv,818.0
2021,Kempston Rural,E05008765,6939,647,567,934,287,1262,,145,census2021-ts067-ward.csv,3097.0
2021,Kempston South,E05008766,3333,666,439,485,229,550,,128,census2021-ts067-ward.csv,836.0
2021,Kempston West,E05008767,4323,781,564,604,270,726,,120,census2021-ts067-ward.csv,1258.0
2021,Kingsbrook,E05008768,7844,1865,1043,1080,492,1107,,287,census2021-ts067-ward.csv,1970.0
2021,Newnham (Bedford),E05008769,6564,887,601,854,350,1062,,143,census2021-ts067-ward.csv,2667.0
2021,Oakley (Bedford),E05008770,3118,345,272,445,180,514,,71,census2021-ts067-ward.csv,1291.0
2021,Putnoe,E05008771,5954,913,637,813,333,984,,170,census2021-ts067-ward.csv,2104.0
2021,Queens Park (Bedford),E05008772,7149,1964,893,863,287,950,,284,census2021-ts067-ward.csv,1908.0
2021,Riseley,E05008773,2830,350,241,378,175,494,,53,census2021-ts067-ward.csv,1139.0
2021,Sharnbrook,E05008774,3363,365,276,484,204,554,,72,census2021-ts067-ward.csv,1408.0
2021,Wilshamstead,E05008775,5116,652,482,720,280,970,,100,census2021-ts067-ward.csv,1912.0
2021,Wootton (Bedford),E05008776,5744,673,576,827,347,1105,,149,census2021-ts067-ward.csv,2067.0
2021,Wyboston,E05008777,3243,446,294,456,213,562,,85,census2021-ts067-ward.csv,1187.0
2021,Arlesey,E05008779,13088,1900,1346,1988,747,2571,,258,census2021-ts067-ward.csv,4278.0
2021,Aspley and Woburn,E05008780,3902,499,333,487,190,608,,96,census2021-ts067-ward.csv,1689.0
2021,Barton-le-Clay,E05008781,4133,623,392,615,307,780,,103,census2021-ts067-ward.csv,1313.0
2021,Biggleswade North,E05008782,8579,1387,891,1324,458,1631,,194,census2021-ts067-ward.csv,2694.0
2021,Biggleswade South,E05008783,9404,1338,1001,1390,562,1771,,179,census2021-ts067-ward.csv,3163.0
2021,Cranfield and Marston Moretaine,E05008785,13377,1633,1225,1832,689,2464,,277,census2021-ts067-ward.csv,5257.0
2021,Dunstable-Central,E05008786,4279,688,505,612,274,751,,129,census2021-ts067-ward.csv,1320.0
2021,Dunstable-Icknield,E05008787,7396,1324,860,989,538,1252,,259,census2021-ts067-ward.csv,2174.0
2021,Dunstable-Watling,E05008790,7647,1176,791,1129,581,1458,,240,census2021-ts067-ward.csv,2272.0
2021,Eaton Bray,E05008791,3553,617,396,509,251,599,,77,census2021-ts067-ward.csv,1104.0
2021,Flitwick,E05008792,11393,1554,1177,1630,695,2143,,293,census2021-ts067-ward.csv,3901.0
2021,Heath and Reach,E05008793,4356,595,401,603,254,814,,129,census2021-ts067-ward.csv,1560.0
2021,Leighton Buzzard North,E05008796,12101,2166,1378,1832,693,2075,,334,census2021-ts067-ward.csv,3623.0
2021,Leighton Buzzard South,E05008797,11840,1497,1242,1878,629,2309,,252,census2021-ts067-ward.csv,4033.0
2021,Linslade,E05008798,9841,1168,969,1435,475,1646,,254,census2021-ts067-ward.csv,3894.0
2021,Parkside (Central Bedfordshire),E05008800,3977,913,523,603,227,601,,131,census2021-ts067-ward.csv,979.0
2021,Potton,E05008801,7171,1043,722,1088,435,1326,,160,census2021-ts067-ward.csv,2397.0
2021,Shefford,E05008803,8917,1057,856,1360,533,1852,,175,census2021-ts067-ward.csv,3084.0
2021,Silsoe and Shillington,E05008804,4790,590,416,641,267,903,,91,census2021-ts067-ward.csv,1882.0
2021,Stotfold and Langford,E05008805,12622,1585,1270,1872,757,2335,,254,census2021-ts067-ward.csv,4549.0
2021,Tithe Farm,E05008806,3486,868,485,491,204,519,,94,census2021-ts067-ward.csv,825.0
2021,Toddington,E05008807,7999,1125,717,1258,489,1461,,179,census2021-ts067-ward.csv,2770.0
2021,"Westoning, Flitton and Greenfield",E05008808,3936,499,348,640,245,721,,102,census2021-ts067-ward.csv,1381.0
2021,Aston (South Derbyshire),E05008809,7504,839,580,975,445,1420,,189,census2021-ts067-ward.csv,3056.0
2021,Church Gresley,E05008810,6815,1145,728,1094,415,1472,,136,census2021-ts067-ward.csv,1825.0
2021,Etwall,E05008811,5716,581,463,679,321,1025,,121,census2021-ts067-ward.csv,2526.0
2021,Hatton,E05008812,2101,423,213,303,174,405,,57,census2021-ts067-ward.csv,526.0
2021,Hilton,E05008813,7939,756,693,1178,432,1576,,124,census2021-ts067-ward.csv,3180.0
2021,Linton (South Derbyshire),E05008814,4959,940,475,776,289,965,,137,census2021-ts067-ward.csv,1377.0
2021,Melbourne,E05008815,4559,655,350,558,288,727,,100,census2021-ts067-ward.csv,1881.0
2021,Midway,E05008816,6678,1362,801,1156,487,1195,,180,census2021-ts067-ward.csv,1497.0
2021,Newhall and Stanton,E05008817,6612,1530,863,1103,473,1198,,177,census2021-ts067-ward.csv,1268.0
2021,Repton (South Derbyshire),E05008818,4852,564,362,722,241,790,,116,census2021-ts067-ward.csv,2057.0
2021,Seales,E05008819,4572,881,463,652,285,837,,86,census2021-ts067-ward.csv,1368.0
2021,Stenson,E05008820,4269,712,468,567,282,813,,151,census2021-ts067-ward.csv,1276.0
2021,Swadlincote,E05008821,7228,1532,805,1163,504,1384,,225,census2021-ts067-ward.csv,1615.0
2021,Willington and Findern,E05008822,5892,667,493,701,375,1106,,139,census2021-ts067-ward.csv,2411.0
2021,Woodville,E05008823,7255,1333,840,1215,427,1452,,182,census2021-ts067-ward.csv,1806.0
2021,Abbott,E05008857,1958,581,195,286,161,329,,82,census2021-ts067-ward.csv,324.0
2021,Berry Hill (Mansfield),E05008858,2764,384,228,338,156,500,,64,census2021-ts067-ward.csv,1094.0
2021,Brick Kiln,E05008859,2532,698,314,426,148,413,,66,census2021-ts067-ward.csv,467.0
2021,Broomhill,E05008860,2620,785,321,422,174,379,,101,census2021-ts067-ward.csv,438.0
2021,Bull Farm and Pleasley Hill,E05008861,3388,935,393,498,194,568,,111,census2021-ts067-ward.csv,689.0
2021,Carr Bank,E05008862,2693,750,360,409,146,416,,86,census2021-ts067-ward.csv,526.0
2021,Eakring,E05008863,2210,413,237,294,143,454,,65,census2021-ts067-ward.csv,604.0
2021,Grange Farm,E05008864,2489,519,253,340,160,428,,77,census2021-ts067-ward.csv,712.0
2021,Holly,E05008865,2552,420,289,407,166,553,,78,census2021-ts067-ward.csv,639.0
2021,Hornby,E05008866,2216,438,243,300,164,436,,76,census2021-ts067-ward.csv,559.0
2021,Kings Walk,E05008867,2708,267,249,429,136,617,,70,census2021-ts067-ward.csv,940.0
2021,Kingsway (Mansfield),E05008868,2611,626,324,354,156,493,,83,census2021-ts067-ward.csv,575.0
2021,Ladybrook,E05008869,2907,934,357,406,204,404,,101,census2021-ts067-ward.csv,501.0
2021,Lindhurst,E05008870,2451,433,252,359,176,411,,61,census2021-ts067-ward.csv,759.0
2021,Ling Forest,E05008871,2095,415,211,312,170,438,,83,census2021-ts067-ward.csv,466.0
2021,Manor (Mansfield),E05008872,2325,548,249,322,188,453,,85,census2021-ts067-ward.csv,480.0
2021,Market Warsop,E05008873,2472,698,312,378,159,433,,79,census2021-ts067-ward.csv,413.0
2021,Maun Valley,E05008874,2811,489,318,461,166,588,,77,census2021-ts067-ward.csv,712.0
2021,Meden,E05008875,2469,663,278,411,183,392,,66,census2021-ts067-ward.csv,476.0
2021,Netherfield (Mansfield),E05008876,2254,580,294,357,159,377,,68,census2021-ts067-ward.csv,419.0
2021,Newgate,E05008877,2498,805,322,316,145,371,,114,census2021-ts067-ward.csv,425.0
2021,Newlands,E05008878,2575,684,359,349,167,463,,73,census2021-ts067-ward.csv,480.0
2021,Oak Tree,E05008879,2135,641,334,301,129,303,,60,census2021-ts067-ward.csv,367.0
2021,Oakham,E05008880,2265,299,189,315,136,450,,34,census2021-ts067-ward.csv,842.0
2021,Park Hall,E05008881,2797,736,365,418,174,497,,81,census2021-ts067-ward.csv,526.0
2021,Peafields,E05008882,2240,505,257,340,179,407,,55,census2021-ts067-ward.csv,497.0
2021,Penniment,E05008883,2350,676,302,358,133,381,,84,census2021-ts067-ward.csv,416.0
2021,Portland (Mansfield),E05008884,2384,710,281,322,160,308,,134,census2021-ts067-ward.csv,469.0
2021,Racecourse,E05008885,2510,600,316,381,188,445,,83,census2021-ts067-ward.csv,497.0
2021,Ransom Wood,E05008886,2296,669,295,355,161,352,,64,census2021-ts067-ward.csv,400.0
2021,Sandhurst,E05008887,2354,537,266,306,161,433,,81,census2021-ts067-ward.csv,570.0
2021,Sherwood (Mansfield),E05008888,2478,527,260,400,150,511,,80,census2021-ts067-ward.csv,550.0
2021,Warsop Carrs,E05008889,2961,808,357,423,200,567,,68,census2021-ts067-ward.csv,538.0
2021,Woodhouse (Mansfield),E05008890,2689,840,359,379,158,441,,74,census2021-ts067-ward.csv,438.0
2021,Woodlands (Mansfield),E05008891,2163,600,249,271,145,324,,104,census2021-ts067-ward.csv,470.0
2021,Yeoman Hill,E05008892,2945,700,349,473,197,523,,79,census2021-ts067-ward.csv,624.0
2021,Downlands and Forest,E05008932,2485,310,188,336,138,434,,68,census2021-ts067-ward.csv,1011.0
2021,Fordingbridge,E05008933,5722,985,580,833,370,1003,,146,census2021-ts067-ward.csv,1805.0
2021,Forest North West,E05008934,2207,299,164,303,135,354,,56,census2021-ts067-ward.csv,896.0
2021,"Hastingwood, Matching and Sheering Village",E05008940,2152,370,231,366,132,388,,50,census2021-ts067-ward.csv,615.0
2021,Moreton and Fyfield,E05008941,1841,368,211,306,102,325,,55,census2021-ts067-ward.csv,474.0
2021,Central (Swindon),E05008954,12427,2465,2010,1682,640,1387,,903,census2021-ts067-ward.csv,3340.0
2021,Chiseldon and Lawn,E05008955,6418,806,624,950,331,1112,,171,census2021-ts067-ward.csv,2424.0
2021,Covingham and Dorcan,E05008956,8955,1736,1261,1477,674,1529,,293,census2021-ts067-ward.csv,1985.0
2021,Eastcott,E05008957,9913,1518,1106,1310,505,1479,,444,census2021-ts067-ward.csv,3551.0
2021,Gorse Hill and Pinehurst,E05008958,11313,2684,1777,1772,713,1579,,478,census2021-ts067-ward.csv,2310.0
2021,"Liden, Eldene and Park South",E05008960,9182,2200,1458,1551,548,1253,,338,census2021-ts067-ward.csv,1834.0
2021,Lydiard and Freshbrook,E05008961,8898,1620,1186,1523,467,1545,,316,census2021-ts067-ward.csv,2241.0
2021,Mannington and Western,E05008962,9057,1611,1229,1440,565,1420,,324,census2021-ts067-ward.csv,2468.0
2021,Old Town (Swindon),E05008963,8951,949,752,1336,403,1427,,187,census2021-ts067-ward.csv,3897.0
2021,Priory Vale,E05008965,9616,938,1064,1831,472,1973,,198,census2021-ts067-ward.csv,3140.0
2021,Ridgeway (Swindon),E05008966,2839,294,221,412,142,456,,46,census2021-ts067-ward.csv,1268.0
2021,Rodbourne Cheney,E05008967,10075,2187,1362,1728,656,1542,,334,census2021-ts067-ward.csv,2266.0
2021,St Andrews (Swindon),E05008968,14043,1262,1457,2393,624,2976,,313,census2021-ts067-ward.csv,5018.0
2021,St Margaret and South Marston,E05008969,9747,1716,1253,1620,708,1759,,303,census2021-ts067-ward.csv,2388.0
2021,Shaw (Swindon),E05008970,8853,1004,1043,1569,463,1684,,232,census2021-ts067-ward.csv,2858.0
2021,Walcot and Park North,E05008971,10614,2615,1762,1767,572,1388,,423,census2021-ts067-ward.csv,2087.0
2021,Wroughton and Wichelstowe,E05008972,6826,1169,761,1028,490,1135,,182,census2021-ts067-ward.csv,2061.0
2021,Benn,E05008974,7813,1680,887,1020,484,1127,,370,census2021-ts067-ward.csv,2245.0
2021,Bilton,E05008975,5631,836,555,739,417,936,,184,census2021-ts067-ward.csv,1964.0
2021,"Clifton, Newton and Churchover",E05008976,2333,286,179,307,131,437,,42,census2021-ts067-ward.csv,951.0
2021,Coton and Boughton,E05008977,6409,614,584,910,292,1106,,140,census2021-ts067-ward.csv,2763.0
2021,Hillmorton,E05008979,6069,935,533,848,413,1068,,162,census2021-ts067-ward.csv,2110.0
2021,Leam Valley,E05008980,2102,255,182,257,111,314,,40,census2021-ts067-ward.csv,943.0
2021,New Bilton,E05008981,6616,1390,786,942,490,1066,,245,census2021-ts067-ward.csv,1697.0
2021,Newbold and Brownsover,E05008982,7270,1368,866,1081,475,1118,,240,census2021-ts067-ward.csv,2122.0
2021,Paddox,E05008983,5860,762,515,834,388,1052,,151,census2021-ts067-ward.csv,2158.0
2021,Revel and Binley Woods,E05008984,5485,902,525,771,403,838,,152,census2021-ts067-ward.csv,1894.0
2021,Rokeby and Overslade,E05008985,6216,1207,683,815,468,901,,203,census2021-ts067-ward.csv,1939.0
2021,Eastlands,E05008986,6835,1015,591,1084,381,1036,,199,census2021-ts067-ward.csv,2529.0
2021,Wolvey and Shilton,E05008988,2489,362,217,315,230,540,,54,census2021-ts067-ward.csv,771.0
2021,Aldershot Park,E05008989,5728,1386,748,846,314,943,,194,census2021-ts067-ward.csv,1297.0
2021,Cherrywood,E05008990,7186,2002,1108,958,333,981,,340,census2021-ts067-ward.csv,1464.0
2021,Cove and Southwood,E05008991,5847,878,676,953,348,1064,,140,census2021-ts067-ward.csv,1788.0
2021,Empress,E05008992,5500,612,484,698,230,937,,128,census2021-ts067-ward.csv,2411.0
2021,Fernhill (Rushmoor),E05008993,5697,1036,731,938,321,972,,157,census2021-ts067-ward.csv,1542.0
2021,Knellwood,E05008994,6107,697,519,909,288,1141,,150,census2021-ts067-ward.csv,2403.0
2021,Manor Park (Rushmoor),E05008995,7804,1746,988,953,400,1193,,280,census2021-ts067-ward.csv,2244.0
2021,North Town,E05008996,6254,1181,770,984,406,1120,,175,census2021-ts067-ward.csv,1618.0
2021,Rowhill,E05008997,6124,1273,715,812,368,981,,197,census2021-ts067-ward.csv,1778.0
2021,St John's (Rushmoor),E05008998,5656,745,711,858,326,1084,,141,census2021-ts067-ward.csv,1791.0
2021,St Mark's (Rushmoor),E05008999,6847,928,714,970,403,1276,,181,census2021-ts067-ward.csv,2375.0
2021,Wellington (Rushmoor),E05009000,6492,1184,717,829,453,1182,,194,census2021-ts067-ward.csv,1933.0
2021,West Heath (Rushmoor),E05009001,5627,1135,701,814,326,977,,204,census2021-ts067-ward.csv,1470.0
2021,Broxbourne and Hoddesdon South,E05009002,7463,1219,752,1161,406,1246,,221,census2021-ts067-ward.csv,2458.0
2021,Cheshunt North,E05009003,7603,1719,915,1084,448,1208,,219,census2021-ts067-ward.csv,2010.0
2021,Cheshunt South and Theobalds,E05009004,7545,1670,801,1014,405,1209,,247,census2021-ts067-ward.csv,2199.0
2021,Flamstead End,E05009005,7031,1512,856,1093,375,1224,,192,census2021-ts067-ward.csv,1779.0
2021,Goffs Oak,E05009006,7603,1263,789,1190,449,1362,,184,census2021-ts067-ward.csv,2366.0
2021,Hoddesdon North,E05009007,7874,1525,1008,1285,511,1454,,241,census2021-ts067-ward.csv,1850.0
2021,Hoddesdon Town and Rye Park,E05009008,8201,1678,1055,1247,497,1495,,275,census2021-ts067-ward.csv,1954.0
2021,Rosedale and Bury Green,E05009009,7798,1808,986,1146,427,1244,,211,census2021-ts067-ward.csv,1976.0
2021,Waltham Cross,E05009010,9479,2400,1067,1118,491,1329,,318,census2021-ts067-ward.csv,2756.0
2021,Wormley and Turnford,E05009011,8839,1764,1120,1389,497,1499,,229,census2021-ts067-ward.csv,2341.0
2021,Annfield Plain,E05009030,6580,1654,778,999,429,1267,,166,census2021-ts067-ward.csv,1287.0
2021,Aycliffe East,E05009031,6845,1563,751,1064,455,1324,,158,census2021-ts067-ward.csv,1530.0
2021,Aycliffe North and Middridge,E05009032,8934,1414,893,1335,585,1845,,205,census2021-ts067-ward.csv,2657.0
2021,Aycliffe West,E05009033,6136,1565,753,999,413,1144,,193,census2021-ts067-ward.csv,1069.0
2021,Barnard Castle East,E05009034,7137,1294,616,1041,432,1165,,177,census2021-ts067-ward.csv,2412.0
2021,Barnard Castle West,E05009035,7178,1186,688,992,447,1222,,222,census2021-ts067-ward.csv,2421.0
2021,Belmont (County Durham),E05009036,11544,2220,937,1421,584,2143,,260,census2021-ts067-ward.csv,3979.0
2021,Benfieldside,E05009037,6735,932,575,958,427,1286,,163,census2021-ts067-ward.csv,2394.0
2021,Bishop Auckland Town,E05009038,6603,1291,594,937,483,1267,,154,census2021-ts067-ward.csv,1877.0
2021,Bishop Middleham and Cornforth,E05009039,3101,732,292,445,221,531,,86,census2021-ts067-ward.csv,794.0
2021,Blackhalls,E05009040,6692,1795,686,908,434,1147,,170,census2021-ts067-ward.csv,1552.0
2021,Brandon,E05009041,8481,1812,791,1240,506,1521,,185,census2021-ts067-ward.csv,2426.0
2021,Burnopfield and Dipton,E05009042,6582,1174,614,941,488,1213,,181,census2021-ts067-ward.csv,1971.0
2021,Chester-le-Street East,E05009043,2990,505,265,405,208,463,,44,census2021-ts067-ward.csv,1100.0
2021,Chester-le-Street North,E05009044,3179,657,328,438,268,570,,82,census2021-ts067-ward.csv,836.0
2021,Chester-le-Street South,E05009045,6137,910,566,969,412,1090,,157,census2021-ts067-ward.csv,2033.0
2021,Chester-le-Street West Central,E05009046,6452,1407,733,970,397,1217,,154,census2021-ts067-ward.csv,1574.0
2021,Chilton (County Durham),E05009047,3910,854,396,595,245,774,,114,census2021-ts067-ward.csv,932.0
2021,Consett North,E05009048,6650,1275,664,1000,449,1377,,172,census2021-ts067-ward.csv,1713.0
2021,Consett South,E05009049,4171,713,430,645,230,899,,106,census2021-ts067-ward.csv,1148.0
2021,Coundon,E05009050,3545,985,368,543,257,635,,73,census2021-ts067-ward.csv,684.0
2021,Coxhoe,E05009051,10769,2140,959,1512,659,2035,,189,census2021-ts067-ward.csv,3275.0
2021,Craghead and South Moor,E05009052,6723,1682,778,1021,443,1299,,157,census2021-ts067-ward.csv,1343.0
2021,Crook,E05009053,10083,2319,1028,1528,676,1949,,241,census2021-ts067-ward.csv,2342.0
2021,Dawdon,E05009054,7000,1795,800,1099,418,1214,,222,census2021-ts067-ward.csv,1452.0
2021,Deerness,E05009055,10444,2358,1054,1488,660,1810,,261,census2021-ts067-ward.csv,2813.0
2021,Delves Lane,E05009056,6767,1367,710,1057,445,1336,,196,census2021-ts067-ward.csv,1656.0
2021,Deneside,E05009057,5742,1793,620,874,370,897,,191,census2021-ts067-ward.csv,997.0
2021,Durham South,E05009058,1303,130,81,116,39,132,,16,census2021-ts067-ward.csv,789.0
2021,Easington,E05009059,6356,1682,638,917,379,1087,,127,census2021-ts067-ward.csv,1526.0
2021,Elvet and Gilesgate,E05009060,9282,484,169,361,122,5435,,177,census2021-ts067-ward.csv,2534.0
2021,Esh and Witton Gilbert,E05009061,6646,1229,630,963,448,1213,,158,census2021-ts067-ward.csv,2005.0
2021,Evenwood,E05009062,6861,1559,702,985,488,1183,,174,census2021-ts067-ward.csv,1770.0
2021,Ferryhill,E05009063,9194,2270,990,1344,659,1753,,278,census2021-ts067-ward.csv,1900.0
2021,Framwellgate and Newton Hall,E05009064,11811,1764,968,1592,667,1897,,299,census2021-ts067-ward.csv,4624.0
2021,Horden,E05009065,5938,1941,728,921,338,921,,150,census2021-ts067-ward.csv,939.0
2021,Lanchester,E05009066,6347,1080,533,811,379,1137,,144,census2021-ts067-ward.csv,2263.0
2021,Leadgate and Medomsley,E05009067,7246,1504,683,1034,467,1338,,194,census2021-ts067-ward.csv,2026.0
2021,Lumley,E05009068,6085,1126,678,865,413,1029,,173,census2021-ts067-ward.csv,1801.0
2021,Murton,E05009069,6246,1542,671,995,426,1088,,176,census2021-ts067-ward.csv,1348.0
2021,Neville's Cross,E05009070,12123,417,203,624,143,5689,,177,census2021-ts067-ward.csv,4870.0
2021,North Lodge,E05009071,3350,432,241,431,244,605,,81,census2021-ts067-ward.csv,1316.0
2021,Passfield,E05009072,3859,781,379,594,274,769,,110,census2021-ts067-ward.csv,952.0
2021,Pelton,E05009073,10785,2052,1152,1616,844,2083,,261,census2021-ts067-ward.csv,2777.0
2021,Peterlee East,E05009074,6139,1787,698,1045,354,1051,,157,census2021-ts067-ward.csv,1047.0
2021,Peterlee West,E05009075,6475,1570,742,1146,361,1257,,169,census2021-ts067-ward.csv,1230.0
2021,Sacriston,E05009076,6269,1339,651,936,407,1229,,172,census2021-ts067-ward.csv,1535.0
2021,Seaham,E05009077,5441,948,501,802,362,1079,,132,census2021-ts067-ward.csv,1617.0
2021,Sedgefield,E05009078,6821,1093,568,934,380,1199,,168,census2021-ts067-ward.csv,2479.0
2021,Sherburn,E05009079,7137,1506,623,972,436,1171,,176,census2021-ts067-ward.csv,2253.0
2021,Shildon and Dene Valley,E05009080,11011,2861,1167,1660,898,1976,,256,census2021-ts067-ward.csv,2193.0
2021,Shotton and South Hetton,E05009081,7543,1977,783,1160,489,1383,,163,census2021-ts067-ward.csv,1588.0
2021,Spennymoor,E05009082,9470,1984,899,1388,603,1901,,231,census2021-ts067-ward.csv,2464.0
2021,Stanley (County Durham),E05009083,7206,2106,795,1234,492,1180,,190,census2021-ts067-ward.csv,1209.0
2021,Tanfield,E05009084,6620,1355,708,1060,449,1251,,176,census2021-ts067-ward.csv,1621.0
2021,Tow Law,E05009085,3825,893,375,599,295,701,,75,census2021-ts067-ward.csv,887.0
2021,Trimdon and Thornley,E05009086,10481,2937,1043,1543,625,1947,,257,census2021-ts067-ward.csv,2129.0
2021,Tudhoe,E05009087,7745,1646,748,1108,481,1474,,160,census2021-ts067-ward.csv,2128.0
2021,Weardale,E05009088,6771,1284,578,865,437,1127,,191,census2021-ts067-ward.csv,2289.0
2021,West Auckland,E05009089,7145,1648,713,1067,507,1351,,129,census2021-ts067-ward.csv,1730.0
2021,Willington and Hunwick,E05009090,7327,1687,662,1106,475,1291,,173,census2021-ts067-ward.csv,1933.0
2021,Wingate,E05009091,3410,807,317,491,212,668,,98,census2021-ts067-ward.csv,817.0
2021,Woodhouse Close,E05009092,6592,1992,677,1016,430,1179,,136,census2021-ts067-ward.csv,1162.0
2021,Alnwick,E05009093,8854,1534,821,1218,613,1403,,249,census2021-ts067-ward.csv,3016.0
2021,Amble,E05009094,4232,933,486,623,342,769,,109,census2021-ts067-ward.csv,970.0
2021,Amble West with Warkworth,E05009095,3672,521,311,491,283,621,,86,census2021-ts067-ward.csv,1359.0
2021,Ashington Central,E05009096,3792,973,461,662,246,695,,81,census2021-ts067-ward.csv,674.0
2021,Bamburgh,E05009097,3710,725,367,524,332,599,,97,census2021-ts067-ward.csv,1066.0
2021,Bedlington Central,E05009098,4384,901,466,611,361,797,,126,census2021-ts067-ward.csv,1122.0
2021,Bedlington East,E05009099,3721,924,435,568,264,729,,68,census2021-ts067-ward.csv,733.0
2021,Bedlington West,E05009100,3790,502,367,545,261,802,,79,census2021-ts067-ward.csv,1234.0
2021,Bellingham (Northumberland),E05009101,3230,591,311,438,211,549,,97,census2021-ts067-ward.csv,1033.0
2021,Berwick East,E05009102,3881,956,487,597,343,608,,109,census2021-ts067-ward.csv,781.0
2021,Berwick North,E05009103,3750,807,389,465,292,539,,96,census2021-ts067-ward.csv,1162.0
2021,Berwick West with Ord,E05009104,3461,804,368,552,344,582,,80,census2021-ts067-ward.csv,731.0
2021,Bywell,E05009106,3754,466,227,419,185,583,,74,census2021-ts067-ward.csv,1800.0
2021,Choppington,E05009107,3717,838,432,578,255,730,,107,census2021-ts067-ward.csv,777.0
2021,College (Northumberland),E05009108,4020,1000,433,656,263,786,,109,census2021-ts067-ward.csv,773.0
2021,Corbridge,E05009109,3482,468,258,448,173,495,,92,census2021-ts067-ward.csv,1548.0
2021,Cowpen,E05009110,3260,797,415,595,254,584,,46,census2021-ts067-ward.csv,569.0
2021,Cramlington East,E05009111,3534,808,455,573,230,649,,105,census2021-ts067-ward.csv,714.0
2021,Cramlington Eastfield,E05009112,4119,631,473,674,318,905,,98,census2021-ts067-ward.csv,1020.0
2021,Cramlington North,E05009113,4019,385,346,646,246,845,,81,census2021-ts067-ward.csv,1470.0
2021,Cramlington South East,E05009114,3879,744,428,566,390,696,,144,census2021-ts067-ward.csv,911.0
2021,Cramlington Village,E05009115,3744,783,377,581,300,632,,120,census2021-ts067-ward.csv,951.0
2021,Cramlington West,E05009116,5643,967,591,899,351,1172,,126,census2021-ts067-ward.csv,1537.0
2021,Croft (Northumberland),E05009117,3760,1041,457,596,271,576,,102,census2021-ts067-ward.csv,717.0
2021,Druridge Bay,E05009118,5852,1299,681,933,442,1047,,161,census2021-ts067-ward.csv,1289.0
2021,Haltwhistle,E05009119,3949,860,447,600,326,651,,127,census2021-ts067-ward.csv,938.0
2021,Hartley,E05009120,4041,677,390,578,342,745,,117,census2021-ts067-ward.csv,1192.0
2021,Haydon,E05009121,3576,667,343,550,311,703,,94,census2021-ts067-ward.csv,908.0
2021,Haydon and Hadrian,E05009122,3768,585,353,527,249,693,,88,census2021-ts067-ward.csv,1273.0
2021,Hexham Central with Acomb,E05009123,3821,655,375,513,277,606,,83,census2021-ts067-ward.csv,1312.0
2021,Hexham East,E05009124,3613,671,310,441,197,507,,99,census2021-ts067-ward.csv,1388.0
2021,Hexham West,E05009125,3321,300,194,361,162,437,,57,census2021-ts067-ward.csv,1810.0
2021,Hirst,E05009126,3976,1108,490,736,239,637,,82,census2021-ts067-ward.csv,684.0
2021,Holywell (Northumberland),E05009127,4261,782,480,628,356,783,,141,census2021-ts067-ward.csv,1091.0
2021,Humshaugh,E05009128,3542,532,281,456,210,571,,97,census2021-ts067-ward.csv,1395.0
2021,Isabella,E05009129,3619,1006,473,619,297,629,,74,census2021-ts067-ward.csv,521.0
2021,Kitty Brewster,E05009130,5775,1163,641,931,393,1196,,107,census2021-ts067-ward.csv,1344.0
2021,Longhorsley,E05009131,3855,438,266,456,193,628,,81,census2021-ts067-ward.csv,1793.0
2021,Longhoughton,E05009132,3743,480,317,502,220,685,,73,census2021-ts067-ward.csv,1466.0
2021,Lynemouth,E05009133,3758,746,406,553,297,730,,103,census2021-ts067-ward.csv,923.0
2021,Morpeth Kirkhill,E05009134,4370,540,318,537,251,720,,107,census2021-ts067-ward.csv,1897.0
2021,Morpeth North,E05009135,3974,498,254,441,172,591,,138,census2021-ts067-ward.csv,1880.0
2021,Morpeth Stobhill,E05009136,4050,609,328,518,234,665,,110,census2021-ts067-ward.csv,1586.0
2021,Newbiggin Central and East,E05009137,3730,999,376,562,275,564,,119,census2021-ts067-ward.csv,835.0
2021,Norham and Islandshires,E05009139,3648,600,346,516,265,565,,99,census2021-ts067-ward.csv,1257.0
2021,Plessey,E05009141,3090,583,343,456,281,630,,104,census2021-ts067-ward.csv,693.0
2021,Ponteland East and Stannington,E05009142,4136,425,318,543,205,647,,85,census2021-ts067-ward.csv,1913.0
2021,Ponteland North,E05009143,4483,610,320,536,215,656,,153,census2021-ts067-ward.csv,1993.0
2021,Ponteland South with Heddon,E05009144,3549,377,233,410,161,477,,89,census2021-ts067-ward.csv,1802.0
2021,Ponteland West,E05009145,3508,309,258,429,181,626,,72,census2021-ts067-ward.csv,1633.0
2021,Prudhoe North,E05009146,4218,547,389,663,293,885,,79,census2021-ts067-ward.csv,1362.0
2021,Prudhoe South,E05009147,4639,929,456,749,325,885,,113,census2021-ts067-ward.csv,1182.0
2021,Rothbury,E05009148,4272,597,358,547,314,687,,125,census2021-ts067-ward.csv,1644.0
2021,Seaton with Newbiggin West,E05009149,4771,923,437,726,328,1094,,105,census2021-ts067-ward.csv,1158.0
2021,Shilbottle,E05009151,4645,653,375,610,261,835,,87,census2021-ts067-ward.csv,1824.0
2021,Sleekburn,E05009152,3520,871,393,533,244,663,,85,census2021-ts067-ward.csv,731.0
2021,South Blyth,E05009153,3951,518,392,616,315,807,,96,census2021-ts067-ward.csv,1207.0
2021,South Tynedale,E05009154,4056,488,295,519,228,674,,90,census2021-ts067-ward.csv,1762.0
2021,Stakeford,E05009155,3875,872,383,514,275,804,,117,census2021-ts067-ward.csv,910.0
2021,Stocksfield and Broomhaugh,E05009156,4061,472,261,495,205,609,,79,census2021-ts067-ward.csv,1940.0
2021,Wensleydale,E05009157,4486,815,434,652,357,942,,116,census2021-ts067-ward.csv,1170.0
2021,Wooler,E05009158,3807,712,372,547,302,574,,123,census2021-ts067-ward.csv,1177.0
2021,"Gobowen, Selattyn and Weston Rhyn",E05009281,5761,1047,555,944,382,981,,147,census2021-ts067-ward.csv,1705.0
2021,Oswestry East,E05009282,7699,1498,955,1309,559,1367,,249,census2021-ts067-ward.csv,1762.0
2021,Oswestry South,E05009283,3870,604,386,601,216,649,,81,census2021-ts067-ward.csv,1333.0
2021,Oswestry West,E05009284,3140,622,339,498,191,505,,113,census2021-ts067-ward.csv,872.0
2021,Ruyton and Baschurch,E05009285,3562,431,296,557,182,646,,66,census2021-ts067-ward.csv,1384.0
2021,St Oswald (Shropshire),E05009286,4025,603,365,629,235,699,,98,census2021-ts067-ward.csv,1396.0
2021,Whittington,E05009287,3664,558,335,535,233,720,,89,census2021-ts067-ward.csv,1194.0
2021,Chopwell and Rowlands Gill,E05009313,7371,1530,798,992,526,1168,,196,census2021-ts067-ward.csv,2161.0
2021,Walkern,E05009315,2270,265,214,332,126,407,,52,census2021-ts067-ward.csv,874.0
2021,Manor (Stevenage),E05009316,5327,741,612,839,284,988,,106,census2021-ts067-ward.csv,1757.0
2021,Bethnal Green,E05009317,17084,2782,1270,1448,383,3082,,534,census2021-ts067-ward.csv,7585.0
2021,Blackwall & Cubitt Town,E05009318,18177,1785,834,1150,372,2120,,521,census2021-ts067-ward.csv,11395.0
2021,Bow East,E05009319,16304,2439,941,1351,293,2031,,401,census2021-ts067-ward.csv,8848.0
2021,Bow West,E05009320,11317,1921,723,892,248,1358,,262,census2021-ts067-ward.csv,5913.0
2021,Bromley North,E05009321,9223,1780,767,927,242,1270,,265,census2021-ts067-ward.csv,3972.0
2021,Bromley South,E05009322,10918,1930,866,1144,244,1596,,306,census2021-ts067-ward.csv,4832.0
2021,Canary Wharf,E05009323,15242,1573,736,927,265,1526,,411,census2021-ts067-ward.csv,9804.0
2021,Island Gardens,E05009324,12499,1685,780,930,246,1624,,358,census2021-ts067-ward.csv,6876.0
2021,Lansbury,E05009325,16704,3277,1445,1734,444,2345,,541,census2021-ts067-ward.csv,6918.0
2021,Limehouse,E05009326,5759,654,276,337,76,613,,141,census2021-ts067-ward.csv,3662.0
2021,Mile End (Tower Hamlets),E05009327,17064,3106,1323,1585,445,2310,,480,census2021-ts067-ward.csv,7815.0
2021,Poplar (Tower Hamlets),E05009328,6078,1236,580,647,157,800,,219,census2021-ts067-ward.csv,2439.0
2021,St Dunstan's,E05009329,11502,2473,928,1182,278,1698,,373,census2021-ts067-ward.csv,4570.0
2021,St Katharine's & Wapping,E05009330,10473,898,420,613,118,1022,,219,census2021-ts067-ward.csv,7183.0
2021,St Peter's (Tower Hamlets),E05009331,16387,2980,1174,1450,332,2117,,434,census2021-ts067-ward.csv,7900.0
2021,Shadwell,E05009332,10272,2348,935,1096,290,1365,,347,census2021-ts067-ward.csv,3891.0
2021,Spitalfields & Banglatown,E05009333,11330,1917,695,918,215,1425,,311,census2021-ts067-ward.csv,5849.0
2021,Stepney Green,E05009334,9733,2263,817,1011,257,1480,,290,census2021-ts067-ward.csv,3615.0
2021,Weavers,E05009335,11121,1820,729,888,231,1376,,270,census2021-ts067-ward.csv,5807.0
2021,Whitechapel,E05009336,15703,2133,917,1204,306,2188,,530,census2021-ts067-ward.csv,8425.0
2021,Baylis and Stoke,E05009337,7727,2054,954,945,275,1131,,358,census2021-ts067-ward.csv,2010.0
2021,Britwell and Northborough,E05009338,8359,1732,1081,1252,368,1135,,329,census2021-ts067-ward.csv,2462.0
2021,Central (Slough),E05009339,9994,1968,963,953,427,1161,,487,census2021-ts067-ward.csv,4035.0
2021,Chalvey,E05009340,9908,2398,1021,1113,401,1170,,472,census2021-ts067-ward.csv,3333.0
2021,Cippenham Green,E05009341,7966,1388,832,1085,387,1314,,336,census2021-ts067-ward.csv,2624.0
2021,Cippenham Meadows,E05009342,9138,1577,1007,1159,427,1352,,367,census2021-ts067-ward.csv,3249.0
2021,Colnbrook with Poyle,E05009343,4918,849,594,635,244,735,,251,census2021-ts067-ward.csv,1610.0
2021,Elliman,E05009344,8012,1907,915,874,312,1024,,441,census2021-ts067-ward.csv,2539.0
2021,Farnham,E05009345,8400,2058,934,1017,431,1066,,484,census2021-ts067-ward.csv,2410.0
2021,Foxborough,E05009346,2923,595,362,369,145,462,,131,census2021-ts067-ward.csv,859.0
2021,Haymill and Lynch Hill,E05009347,7935,1367,824,1040,358,1172,,256,census2021-ts067-ward.csv,2918.0
2021,Langley Kedermister,E05009348,7988,1477,884,992,291,1053,,273,census2021-ts067-ward.csv,3018.0
2021,Langley St Mary's,E05009349,8816,1309,818,993,397,1255,,301,census2021-ts067-ward.csv,3743.0
2021,Upton (Slough),E05009350,8221,1253,633,833,248,1019,,291,census2021-ts067-ward.csv,3944.0
2021,Wexham Lea,E05009351,8633,2034,943,1077,294,1132,,483,census2021-ts067-ward.csv,2670.0
2021,Blackwater and Hawley,E05009352,7746,1088,965,1188,531,1493,,227,census2021-ts067-ward.csv,2254.0
2021,Crookham East,E05009353,5977,621,505,892,295,1035,,172,census2021-ts067-ward.csv,2457.0
2021,Crookham West and Ewshot,E05009354,8600,760,640,1254,348,1654,,222,census2021-ts067-ward.csv,3722.0
2021,Fleet Central,E05009355,7448,1040,698,936,344,1147,,218,census2021-ts067-ward.csv,3065.0
2021,Fleet East,E05009356,6481,571,501,827,259,1053,,114,census2021-ts067-ward.csv,3156.0
2021,Fleet West,E05009357,7111,452,511,970,197,1241,,110,census2021-ts067-ward.csv,3630.0
2021,Hartley Wintney,E05009358,7783,976,636,1022,352,1211,,153,census2021-ts067-ward.csv,3433.0
2021,Hook,E05009359,7687,694,600,1050,293,1420,,147,census2021-ts067-ward.csv,3483.0
2021,Odiham,E05009360,7455,715,480,993,312,1439,,143,census2021-ts067-ward.csv,3373.0
2021,Yateley East,E05009361,7044,1008,800,1055,422,1287,,197,census2021-ts067-ward.csv,2275.0
2021,Yateley West,E05009362,6998,816,731,1120,447,1340,,172,census2021-ts067-ward.csv,2372.0
2021,Burford,E05009363,1701,254,157,236,75,229,,50,census2021-ts067-ward.csv,700.0
2021,Brize Norton and Shilton,E05009364,3126,246,200,398,181,1043,,43,census2021-ts067-ward.csv,1015.0
2021,Carterton North West,E05009365,4266,599,515,703,270,959,,94,census2021-ts067-ward.csv,1126.0
2021,Brownswood,E05009367,7702,907,364,474,149,798,,134,census2021-ts067-ward.csv,4876.0
2021,Cazenove,E05009368,11108,2644,905,1099,303,1222,,395,census2021-ts067-ward.csv,4540.0
2021,Clissold,E05009369,10432,1248,494,771,230,1072,,190,census2021-ts067-ward.csv,6427.0
2021,Dalston,E05009370,7771,758,307,453,150,835,,166,census2021-ts067-ward.csv,5102.0
2021,De Beauvoir,E05009371,7692,962,341,487,144,761,,172,census2021-ts067-ward.csv,4825.0
2021,Hackney Central,E05009372,10573,1689,658,883,237,1301,,237,census2021-ts067-ward.csv,5568.0
2021,Hackney Downs,E05009373,10856,1651,665,868,299,1249,,270,census2021-ts067-ward.csv,5854.0
2021,Hackney Wick,E05009374,10101,1818,717,1006,270,1395,,228,census2021-ts067-ward.csv,4667.0
2021,Haggerston,E05009375,12245,1920,692,954,225,1383,,278,census2021-ts067-ward.csv,6793.0
2021,Homerton,E05009376,11088,1973,777,941,276,1466,,293,census2021-ts067-ward.csv,5362.0
2021,Hoxton East & Shoreditch,E05009377,10155,1410,530,699,217,1152,,289,census2021-ts067-ward.csv,5858.0
2021,Hoxton West,E05009378,11806,1668,629,829,267,1373,,340,census2021-ts067-ward.csv,6700.0
2021,King's Park,E05009379,10366,1905,699,1007,302,1330,,287,census2021-ts067-ward.csv,4836.0
2021,Lea Bridge (Hackney),E05009380,11279,1708,678,960,226,1312,,292,census2021-ts067-ward.csv,6103.0
2021,London Fields,E05009381,10757,1654,578,776,224,1182,,260,census2021-ts067-ward.csv,6083.0
2021,Shacklewell,E05009382,7503,1190,452,604,157,841,,192,census2021-ts067-ward.csv,4067.0
2021,Springfield,E05009383,10487,3195,910,1287,296,1251,,443,census2021-ts067-ward.csv,3105.0
2021,Stamford Hill West,E05009384,6925,1972,529,859,259,760,,237,census2021-ts067-ward.csv,2309.0
2021,Stoke Newington,E05009385,11123,1396,532,811,253,1228,,219,census2021-ts067-ward.csv,6684.0
2021,Victoria (Hackney),E05009386,10042,1567,575,883,214,1178,,208,census2021-ts067-ward.csv,5417.0
2021,Woodberry Down,E05009387,9456,1810,747,800,240,1082,,229,census2021-ts067-ward.csv,4548.0
2021,Abingdon,E05009388,6812,543,211,401,94,740,,205,census2021-ts067-ward.csv,4618.0
2021,Brompton & Hans Town,E05009389,6802,594,261,380,96,829,,244,census2021-ts067-ward.csv,4398.0
2021,Campden,E05009390,7206,432,202,427,72,740,,218,census2021-ts067-ward.csv,5115.0
2021,Chelsea Riverside,E05009391,6524,933,358,614,140,853,,195,census2021-ts067-ward.csv,3431.0
2021,Colville,E05009392,7479,1006,440,613,187,925,,205,census2021-ts067-ward.csv,4103.0
2021,Courtfield,E05009393,7277,526,195,311,94,918,,208,census2021-ts067-ward.csv,5025.0
2021,Dalgarno,E05009394,5892,1311,454,660,169,826,,208,census2021-ts067-ward.csv,2264.0
2021,Earl's Court,E05009395,7937,796,302,412,170,1039,,269,census2021-ts067-ward.csv,4949.0
2021,Golborne,E05009396,7562,1424,621,721,244,1076,,239,census2021-ts067-ward.csv,3237.0
2021,Holland,E05009397,7521,684,321,536,126,829,,241,census2021-ts067-ward.csv,4784.0
2021,Norland,E05009398,4872,451,195,325,56,573,,88,census2021-ts067-ward.csv,3184.0
2021,Notting Dale,E05009399,7570,1588,569,839,209,1097,,225,census2021-ts067-ward.csv,3043.0
2021,Pembridge,E05009400,4763,320,141,246,98,530,,124,census2021-ts067-ward.csv,3304.0
2021,Queen's Gate,E05009401,6871,484,137,339,65,1003,,246,census2021-ts067-ward.csv,4597.0
2021,Redcliffe,E05009402,7978,618,230,485,92,1067,,286,census2021-ts067-ward.csv,5200.0
2021,Royal Hospital,E05009403,7439,727,233,481,171,796,,265,census2021-ts067-ward.csv,4766.0
2021,St. Helen's (Kensington and Chelsea),E05009404,5186,681,298,476,149,700,,131,census2021-ts067-ward.csv,2751.0
2021,Stanley (Kensington and Chelsea),E05009405,7404,853,278,537,148,898,,230,census2021-ts067-ward.csv,4460.0
2021,Bletchley East,E05009406,13534,2861,1689,1991,702,2090,,424,census2021-ts067-ward.csv,3777.0
2021,Bletchley Park,E05009407,12635,2571,1657,1805,722,2034,,402,census2021-ts067-ward.csv,3444.0
2021,Bletchley West,E05009408,11948,2472,1635,1766,711,1964,,399,census2021-ts067-ward.csv,3001.0
2021,Bradwell (Milton Keynes),E05009409,10546,2001,1254,1605,549,1565,,329,census2021-ts067-ward.csv,3243.0
2021,Broughton (Milton Keynes),E05009410,14840,1544,1199,1903,472,2203,,380,census2021-ts067-ward.csv,7139.0
2021,Campbell Park & Old Woughton,E05009411,11237,1865,1188,1516,506,1769,,369,census2021-ts067-ward.csv,4024.0
2021,Central Milton Keynes,E05009412,13348,2347,1432,1649,589,1878,,498,census2021-ts067-ward.csv,4955.0
2021,Danesborough & Walton,E05009413,11462,1266,1080,1661,543,1943,,254,census2021-ts067-ward.csv,4715.0
2021,Loughton & Shenley,E05009414,11887,1580,1051,1598,519,1775,,271,census2021-ts067-ward.csv,5093.0
2021,Monkston,E05009415,10276,1101,1022,1625,351,1668,,298,census2021-ts067-ward.csv,4211.0
2021,Newport Pagnell North & Hanslope,E05009416,10766,1439,1148,1607,679,2001,,284,census2021-ts067-ward.csv,3608.0
2021,Newport Pagnell South,E05009417,9700,1355,1039,1470,543,1746,,253,census2021-ts067-ward.csv,3294.0
2021,Olney,E05009418,10301,1321,858,1412,527,1560,,247,census2021-ts067-ward.csv,4376.0
2021,Shenley Brook End,E05009419,10913,1202,1111,1634,386,1797,,280,census2021-ts067-ward.csv,4503.0
2021,Stantonbury,E05009420,12720,2362,1632,1925,575,1951,,389,census2021-ts067-ward.csv,3886.0
2021,Stony Stratford,E05009421,12505,1544,1215,1659,502,1983,,304,census2021-ts067-ward.csv,5298.0
2021,Tattenhoe,E05009422,9511,860,819,1424,294,1588,,200,census2021-ts067-ward.csv,4326.0
2021,Wolverton,E05009423,12581,2131,1359,1741,676,2109,,309,census2021-ts067-ward.csv,4256.0
2021,Woughton & Fishermead,E05009424,14117,3755,2034,2020,631,1738,,544,census2021-ts067-ward.csv,3395.0
2021,Abbots Langley & Bedmond,E05009425,5285,811,525,714,303,839,,136,census2021-ts067-ward.csv,1957.0
2021,Carpenders Park,E05009426,5647,1051,575,730,362,863,,189,census2021-ts067-ward.csv,1877.0
2021,Chorleywood North & Sarratt,E05009427,5805,533,363,721,193,842,,125,census2021-ts067-ward.csv,3028.0
2021,Chorleywood South & Maple Cross,E05009428,6230,683,476,843,220,917,,111,census2021-ts067-ward.csv,2980.0
2021,Dickinsons,E05009429,5155,555,368,644,230,804,,120,census2021-ts067-ward.csv,2434.0
2021,Durrants,E05009430,5550,674,496,727,309,916,,133,census2021-ts067-ward.csv,2295.0
2021,Gade Valley,E05009431,5527,741,553,795,264,962,,95,census2021-ts067-ward.csv,2117.0
2021,Leavesden,E05009432,6566,794,684,953,298,1075,,139,census2021-ts067-ward.csv,2623.0
2021,Moor Park & Eastbury,E05009433,5154,371,197,503,83,638,,70,census2021-ts067-ward.csv,3292.0
2021,Oxhey Hall & Hayling,E05009434,5892,995,664,811,302,919,,154,census2021-ts067-ward.csv,2047.0
2021,Penn & Mill End,E05009435,5617,860,535,782,246,924,,126,census2021-ts067-ward.csv,2144.0
2021,Rickmansworth Town,E05009436,6403,664,416,770,201,885,,140,census2021-ts067-ward.csv,3327.0
2021,South Oxhey,E05009437,6170,1290,687,845,320,894,,232,census2021-ts067-ward.csv,1902.0
2021,Arrow,E05009438,3131,475,286,443,161,550,,89,census2021-ts067-ward.csv,1127.0
2021,Aylestone Hill,E05009439,2882,467,321,398,183,484,,81,census2021-ts067-ward.csv,948.0
2021,Backbury,E05009440,2677,458,211,332,146,429,,74,census2021-ts067-ward.csv,1027.0
2021,Belmont Rural,E05009441,3018,491,303,511,214,616,,78,census2021-ts067-ward.csv,805.0
2021,Birch (Herefordshire),E05009442,2602,322,218,336,116,459,,64,census2021-ts067-ward.csv,1087.0
2021,Bircher,E05009443,3320,433,299,434,198,547,,79,census2021-ts067-ward.csv,1330.0
2021,Bishops Frome & Cradley,E05009444,2650,335,224,332,116,425,,58,census2021-ts067-ward.csv,1160.0
2021,Bobblestock,E05009445,2873,550,322,424,219,542,,93,census2021-ts067-ward.csv,723.0
2021,Bromyard Bringsty,E05009446,3071,550,288,404,187,459,,95,census2021-ts067-ward.csv,1088.0
2021,Bromyard West,E05009447,2711,614,270,421,176,452,,70,census2021-ts067-ward.csv,708.0
2021,Castle (Herefordshire),E05009448,2710,400,244,396,159,475,,60,census2021-ts067-ward.csv,976.0
2021,Central (Herefordshire),E05009449,2912,501,269,363,157,438,,78,census2021-ts067-ward.csv,1106.0
2021,College (Herefordshire),E05009450,3072,667,331,406,182,587,,90,census2021-ts067-ward.csv,809.0
2021,Dinedor Hill,E05009452,3017,448,282,414,168,604,,81,census2021-ts067-ward.csv,1020.0
2021,Eign Hill,E05009453,3091,533,263,379,183,540,,88,census2021-ts067-ward.csv,1105.0
2021,Golden Valley North,E05009454,2563,365,225,365,136,442,,61,census2021-ts067-ward.csv,969.0
2021,Golden Valley South,E05009455,2756,438,245,389,126,431,,81,census2021-ts067-ward.csv,1046.0
2021,Greyfriars (Herefordshire),E05009456,3289,527,282,450,177,615,,112,census2021-ts067-ward.csv,1126.0
2021,Hagley (Herefordshire),E05009457,3522,517,293,487,216,677,,55,census2021-ts067-ward.csv,1277.0
2021,Hampton (Herefordshire),E05009458,3065,456,254,423,174,511,,81,census2021-ts067-ward.csv,1166.0
2021,Hinton & Hunderton,E05009459,3502,930,418,556,223,551,,91,census2021-ts067-ward.csv,733.0
2021,Holmer,E05009460,3485,521,306,482,198,679,,91,census2021-ts067-ward.csv,1208.0
2021,Hope End,E05009461,3088,377,230,351,125,416,,102,census2021-ts067-ward.csv,1487.0
2021,Kerne Bridge,E05009462,2677,390,226,361,127,391,,63,census2021-ts067-ward.csv,1119.0
2021,Kings Acre,E05009463,2625,527,309,372,199,447,,106,census2021-ts067-ward.csv,665.0
2021,Kington (Herefordshire),E05009464,2759,575,300,382,208,392,,92,census2021-ts067-ward.csv,810.0
2021,Ledbury North,E05009465,2590,491,208,316,132,346,,76,census2021-ts067-ward.csv,1021.0
2021,Ledbury South,E05009466,3053,633,284,416,172,453,,112,census2021-ts067-ward.csv,983.0
2021,Ledbury West,E05009467,2938,523,308,487,154,509,,79,census2021-ts067-ward.csv,878.0
2021,Leominster East,E05009468,3628,869,394,497,260,606,,117,census2021-ts067-ward.csv,885.0
2021,Leominster North & Rural,E05009469,3270,664,298,506,203,580,,67,census2021-ts067-ward.csv,952.0
2021,Leominster South,E05009470,2638,588,252,401,160,442,,88,census2021-ts067-ward.csv,707.0
2021,Leominster West,E05009471,2298,483,272,349,154,386,,70,census2021-ts067-ward.csv,584.0
2021,Llangarron,E05009472,2906,390,221,396,141,472,,85,census2021-ts067-ward.csv,1201.0
2021,Mortimer,E05009473,2820,421,241,422,130,497,,64,census2021-ts067-ward.csv,1045.0
2021,Newton Farm,E05009474,3401,989,460,485,229,486,,128,census2021-ts067-ward.csv,624.0
2021,Old Gore,E05009475,2703,409,195,374,122,463,,67,census2021-ts067-ward.csv,1073.0
2021,Penyard,E05009476,3072,415,273,374,175,510,,56,census2021-ts067-ward.csv,1269.0
2021,Red Hill,E05009478,3190,819,419,493,224,495,,99,census2021-ts067-ward.csv,641.0
2021,Ross East,E05009479,3341,722,322,478,201,455,,93,census2021-ts067-ward.csv,1070.0
2021,Ross North,E05009480,2990,630,349,455,200,477,,86,census2021-ts067-ward.csv,793.0
2021,Ross West,E05009481,2953,573,307,486,162,459,,75,census2021-ts067-ward.csv,891.0
2021,Saxon Gate,E05009482,3106,667,301,477,201,638,,98,census2021-ts067-ward.csv,724.0
2021,Three Crosses,E05009485,3090,455,285,436,145,497,,78,census2021-ts067-ward.csv,1194.0
2021,Tupsley,E05009486,2560,366,212,339,153,456,,81,census2021-ts067-ward.csv,953.0
2021,Weobley,E05009487,3156,460,293,452,171,532,,87,census2021-ts067-ward.csv,1161.0
2021,Whitecross,E05009488,3123,653,295,474,219,570,,97,census2021-ts067-ward.csv,815.0
2021,Widemarsh,E05009489,2681,680,269,393,174,435,,105,census2021-ts067-ward.csv,625.0
2021,Wormside,E05009490,3023,543,272,469,174,525,,79,census2021-ts067-ward.csv,961.0
2021,Bassenhally,E05009491,4530,1092,610,774,280,848,,113,census2021-ts067-ward.csv,813.0
2021,"Benwick, Coates & Eastrea",E05009492,3852,778,516,612,225,768,,112,census2021-ts067-ward.csv,841.0
2021,Birch (Fenland),E05009493,2122,520,270,339,139,354,,60,census2021-ts067-ward.csv,440.0
2021,Clarkson,E05009494,2285,693,272,317,162,270,,155,census2021-ts067-ward.csv,416.0
2021,Doddington & Wimblington,E05009495,4121,920,504,644,302,726,,128,census2021-ts067-ward.csv,897.0
2021,Elm & Christchurch,E05009496,4115,1008,507,685,316,701,,119,census2021-ts067-ward.csv,779.0
2021,Kirkgate,E05009497,2162,644,271,335,150,297,,127,census2021-ts067-ward.csv,338.0
2021,Lattersey,E05009498,2302,650,276,326,173,362,,84,census2021-ts067-ward.csv,431.0
2021,Manea,E05009499,2269,454,283,392,150,485,,60,census2021-ts067-ward.csv,445.0
2021,March East,E05009500,6321,1644,844,988,422,1092,,184,census2021-ts067-ward.csv,1147.0
2021,March North,E05009501,6445,1480,863,1162,416,1114,,187,census2021-ts067-ward.csv,1223.0
2021,March West,E05009502,6313,1579,785,1014,438,1037,,219,census2021-ts067-ward.csv,1241.0
2021,Medworth,E05009503,2704,985,349,315,185,305,,129,census2021-ts067-ward.csv,436.0
2021,Octavia Hill,E05009504,4701,1427,622,664,331,615,,257,census2021-ts067-ward.csv,785.0
2021,Parson Drove & Wisbech St Mary,E05009505,4512,1135,546,746,343,782,,114,census2021-ts067-ward.csv,846.0
2021,Peckover,E05009506,2062,538,269,327,118,310,,64,census2021-ts067-ward.csv,436.0
2021,Roman Bank,E05009507,5791,1466,770,942,376,971,,162,census2021-ts067-ward.csv,1104.0
2021,St Andrews (Fenland),E05009508,2540,652,323,378,172,412,,77,census2021-ts067-ward.csv,526.0
2021,Slade Lode,E05009509,2347,497,333,393,113,425,,64,census2021-ts067-ward.csv,522.0
2021,Staithe,E05009510,1947,633,274,279,133,257,,93,census2021-ts067-ward.csv,278.0
2021,Stonald,E05009511,2326,431,266,422,155,442,,53,census2021-ts067-ward.csv,557.0
2021,The Mills,E05009512,2344,511,299,373,174,419,,67,census2021-ts067-ward.csv,501.0
2021,Waterlees Village,E05009513,4467,1639,639,581,316,464,,232,census2021-ts067-ward.csv,596.0
2021,Wenneye,E05009514,2251,513,252,337,144,384,,65,census2021-ts067-ward.csv,556.0
2021,Abbey (Swale),E05009544,4425,793,432,626,230,739,,120,census2021-ts067-ward.csv,1485.0
2021,"Bobbing, Iwade and Lower Halstow",E05009545,4983,757,532,800,324,1068,,108,census2021-ts067-ward.csv,1394.0
2021,Borden and Grove Park,E05009546,5290,1144,641,822,383,943,,165,census2021-ts067-ward.csv,1192.0
2021,Boughton and Courtenay,E05009547,4842,848,462,618,289,811,,124,census2021-ts067-ward.csv,1690.0
2021,Chalkwell (Swale),E05009548,2888,555,337,435,168,516,,101,census2021-ts067-ward.csv,776.0
2021,East Downs,E05009549,2382,407,222,352,117,363,,63,census2021-ts067-ward.csv,858.0
2021,"Hartlip, Newington and Upchurch",E05009550,5417,1059,614,760,358,995,,141,census2021-ts067-ward.csv,1490.0
2021,Homewood,E05009551,5085,1042,610,814,340,929,,151,census2021-ts067-ward.csv,1199.0
2021,Kemsley,E05009552,5328,942,695,915,302,1037,,164,census2021-ts067-ward.csv,1273.0
2021,Milton Regis,E05009553,4852,1194,656,763,289,836,,172,census2021-ts067-ward.csv,942.0
2021,Minster Cliffs,E05009554,6702,1642,943,988,531,1168,,201,census2021-ts067-ward.csv,1229.0
2021,Murston,E05009555,5212,1209,724,829,331,898,,159,census2021-ts067-ward.csv,1062.0
2021,Priory (Swale),E05009556,2333,663,271,350,144,300,,62,census2021-ts067-ward.csv,543.0
2021,Queenborough and Halfway,E05009557,6641,1771,937,1025,433,1184,,191,census2021-ts067-ward.csv,1100.0
2021,Roman (Swale),E05009558,5552,1435,822,800,338,900,,202,census2021-ts067-ward.csv,1055.0
2021,St Ann's (Swale),E05009559,4568,822,485,675,295,729,,102,census2021-ts067-ward.csv,1460.0
2021,Sheerness,E05009560,9870,3035,1574,1649,510,1453,,295,census2021-ts067-ward.csv,1354.0
2021,Sheppey Central,E05009561,7248,1654,910,1277,455,1369,,182,census2021-ts067-ward.csv,1401.0
2021,Sheppey East,E05009562,7322,2148,858,1195,552,1009,,303,census2021-ts067-ward.csv,1257.0
2021,Teynham and Lynsted,E05009563,5403,1065,614,809,346,976,,172,census2021-ts067-ward.csv,1421.0
2021,The Meads,E05009564,2936,403,338,522,163,595,,68,census2021-ts067-ward.csv,847.0
2021,Watling (Swale),E05009565,5363,1027,564,793,290,843,,118,census2021-ts067-ward.csv,1728.0
2021,West Downs,E05009566,2417,377,265,374,142,462,,61,census2021-ts067-ward.csv,736.0
2021,Woodstock (Swale),E05009567,4934,831,523,784,335,903,,140,census2021-ts067-ward.csv,1418.0
2021,Aylesford North and Walderslade,E05009568,5216,800,609,815,365,966,,134,census2021-ts067-ward.csv,1527.0
2021,Aylesford South,E05009569,4285,731,504,704,277,767,,134,census2021-ts067-ward.csv,1168.0
2021,Borough Green and Long Mill,E05009570,6175,802,613,938,297,999,,143,census2021-ts067-ward.csv,2383.0
2021,Burham and Wouldham,E05009571,3215,447,343,547,214,662,,62,census2021-ts067-ward.csv,940.0
2021,Cage Green,E05009572,3697,656,438,555,226,570,,122,census2021-ts067-ward.csv,1130.0
2021,Castle (Tonbridge and Malling),E05009573,3947,487,317,680,160,578,,123,census2021-ts067-ward.csv,1602.0
2021,Ditton,E05009574,3989,709,447,629,289,788,,115,census2021-ts067-ward.csv,1012.0
2021,Downs and Mereworth,E05009575,3831,538,385,577,204,684,,85,census2021-ts067-ward.csv,1358.0
2021,Hadlow and East Peckham,E05009577,6004,1123,617,965,343,959,,180,census2021-ts067-ward.csv,1817.0
2021,Higham (Tonbridge and Malling),E05009578,3875,629,445,621,230,659,,103,census2021-ts067-ward.csv,1188.0
2021,Hildenborough,E05009579,3986,443,339,616,179,622,,72,census2021-ts067-ward.csv,1715.0
2021,Judd,E05009580,4347,600,445,641,205,738,,119,census2021-ts067-ward.csv,1599.0
2021,Larkfield North,E05009582,3873,621,408,689,253,756,,114,census2021-ts067-ward.csv,1032.0
2021,Larkfield South,E05009583,3538,691,487,579,252,618,,116,census2021-ts067-ward.csv,795.0
2021,Medway,E05009584,5965,870,529,815,264,948,,143,census2021-ts067-ward.csv,2396.0
2021,Snodland East and Ham Hill,E05009585,4008,867,567,711,225,789,,120,census2021-ts067-ward.csv,729.0
2021,Snodland West and Holborough Lakes,E05009586,5333,925,653,913,352,1022,,124,census2021-ts067-ward.csv,1344.0
2021,Trench,E05009587,3759,836,515,631,238,577,,117,census2021-ts067-ward.csv,845.0
2021,Vauxhall (Tonbridge and Malling),E05009588,4189,489,360,609,179,643,,109,census2021-ts067-ward.csv,1800.0
2021,Wateringbury,E05009589,1655,227,153,262,78,325,,33,census2021-ts067-ward.csv,577.0
2021,West Malling and Leybourne,E05009590,5818,781,536,895,311,1137,,135,census2021-ts067-ward.csv,2023.0
2021,"Wrotham, Ightham and Stansted",E05009591,3639,500,304,563,168,575,,85,census2021-ts067-ward.csv,1444.0
2021,Bare,E05009592,5912,1059,554,795,453,1085,,159,census2021-ts067-ward.csv,1807.0
2021,Bolton & Slyne,E05009593,6240,781,543,836,436,1150,,164,census2021-ts067-ward.csv,2330.0
2021,Bulk,E05009594,7965,1266,585,925,273,1777,,157,census2021-ts067-ward.csv,2982.0
2021,Carnforth & Millhead,E05009595,4980,841,526,737,394,953,,139,census2021-ts067-ward.csv,1390.0
2021,Castle (Lancaster),E05009596,4956,431,206,332,114,1747,,114,census2021-ts067-ward.csv,2012.0
2021,Ellel,E05009597,3572,472,275,457,201,636,,67,census2021-ts067-ward.csv,1464.0
2021,Halton-with-Aughton,E05009598,2371,283,149,279,119,479,,52,census2021-ts067-ward.csv,1010.0
2021,Harbour,E05009599,6212,1311,766,970,463,1216,,174,census2021-ts067-ward.csv,1312.0
2021,Heysham Central,E05009600,3907,768,391,609,285,694,,97,census2021-ts067-ward.csv,1063.0
2021,Heysham North,E05009601,3825,797,451,622,314,705,,96,census2021-ts067-ward.csv,840.0
2021,Heysham South,E05009602,5317,763,571,831,400,1161,,139,census2021-ts067-ward.csv,1452.0
2021,John O'Gaunt,E05009603,6094,586,382,490,209,1887,,89,census2021-ts067-ward.csv,2451.0
2021,Kellet,E05009604,1919,262,168,211,116,344,,46,census2021-ts067-ward.csv,772.0
2021,Lower Lune Valley,E05009605,3816,533,276,493,218,676,,83,census2021-ts067-ward.csv,1537.0
2021,Marsh,E05009606,5073,597,380,570,183,1082,,83,census2021-ts067-ward.csv,2178.0
2021,Overton (Lancaster),E05009607,2121,479,191,271,165,405,,57,census2021-ts067-ward.csv,553.0
2021,Poulton,E05009608,4364,1062,538,664,275,732,,142,census2021-ts067-ward.csv,951.0
2021,Scotforth East,E05009609,3519,533,295,366,217,599,,86,census2021-ts067-ward.csv,1423.0
2021,Scotforth West,E05009610,5982,624,307,667,201,1326,,124,census2021-ts067-ward.csv,2733.0
2021,Silverdale (Lancaster),E05009611,1686,188,109,182,70,221,,44,census2021-ts067-ward.csv,872.0
2021,Skerton East,E05009612,5580,1092,594,745,300,1180,,125,census2021-ts067-ward.csv,1544.0
2021,Skerton West,E05009613,5631,1316,616,899,350,1080,,140,census2021-ts067-ward.csv,1230.0
2021,Torrisholme,E05009614,3831,675,347,510,304,746,,130,census2021-ts067-ward.csv,1119.0
2021,University & Scotforth Rural,E05009615,4991,122,54,134,64,3560,,158,census2021-ts067-ward.csv,899.0
2021,Upper Lune Valley,E05009616,2010,233,153,247,102,318,,31,census2021-ts067-ward.csv,926.0
2021,Warton,E05009617,1738,240,145,228,110,289,,32,census2021-ts067-ward.csv,694.0
2021,Westgate (Lancaster),E05009618,6025,1572,739,923,453,1010,,209,census2021-ts067-ward.csv,1119.0
2021,Forest (Blaby),E05009619,6488,969,613,927,406,1135,,162,census2021-ts067-ward.csv,2276.0
2021,Winstanley (Blaby),E05009620,5725,1047,619,845,327,1039,,153,census2021-ts067-ward.csv,1695.0
2021,Coastal (Boston),E05009621,3431,973,420,525,266,529,,102,census2021-ts067-ward.csv,616.0
2021,Fenside,E05009622,3945,1327,553,500,282,379,,312,census2021-ts067-ward.csv,592.0
2021,Fishtoft,E05009623,5920,1421,715,931,448,876,,238,census2021-ts067-ward.csv,1291.0
2021,Five Village,E05009624,3431,886,499,500,243,524,,116,census2021-ts067-ward.csv,663.0
2021,Kirton and Frampton,E05009625,6045,1484,718,907,469,1015,,215,census2021-ts067-ward.csv,1237.0
2021,Old Leake and Wrangle,E05009626,3036,867,359,476,214,440,,108,census2021-ts067-ward.csv,572.0
2021,St Thomas' (Boston),E05009627,2073,544,238,299,156,313,,107,census2021-ts067-ward.csv,416.0
2021,Skirbeck,E05009628,6595,2088,924,851,513,795,,359,census2021-ts067-ward.csv,1065.0
2021,Staniland,E05009629,3512,1230,425,460,265,407,,193,census2021-ts067-ward.csv,532.0
2021,Station,E05009630,2154,814,283,239,150,194,,154,census2021-ts067-ward.csv,320.0
2021,Swineshead and Holland Fen,E05009631,3543,832,469,530,262,644,,115,census2021-ts067-ward.csv,691.0
2021,Trinity (Boston),E05009632,4338,1104,494,604,303,500,,201,census2021-ts067-ward.csv,1132.0
2021,West (Boston),E05009633,1824,312,194,308,129,351,,61,census2021-ts067-ward.csv,469.0
2021,Witham (Boston),E05009634,3791,1142,491,502,246,500,,265,census2021-ts067-ward.csv,645.0
2021,Wyberton,E05009635,3944,897,535,638,298,690,,164,census2021-ts067-ward.csv,722.0
2021,Bardney,E05009636,2272,428,225,333,162,459,,54,census2021-ts067-ward.csv,611.0
2021,Caistor and Yarborough,E05009637,4686,886,478,730,310,784,,119,census2021-ts067-ward.csv,1379.0
2021,Cherry Willingham,E05009638,6599,1163,627,843,495,1289,,175,census2021-ts067-ward.csv,2007.0
2021,Dunholme and Welton,E05009639,7124,1018,637,1010,418,1343,,202,census2021-ts067-ward.csv,2496.0
2021,Gainsborough East,E05009640,5694,1447,831,962,398,890,,193,census2021-ts067-ward.csv,973.0
2021,Gainsborough North,E05009641,6044,1174,737,1004,487,1218,,169,census2021-ts067-ward.csv,1255.0
2021,Gainsborough South-West,E05009642,4512,1082,609,775,320,731,,138,census2021-ts067-ward.csv,857.0
2021,Hemswell,E05009643,2249,400,242,361,148,433,,48,census2021-ts067-ward.csv,617.0
2021,Kelsey Wold,E05009644,2262,327,221,323,130,376,,57,census2021-ts067-ward.csv,828.0
2021,Lea,E05009645,1839,305,182,256,161,325,,49,census2021-ts067-ward.csv,561.0
2021,Market Rasen,E05009646,7215,1496,747,1034,453,1228,,196,census2021-ts067-ward.csv,2061.0
2021,Nettleham,E05009647,3801,502,315,501,245,656,,97,census2021-ts067-ward.csv,1485.0
2021,Saxilby,E05009648,4960,747,476,703,312,919,,117,census2021-ts067-ward.csv,1686.0
2021,Scampton,E05009649,2261,198,195,355,113,534,,36,census2021-ts067-ward.csv,830.0
2021,Scotter and Blyton,E05009650,6418,1163,637,931,477,1172,,157,census2021-ts067-ward.csv,1881.0
2021,Stow (West Lindsey),E05009651,2067,335,216,273,150,356,,68,census2021-ts067-ward.csv,669.0
2021,Sudbrooke,E05009652,2238,256,168,284,117,417,,45,census2021-ts067-ward.csv,951.0
2021,Torksey,E05009653,2544,581,254,326,209,432,,72,census2021-ts067-ward.csv,670.0
2021,Waddingham and Spital,E05009654,2090,354,180,276,132,386,,55,census2021-ts067-ward.csv,707.0
2021,Wold View,E05009655,2242,465,217,336,124,373,,58,census2021-ts067-ward.csv,669.0
2021,Bestwood St Albans,E05009689,4499,872,496,640,310,867,,114,census2021-ts067-ward.csv,1200.0
2021,Calverton,E05009690,6231,1277,695,866,450,1167,,158,census2021-ts067-ward.csv,1618.0
2021,Carlton (Gedling),E05009691,4768,930,452,703,302,881,,138,census2021-ts067-ward.csv,1362.0
2021,Carlton Hill,E05009692,7391,1505,826,1065,435,1394,,230,census2021-ts067-ward.csv,1936.0
2021,Cavendish,E05009693,4312,892,475,625,284,831,,131,census2021-ts067-ward.csv,1074.0
2021,Colwick,E05009694,2277,319,205,360,131,488,,32,census2021-ts067-ward.csv,742.0
2021,Coppice,E05009695,4843,923,538,727,311,948,,129,census2021-ts067-ward.csv,1267.0
2021,Daybrook,E05009696,4846,1082,520,728,265,860,,125,census2021-ts067-ward.csv,1266.0
2021,Dumbles,E05009697,2430,375,193,296,171,392,,63,census2021-ts067-ward.csv,940.0
2021,Ernehale,E05009698,5075,1027,533,721,331,936,,128,census2021-ts067-ward.csv,1399.0
2021,Gedling,E05009699,5169,824,456,693,346,1034,,123,census2021-ts067-ward.csv,1693.0
2021,Netherfield (Gedling),E05009700,4524,986,536,698,271,788,,103,census2021-ts067-ward.csv,1142.0
2021,Newstead Abbey,E05009701,7196,973,575,923,410,1217,,182,census2021-ts067-ward.csv,2916.0
2021,Phoenix,E05009702,4400,863,469,641,303,861,,106,census2021-ts067-ward.csv,1157.0
2021,Plains,E05009703,6964,1099,610,926,430,1248,,181,census2021-ts067-ward.csv,2470.0
2021,Porchester,E05009704,6405,825,531,765,359,1073,,147,census2021-ts067-ward.csv,2705.0
2021,Redhill (Gedling),E05009705,5386,997,508,784,340,1029,,140,census2021-ts067-ward.csv,1588.0
2021,Trent Valley,E05009706,4712,710,367,613,293,854,,100,census2021-ts067-ward.csv,1775.0
2021,Woodthorpe,E05009707,5030,524,350,554,221,792,,110,census2021-ts067-ward.csv,2479.0
2021,Abbey (Rushcliffe),E05009708,4176,380,226,441,122,576,,57,census2021-ts067-ward.csv,2374.0
2021,Bingham East,E05009709,4145,604,352,516,204,703,,119,census2021-ts067-ward.csv,1647.0
2021,Bingham West,E05009710,3919,473,345,561,188,706,,78,census2021-ts067-ward.csv,1568.0
2021,Bunny,E05009711,2078,194,146,281,99,330,,35,census2021-ts067-ward.csv,993.0
2021,Compton Acres,E05009712,4578,379,284,527,164,667,,106,census2021-ts067-ward.csv,2451.0
2021,Cotgrave,E05009713,6590,1107,711,980,375,1248,,148,census2021-ts067-ward.csv,2021.0
2021,Cranmer,E05009714,2954,463,275,456,176,493,,89,census2021-ts067-ward.csv,1002.0
2021,Cropwell,E05009715,2054,288,183,299,122,345,,47,census2021-ts067-ward.csv,770.0
2021,East Bridgford,E05009716,2352,262,160,301,105,416,,55,census2021-ts067-ward.csv,1053.0
2021,Edwalton,E05009717,4579,545,279,522,168,671,,105,census2021-ts067-ward.csv,2289.0
2021,Gamston North,E05009718,2291,309,141,263,81,345,,44,census2021-ts067-ward.csv,1108.0
2021,Gamston South,E05009719,2039,175,121,259,60,306,,22,census2021-ts067-ward.csv,1096.0
2021,Gotham,E05009720,2114,284,189,280,139,374,,51,census2021-ts067-ward.csv,797.0
2021,Keyworth & Wolds,E05009721,6921,924,562,912,400,1176,,174,census2021-ts067-ward.csv,2773.0
2021,Lady Bay,E05009722,4172,341,169,365,97,593,,59,census2021-ts067-ward.csv,2548.0
2021,Leake,E05009723,7392,882,552,927,431,1376,,153,census2021-ts067-ward.csv,3071.0
2021,Lutterell,E05009724,4882,594,282,490,176,850,,126,census2021-ts067-ward.csv,2364.0
2021,Musters,E05009725,3714,251,162,336,86,466,,53,census2021-ts067-ward.csv,2360.0
2021,Nevile & Langar,E05009726,2513,317,196,316,112,381,,55,census2021-ts067-ward.csv,1136.0
2021,Radcliffe on Trent,E05009727,6852,955,526,861,356,1040,,188,census2021-ts067-ward.csv,2926.0
2021,Ruddington,E05009728,6193,944,455,728,304,998,,141,census2021-ts067-ward.csv,2623.0
2021,Sutton Bonington,E05009729,2097,135,76,164,72,864,,32,census2021-ts067-ward.csv,754.0
2021,Thoroton,E05009730,2085,202,171,287,101,376,,30,census2021-ts067-ward.csv,918.0
2021,Tollerton,E05009731,2073,239,159,257,105,299,,62,census2021-ts067-ward.csv,952.0
2021,Trent Bridge,E05009732,4965,483,206,398,133,1050,,62,census2021-ts067-ward.csv,2633.0
2021,Benson & Crowmarsh,E05009733,6862,669,439,845,310,1379,,160,census2021-ts067-ward.csv,3060.0
2021,Berinsfield,E05009734,3331,673,429,459,183,444,,69,census2021-ts067-ward.csv,1074.0
2021,Chalgrove,E05009735,2790,404,275,406,178,485,,48,census2021-ts067-ward.csv,994.0
2021,Chinnor,E05009736,7559,912,747,1045,466,1293,,155,census2021-ts067-ward.csv,2941.0
2021,Didcot West,E05009740,6605,846,660,853,355,1185,,159,census2021-ts067-ward.csv,2547.0
2021,Garsington & Horspath,E05009742,3039,530,271,329,215,422,,74,census2021-ts067-ward.csv,1198.0
2021,Goring (South Oxfordshire),E05009743,3308,313,195,382,117,415,,65,census2021-ts067-ward.csv,1821.0
2021,Thame,E05009749,10701,1383,951,1458,567,1724,,191,census2021-ts067-ward.csv,4427.0
2021,Watlington (South Oxfordshire),E05009751,3349,395,246,441,126,485,,79,census2021-ts067-ward.csv,1577.0
2021,Abingdon Abbey Northcourt,E05009754,5305,591,451,548,203,699,,129,census2021-ts067-ward.csv,2684.0
2021,Abingdon Caldecott,E05009755,6148,1235,626,731,320,859,,167,census2021-ts067-ward.csv,2210.0
2021,Abingdon Fitzharris,E05009757,5403,807,431,637,248,755,,132,census2021-ts067-ward.csv,2393.0
2021,Ridgeway (Vale of White Horse),E05009769,2625,361,218,325,124,422,,49,census2021-ts067-ward.csv,1126.0
2021,Stanford,E05009770,3087,402,276,380,158,505,,63,census2021-ts067-ward.csv,1303.0
2021,Steventon & the Hanneys,E05009771,3357,409,292,420,185,505,,65,census2021-ts067-ward.csv,1481.0
2021,Aldwick East,E05009800,4671,973,478,629,338,714,,176,census2021-ts067-ward.csv,1363.0
2021,Aldwick West,E05009801,5390,1078,595,839,377,868,,174,census2021-ts067-ward.csv,1459.0
2021,Angmering & Findon,E05009802,9090,1348,997,1456,500,1722,,256,census2021-ts067-ward.csv,2811.0
2021,Arundel & Walberton,E05009803,7251,1081,643,1087,364,1198,,184,census2021-ts067-ward.csv,2694.0
2021,Barnham,E05009804,7634,1174,761,1194,445,1392,,180,census2021-ts067-ward.csv,2488.0
2021,Beach,E05009805,4137,755,531,652,280,709,,135,census2021-ts067-ward.csv,1075.0
2021,Bersted,E05009806,8240,1693,963,1275,572,1551,,299,census2021-ts067-ward.csv,1887.0
2021,Brookfield (Arun),E05009807,5146,938,695,842,306,1057,,138,census2021-ts067-ward.csv,1170.0
2021,Courtwick with Toddington,E05009808,8975,1778,1190,1496,508,1678,,235,census2021-ts067-ward.csv,2090.0
2021,East Preston,E05009809,6951,1379,767,976,425,1097,,283,census2021-ts067-ward.csv,2024.0
2021,Felpham East,E05009810,5022,805,578,813,346,914,,151,census2021-ts067-ward.csv,1415.0
2021,Felpham West,E05009811,5167,831,556,919,296,952,,158,census2021-ts067-ward.csv,1455.0
2021,Ferring,E05009812,4416,860,482,669,273,665,,158,census2021-ts067-ward.csv,1309.0
2021,Hotham,E05009813,5346,1270,593,701,374,1078,,227,census2021-ts067-ward.csv,1103.0
2021,Marine (Arun),E05009814,6161,1488,724,789,429,910,,284,census2021-ts067-ward.csv,1537.0
2021,Middleton-on-Sea,E05009815,4391,808,519,657,357,695,,148,census2021-ts067-ward.csv,1207.0
2021,Orchard,E05009816,5594,1348,705,816,382,991,,219,census2021-ts067-ward.csv,1133.0
2021,Pagham,E05009817,5734,1502,701,817,451,848,,201,census2021-ts067-ward.csv,1214.0
2021,Pevensey,E05009818,4525,1143,616,692,310,672,,150,census2021-ts067-ward.csv,942.0
2021,River (Arun),E05009819,7946,1872,968,1212,508,1297,,291,census2021-ts067-ward.csv,1798.0
2021,Rustington East,E05009820,4774,951,541,678,344,735,,198,census2021-ts067-ward.csv,1327.0
2021,Rustington West,E05009821,7239,1426,854,1158,533,1211,,231,census2021-ts067-ward.csv,1826.0
2021,Yapton,E05009822,5747,1031,687,951,384,1030,,153,census2021-ts067-ward.csv,1511.0
2021,Alvechurch South,E05009823,2529,421,171,320,119,381,,55,census2021-ts067-ward.csv,1062.0
2021,Alvechurch Village,E05009824,2357,367,203,330,118,340,,46,census2021-ts067-ward.csv,953.0
2021,Aston Fields,E05009825,2847,352,267,452,134,504,,51,census2021-ts067-ward.csv,1087.0
2021,Avoncroft,E05009826,2836,475,252,402,158,472,,66,census2021-ts067-ward.csv,1011.0
2021,Barnt Green & Hopwood,E05009827,2521,359,177,280,109,334,,63,census2021-ts067-ward.csv,1199.0
2021,Belbroughton & Romsley,E05009828,5596,944,462,757,290,852,,164,census2021-ts067-ward.csv,2127.0
2021,Bromsgrove Central,E05009829,2828,409,241,453,156,450,,87,census2021-ts067-ward.csv,1032.0
2021,Catshill North,E05009830,2279,425,294,325,124,429,,53,census2021-ts067-ward.csv,629.0
2021,Catshill South,E05009831,2562,500,256,345,153,420,,98,census2021-ts067-ward.csv,790.0
2021,Charford,E05009832,2664,606,371,483,157,409,,76,census2021-ts067-ward.csv,562.0
2021,Cofton,E05009833,2587,231,171,325,101,431,,55,census2021-ts067-ward.csv,1273.0
2021,Drakes Cross,E05009834,2273,452,195,325,135,414,,56,census2021-ts067-ward.csv,696.0
2021,Hagley East,E05009835,2728,303,195,362,98,415,,64,census2021-ts067-ward.csv,1291.0
2021,Hagley West,E05009836,3041,340,221,415,114,446,,65,census2021-ts067-ward.csv,1440.0
2021,Hill Top,E05009837,1626,227,170,238,94,285,,35,census2021-ts067-ward.csv,577.0
2021,Hollywood,E05009838,2587,481,275,365,174,421,,76,census2021-ts067-ward.csv,795.0
2021,Lickey Hills,E05009839,2518,306,172,305,100,365,,68,census2021-ts067-ward.csv,1202.0
2021,Lowes Hill,E05009840,2477,367,218,345,143,413,,57,census2021-ts067-ward.csv,934.0
2021,Marlbrook,E05009841,2439,309,204,304,140,392,,56,census2021-ts067-ward.csv,1034.0
2021,Norton (Bromsgrove),E05009842,2930,345,283,413,148,533,,62,census2021-ts067-ward.csv,1146.0
2021,Perryfields,E05009843,1404,192,125,211,78,252,,35,census2021-ts067-ward.csv,511.0
2021,Rock Hill,E05009844,2810,458,290,427,147,499,,84,census2021-ts067-ward.csv,905.0
2021,Rubery North,E05009845,2553,411,303,391,189,494,,68,census2021-ts067-ward.csv,697.0
2021,Rubery South,E05009846,2754,517,301,372,211,533,,65,census2021-ts067-ward.csv,755.0
2021,Sanders Park,E05009847,2795,615,270,392,171,470,,72,census2021-ts067-ward.csv,805.0
2021,Sidemoor,E05009848,3554,794,385,511,192,614,,118,census2021-ts067-ward.csv,940.0
2021,Slideslow,E05009849,2662,222,209,401,103,457,,40,census2021-ts067-ward.csv,1230.0
2021,Tardebigge,E05009850,3064,419,220,451,157,530,,69,census2021-ts067-ward.csv,1218.0
2021,Wythall East,E05009851,2562,355,217,369,170,475,,73,census2021-ts067-ward.csv,903.0
2021,Wythall West,E05009852,2711,524,238,364,155,444,,92,census2021-ts067-ward.csv,894.0
2021,Acklam,E05009853,4780,738,438,705,320,930,,122,census2021-ts067-ward.csv,1527.0
2021,Ayresome,E05009854,4777,1131,493,695,271,850,,130,census2021-ts067-ward.csv,1207.0
2021,Berwick Hills & Pallister,E05009855,6582,2137,794,1104,368,1039,,170,census2021-ts067-ward.csv,970.0
2021,Brambles & Thorntree,E05009856,6795,2158,749,1143,426,1070,,145,census2021-ts067-ward.csv,1104.0
2021,Central (Middlesbrough),E05009857,9425,2443,861,980,316,1744,,294,census2021-ts067-ward.csv,2787.0
2021,Coulby Newham,E05009858,6943,1442,663,994,492,1330,,196,census2021-ts067-ward.csv,1826.0
2021,Hemlington,E05009859,5166,1447,609,791,362,825,,150,census2021-ts067-ward.csv,982.0
2021,Kader,E05009860,4145,848,354,521,354,761,,111,census2021-ts067-ward.csv,1196.0
2021,Ladgate,E05009861,4403,1009,416,627,329,834,,119,census2021-ts067-ward.csv,1069.0
2021,Linthorpe,E05009862,5365,1077,476,678,293,956,,145,census2021-ts067-ward.csv,1740.0
2021,Longlands & Beechwood,E05009863,8625,2478,1020,1232,527,1414,,235,census2021-ts067-ward.csv,1719.0
2021,Marton East,E05009864,4919,681,393,586,343,994,,99,census2021-ts067-ward.csv,1823.0
2021,Marton West,E05009865,4473,626,356,509,343,883,,96,census2021-ts067-ward.csv,1660.0
2021,Newport (Middlesbrough),E05009866,8350,2656,889,892,410,1083,,284,census2021-ts067-ward.csv,2136.0
2021,North Ormesby,E05009867,2583,929,246,346,165,353,,81,census2021-ts067-ward.csv,463.0
2021,Nunthorpe,E05009868,4376,473,328,539,270,808,,108,census2021-ts067-ward.csv,1850.0
2021,Park (Middlesbrough),E05009869,7498,1574,697,933,413,1331,,184,census2021-ts067-ward.csv,2366.0
2021,Park End & Beckfield,E05009870,6518,2217,757,960,408,1003,,164,census2021-ts067-ward.csv,1009.0
2021,Stainton & Thornton,E05009871,3083,375,222,396,210,645,,74,census2021-ts067-ward.csv,1161.0
2021,Trimdon,E05009872,5128,841,459,640,418,1124,,116,census2021-ts067-ward.csv,1530.0
2021,Alford,E05009873,4092,1022,495,681,296,673,,132,census2021-ts067-ward.csv,793.0
2021,Binbrook,E05009874,2171,426,224,319,123,352,,69,census2021-ts067-ward.csv,658.0
2021,Burgh le Marsh,E05009875,2239,615,272,327,173,350,,56,census2021-ts067-ward.csv,446.0
2021,Chapel St Leonards,E05009876,4285,1630,487,568,356,527,,143,census2021-ts067-ward.csv,574.0
2021,Coningsby & Mareham,E05009877,7822,1512,843,1167,487,2000,,193,census2021-ts067-ward.csv,1620.0
2021,Croft (East Lindsey),E05009878,2111,532,233,322,181,353,,56,census2021-ts067-ward.csv,434.0
2021,Friskney,E05009879,1962,578,275,289,131,303,,62,census2021-ts067-ward.csv,324.0
2021,Fulstow,E05009880,2415,415,279,368,191,435,,75,census2021-ts067-ward.csv,652.0
2021,Grimoldby,E05009881,1936,330,243,307,120,359,,49,census2021-ts067-ward.csv,528.0
2021,Hagworthingham,E05009882,2014,372,182,317,132,360,,63,census2021-ts067-ward.csv,588.0
2021,Halton Holegate,E05009883,2342,572,296,327,178,367,,74,census2021-ts067-ward.csv,528.0
2021,Holton-le-Clay & North Thoresby,E05009884,4301,780,410,646,354,772,,124,census2021-ts067-ward.csv,1215.0
2021,Horncastle,E05009885,6489,1351,753,1032,453,1158,,170,census2021-ts067-ward.csv,1572.0
2021,Ingoldmells,E05009886,2028,874,244,253,128,222,,77,census2021-ts067-ward.csv,230.0
2021,Legbourne,E05009887,1858,332,185,281,131,328,,44,census2021-ts067-ward.csv,557.0
2021,Mablethorpe,E05009888,7220,2630,889,999,557,894,,251,census2021-ts067-ward.csv,1000.0
2021,Marshchapel & Somercotes,E05009889,3918,948,470,594,304,626,,127,census2021-ts067-ward.csv,849.0
2021,North Holme,E05009890,2088,436,248,357,125,377,,56,census2021-ts067-ward.csv,489.0
2021,Priory & St James',E05009891,4103,828,441,646,234,757,,91,census2021-ts067-ward.csv,1106.0
2021,Roughton (East Lindsey),E05009892,2091,437,217,288,157,336,,87,census2021-ts067-ward.csv,569.0
2021,St Clement's (East Lindsey),E05009893,4611,1516,548,713,315,676,,158,census2021-ts067-ward.csv,685.0
2021,St Margaret's (East Lindsey),E05009894,2287,447,219,405,146,384,,57,census2021-ts067-ward.csv,629.0
2021,St Mary's (East Lindsey),E05009895,2030,339,180,296,108,370,,57,census2021-ts067-ward.csv,680.0
2021,St Michael's (East Lindsey),E05009896,1800,422,224,252,116,309,,60,census2021-ts067-ward.csv,417.0
2021,Scarbrough & Seacroft,E05009897,8052,2446,982,1317,482,1248,,273,census2021-ts067-ward.csv,1304.0
2021,Sibsey & Stickney,E05009898,4392,1058,511,637,350,727,,121,census2021-ts067-ward.csv,988.0
2021,Spilsby,E05009899,2592,642,318,420,174,428,,92,census2021-ts067-ward.csv,518.0
2021,Sutton on Sea,E05009900,4092,1274,435,607,389,519,,163,census2021-ts067-ward.csv,705.0
2021,Tetford & Donington,E05009901,2171,375,206,335,131,358,,58,census2021-ts067-ward.csv,708.0
2021,Tetney,E05009902,2138,329,241,330,185,370,,72,census2021-ts067-ward.csv,611.0
2021,Trinity (East Lindsey),E05009903,1994,467,266,375,108,342,,47,census2021-ts067-ward.csv,389.0
2021,Wainfleet,E05009904,2268,637,333,360,160,359,,62,census2021-ts067-ward.csv,357.0
2021,Willoughby with Sloothby,E05009905,2170,596,268,306,155,312,,79,census2021-ts067-ward.csv,454.0
2021,Winthorpe,E05009906,4987,1749,599,768,301,699,,145,census2021-ts067-ward.csv,726.0
2021,Withern & Theddlethorpe,E05009907,2267,537,279,330,188,365,,93,census2021-ts067-ward.csv,475.0
2021,Woodhall Spa,E05009908,3896,746,375,522,266,644,,127,census2021-ts067-ward.csv,1216.0
2021,Wragby,E05009909,2185,432,260,338,155,413,,48,census2021-ts067-ward.csv,539.0
2021,Ashdon,E05009910,1782,232,125,249,89,279,,28,census2021-ts067-ward.csv,780.0
2021,Broad Oak & the Hallingburys,E05009911,3430,496,348,544,171,618,,82,census2021-ts067-ward.csv,1171.0
2021,Clavering,E05009912,1927,218,145,294,87,311,,40,census2021-ts067-ward.csv,832.0
2021,Debden & Wimbish,E05009913,1783,163,165,267,105,377,,28,census2021-ts067-ward.csv,678.0
2021,Elsenham & Henham,E05009914,3951,472,409,654,207,775,,88,census2021-ts067-ward.csv,1346.0
2021,Felsted & Stebbing,E05009915,3801,546,364,655,205,588,,102,census2021-ts067-ward.csv,1341.0
2021,Flitch Green & Little Dunmow,E05009916,2088,169,188,386,96,458,,31,census2021-ts067-ward.csv,760.0
2021,Great Dunmow North,E05009917,4009,559,438,712,226,749,,87,census2021-ts067-ward.csv,1238.0
2021,Great Dunmow South & Barnston,E05009918,5402,987,537,847,311,934,,160,census2021-ts067-ward.csv,1626.0
2021,Hatfield Heath,E05009919,1890,310,203,314,106,311,,49,census2021-ts067-ward.csv,597.0
2021,High Easter & the Rodings,E05009920,2048,295,216,330,113,394,,47,census2021-ts067-ward.csv,653.0
2021,"Littlebury, Chesterford & Wenden Lofts",E05009921,3637,367,225,470,140,527,,52,census2021-ts067-ward.csv,1856.0
2021,Newport (Uttlesford),E05009922,3353,487,292,484,156,584,,61,census2021-ts067-ward.csv,1289.0
2021,Saffron Walden Audley,E05009923,3539,472,307,487,146,484,,84,census2021-ts067-ward.csv,1559.0
2021,Saffron Walden Castle,E05009924,3812,531,347,559,159,599,,82,census2021-ts067-ward.csv,1535.0
2021,Saffron Walden Shire,E05009925,6047,843,541,921,282,935,,139,census2021-ts067-ward.csv,2386.0
2021,Stansted North,E05009926,3776,495,373,521,194,672,,84,census2021-ts067-ward.csv,1437.0
2021,Stansted South & Birchanger,E05009927,3863,511,417,590,205,721,,88,census2021-ts067-ward.csv,1331.0
2021,Stort Valley,E05009928,1676,227,156,255,73,253,,37,census2021-ts067-ward.csv,675.0
2021,Takeley,E05009929,5520,793,591,926,309,1090,,140,census2021-ts067-ward.csv,1671.0
2021,Thaxted & the Eastons,E05009930,4350,710,445,679,255,731,,102,census2021-ts067-ward.csv,1428.0
2021,The Sampfords,E05009931,1834,235,146,278,104,298,,35,census2021-ts067-ward.csv,738.0
2021,Bourne,E05009932,5302,895,526,857,373,1147,,108,census2021-ts067-ward.csv,1396.0
2021,Breck,E05009933,3785,569,343,546,208,618,,69,census2021-ts067-ward.csv,1432.0
2021,Brock with Catterall,E05009934,4109,508,319,706,247,889,,74,census2021-ts067-ward.csv,1366.0
2021,Calder (Wyre),E05009935,2056,245,152,266,121,345,,62,census2021-ts067-ward.csv,865.0
2021,Carleton,E05009936,3778,504,355,566,259,663,,85,census2021-ts067-ward.csv,1346.0
2021,Cleveleys Park,E05009937,3979,1034,448,543,335,651,,124,census2021-ts067-ward.csv,844.0
2021,Garstang,E05009938,5778,1241,500,735,450,902,,143,census2021-ts067-ward.csv,1807.0
2021,Great Eccleston,E05009939,3644,517,315,523,208,645,,87,census2021-ts067-ward.csv,1349.0
2021,Hambleton & Stalmine,E05009940,3964,771,352,514,364,687,,95,census2021-ts067-ward.csv,1181.0
2021,Hardhorn with High Cross,E05009941,5210,747,484,722,356,952,,128,census2021-ts067-ward.csv,1821.0
2021,Jubilee (Wyre),E05009942,3977,1019,434,568,299,624,,108,census2021-ts067-ward.csv,925.0
2021,Marsh Mill,E05009943,5385,1120,557,783,429,977,,153,census2021-ts067-ward.csv,1366.0
2021,Mount,E05009944,4141,991,471,630,282,729,,108,census2021-ts067-ward.csv,930.0
2021,Park (Wyre),E05009945,3951,1015,511,714,232,639,,110,census2021-ts067-ward.csv,730.0
2021,Pharos,E05009946,4334,1181,563,658,268,721,,111,census2021-ts067-ward.csv,832.0
2021,Pheasant's Wood,E05009947,1560,234,171,249,85,336,,30,census2021-ts067-ward.csv,455.0
2021,Pilling,E05009948,2196,377,216,300,187,397,,57,census2021-ts067-ward.csv,662.0
2021,Preesall,E05009949,4938,1199,486,681,461,758,,143,census2021-ts067-ward.csv,1210.0
2021,Rossall,E05009950,5061,1389,590,762,389,768,,169,census2021-ts067-ward.csv,994.0
2021,Stanah,E05009951,3911,656,383,606,277,748,,100,census2021-ts067-ward.csv,1141.0
2021,Tithebarn,E05009952,3687,577,331,541,264,637,,90,census2021-ts067-ward.csv,1247.0
2021,Victoria & Norcross,E05009953,3739,613,347,556,247,703,,86,census2021-ts067-ward.csv,1187.0
2021,Warren,E05009954,3884,958,495,601,280,640,,98,census2021-ts067-ward.csv,812.0
2021,Wyresdale,E05009955,1980,330,147,231,108,343,,41,census2021-ts067-ward.csv,780.0
2021,Ash and New Ash Green,E05009956,4844,671,592,829,289,948,,101,census2021-ts067-ward.csv,1414.0
2021,Eynsford,E05009958,1556,216,123,241,87,264,,44,census2021-ts067-ward.csv,581.0
2021,Hartley and Hodsoll Street,E05009959,5045,932,504,792,319,803,,156,census2021-ts067-ward.csv,1539.0
2021,Hextable,E05009960,3423,599,425,525,209,593,,121,census2021-ts067-ward.csv,951.0
2021,Leigh and Chiddingstone Causeway,E05009961,1954,206,177,279,62,302,,36,census2021-ts067-ward.csv,892.0
2021,Otford and Shoreham,E05009962,3833,457,341,538,148,594,,89,census2021-ts067-ward.csv,1666.0
2021,"Penshurst, Fordcombe and Chiddingstone",E05009963,1988,229,181,257,75,301,,31,census2021-ts067-ward.csv,914.0
2021,Swanley Christchurch and Swanley Village,E05009964,5100,913,583,803,293,865,,146,census2021-ts067-ward.csv,1497.0
2021,Westerham and Crockham Hill,E05009965,3690,529,347,583,154,612,,74,census2021-ts067-ward.csv,1391.0
2021,Admaston & Bratton,E05009966,2414,285,236,377,118,488,,60,census2021-ts067-ward.csv,850.0
2021,Apley Castle,E05009967,2615,339,265,360,114,518,,59,census2021-ts067-ward.csv,960.0
2021,Arleston,E05009968,2745,674,436,415,143,434,,93,census2021-ts067-ward.csv,550.0
2021,Brookside,E05009969,4867,1193,729,841,257,771,,179,census2021-ts067-ward.csv,897.0
2021,Church Aston & Lilleshall,E05009970,2681,425,227,353,146,465,,61,census2021-ts067-ward.csv,1004.0
2021,College (Telford and Wrekin),E05009971,3009,683,356,413,123,443,,99,census2021-ts067-ward.csv,892.0
2021,Dawley & Aqueduct,E05009972,7556,1789,943,1238,463,1400,,207,census2021-ts067-ward.csv,1516.0
2021,Donnington (Telford and Wrekin),E05009973,5361,1534,700,917,366,795,,191,census2021-ts067-ward.csv,858.0
2021,Dothill,E05009974,2403,410,255,383,162,490,,74,census2021-ts067-ward.csv,629.0
2021,Edgmond & Ercall Magna,E05009975,5987,912,429,743,304,1490,,132,census2021-ts067-ward.csv,1977.0
2021,Ercall,E05009976,3008,515,277,415,163,494,,87,census2021-ts067-ward.csv,1057.0
2021,Hadley & Leegomery,E05009977,8859,2028,1066,1409,497,1545,,335,census2021-ts067-ward.csv,1979.0
2021,Haygate,E05009978,3060,624,368,468,170,563,,101,census2021-ts067-ward.csv,766.0
2021,Horsehay & Lightmoor,E05009979,6427,759,595,1002,313,1423,,112,census2021-ts067-ward.csv,2223.0
2021,Ironbridge Gorge,E05009980,2703,432,223,385,109,443,,36,census2021-ts067-ward.csv,1075.0
2021,Ketley & Overdale,E05009981,9448,1656,1009,1551,462,1945,,239,census2021-ts067-ward.csv,2586.0
2021,Madeley & Sutton Hill,E05009982,8639,2257,1082,1340,513,1423,,279,census2021-ts067-ward.csv,1745.0
2021,Malinslee & Dawley Bank,E05009983,5446,1415,763,906,317,911,,166,census2021-ts067-ward.csv,968.0
2021,Muxton,E05009984,5726,921,581,906,304,1176,,135,census2021-ts067-ward.csv,1703.0
2021,Newport North & West,E05009985,5896,912,543,827,262,1277,,147,census2021-ts067-ward.csv,1928.0
2021,Newport South & East,E05009986,4913,802,459,669,251,1107,,141,census2021-ts067-ward.csv,1484.0
2021,Oakengates & Ketley Bank,E05009987,7875,1611,868,1263,522,1481,,249,census2021-ts067-ward.csv,1881.0
2021,Park (Telford and Wrekin),E05009988,2137,430,214,356,162,390,,81,census2021-ts067-ward.csv,504.0
2021,Priorslee,E05009989,5674,575,458,839,251,1192,,132,census2021-ts067-ward.csv,2227.0
2021,St Georges (Telford and Wrekin),E05009990,5247,1104,658,847,328,1006,,159,census2021-ts067-ward.csv,1145.0
2021,Shawbirch,E05009991,2417,258,226,423,145,518,,53,census2021-ts067-ward.csv,794.0
2021,The Nedge,E05009992,8001,1829,1091,1306,436,1277,,281,census2021-ts067-ward.csv,1781.0
2021,Woodside (Telford and Wrekin),E05009993,5468,1499,783,1001,307,856,,148,census2021-ts067-ward.csv,874.0
2021,Wrockwardine,E05009994,2854,464,238,417,145,552,,73,census2021-ts067-ward.csv,965.0
2021,Wrockwardine Wood & Trench,E05009995,5244,1332,654,851,362,891,,170,census2021-ts067-ward.csv,984.0
2021,Broadmead,E05010015,3494,585,348,554,172,608,,98,census2021-ts067-ward.csv,1129.0
2021,Cheriton,E05010016,10822,2094,1416,1717,650,1998,,317,census2021-ts067-ward.csv,2630.0
2021,East Folkestone,E05010017,9034,1895,1174,1499,524,1664,,234,census2021-ts067-ward.csv,2044.0
2021,Folkestone Central,E05010018,8919,1807,888,1142,422,1395,,284,census2021-ts067-ward.csv,2981.0
2021,Folkestone Harbour,E05010019,5210,1123,614,793,296,904,,153,census2021-ts067-ward.csv,1327.0
2021,Hythe,E05010020,9690,1581,1022,1319,534,1498,,338,census2021-ts067-ward.csv,3398.0
2021,Hythe Rural,E05010021,5265,998,618,773,400,949,,127,census2021-ts067-ward.csv,1400.0
2021,New Romney,E05010022,6243,1465,743,921,475,1059,,268,census2021-ts067-ward.csv,1312.0
2021,North Downs East,E05010023,9507,1457,1056,1547,531,1853,,292,census2021-ts067-ward.csv,2771.0
2021,North Downs West,E05010024,5326,832,531,762,321,899,,167,census2021-ts067-ward.csv,1814.0
2021,Romney Marsh,E05010025,6319,1638,816,887,499,978,,248,census2021-ts067-ward.csv,1253.0
2021,Sandgate & West Folkestone,E05010026,5161,753,520,683,493,826,,135,census2021-ts067-ward.csv,1751.0
2021,Walland & Denge Marsh,E05010027,6570,1528,896,1004,474,1162,,248,census2021-ts067-ward.csv,1258.0
2021,Balderton South,E05010064,4628,906,530,717,350,897,,128,census2021-ts067-ward.csv,1100.0
2021,Bilsthorpe,E05010066,2884,700,330,460,198,512,,77,census2021-ts067-ward.csv,607.0
2021,Boughton,E05010067,2824,740,365,439,171,435,,82,census2021-ts067-ward.csv,592.0
2021,Bridge (Newark and Sherwood),E05010068,5996,1353,811,878,426,921,,242,census2021-ts067-ward.csv,1365.0
2021,Collingham,E05010070,4891,760,375,691,288,798,,121,census2021-ts067-ward.csv,1858.0
2021,Devon,E05010071,7697,2059,958,1110,544,1181,,242,census2021-ts067-ward.csv,1603.0
2021,Dover Beck,E05010072,2532,317,189,338,137,432,,49,census2021-ts067-ward.csv,1070.0
2021,Edwinstowe & Clipstone,E05010073,9451,1839,1009,1436,588,1908,,263,census2021-ts067-ward.csv,2408.0
2021,Farnsfield,E05010075,2640,327,196,340,126,475,,70,census2021-ts067-ward.csv,1106.0
2021,Lowdham,E05010076,3148,500,312,499,238,482,,95,census2021-ts067-ward.csv,1022.0
2021,Muskham,E05010077,2486,327,205,357,140,445,,74,census2021-ts067-ward.csv,938.0
2021,Ollerton,E05010078,7708,1983,964,1197,485,1416,,178,census2021-ts067-ward.csv,1485.0
2021,Rainworth North & Rufford,E05010079,5337,1030,597,828,354,1081,,142,census2021-ts067-ward.csv,1305.0
2021,Rainworth South & Blidworth,E05010080,5091,1246,525,837,309,907,,112,census2021-ts067-ward.csv,1155.0
2021,Southwell,E05010081,7617,884,519,923,323,1534,,139,census2021-ts067-ward.csv,3295.0
2021,Sutton-on-Trent,E05010082,2723,413,236,390,160,523,,66,census2021-ts067-ward.csv,935.0
2021,Trent,E05010083,2455,258,141,303,115,387,,54,census2021-ts067-ward.csv,1197.0
2021,Appleby,E05010090,2071,279,204,278,103,336,,65,census2021-ts067-ward.csv,806.0
2021,Ashby Castle,E05010091,2569,265,162,327,92,447,,49,census2021-ts067-ward.csv,1227.0
2021,Ashby Holywell,E05010092,2608,385,250,373,112,434,,59,census2021-ts067-ward.csv,995.0
2021,Ashby Ivanhoe,E05010093,2701,439,213,348,128,447,,79,census2021-ts067-ward.csv,1047.0
2021,Ashby Money Hill,E05010094,2606,371,209,373,143,454,,57,census2021-ts067-ward.csv,999.0
2021,Ashby Willesley,E05010095,1806,347,164,227,88,266,,42,census2021-ts067-ward.csv,672.0
2021,Ashby Woulds,E05010096,2229,377,222,344,125,428,,48,census2021-ts067-ward.csv,685.0
2021,Bardon,E05010097,2246,318,255,330,138,493,,44,census2021-ts067-ward.csv,668.0
2021,Blackfordby,E05010098,2569,545,265,354,171,473,,68,census2021-ts067-ward.csv,693.0
2021,Broom Leys,E05010099,1876,414,183,250,157,358,,80,census2021-ts067-ward.csv,434.0
2021,Castle Donington Castle,E05010100,2169,449,213,307,169,397,,67,census2021-ts067-ward.csv,567.0
2021,Castle Donington Central,E05010101,1928,235,164,288,137,358,,33,census2021-ts067-ward.csv,713.0
2021,Castle Donington Park,E05010102,1999,263,195,289,107,352,,36,census2021-ts067-ward.csv,757.0
2021,Castle Rock,E05010103,2167,478,248,310,149,334,,87,census2021-ts067-ward.csv,561.0
2021,Coalville East,E05010104,2160,342,250,334,141,450,,52,census2021-ts067-ward.csv,591.0
2021,Coalville West,E05010105,2403,674,270,362,166,416,,61,census2021-ts067-ward.csv,454.0
2021,Daleacre Hill,E05010106,2233,308,177,237,123,600,,34,census2021-ts067-ward.csv,754.0
2021,Ellistown & Battleflat,E05010107,2162,462,252,326,142,411,,65,census2021-ts067-ward.csv,504.0
2021,Greenhill (North West Leicestershire),E05010108,2720,741,378,397,164,429,,77,census2021-ts067-ward.csv,534.0
2021,Hermitage (North West Leicestershire),E05010109,2194,404,229,309,189,422,,44,census2021-ts067-ward.csv,597.0
2021,Holly Hayes,E05010110,2221,459,227,345,198,395,,67,census2021-ts067-ward.csv,530.0
2021,Hugglescote St John's,E05010111,2229,394,196,304,169,453,,52,census2021-ts067-ward.csv,661.0
2021,Hugglescote St Mary's,E05010112,2426,431,235,405,192,506,,49,census2021-ts067-ward.csv,608.0
2021,Ibstock East,E05010113,2119,463,218,337,142,386,,45,census2021-ts067-ward.csv,528.0
2021,Ibstock West,E05010114,2455,535,286,369,160,521,,67,census2021-ts067-ward.csv,517.0
2021,Kegworth,E05010115,2164,263,164,267,121,539,,32,census2021-ts067-ward.csv,778.0
2021,Long Whatton & Diseworth,E05010116,2209,307,203,272,135,383,,47,census2021-ts067-ward.csv,862.0
2021,Measham North,E05010117,2327,387,246,340,142,504,,53,census2021-ts067-ward.csv,655.0
2021,Measham South,E05010118,2067,572,224,262,129,356,,81,census2021-ts067-ward.csv,443.0
2021,Oakthorpe & Donisthorpe,E05010119,2327,435,271,335,123,470,,42,census2021-ts067-ward.csv,651.0
2021,Ravenstone & Packington,E05010120,2633,387,224,333,172,514,,53,census2021-ts067-ward.csv,950.0
2021,Sence Valley,E05010121,2432,402,236,318,186,543,,43,census2021-ts067-ward.csv,704.0
2021,Snibston North,E05010122,2823,601,336,408,207,538,,91,census2021-ts067-ward.csv,642.0
2021,Snibston South,E05010123,1457,331,196,241,96,259,,42,census2021-ts067-ward.csv,292.0
2021,Thornborough,E05010124,1737,417,172,229,149,287,,42,census2021-ts067-ward.csv,441.0
2021,Thringstone,E05010125,2338,563,251,338,185,406,,41,census2021-ts067-ward.csv,554.0
2021,Valley (North West Leicestershire),E05010126,2476,413,195,370,165,394,,49,census2021-ts067-ward.csv,890.0
2021,Worthington & Breedon,E05010127,2312,361,189,298,152,415,,47,census2021-ts067-ward.csv,850.0
2021,Allington & Strete,E05010128,2577,358,246,355,125,439,,54,census2021-ts067-ward.csv,1000.0
2021,Bickleigh & Cornwood,E05010129,2412,373,209,285,165,419,,64,census2021-ts067-ward.csv,897.0
2021,Blackawton & Stoke Fleming,E05010130,2145,262,189,328,126,375,,51,census2021-ts067-ward.csv,814.0
2021,Charterlands,E05010131,2678,278,193,380,109,443,,57,census2021-ts067-ward.csv,1218.0
2021,Dartington & Staverton,E05010132,2494,247,156,284,95,354,,69,census2021-ts067-ward.csv,1289.0
2021,Dartmouth & East Dart,E05010133,6900,1070,633,890,485,1099,,261,census2021-ts067-ward.csv,2462.0
2021,Ermington & Ugborough,E05010134,2365,287,192,250,123,397,,57,census2021-ts067-ward.csv,1059.0
2021,Ivybridge East,E05010135,4939,633,433,751,302,969,,96,census2021-ts067-ward.csv,1755.0
2021,Ivybridge West,E05010136,5249,680,513,770,359,1008,,138,census2021-ts067-ward.csv,1781.0
2021,Kingsbridge,E05010137,4837,792,459,735,329,784,,155,census2021-ts067-ward.csv,1583.0
2021,Loddiswell & Aveton Gifford,E05010138,2374,279,227,334,137,416,,51,census2021-ts067-ward.csv,930.0
2021,Marldon & Littlehempston,E05010139,2536,351,238,349,148,446,,60,census2021-ts067-ward.csv,944.0
2021,Newton & Yealmpton,E05010140,5231,570,402,710,282,857,,113,census2021-ts067-ward.csv,2297.0
2021,Salcombe & Thurlestone,E05010141,4342,613,348,645,288,717,,106,census2021-ts067-ward.csv,1625.0
2021,South Brent,E05010142,4595,564,367,525,238,734,,115,census2021-ts067-ward.csv,2052.0
2021,Stokenham,E05010143,2299,347,204,333,143,392,,41,census2021-ts067-ward.csv,839.0
2021,Totnes,E05010144,7652,1004,594,922,363,1140,,145,census2021-ts067-ward.csv,3484.0
2021,Wembury & Brixton,E05010145,4576,530,351,651,297,833,,98,census2021-ts067-ward.csv,1816.0
2021,West Dart,E05010146,2231,214,173,263,93,327,,45,census2021-ts067-ward.csv,1116.0
2021,Woolwell,E05010147,2532,267,199,363,188,533,,66,census2021-ts067-ward.csv,916.0
2021,Aveland,E05010148,2151,359,194,344,117,371,,54,census2021-ts067-ward.csv,712.0
2021,Belmont (South Kesteven),E05010149,3909,599,473,617,272,826,,95,census2021-ts067-ward.csv,1027.0
2021,Belvoir,E05010150,4123,697,391,585,303,685,,115,census2021-ts067-ward.csv,1347.0
2021,Bourne Austerby,E05010151,6123,782,577,995,358,1340,,139,census2021-ts067-ward.csv,1932.0
2021,Bourne East,E05010152,3994,869,466,627,301,645,,135,census2021-ts067-ward.csv,951.0
2021,Bourne West,E05010153,4345,717,499,669,325,834,,153,census2021-ts067-ward.csv,1148.0
2021,Casewick,E05010154,4857,736,485,721,310,807,,122,census2021-ts067-ward.csv,1676.0
2021,Castle (South Kesteven),E05010155,1918,296,190,276,100,354,,52,census2021-ts067-ward.csv,650.0
2021,Deeping St James,E05010156,6018,786,673,994,378,1216,,166,census2021-ts067-ward.csv,1805.0
2021,Dole Wood,E05010157,2052,296,216,293,120,342,,47,census2021-ts067-ward.csv,738.0
2021,Glen (South Kesteven),E05010158,1952,238,176,297,89,383,,32,census2021-ts067-ward.csv,737.0
2021,Grantham Arnoldfield,E05010159,4582,530,448,746,279,939,,128,census2021-ts067-ward.csv,1512.0
2021,Grantham Barrowby Gate,E05010160,4068,752,418,583,343,783,,91,census2021-ts067-ward.csv,1098.0
2021,Grantham Earlesfield,E05010161,4923,1367,714,808,338,674,,170,census2021-ts067-ward.csv,852.0
2021,Grantham Harrowby,E05010162,3739,1000,476,592,247,616,,104,census2021-ts067-ward.csv,704.0
2021,Grantham St Vincent's,E05010163,6238,1222,760,928,457,1111,,195,census2021-ts067-ward.csv,1565.0
2021,Grantham St Wulfram's,E05010164,4557,881,503,659,314,748,,119,census2021-ts067-ward.csv,1333.0
2021,Grantham Springfield,E05010165,4432,790,519,725,290,847,,143,census2021-ts067-ward.csv,1118.0
2021,Isaac Newton,E05010166,4047,736,406,635,280,691,,115,census2021-ts067-ward.csv,1184.0
2021,Lincrest,E05010167,2186,321,198,311,125,379,,47,census2021-ts067-ward.csv,805.0
2021,Loveden Heath,E05010168,2194,302,202,328,100,365,,42,census2021-ts067-ward.csv,855.0
2021,Market & West Deeping,E05010169,5872,946,673,932,371,1061,,158,census2021-ts067-ward.csv,1731.0
2021,Morton (South Kesteven),E05010170,2106,346,235,342,131,408,,53,census2021-ts067-ward.csv,591.0
2021,Peascliffe & Ridgeway,E05010171,4064,786,409,609,306,691,,101,census2021-ts067-ward.csv,1162.0
2021,Stamford All Saints,E05010172,3971,681,388,558,241,699,,89,census2021-ts067-ward.csv,1315.0
2021,Stamford St George's,E05010173,4330,781,447,604,290,752,,132,census2021-ts067-ward.csv,1324.0
2021,Stamford St John's,E05010174,4641,548,435,697,310,864,,97,census2021-ts067-ward.csv,1690.0
2021,Stamford St Mary's,E05010175,4170,615,291,571,201,625,,122,census2021-ts067-ward.csv,1745.0
2021,Toller (South Kesteven),E05010176,2237,422,223,297,165,412,,68,census2021-ts067-ward.csv,650.0
2021,Viking (South Kesteven),E05010177,4203,563,338,602,248,766,,93,census2021-ts067-ward.csv,1593.0
2021,Alcester Town,E05010178,3273,769,352,478,182,521,,80,census2021-ts067-ward.csv,891.0
2021,Alcester & Rural,E05010179,3130,449,282,414,159,470,,83,census2021-ts067-ward.csv,1273.0
2021,Avenue (Stratford-on-Avon),E05010180,3029,461,268,415,119,514,,78,census2021-ts067-ward.csv,1174.0
2021,Bidford East,E05010181,3509,548,339,577,187,627,,101,census2021-ts067-ward.csv,1130.0
2021,Bidford West & Salford,E05010182,3483,534,311,486,198,667,,90,census2021-ts067-ward.csv,1197.0
2021,Bishop's Itchington,E05010183,3501,484,316,446,160,674,,76,census2021-ts067-ward.csv,1345.0
2021,Bishopton,E05010184,2721,445,276,384,182,432,,79,census2021-ts067-ward.csv,923.0
2021,Brailes & Compton,E05010185,2931,385,238,388,126,453,,71,census2021-ts067-ward.csv,1270.0
2021,Bridgetown,E05010186,3888,362,275,466,139,617,,83,census2021-ts067-ward.csv,1946.0
2021,Clopton,E05010187,2251,396,238,276,134,352,,74,census2021-ts067-ward.csv,781.0
2021,Ettington,E05010188,3049,308,210,436,111,488,,68,census2021-ts067-ward.csv,1428.0
2021,Guildhall (Stratford-on-Avon),E05010189,2917,462,227,321,153,384,,122,census2021-ts067-ward.csv,1248.0
2021,Harbury,E05010190,3303,432,278,394,171,533,,70,census2021-ts067-ward.csv,1425.0
2021,Hathaway,E05010191,2930,526,305,390,191,446,,101,census2021-ts067-ward.csv,971.0
2021,Henley-in-Arden,E05010192,3394,542,310,470,145,528,,89,census2021-ts067-ward.csv,1310.0
2021,Kineton,E05010193,3015,442,269,361,138,446,,61,census2021-ts067-ward.csv,1298.0
2021,Kinwarton,E05010194,2433,282,213,345,121,382,,46,census2021-ts067-ward.csv,1044.0
2021,Long Itchington & Stockton,E05010195,3653,498,287,458,199,651,,70,census2021-ts067-ward.csv,1490.0
2021,Napton & Fenny Compton,E05010196,2916,293,241,376,141,529,,41,census2021-ts067-ward.csv,1295.0
2021,Quinton (Stratford-on-Avon),E05010197,3004,387,247,431,143,596,,70,census2021-ts067-ward.csv,1130.0
2021,Red Horse,E05010198,2860,326,226,358,113,475,,50,census2021-ts067-ward.csv,1312.0
2021,Shipston North,E05010199,3385,484,339,498,188,546,,71,census2021-ts067-ward.csv,1259.0
2021,Shipston South,E05010200,3465,551,333,486,194,613,,65,census2021-ts067-ward.csv,1223.0
2021,Shottery,E05010201,2270,233,173,318,90,337,,51,census2021-ts067-ward.csv,1068.0
2021,Snitterfield,E05010202,2977,330,196,354,128,431,,61,census2021-ts067-ward.csv,1477.0
2021,Southam North,E05010203,3230,627,323,453,204,556,,79,census2021-ts067-ward.csv,988.0
2021,Southam South,E05010204,3456,368,295,513,192,630,,94,census2021-ts067-ward.csv,1364.0
2021,Studley with Mappleborough Green,E05010205,3268,566,318,501,188,539,,83,census2021-ts067-ward.csv,1073.0
2021,Studley with Sambourne,E05010206,3202,593,301,459,207,592,,92,census2021-ts067-ward.csv,958.0
2021,Tanworth-in-Arden,E05010207,2759,436,221,371,148,432,,73,census2021-ts067-ward.csv,1078.0
2021,Tiddington,E05010208,2997,348,225,354,119,425,,61,census2021-ts067-ward.csv,1465.0
2021,Welcombe,E05010209,2738,361,205,277,103,421,,97,census2021-ts067-ward.csv,1274.0
2021,Welford-on-Avon,E05010210,3747,533,294,519,169,564,,90,census2021-ts067-ward.csv,1578.0
2021,Wellesbourne East,E05010211,3166,414,273,460,144,528,,69,census2021-ts067-ward.csv,1278.0
2021,Wellesbourne West,E05010212,3676,490,372,526,212,674,,90,census2021-ts067-ward.csv,1312.0
2021,Wotton Wawen,E05010213,3111,564,265,390,170,464,,84,census2021-ts067-ward.csv,1174.0
2021,Bamber Bridge East,E05010214,4085,758,490,589,333,804,,80,census2021-ts067-ward.csv,1031.0
2021,Bamber Bridge West,E05010215,3529,796,415,478,294,614,,86,census2021-ts067-ward.csv,846.0
2021,Broad Oak,E05010216,3385,413,268,460,186,601,,70,census2021-ts067-ward.csv,1387.0
2021,Broadfield (South Ribble),E05010217,4003,846,482,576,282,807,,113,census2021-ts067-ward.csv,897.0
2021,Buckshaw & Worden,E05010218,3796,333,308,501,208,783,,71,census2021-ts067-ward.csv,1592.0
2021,Charnock,E05010219,3221,604,322,430,254,601,,73,census2021-ts067-ward.csv,937.0
2021,Coupe Green & Gregson Lane,E05010220,3573,501,331,499,307,634,,82,census2021-ts067-ward.csv,1219.0
2021,Earnshaw Bridge,E05010221,4004,793,408,586,333,776,,111,census2021-ts067-ward.csv,997.0
2021,Farington East,E05010222,3694,565,346,490,283,788,,61,census2021-ts067-ward.csv,1161.0
2021,Farington West,E05010223,3413,489,265,475,258,711,,76,census2021-ts067-ward.csv,1139.0
2021,Hoole,E05010224,3543,523,344,504,279,685,,74,census2021-ts067-ward.csv,1134.0
2021,Howick & Priory,E05010225,5974,643,474,782,413,1076,,161,census2021-ts067-ward.csv,2425.0
2021,Leyland Central,E05010226,4030,597,368,597,303,810,,75,census2021-ts067-ward.csv,1280.0
2021,Longton & Hutton West,E05010227,4973,724,429,673,336,842,,175,census2021-ts067-ward.csv,1794.0
2021,Lostock Hall,E05010228,5190,882,517,771,435,1005,,115,census2021-ts067-ward.csv,1465.0
2021,Middleforth,E05010229,6009,1017,585,848,411,1133,,165,census2021-ts067-ward.csv,1850.0
2021,Moss Side (South Ribble),E05010230,3176,493,317,456,217,608,,69,census2021-ts067-ward.csv,1016.0
2021,New Longton & Hutton East,E05010231,3863,511,300,537,257,667,,86,census2021-ts067-ward.csv,1505.0
2021,St Ambrose,E05010232,3533,585,368,555,275,714,,94,census2021-ts067-ward.csv,942.0
2021,Samlesbury & Walton,E05010233,3459,503,337,471,229,672,,85,census2021-ts067-ward.csv,1162.0
2021,Seven Stars,E05010234,3402,755,418,527,249,571,,74,census2021-ts067-ward.csv,808.0
2021,Walton-le-Dale East,E05010235,3787,549,355,577,256,753,,61,census2021-ts067-ward.csv,1236.0
2021,Walton-le-Dale West,E05010236,3860,477,334,505,283,765,,82,census2021-ts067-ward.csv,1414.0
2021,All Saints & Wayland,E05010237,6589,1208,726,1068,403,1173,,195,census2021-ts067-ward.csv,1816.0
2021,Ashill,E05010238,2346,589,300,320,147,395,,81,census2021-ts067-ward.csv,514.0
2021,Bedingfeld,E05010239,2730,610,318,409,172,487,,80,census2021-ts067-ward.csv,654.0
2021,Attleborough Burgh & Haverscroft,E05010240,4327,990,519,687,319,752,,134,census2021-ts067-ward.csv,926.0
2021,Attleborough Queens & Besthorpe,E05010241,6490,1290,736,1062,420,1199,,187,census2021-ts067-ward.csv,1596.0
2021,Dereham Neatherd,E05010242,6250,1251,701,990,450,1099,,205,census2021-ts067-ward.csv,1554.0
2021,Dereham Toftwood,E05010243,4956,1070,611,891,395,907,,160,census2021-ts067-ward.csv,922.0
2021,Dereham Withburga,E05010244,4695,1135,647,825,292,812,,148,census2021-ts067-ward.csv,836.0
2021,Forest (Breckland),E05010245,2626,582,305,409,202,425,,103,census2021-ts067-ward.csv,600.0
2021,Guiltcross,E05010246,2869,497,310,429,153,444,,94,census2021-ts067-ward.csv,942.0
2021,Harling & Heathlands,E05010247,2634,538,293,420,192,447,,69,census2021-ts067-ward.csv,675.0
2021,Hermitage (Breckland),E05010248,2404,484,260,358,163,399,,75,census2021-ts067-ward.csv,665.0
2021,Launditch,E05010249,2180,418,212,344,136,390,,40,census2021-ts067-ward.csv,640.0
2021,Lincoln,E05010250,4639,879,519,752,317,877,,128,census2021-ts067-ward.csv,1167.0
2021,Mattishall,E05010251,4775,900,507,696,355,834,,144,census2021-ts067-ward.csv,1339.0
2021,Nar Valley,E05010252,2459,572,275,379,184,403,,79,census2021-ts067-ward.csv,567.0
2021,Necton,E05010253,2309,581,276,345,191,361,,85,census2021-ts067-ward.csv,470.0
2021,Saham Toney,E05010254,4551,920,585,748,295,856,,145,census2021-ts067-ward.csv,1002.0
2021,Shipdham-with-Scarning,E05010255,4740,855,574,778,339,900,,142,census2021-ts067-ward.csv,1152.0
2021,Swaffham,E05010256,7257,1792,884,1136,491,1115,,245,census2021-ts067-ward.csv,1594.0
2021,The Buckenhams & Banham,E05010257,2748,496,303,396,159,459,,74,census2021-ts067-ward.csv,861.0
2021,Thetford Boudica,E05010258,4062,975,554,638,329,704,,144,census2021-ts067-ward.csv,718.0
2021,Thetford Burrell,E05010259,4854,1376,714,737,295,670,,189,census2021-ts067-ward.csv,873.0
2021,Thetford Castle,E05010260,5126,1247,621,739,344,834,,227,census2021-ts067-ward.csv,1114.0
2021,Thetford Priory,E05010261,6094,1736,847,915,418,835,,273,census2021-ts067-ward.csv,1070.0
2021,Upper Wensum,E05010262,5490,991,620,856,322,1008,,130,census2021-ts067-ward.csv,1563.0
2021,Watton,E05010263,7651,2246,978,1053,582,1127,,288,census2021-ts067-ward.csv,1377.0
2021,Backwell,E05010276,3827,401,289,502,151,613,,86,census2021-ts067-ward.csv,1785.0
2021,Banwell & Winscombe,E05010277,6964,1160,637,1007,435,1158,,198,census2021-ts067-ward.csv,2369.0
2021,Blagdon & Churchill,E05010278,3492,381,249,425,186,618,,75,census2021-ts067-ward.csv,1558.0
2021,Clevedon East,E05010279,3764,525,387,569,243,723,,118,census2021-ts067-ward.csv,1199.0
2021,Clevedon South,E05010280,3468,541,384,577,266,701,,93,census2021-ts067-ward.csv,906.0
2021,Clevedon Walton,E05010281,3930,443,288,502,183,592,,89,census2021-ts067-ward.csv,1833.0
2021,Clevedon West,E05010282,3261,470,325,411,192,562,,81,census2021-ts067-ward.csv,1220.0
2021,Clevedon Yeo,E05010283,3505,478,413,531,217,771,,79,census2021-ts067-ward.csv,1016.0
2021,Congresbury & Puxton,E05010284,3457,478,271,485,158,676,,85,census2021-ts067-ward.csv,1304.0
2021,Gordano Valley,E05010285,3553,504,283,521,214,565,,84,census2021-ts067-ward.csv,1382.0
2021,Hutton & Locking,E05010286,6425,1037,707,927,435,1271,,180,census2021-ts067-ward.csv,1868.0
2021,Long Ashton,E05010287,7125,663,496,858,287,975,,144,census2021-ts067-ward.csv,3702.0
2021,Nailsea Golden Valley,E05010288,3572,329,288,529,167,664,,79,census2021-ts067-ward.csv,1516.0
2021,Nailsea West End,E05010289,2743,360,303,419,153,514,,74,census2021-ts067-ward.csv,920.0
2021,Nailsea Yeo,E05010290,3373,536,360,510,226,579,,112,census2021-ts067-ward.csv,1050.0
2021,Nailsea Youngwood,E05010291,3431,444,353,549,215,598,,100,census2021-ts067-ward.csv,1172.0
2021,Pill,E05010292,3605,579,321,444,209,610,,78,census2021-ts067-ward.csv,1364.0
2021,Portishead East,E05010293,6247,542,497,914,256,1178,,110,census2021-ts067-ward.csv,2750.0
2021,Portishead North,E05010294,3985,534,282,534,197,656,,80,census2021-ts067-ward.csv,1702.0
2021,Portishead South,E05010295,3466,537,319,523,239,593,,123,census2021-ts067-ward.csv,1132.0
2021,Portishead West,E05010296,7606,876,672,1074,442,1272,,144,census2021-ts067-ward.csv,3126.0
2021,Weston-super-Mare South,E05010297,7282,1773,904,1247,413,1187,,235,census2021-ts067-ward.csv,1523.0
2021,Weston-super-Mare Central,E05010298,7960,1886,887,1072,499,1242,,326,census2021-ts067-ward.csv,2048.0
2021,Weston-super-Mare Hillside,E05010299,7644,1328,751,1098,461,1377,,228,census2021-ts067-ward.csv,2401.0
2021,Weston-super-Mare Kewstoke,E05010300,7375,1233,760,1175,547,1287,,204,census2021-ts067-ward.csv,2169.0
2021,Weston-super-Mare Mid Worle,E05010301,3273,743,383,480,235,630,,109,census2021-ts067-ward.csv,693.0
2021,Weston-super-Mare Milton,E05010302,7977,1379,866,1307,591,1539,,253,census2021-ts067-ward.csv,2042.0
2021,Weston-super-Mare North Worle,E05010303,6819,937,754,1091,479,1541,,180,census2021-ts067-ward.csv,1837.0
2021,Weston-super-Mare South Worle,E05010304,7207,1249,840,1170,507,1446,,186,census2021-ts067-ward.csv,1809.0
2021,Weston-super-Mare Uphill,E05010305,7039,1160,706,1153,437,1191,,212,census2021-ts067-ward.csv,2180.0
2021,Weston-super-Mare Winterstoke,E05010306,7012,779,663,1212,384,1733,,167,census2021-ts067-ward.csv,2074.0
2021,Wick St Lawrence & St Georges,E05010307,3754,463,377,655,211,842,,80,census2021-ts067-ward.csv,1126.0
2021,Winford,E05010308,3640,497,303,480,238,598,,87,census2021-ts067-ward.csv,1437.0
2021,Wrington,E05010309,3450,430,257,472,185,534,,95,census2021-ts067-ward.csv,1477.0
2021,Yatton,E05010310,7338,941,644,1062,409,1341,,143,census2021-ts067-ward.csv,2798.0
2021,Acomb,E05010311,7409,1335,699,989,521,1230,,197,census2021-ts067-ward.csv,2438.0
2021,Bishopthorpe,E05010312,3437,495,260,421,203,486,,88,census2021-ts067-ward.csv,1484.0
2021,Clifton (York),E05010313,7828,1379,664,939,317,1296,,145,census2021-ts067-ward.csv,3088.0
2021,Copmanthorpe,E05010314,3436,384,237,431,194,562,,68,census2021-ts067-ward.csv,1560.0
2021,Dringhouses & Woodthorpe,E05010315,9606,1359,804,1231,545,1527,,185,census2021-ts067-ward.csv,3955.0
2021,Fishergate,E05010316,8621,774,399,590,366,2505,,176,census2021-ts067-ward.csv,3811.0
2021,Fulford & Heslington,E05010317,3422,389,231,327,190,714,,73,census2021-ts067-ward.csv,1498.0
2021,Guildhall (York),E05010318,13453,1090,614,1000,360,4113,,230,census2021-ts067-ward.csv,6046.0
2021,Haxby & Wigginton,E05010319,9952,1554,940,1328,666,1728,,288,census2021-ts067-ward.csv,3448.0
2021,Heworth,E05010320,11253,1711,876,1252,559,2601,,233,census2021-ts067-ward.csv,4021.0
2021,Heworth Without,E05010321,3455,523,271,428,255,547,,82,census2021-ts067-ward.csv,1349.0
2021,Holgate,E05010322,10024,1340,810,1200,543,1602,,172,census2021-ts067-ward.csv,4357.0
2021,Hull Road,E05010323,13535,1101,502,765,394,7504,,224,census2021-ts067-ward.csv,3045.0
2021,Huntington & New Earswick,E05010324,10437,2020,993,1418,847,1640,,266,census2021-ts067-ward.csv,3253.0
2021,Micklegate,E05010325,10767,960,554,976,353,1525,,159,census2021-ts067-ward.csv,6240.0
2021,Osbaldwick & Derwent,E05010326,7103,941,549,841,436,1396,,166,census2021-ts067-ward.csv,2774.0
2021,Rawcliffe & Clifton Without,E05010327,10243,1409,846,1369,643,1763,,230,census2021-ts067-ward.csv,3983.0
2021,Rural West York,E05010328,6797,726,478,893,333,1101,,160,census2021-ts067-ward.csv,3106.0
2021,Strensall,E05010329,6800,872,591,1009,424,1194,,127,census2021-ts067-ward.csv,2583.0
2021,Westfield (York),E05010330,11115,2223,1256,1715,718,1821,,258,census2021-ts067-ward.csv,3124.0
2021,Wheldrake,E05010331,3382,369,224,427,163,554,,61,census2021-ts067-ward.csv,1584.0
2021,Bocking Blackwater,E05010365,8124,1325,1060,1499,474,1558,,232,census2021-ts067-ward.csv,1976.0
2021,Bocking North,E05010366,4314,1050,525,689,272,705,,144,census2021-ts067-ward.csv,929.0
2021,Bocking South,E05010367,5391,1175,779,928,323,870,,148,census2021-ts067-ward.csv,1168.0
2021,Braintree Central & Beckers Green,E05010368,7723,1668,1126,1254,464,1351,,238,census2021-ts067-ward.csv,1622.0
2021,Braintree South,E05010369,5214,984,737,904,292,1004,,138,census2021-ts067-ward.csv,1155.0
2021,Braintree West,E05010370,5082,893,610,828,300,1011,,176,census2021-ts067-ward.csv,1264.0
2021,Bumpstead,E05010371,2439,387,248,372,141,458,,53,census2021-ts067-ward.csv,780.0
2021,Coggeshall,E05010372,4912,827,483,741,284,798,,120,census2021-ts067-ward.csv,1659.0
2021,Great Notley & Black Notley,E05010374,7994,1030,955,1483,384,1592,,182,census2021-ts067-ward.csv,2368.0
2021,Hedingham,E05010378,4915,894,616,828,340,913,,132,census2021-ts067-ward.csv,1192.0
2021,Kelvedon & Feering,E05010379,4752,788,508,776,243,824,,95,census2021-ts067-ward.csv,1518.0
2021,Rayne,E05010380,2404,366,299,430,136,442,,69,census2021-ts067-ward.csv,662.0
2021,Stour Valley North,E05010382,2492,398,257,393,163,433,,49,census2021-ts067-ward.csv,799.0
2021,Stour Valley South,E05010383,2609,405,290,415,137,457,,41,census2021-ts067-ward.csv,864.0
2021,The Colnes,E05010384,4949,817,496,825,291,917,,115,census2021-ts067-ward.csv,1488.0
2021,Three Fields,E05010385,4909,777,561,786,311,862,,133,census2021-ts067-ward.csv,1479.0
2021,Witham South,E05010388,5011,879,607,779,243,997,,129,census2021-ts067-ward.csv,1377.0
2021,Witham West,E05010389,5488,1160,739,925,344,1022,,163,census2021-ts067-ward.csv,1135.0
2021,Yeldham,E05010390,2370,471,298,368,155,412,,63,census2021-ts067-ward.csv,603.0
2021,Beltinge,E05010392,5970,1222,680,862,387,1003,,219,census2021-ts067-ward.csv,1597.0
2021,Blean Forest,E05010393,9137,632,353,658,211,4417,,193,census2021-ts067-ward.csv,2673.0
2021,Chestfield,E05010395,6035,987,630,908,377,1028,,171,census2021-ts067-ward.csv,1934.0
2021,Gorrell,E05010396,8798,1407,825,1169,483,1414,,237,census2021-ts067-ward.csv,3263.0
2021,Greenhill (Canterbury),E05010397,3473,848,480,487,243,643,,110,census2021-ts067-ward.csv,662.0
2021,Herne & Broomfield,E05010398,7271,1277,856,1112,470,1396,,208,census2021-ts067-ward.csv,1952.0
2021,Heron,E05010399,11092,2443,1288,1695,648,1936,,303,census2021-ts067-ward.csv,2779.0
2021,Northgate (Canterbury),E05010402,6083,1071,468,618,171,1881,,174,census2021-ts067-ward.csv,1700.0
2021,Seasalter,E05010404,6604,1275,710,941,483,1026,,199,census2021-ts067-ward.csv,1970.0
2021,St Stephen's (Canterbury),E05010405,8626,907,519,765,220,2956,,171,census2021-ts067-ward.csv,3088.0
2021,Swalecliffe,E05010407,3502,853,387,462,247,535,,121,census2021-ts067-ward.csv,897.0
2021,Tankerton,E05010408,3028,447,256,415,155,430,,75,census2021-ts067-ward.csv,1250.0
2021,West Bay,E05010409,3440,817,452,518,226,574,,101,census2021-ts067-ward.csv,752.0
2021,Westgate (Canterbury),E05010410,7957,930,502,794,222,1757,,232,census2021-ts067-ward.csv,3520.0
2021,Wincheap,E05010411,7788,1168,578,813,306,1455,,188,census2021-ts067-ward.csv,3280.0
2021,Bank Top & Lascelles,E05010412,5846,1633,629,821,414,1020,,159,census2021-ts067-ward.csv,1170.0
2021,Brinkburn & Faverdale,E05010413,5498,714,450,866,370,1209,,107,census2021-ts067-ward.csv,1782.0
2021,Cockerton,E05010414,5018,1171,547,795,362,960,,134,census2021-ts067-ward.csv,1049.0
2021,College (Darlington),E05010415,3593,332,228,446,160,583,,46,census2021-ts067-ward.csv,1798.0
2021,Eastbourne,E05010416,4985,1369,519,712,374,892,,146,census2021-ts067-ward.csv,973.0
2021,Harrowgate Hill,E05010417,5267,838,492,820,448,1144,,116,census2021-ts067-ward.csv,1409.0
2021,Haughton & Springfield,E05010418,5242,1296,518,767,424,941,,169,census2021-ts067-ward.csv,1127.0
2021,Heighington & Coniscliffe,E05010419,3902,481,296,526,226,736,,80,census2021-ts067-ward.csv,1557.0
2021,Hummersknott,E05010420,3172,395,223,409,177,481,,100,census2021-ts067-ward.csv,1387.0
2021,Hurworth,E05010421,3078,437,219,412,220,530,,73,census2021-ts067-ward.csv,1187.0
2021,Mowden,E05010422,3232,456,220,454,241,545,,109,census2021-ts067-ward.csv,1207.0
2021,North Road,E05010423,5124,1244,629,798,428,910,,131,census2021-ts067-ward.csv,984.0
2021,Northgate (Darlington),E05010424,3336,815,425,492,249,537,,90,census2021-ts067-ward.csv,728.0
2021,Park East,E05010425,6010,1436,653,902,365,1071,,149,census2021-ts067-ward.csv,1434.0
2021,Park West,E05010426,3560,391,227,423,170,527,,86,census2021-ts067-ward.csv,1736.0
2021,Pierremont,E05010427,4945,796,463,719,351,1007,,133,census2021-ts067-ward.csv,1476.0
2021,Red Hall & Lingfield,E05010428,3671,862,377,593,298,678,,94,census2021-ts067-ward.csv,769.0
2021,Sadberge & Middleton St George,E05010429,5610,740,448,789,356,1022,,129,census2021-ts067-ward.csv,2126.0
2021,Stephenson,E05010430,3751,983,394,532,269,706,,101,census2021-ts067-ward.csv,766.0
2021,Whinfield,E05010431,3269,585,319,457,313,641,,103,census2021-ts067-ward.csv,851.0
2021,Abbey (Leicester),E05010458,17171,4377,2030,2213,864,2521,,767,census2021-ts067-ward.csv,4399.0
2021,Aylestone,E05010459,9611,2185,1021,1295,602,1510,,310,census2021-ts067-ward.csv,2688.0
2021,Beaumont Leys,E05010460,14256,3497,1707,1948,688,1984,,474,census2021-ts067-ward.csv,3958.0
2021,Belgrave (Leicester),E05010461,16766,7054,2094,1565,466,1356,,1295,census2021-ts067-ward.csv,2936.0
2021,Braunstone Park & Rowley Fields,E05010462,16028,4817,1954,2098,849,2086,,604,census2021-ts067-ward.csv,3620.0
2021,Castle (Leicester),E05010463,22175,1810,910,1470,439,8556,,587,census2021-ts067-ward.csv,8403.0
2021,Evington,E05010464,13573,3772,1436,1646,507,1742,,585,census2021-ts067-ward.csv,3885.0
2021,Eyres Monsell,E05010465,9072,2734,1165,1386,507,1327,,301,census2021-ts067-ward.csv,1652.0
2021,Fosse,E05010466,11269,2833,1293,1371,602,1731,,555,census2021-ts067-ward.csv,2884.0
2021,Humberstone & Hamilton,E05010467,15704,3421,1666,2215,597,2339,,560,census2021-ts067-ward.csv,4906.0
2021,Knighton,E05010468,13766,2051,945,1459,456,1865,,368,census2021-ts067-ward.csv,6622.0
2021,North Evington,E05010469,18203,7555,2429,1965,498,1645,,1147,census2021-ts067-ward.csv,2964.0
2021,Rushey Mead,E05010470,14344,5044,1887,1510,449,1435,,732,census2021-ts067-ward.csv,3287.0
2021,Saffron,E05010471,10972,2294,1025,1196,389,2796,,312,census2021-ts067-ward.csv,2960.0
2021,Spinney Hills,E05010472,9832,3379,1167,1239,200,1174,,488,census2021-ts067-ward.csv,2185.0
2021,Stoneygate,E05010473,16492,4079,1664,1882,389,2778,,635,census2021-ts067-ward.csv,5065.0
2021,Thurncourt,E05010474,9272,2504,1033,1301,454,1313,,416,census2021-ts067-ward.csv,2251.0
2021,Troon,E05010475,11395,3249,1380,1470,424,1514,,453,census2021-ts067-ward.csv,2905.0
2021,Westcotes,E05010476,13633,2367,1000,1071,541,3711,,533,census2021-ts067-ward.csv,4410.0
2021,Western,E05010477,15670,4161,1824,2187,823,2220,,569,census2021-ts067-ward.csv,3886.0
2021,Wycliffe,E05010478,11812,4509,1523,1466,278,1257,,744,census2021-ts067-ward.csv,2035.0
2021,Barlaston,E05010479,2381,416,194,347,182,366,,76,census2021-ts067-ward.csv,800.0
2021,Baswich,E05010480,4999,640,421,682,284,850,,136,census2021-ts067-ward.csv,1986.0
2021,Common,E05010481,3798,773,391,554,235,673,,109,census2021-ts067-ward.csv,1063.0
2021,Coton,E05010482,6970,1060,749,1055,408,1313,,195,census2021-ts067-ward.csv,2190.0
2021,Doxey & Castletown,E05010483,3345,552,350,494,176,639,,70,census2021-ts067-ward.csv,1064.0
2021,Eccleshall,E05010484,6055,871,519,831,324,1035,,152,census2021-ts067-ward.csv,2323.0
2021,Forebridge,E05010485,3087,476,288,444,134,541,,81,census2021-ts067-ward.csv,1123.0
2021,Fulford,E05010486,5067,901,486,686,371,830,,120,census2021-ts067-ward.csv,1673.0
2021,Gnosall & Woodseaves,E05010487,5807,927,547,738,298,1001,,148,census2021-ts067-ward.csv,2148.0
2021,Haywood & Hixon,E05010488,5727,854,503,796,343,951,,182,census2021-ts067-ward.csv,2098.0
2021,Highfields & Western Downs,E05010489,5609,1189,664,924,281,1009,,187,census2021-ts067-ward.csv,1355.0
2021,Holmcroft,E05010490,5624,1101,629,805,334,979,,188,census2021-ts067-ward.csv,1588.0
2021,Littleworth,E05010491,4738,758,464,668,282,845,,114,census2021-ts067-ward.csv,1607.0
2021,Manor (Stafford),E05010492,5928,1156,718,917,377,1036,,178,census2021-ts067-ward.csv,1546.0
2021,Milford (Stafford),E05010493,2470,275,174,317,128,385,,45,census2021-ts067-ward.csv,1146.0
2021,Milwich,E05010494,5803,697,460,772,316,1145,,134,census2021-ts067-ward.csv,2279.0
2021,Penkside,E05010495,2705,606,305,422,136,450,,59,census2021-ts067-ward.csv,727.0
2021,Rowley (Stafford),E05010496,2663,289,195,328,131,423,,60,census2021-ts067-ward.csv,1237.0
2021,St Michael's & Stonefield,E05010497,8560,1251,727,1168,416,1401,,194,census2021-ts067-ward.csv,3403.0
2021,Seighford & Church Eaton,E05010498,5824,851,518,699,280,1041,,159,census2021-ts067-ward.csv,2276.0
2021,Swynnerton & Oulton,E05010499,5428,724,416,746,328,897,,119,census2021-ts067-ward.csv,2198.0
2021,Walton (Stafford),E05010500,5732,930,525,833,343,1030,,153,census2021-ts067-ward.csv,1918.0
2021,Weeping Cross & Wildwood,E05010501,5292,609,467,719,314,920,,149,census2021-ts067-ward.csv,2114.0
2021,Aggborough & Spennells,E05010502,7321,1312,747,1103,431,1390,,175,census2021-ts067-ward.csv,2163.0
2021,Areley Kings & Riverside,E05010503,7062,1799,811,944,511,1143,,203,census2021-ts067-ward.csv,1651.0
2021,Bewdley & Rock,E05010504,7598,1530,702,1067,494,1154,,224,census2021-ts067-ward.csv,2427.0
2021,Blakebrook & Habberley South,E05010505,7835,1687,857,1247,517,1449,,217,census2021-ts067-ward.csv,1861.0
2021,Broadwaters,E05010506,7366,1585,815,1200,483,1284,,213,census2021-ts067-ward.csv,1786.0
2021,Foley Park & Hoobrook,E05010507,8490,2142,1018,1307,528,1317,,223,census2021-ts067-ward.csv,1955.0
2021,Franche & Habberley North,E05010508,8064,1786,949,1256,608,1433,,256,census2021-ts067-ward.csv,1776.0
2021,Lickhill,E05010509,2067,382,220,349,159,391,,64,census2021-ts067-ward.csv,502.0
2021,Mitton,E05010510,8296,1822,871,1231,599,1495,,204,census2021-ts067-ward.csv,2074.0
2021,Offmore & Comberton,E05010511,7915,1800,900,1159,526,1340,,248,census2021-ts067-ward.csv,1942.0
2021,Wribbenhall & Arley,E05010512,4527,942,454,673,281,694,,133,census2021-ts067-ward.csv,1350.0
2021,Wyre Forest Rural,E05010513,8022,1627,711,1147,472,1312,,182,census2021-ts067-ward.csv,2571.0
2021,Attenborough & Chilwell East,E05010514,5958,902,492,646,299,885,,163,census2021-ts067-ward.csv,2571.0
2021,"Awsworth, Cossall & Trowell",E05010515,4262,800,473,601,343,832,,102,census2021-ts067-ward.csv,1111.0
2021,Beeston Central,E05010516,5506,844,365,406,173,1340,,110,census2021-ts067-ward.csv,2268.0
2021,Beeston North,E05010517,5401,808,398,483,183,1337,,116,census2021-ts067-ward.csv,2076.0
2021,Beeston Rylands,E05010518,4056,667,349,444,238,615,,105,census2021-ts067-ward.csv,1638.0
2021,Beeston West,E05010519,4771,519,249,419,166,683,,86,census2021-ts067-ward.csv,2649.0
2021,Bramcote,E05010520,6102,688,442,690,292,863,,142,census2021-ts067-ward.csv,2985.0
2021,Brinsley,E05010521,1919,426,210,233,153,356,,68,census2021-ts067-ward.csv,473.0
2021,Chilwell West,E05010522,6165,1143,649,821,372,987,,165,census2021-ts067-ward.csv,2028.0
2021,Eastwood Hall,E05010523,2189,418,246,361,158,454,,56,census2021-ts067-ward.csv,496.0
2021,Eastwood Hilltop,E05010524,4028,1051,511,571,344,706,,114,census2021-ts067-ward.csv,731.0
2021,Eastwood St Mary's,E05010525,3946,1032,538,540,280,681,,104,census2021-ts067-ward.csv,771.0
2021,Greasley,E05010526,5551,1135,542,771,452,1062,,141,census2021-ts067-ward.csv,1448.0
2021,Kimberley,E05010527,5585,1138,569,794,421,1044,,128,census2021-ts067-ward.csv,1491.0
2021,Nuthall East & Strelley,E05010528,4294,629,344,526,242,801,,117,census2021-ts067-ward.csv,1635.0
2021,Stapleford North,E05010529,3817,803,438,577,259,698,,96,census2021-ts067-ward.csv,946.0
2021,Stapleford South East,E05010530,4263,822,461,567,278,739,,99,census2021-ts067-ward.csv,1297.0
2021,Stapleford South West,E05010531,4411,864,528,655,281,799,,83,census2021-ts067-ward.csv,1201.0
2021,Toton & Chilwell Meadows,E05010532,6632,800,559,898,356,1177,,192,census2021-ts067-ward.csv,2650.0
2021,Watnall & Nuthall West,E05010533,3690,590,397,485,246,715,,83,census2021-ts067-ward.csv,1174.0
2021,Bere Ferrers,E05010550,3152,492,332,450,238,502,,92,census2021-ts067-ward.csv,1046.0
2021,Bridestowe,E05010551,2804,408,292,418,174,508,,87,census2021-ts067-ward.csv,917.0
2021,Buckland Monachorum,E05010552,3227,363,202,413,164,483,,78,census2021-ts067-ward.csv,1524.0
2021,Burrator,E05010553,3080,454,283,393,226,495,,92,census2021-ts067-ward.csv,1137.0
2021,Chagford,E05010554,1355,161,114,194,58,199,,33,census2021-ts067-ward.csv,596.0
2021,Dartmoor,E05010555,2114,366,224,335,137,380,,41,census2021-ts067-ward.csv,631.0
2021,Drewsteignton,E05010556,1484,164,143,180,77,248,,34,census2021-ts067-ward.csv,638.0
2021,Exbourne,E05010557,3525,549,385,562,184,673,,93,census2021-ts067-ward.csv,1079.0
2021,Hatherleigh,E05010558,2750,559,330,412,162,470,,66,census2021-ts067-ward.csv,751.0
2021,Mary Tavy,E05010559,1427,192,113,183,80,213,,54,census2021-ts067-ward.csv,592.0
2021,Milton Ford,E05010560,1657,228,151,239,97,290,,49,census2021-ts067-ward.csv,603.0
2021,Okehampton North,E05010561,4654,845,564,771,306,826,,107,census2021-ts067-ward.csv,1235.0
2021,Okehampton South,E05010562,3261,650,420,521,219,541,,81,census2021-ts067-ward.csv,829.0
2021,South Tawton,E05010563,1647,228,150,219,99,239,,43,census2021-ts067-ward.csv,669.0
2021,Tamarside,E05010564,1561,291,171,222,108,265,,42,census2021-ts067-ward.csv,462.0
2021,Tavistock North,E05010565,4598,665,398,674,277,738,,115,census2021-ts067-ward.csv,1731.0
2021,Tavistock South East,E05010566,3386,464,276,478,229,507,,81,census2021-ts067-ward.csv,1351.0
2021,Tavistock South West,E05010567,2672,450,311,414,213,538,,69,census2021-ts067-ward.csv,677.0
2021,Awsworth Road,E05010604,4143,1036,592,659,301,749,,108,census2021-ts067-ward.csv,698.0
2021,Breaston,E05010605,3726,585,350,498,294,591,,95,census2021-ts067-ward.csv,1313.0
2021,Cotmanhay,E05010606,4038,1179,562,635,279,625,,103,census2021-ts067-ward.csv,655.0
2021,Derby Road East,E05010607,4457,797,515,710,281,813,,80,census2021-ts067-ward.csv,1261.0
2021,Derby Road West,E05010608,5714,1144,612,834,377,951,,138,census2021-ts067-ward.csv,1658.0
2021,Draycott & Risley,E05010609,3516,596,345,494,257,622,,101,census2021-ts067-ward.csv,1101.0
2021,Hallam Fields,E05010610,4089,709,385,692,309,902,,77,census2021-ts067-ward.csv,1015.0
2021,Kirk Hallam & Stanton-by-Dale,E05010611,5245,1365,652,817,407,907,,136,census2021-ts067-ward.csv,961.0
2021,Larklands,E05010612,7090,1760,902,1104,554,1321,,184,census2021-ts067-ward.csv,1265.0
2021,Little Eaton & Stanley,E05010613,3697,545,304,468,264,614,,78,census2021-ts067-ward.csv,1424.0
2021,Little Hallam,E05010614,3978,819,424,592,315,786,,112,census2021-ts067-ward.csv,930.0
2021,Long Eaton Central,E05010615,6108,1244,706,983,432,1106,,156,census2021-ts067-ward.csv,1481.0
2021,Nottingham Road,E05010616,4072,757,449,634,290,710,,115,census2021-ts067-ward.csv,1117.0
2021,Ockbrook & Borrowash,E05010617,5976,949,561,846,438,1077,,121,census2021-ts067-ward.csv,1984.0
2021,Sandiacre,E05010618,6697,1330,706,1041,504,1232,,189,census2021-ts067-ward.csv,1695.0
2021,Sawley,E05010619,5396,1163,630,774,440,918,,161,census2021-ts067-ward.csv,1310.0
2021,Shipley View,E05010620,4084,671,478,614,322,897,,97,census2021-ts067-ward.csv,1005.0
2021,West Hallam & Dale Abbey,E05010621,5282,902,516,708,455,996,,129,census2021-ts067-ward.csv,1576.0
2021,Wilsthorpe,E05010622,6219,978,751,919,464,1221,,133,census2021-ts067-ward.csv,1753.0
2021,Barms,E05010623,1475,300,169,224,85,277,,40,census2021-ts067-ward.csv,380.0
2021,Blackbrook (High Peak),E05010624,3760,454,305,483,189,714,,84,census2021-ts067-ward.csv,1531.0
2021,Burbage,E05010625,1688,211,158,228,92,347,,37,census2021-ts067-ward.csv,615.0
2021,Buxton Central,E05010626,3162,516,294,410,162,550,,54,census2021-ts067-ward.csv,1176.0
2021,Chapel East,E05010627,1791,320,149,263,130,332,,40,census2021-ts067-ward.csv,557.0
2021,Chapel West,E05010628,4087,688,420,539,285,812,,103,census2021-ts067-ward.csv,1240.0
2021,Corbar,E05010629,3496,500,273,416,206,507,,80,census2021-ts067-ward.csv,1514.0
2021,Cote Heath,E05010630,3317,533,385,503,235,693,,90,census2021-ts067-ward.csv,878.0
2021,Dinting,E05010631,2020,194,122,251,108,338,,34,census2021-ts067-ward.csv,973.0
2021,Gamesley,E05010632,1800,470,261,303,117,304,,30,census2021-ts067-ward.csv,315.0
2021,Hadfield North,E05010633,1907,367,214,277,120,379,,46,census2021-ts067-ward.csv,504.0
2021,Hadfield South,E05010634,3418,543,336,491,215,683,,87,census2021-ts067-ward.csv,1063.0
2021,Hayfield,E05010635,1699,228,140,205,91,267,,31,census2021-ts067-ward.csv,737.0
2021,Hope Valley,E05010636,3129,418,234,348,155,462,,72,census2021-ts067-ward.csv,1440.0
2021,Howard Town,E05010637,3997,578,350,571,222,757,,75,census2021-ts067-ward.csv,1444.0
2021,Limestone Peak,E05010638,1820,337,224,297,137,354,,48,census2021-ts067-ward.csv,423.0
2021,New Mills East,E05010639,3313,639,345,483,235,579,,82,census2021-ts067-ward.csv,950.0
2021,New Mills West,E05010640,3536,372,301,454,208,667,,45,census2021-ts067-ward.csv,1489.0
2021,Old Glossop,E05010641,3746,437,323,509,210,679,,83,census2021-ts067-ward.csv,1505.0
2021,Padfield,E05010642,1843,225,177,279,109,320,,37,census2021-ts067-ward.csv,696.0
2021,St John's (High Peak),E05010643,1629,188,140,218,84,286,,30,census2021-ts067-ward.csv,683.0
2021,Sett,E05010644,1621,174,93,200,114,261,,31,census2021-ts067-ward.csv,748.0
2021,Simmondley,E05010645,3353,315,291,445,185,652,,61,census2021-ts067-ward.csv,1404.0
2021,Stone Bench,E05010646,3437,761,418,595,243,682,,76,census2021-ts067-ward.csv,662.0
2021,Temple,E05010647,1503,147,108,188,76,228,,45,census2021-ts067-ward.csv,711.0
2021,Tintwistle,E05010648,1821,307,180,252,118,369,,37,census2021-ts067-ward.csv,558.0
2021,Whaley Bridge,E05010649,5364,702,459,717,323,953,,109,census2021-ts067-ward.csv,2101.0
2021,Whitfield (High Peak),E05010650,1928,382,196,263,121,304,,40,census2021-ts067-ward.csv,622.0
2021,Alrewas & Fradley,E05010651,5440,714,462,759,260,958,,116,census2021-ts067-ward.csv,2171.0
2021,Armitage with Handsacre,E05010652,6564,1228,675,886,408,1249,,183,census2021-ts067-ward.csv,1935.0
2021,Boley Park,E05010653,3286,336,271,360,116,539,,68,census2021-ts067-ward.csv,1596.0
2021,Boney Hay & Central,E05010654,5400,1239,659,786,384,978,,161,census2021-ts067-ward.csv,1193.0
2021,Bourne Vale,E05010655,2623,432,376,464,141,396,,118,census2021-ts067-ward.csv,696.0
2021,Chadsmead,E05010656,3658,721,414,534,177,519,,103,census2021-ts067-ward.csv,1190.0
2021,Chase Terrace,E05010657,3934,775,434,591,255,839,,98,census2021-ts067-ward.csv,942.0
2021,Chasetown,E05010658,3907,737,491,663,231,727,,95,census2021-ts067-ward.csv,963.0
2021,Colton & the Ridwares,E05010659,1977,333,211,279,114,349,,40,census2021-ts067-ward.csv,651.0
2021,Curborough,E05010660,3479,838,470,535,181,574,,91,census2021-ts067-ward.csv,790.0
2021,Fazeley,E05010661,3817,918,467,555,236,637,,95,census2021-ts067-ward.csv,909.0
2021,Hammerwich with Wall,E05010662,3646,777,388,512,242,611,,103,census2021-ts067-ward.csv,1013.0
2021,Highfield (Lichfield),E05010663,3832,564,359,547,224,710,,109,census2021-ts067-ward.csv,1319.0
2021,Leomansley,E05010664,6018,772,513,708,221,909,,152,census2021-ts067-ward.csv,2743.0
2021,Little Aston & Stonnall,E05010665,4160,641,323,554,181,629,,124,census2021-ts067-ward.csv,1708.0
2021,Longdon (Lichfield),E05010666,1782,241,159,250,120,293,,48,census2021-ts067-ward.csv,671.0
2021,Mease Valley,E05010667,1707,297,141,256,71,298,,39,census2021-ts067-ward.csv,605.0
2021,St John's (Lichfield),E05010668,4837,543,354,593,182,782,,90,census2021-ts067-ward.csv,2293.0
2021,Shenstone,E05010669,1859,238,144,279,89,290,,46,census2021-ts067-ward.csv,773.0
2021,Stowe,E05010670,5791,1096,574,717,293,891,,183,census2021-ts067-ward.csv,2037.0
2021,Summerfield & All Saints,E05010671,5052,1015,603,836,368,1003,,150,census2021-ts067-ward.csv,1077.0
2021,Whittington & Streethay,E05010672,5820,656,440,818,249,1060,,86,census2021-ts067-ward.csv,2511.0
2021,Abbey Hill,E05010673,2727,727,370,481,178,381,,74,census2021-ts067-ward.csv,516.0
2021,Annesley & Kirkby Woodhouse,E05010674,6160,1410,709,903,451,1118,,144,census2021-ts067-ward.csv,1425.0
2021,Ashfields,E05010675,3202,486,359,586,203,683,,78,census2021-ts067-ward.csv,807.0
2021,Carsic,E05010676,2934,918,409,512,175,397,,94,census2021-ts067-ward.csv,429.0
2021,Sutton Central & New Cross,E05010677,6182,1599,795,1058,369,1030,,204,census2021-ts067-ward.csv,1127.0
2021,Hucknall Central,E05010678,6097,1404,715,882,393,1127,,167,census2021-ts067-ward.csv,1409.0
2021,Hucknall North,E05010679,8510,1625,899,1209,579,1691,,193,census2021-ts067-ward.csv,2314.0
2021,Hucknall South,E05010680,6231,1459,763,923,413,1075,,163,census2021-ts067-ward.csv,1435.0
2021,Hucknall West,E05010681,8648,1854,1057,1325,617,1642,,215,census2021-ts067-ward.csv,1938.0
2021,Huthwaite & Brierley,E05010682,6223,1448,763,1019,450,1116,,162,census2021-ts067-ward.csv,1265.0
2021,Jacksdale & Westwood,E05010683,2796,672,385,437,213,501,,60,census2021-ts067-ward.csv,528.0
2021,Kingsway (Ashfield),E05010684,2281,635,269,384,175,399,,54,census2021-ts067-ward.csv,365.0
2021,Kirkby Cross & Portland,E05010685,3721,742,398,553,227,751,,103,census2021-ts067-ward.csv,947.0
2021,Larwood,E05010686,3117,444,361,535,173,704,,45,census2021-ts067-ward.csv,855.0
2021,Leamington,E05010687,3294,1052,447,518,208,477,,96,census2021-ts067-ward.csv,496.0
2021,Sutton St Mary's,E05010688,3109,870,372,477,229,465,,76,census2021-ts067-ward.csv,620.0
2021,Selston,E05010689,5269,1288,631,815,363,959,,133,census2021-ts067-ward.csv,1080.0
2021,Skegby,E05010690,5647,1453,607,875,408,1016,,144,census2021-ts067-ward.csv,1144.0
2021,Stanton Hill & Teversal,E05010691,2675,676,327,389,172,441,,68,census2021-ts067-ward.csv,602.0
2021,Greenwood & Summit,E05010692,5623,1655,739,951,323,926,,125,census2021-ts067-ward.csv,904.0
2021,Sutton Junction & Harlow Wood,E05010693,2938,565,328,452,224,551,,62,census2021-ts067-ward.csv,756.0
2021,The Dales,E05010694,2785,700,337,481,211,456,,66,census2021-ts067-ward.csv,534.0
2021,Underwood,E05010695,2682,599,260,373,200,487,,76,census2021-ts067-ward.csv,687.0
2021,Abbey (Cotswold),E05010696,2144,287,161,275,99,450,,48,census2021-ts067-ward.csv,824.0
2021,Blockley,E05010697,2216,299,195,288,75,331,,39,census2021-ts067-ward.csv,989.0
2021,Bourton Vale,E05010698,2397,339,228,312,104,400,,49,census2021-ts067-ward.csv,965.0
2021,Bourton Village,E05010699,2681,483,289,350,142,463,,79,census2021-ts067-ward.csv,875.0
2021,Campden & Vale,E05010700,5223,745,445,745,256,855,,124,census2021-ts067-ward.csv,2053.0
2021,Chedworth & Churn Valley,E05010701,2096,233,141,261,86,341,,48,census2021-ts067-ward.csv,986.0
2021,Chesterton,E05010702,2075,376,224,296,105,383,,44,census2021-ts067-ward.csv,647.0
2021,Coln Valley,E05010703,1914,202,156,252,76,307,,38,census2021-ts067-ward.csv,883.0
2021,Ermin,E05010704,2237,200,135,254,83,332,,87,census2021-ts067-ward.csv,1146.0
2021,Fairford North,E05010705,1977,264,220,294,117,338,,39,census2021-ts067-ward.csv,705.0
2021,Fosseridge,E05010706,2249,296,179,315,95,339,,49,census2021-ts067-ward.csv,976.0
2021,Four Acres,E05010707,1597,162,178,231,78,331,,39,census2021-ts067-ward.csv,578.0
2021,Grumbolds Ash with Avening,E05010708,2166,262,172,287,95,336,,37,census2021-ts067-ward.csv,977.0
2021,Kemble,E05010709,2184,213,173,279,83,342,,38,census2021-ts067-ward.csv,1056.0
2021,"Lechlade, Kempsford & Fairford South",E05010710,5121,690,439,716,274,787,,147,census2021-ts067-ward.csv,2068.0
2021,Moreton East,E05010711,2731,358,252,413,116,492,,59,census2021-ts067-ward.csv,1041.0
2021,Moreton West,E05010712,2079,440,206,269,97,304,,63,census2021-ts067-ward.csv,700.0
2021,New Mills,E05010713,2263,382,267,408,123,435,,66,census2021-ts067-ward.csv,582.0
2021,Northleach,E05010714,2439,321,173,354,111,379,,46,census2021-ts067-ward.csv,1055.0
2021,St Michael's (Cotswold),E05010715,2113,330,184,264,108,313,,54,census2021-ts067-ward.csv,860.0
2021,Sandywell,E05010716,2160,210,134,283,87,340,,34,census2021-ts067-ward.csv,1072.0
2021,Siddington & Cerney Rural,E05010717,2439,358,189,364,134,402,,96,census2021-ts067-ward.csv,896.0
2021,South Cerney Village,E05010718,2264,309,228,347,126,357,,65,census2021-ts067-ward.csv,832.0
2021,Stow (Cotswold),E05010719,2226,422,199,316,115,329,,62,census2021-ts067-ward.csv,783.0
2021,Stratton (Cotswold),E05010720,2133,235,177,317,131,333,,48,census2021-ts067-ward.csv,892.0
2021,Tetbury East & Rural,E05010721,2255,269,168,269,106,377,,74,census2021-ts067-ward.csv,992.0
2021,Tetbury Town,E05010722,1963,289,203,283,123,368,,37,census2021-ts067-ward.csv,660.0
2021,Tetbury with Upton,E05010723,1903,284,160,234,103,303,,42,census2021-ts067-ward.csv,777.0
2021,The Ampneys & Hampton,E05010724,2341,244,197,309,103,393,,47,census2021-ts067-ward.csv,1048.0
2021,The Beeches,E05010725,2208,306,241,352,117,351,,43,census2021-ts067-ward.csv,798.0
2021,The Rissingtons,E05010726,2008,168,174,299,73,355,,49,census2021-ts067-ward.csv,890.0
2021,Watermoor,E05010727,2509,459,281,400,128,414,,68,census2021-ts067-ward.csv,759.0
2021,Adwick le Street & Carcroft,E05010728,13048,3760,1657,2121,874,2097,,321,census2021-ts067-ward.csv,2218.0
2021,Armthorpe,E05010729,11618,2859,1343,1756,880,2076,,372,census2021-ts067-ward.csv,2332.0
2021,Balby South,E05010730,7570,2107,889,1146,554,1204,,236,census2021-ts067-ward.csv,1434.0
2021,Bentley,E05010731,14509,3733,1765,2396,995,2448,,432,census2021-ts067-ward.csv,2740.0
2021,Bessacarr,E05010732,12286,2307,1198,1684,675,1984,,377,census2021-ts067-ward.csv,4061.0
2021,Conisbrough,E05010733,13181,4006,1485,1997,888,2139,,281,census2021-ts067-ward.csv,2385.0
2021,Edenthorpe & Kirk Sandall,E05010734,8318,1447,889,1320,638,1628,,198,census2021-ts067-ward.csv,2198.0
2021,Edlington & Warmsworth,E05010735,9809,2658,1192,1513,654,1559,,274,census2021-ts067-ward.csv,1959.0
2021,Finningley,E05010736,14549,2132,1329,2154,924,2735,,337,census2021-ts067-ward.csv,4938.0
2021,Hatfield,E05010737,14429,3423,1669,2420,1051,2523,,436,census2021-ts067-ward.csv,2907.0
2021,Hexthorpe & Balby North,E05010738,9641,3010,1318,1369,650,1285,,366,census2021-ts067-ward.csv,1643.0
2021,Mexborough,E05010739,12477,3620,1591,1975,794,2010,,295,census2021-ts067-ward.csv,2192.0
2021,Norton & Askern,E05010740,12497,2894,1426,1950,771,2154,,306,census2021-ts067-ward.csv,2996.0
2021,Roman Ridge,E05010741,8943,1968,986,1411,695,1695,,231,census2021-ts067-ward.csv,1957.0
2021,Rossington & Bawtry,E05010742,14561,3250,1588,2342,961,2576,,386,census2021-ts067-ward.csv,3458.0
2021,Sprotbrough,E05010743,9159,1501,875,1263,644,1615,,235,census2021-ts067-ward.csv,3026.0
2021,Stainforth & Barnby Dun,E05010744,7769,2451,894,1137,541,1171,,216,census2021-ts067-ward.csv,1359.0
2021,Thorne & Moorends,E05010745,14653,4280,1846,2254,991,2367,,451,census2021-ts067-ward.csv,2464.0
2021,Tickhill & Wadsworth,E05010746,9338,1477,767,1297,574,1677,,218,census2021-ts067-ward.csv,3328.0
2021,Town (Doncaster),E05010747,18444,5136,2233,2313,1130,2483,,766,census2021-ts067-ward.csv,4383.0
2021,Wheatley Hills & Intake,E05010748,14126,3785,1781,2085,881,2168,,473,census2021-ts067-ward.csv,2953.0
2021,Blunsdon and Highworth,E05010755,9584,1518,1072,1504,639,1715,,274,census2021-ts067-ward.csv,2862.0
2021,Haydon Wick,E05010756,9940,1710,1294,1618,705,1775,,279,census2021-ts067-ward.csv,2559.0
2021,Penhill and Upper Stratton,E05010757,9897,2432,1638,1757,633,1457,,320,census2021-ts067-ward.csv,1660.0
2021,Admirals and Cawston,E05010758,7495,929,681,1153,427,1329,,161,census2021-ts067-ward.csv,2815.0
2021,Dunsmore,E05010759,6981,938,563,893,368,1081,,143,census2021-ts067-ward.csv,2995.0
2021,Wolston and the Lawfords,E05010760,6589,972,627,951,396,1208,,157,census2021-ts067-ward.csv,2278.0
2021,Chadlington and Churchill,E05010781,1670,204,160,220,71,242,,39,census2021-ts067-ward.csv,734.0
2021,Charlbury and Finstock,E05010782,3192,433,254,333,141,426,,86,census2021-ts067-ward.csv,1519.0
2021,"Hailey, Minster Lovell and Leafield",E05010783,3485,540,331,480,209,554,,71,census2021-ts067-ward.csv,1300.0
2021,Abbey (Lincoln),E05010784,9378,1706,808,1186,536,1916,,288,census2021-ts067-ward.csv,2938.0
2021,Birchwood (Lincoln),E05010785,7077,1449,901,1196,440,1217,,217,census2021-ts067-ward.csv,1657.0
2021,Boultham,E05010786,10220,1044,591,897,427,4795,,218,census2021-ts067-ward.csv,2248.0
2021,Carholme,E05010787,10172,761,472,808,276,4424,,108,census2021-ts067-ward.csv,3323.0
2021,Castle (Lincoln),E05010788,6446,1203,646,846,363,1262,,162,census2021-ts067-ward.csv,1964.0
2021,Glebe,E05010789,6812,1578,850,1046,434,1108,,181,census2021-ts067-ward.csv,1615.0
2021,Hartsholme,E05010790,6893,1223,806,1063,509,1366,,186,census2021-ts067-ward.csv,1740.0
2021,Minster,E05010791,6773,1256,687,895,370,1337,,175,census2021-ts067-ward.csv,2053.0
2021,Moorland,E05010792,6366,1539,840,944,460,1033,,205,census2021-ts067-ward.csv,1345.0
2021,Park (Lincoln),E05010793,10316,2203,1053,1212,517,2477,,379,census2021-ts067-ward.csv,2475.0
2021,Witham (Lincoln),E05010794,6619,1173,807,1056,515,1320,,163,census2021-ts067-ward.csv,1585.0
2021,Byfleet and West Byfleet,E05010795,9476,1291,918,1344,455,1519,,270,census2021-ts067-ward.csv,3679.0
2021,Canalside,E05010796,8288,1629,861,1000,295,1119,,280,census2021-ts067-ward.csv,3104.0
2021,Goldsworth Park,E05010797,7538,1185,817,1032,341,1231,,206,census2021-ts067-ward.csv,2726.0
2021,Heathlands,E05010798,7862,742,531,949,284,1079,,175,census2021-ts067-ward.csv,4102.0
2021,Hoe Valley,E05010799,7678,1157,717,1005,331,1160,,205,census2021-ts067-ward.csv,3103.0
2021,Horsell,E05010800,8128,797,541,920,276,1114,,163,census2021-ts067-ward.csv,4317.0
2021,Knaphill,E05010801,8747,1091,785,1195,384,1358,,217,census2021-ts067-ward.csv,3717.0
2021,Mount Hermon,E05010802,9088,853,522,795,199,1121,,231,census2021-ts067-ward.csv,5367.0
2021,Pyrford,E05010803,8344,1207,659,1036,287,1109,,256,census2021-ts067-ward.csv,3790.0
2021,St John's (Woking),E05010804,7832,1043,652,1047,357,1327,,199,census2021-ts067-ward.csv,3207.0
2021,Barnack,E05010805,2817,335,216,380,133,460,,40,census2021-ts067-ward.csv,1253.0
2021,Bretton,E05010806,8067,1931,1101,1216,503,1096,,383,census2021-ts067-ward.csv,1837.0
2021,Central (Peterborough),E05010807,10922,3278,1283,1149,493,1213,,523,census2021-ts067-ward.csv,2983.0
2021,Dogsthorpe,E05010808,8175,2379,1176,1173,468,1062,,439,census2021-ts067-ward.csv,1478.0
2021,East (Peterborough),E05010809,9119,2591,1205,1202,536,1168,,432,census2021-ts067-ward.csv,1985.0
2021,"Eye, Thorney and Newborough",E05010810,8173,1570,982,1302,531,1523,,243,census2021-ts067-ward.csv,2022.0
2021,Fletton and Stanground,E05010811,8782,2095,1042,1287,545,1383,,327,census2021-ts067-ward.csv,2103.0
2021,Fletton and Woodston,E05010812,9087,1576,1064,1277,460,1402,,316,census2021-ts067-ward.csv,2992.0
2021,Glinton and Castor,E05010813,5478,822,530,880,374,966,,130,census2021-ts067-ward.csv,1776.0
2021,Gunthorpe,E05010814,7646,1472,954,1233,570,1336,,238,census2021-ts067-ward.csv,1843.0
2021,Hampton Vale,E05010815,6011,845,603,914,224,1066,,199,census2021-ts067-ward.csv,2160.0
2021,Hargate and Hempsted,E05010816,7150,812,669,1100,300,1377,,188,census2021-ts067-ward.csv,2704.0
2021,North (Peterborough),E05010817,8758,3134,1296,1045,459,1000,,381,census2021-ts067-ward.csv,1443.0
2021,Orton Longueville,E05010818,8636,2091,1218,1352,511,1304,,329,census2021-ts067-ward.csv,1831.0
2021,Orton Waterville,E05010819,7931,1351,855,1145,439,1427,,215,census2021-ts067-ward.csv,2499.0
2021,Park (Peterborough),E05010820,8809,2441,1145,1121,412,1107,,408,census2021-ts067-ward.csv,2175.0
2021,Paston and Walton,E05010821,8591,2161,1299,1292,521,1287,,334,census2021-ts067-ward.csv,1697.0
2021,Ravensthorpe,E05010822,9572,2429,1274,1411,462,1202,,417,census2021-ts067-ward.csv,2377.0
2021,Stanground South,E05010823,8186,1509,968,1240,461,1461,,287,census2021-ts067-ward.csv,2260.0
2021,Werrington (Peterborough),E05010824,8306,1530,1059,1331,527,1510,,267,census2021-ts067-ward.csv,2082.0
2021,West (Peterborough),E05010825,4572,847,503,664,219,624,,146,census2021-ts067-ward.csv,1569.0
2021,Wittering,E05010826,2791,274,224,479,139,753,,37,census2021-ts067-ward.csv,885.0
2021,Berechurch,E05010827,8686,1755,1077,1434,507,1575,,218,census2021-ts067-ward.csv,2120.0
2021,Castle (Colchester),E05010828,9483,1260,847,1266,390,1592,,282,census2021-ts067-ward.csv,3846.0
2021,Greenstead,E05010829,12369,2268,1226,1651,489,3477,,377,census2021-ts067-ward.csv,2881.0
2021,Highwoods,E05010830,8220,1068,952,1284,375,1520,,193,census2021-ts067-ward.csv,2828.0
2021,Lexden and Braiswick,E05010831,7930,987,736,1242,375,1335,,190,census2021-ts067-ward.csv,3065.0
2021,Marks Tey and Layer,E05010832,8921,1273,906,1468,499,1727,,222,census2021-ts067-ward.csv,2826.0
2021,Mersea and Pyefleet,E05010833,8623,1554,946,1315,587,1425,,227,census2021-ts067-ward.csv,2569.0
2021,Mile End (Colchester),E05010834,10924,1012,925,1551,407,1939,,233,census2021-ts067-ward.csv,4857.0
2021,New Town and Christ Church,E05010835,11571,1399,1001,1681,449,2176,,281,census2021-ts067-ward.csv,4584.0
2021,Old Heath and The Hythe,E05010836,10369,1690,1140,1486,576,2347,,271,census2021-ts067-ward.csv,2859.0
2021,Prettygate,E05010837,8581,1443,909,1280,537,1508,,238,census2021-ts067-ward.csv,2666.0
2021,Rural North,E05010838,8948,1343,802,1345,456,1572,,232,census2021-ts067-ward.csv,3198.0
2021,St Anne's and St John's,E05010839,8890,1837,1083,1315,530,1468,,250,census2021-ts067-ward.csv,2407.0
2021,Shrub End,E05010840,9251,1416,1039,1488,496,1918,,209,census2021-ts067-ward.csv,2685.0
2021,Stanway,E05010841,7743,1272,903,1227,483,1402,,196,census2021-ts067-ward.csv,2260.0
2021,Tiptree,E05010842,8082,1639,1085,1295,594,1403,,225,census2021-ts067-ward.csv,1841.0
2021,Wivenhoe,E05010843,7746,824,548,866,389,2036,,174,census2021-ts067-ward.csv,2909.0
2021,Downhall and Rawreth,E05010844,5298,825,663,1002,302,1041,,111,census2021-ts067-ward.csv,1354.0
2021,Foulness and The Wakerings,E05010845,5845,1223,796,1058,381,1049,,165,census2021-ts067-ward.csv,1173.0
2021,Hawkwell East,E05010846,4949,947,658,869,335,956,,122,census2021-ts067-ward.csv,1062.0
2021,Hawkwell West,E05010847,5361,879,709,1005,362,1029,,162,census2021-ts067-ward.csv,1215.0
2021,Hockley,E05010848,5416,847,637,914,329,1086,,182,census2021-ts067-ward.csv,1421.0
2021,Hockley and Ashingdon,E05010849,5281,995,727,955,313,949,,157,census2021-ts067-ward.csv,1185.0
2021,Hullbridge,E05010850,5697,1476,768,879,429,890,,224,census2021-ts067-ward.csv,1031.0
2021,Lodge,E05010851,5462,989,702,966,368,975,,158,census2021-ts067-ward.csv,1304.0
2021,Roche North and Rural,E05010852,5385,1166,725,942,332,986,,143,census2021-ts067-ward.csv,1091.0
2021,Roche South,E05010853,5313,1058,607,910,301,1019,,140,census2021-ts067-ward.csv,1278.0
2021,Sweyne Park and Grange,E05010854,5505,992,725,932,311,1083,,145,census2021-ts067-ward.csv,1317.0
2021,Trinity (Rochford),E05010855,5769,1050,677,991,345,1107,,175,census2021-ts067-ward.csv,1424.0
2021,Wheatley (Rochford),E05010856,5428,1109,690,931,333,927,,196,census2021-ts067-ward.csv,1242.0
2021,Beauchief and Greenhill,E05010857,15612,2952,1746,2144,986,2401,,417,census2021-ts067-ward.csv,4966.0
2021,Beighton,E05010858,14769,3078,1744,2156,1142,2709,,336,census2021-ts067-ward.csv,3604.0
2021,Birley,E05010859,13775,3265,1592,2020,1166,2559,,356,census2021-ts067-ward.csv,2817.0
2021,Broomhill and Sharrow Vale,E05010860,19847,1243,580,1017,294,7759,,241,census2021-ts067-ward.csv,8713.0
2021,Burngreave,E05010861,19907,6716,2255,2383,943,2405,,733,census2021-ts067-ward.csv,4472.0
2021,City (Sheffield),E05010862,20616,1069,493,985,292,7612,,423,census2021-ts067-ward.csv,9742.0
2021,Crookes and Crosspool,E05010863,14677,1118,604,1104,492,3242,,219,census2021-ts067-ward.csv,7898.0
2021,Darnall,E05010864,16666,5712,1915,2056,833,2272,,568,census2021-ts067-ward.csv,3310.0
2021,Dore and Totley,E05010865,15367,1502,1017,1834,599,2141,,326,census2021-ts067-ward.csv,7948.0
2021,East Ecclesfield,E05010866,15275,3323,1675,2145,1336,2636,,396,census2021-ts067-ward.csv,3764.0
2021,Ecclesall,E05010867,16198,1096,796,1568,456,1967,,238,census2021-ts067-ward.csv,10077.0
2021,Firth Park,E05010868,17064,5321,2196,2468,988,2230,,516,census2021-ts067-ward.csv,3345.0
2021,Fulwood,E05010869,15216,836,619,1153,360,4239,,258,census2021-ts067-ward.csv,7751.0
2021,Gleadless Valley,E05010870,16420,3410,1647,2074,875,2341,,415,census2021-ts067-ward.csv,5658.0
2021,Graves Park,E05010871,14223,1991,1195,1734,907,2302,,276,census2021-ts067-ward.csv,5818.0
2021,Hillsborough,E05010872,15928,2693,1606,2141,948,2629,,373,census2021-ts067-ward.csv,5538.0
2021,Manor Castle,E05010873,17850,4937,1910,2105,855,2881,,480,census2021-ts067-ward.csv,4682.0
2021,Mosborough,E05010874,14470,3063,1639,2048,1120,2564,,348,census2021-ts067-ward.csv,3688.0
2021,Nether Edge and Sharrow,E05010875,20024,2846,1190,1551,429,4160,,349,census2021-ts067-ward.csv,9499.0
2021,Park and Arbourthorne,E05010876,15085,4132,1581,1897,952,2187,,413,census2021-ts067-ward.csv,3923.0
2021,Richmond (Sheffield),E05010877,15437,3966,1833,2280,1244,2592,,373,census2021-ts067-ward.csv,3149.0
2021,Shiregreen and Brightside,E05010878,15928,4390,2087,2414,1086,2318,,443,census2021-ts067-ward.csv,3190.0
2021,Southey,E05010879,16127,4998,2111,2349,1153,2305,,422,census2021-ts067-ward.csv,2789.0
2021,Stannington,E05010880,15399,2487,1403,2045,1112,2519,,383,census2021-ts067-ward.csv,5450.0
2021,Stocksbridge and Upper Don,E05010881,15331,2696,1576,2145,1134,2812,,410,census2021-ts067-ward.csv,4558.0
2021,Walkley,E05010882,19442,3108,1335,1576,753,3750,,453,census2021-ts067-ward.csv,8467.0
2021,West Ecclesfield,E05010883,14486,2869,1479,2103,1265,2481,,403,census2021-ts067-ward.csv,3886.0
2021,Woodhouse (Sheffield),E05010884,15108,3605,1629,2094,1145,2700,,440,census2021-ts067-ward.csv,3495.0
2021,Ashley,E05010885,17125,1413,746,1356,324,3424,,235,census2021-ts067-ward.csv,9627.0
2021,Avonmouth and Lawrence Weston,E05010886,17326,4014,1990,2573,1000,2656,,520,census2021-ts067-ward.csv,4573.0
2021,Bedminster,E05010887,10971,1493,784,1016,452,1668,,215,census2021-ts067-ward.csv,5343.0
2021,Bishopston and Ashley Down,E05010888,11016,625,370,781,190,2189,,113,census2021-ts067-ward.csv,6748.0
2021,Bishopsworth,E05010889,9983,1863,1065,1453,720,1820,,236,census2021-ts067-ward.csv,2826.0
2021,Brislington East,E05010890,9788,1695,955,1290,553,1623,,243,census2021-ts067-ward.csv,3429.0
2021,Brislington West,E05010891,9832,1443,892,1198,482,1598,,226,census2021-ts067-ward.csv,3993.0
2021,Central (Bristol),E05010892,17233,970,541,919,215,6906,,347,census2021-ts067-ward.csv,7335.0
2021,Clifton (Bristol),E05010893,11885,440,276,737,135,3018,,163,census2021-ts067-ward.csv,7116.0
2021,Clifton Down,E05010894,10611,262,244,535,105,3208,,98,census2021-ts067-ward.csv,6159.0
2021,Cotham,E05010895,10564,260,223,501,97,3132,,97,census2021-ts067-ward.csv,6254.0
2021,Easton (Bristol),E05010896,11706,1684,814,1124,363,1599,,256,census2021-ts067-ward.csv,5866.0
2021,Eastville,E05010897,12172,1934,955,1342,500,2246,,312,census2021-ts067-ward.csv,4883.0
2021,Filwood,E05010898,11048,3118,1315,1593,592,1498,,331,census2021-ts067-ward.csv,2601.0
2021,Frome Vale,E05010899,11693,1949,997,1329,574,2307,,291,census2021-ts067-ward.csv,4246.0
2021,Hartcliffe and Withywood,E05010900,14259,4329,1990,2374,838,2010,,460,census2021-ts067-ward.csv,2258.0
2021,Henbury and Brentry,E05010901,10439,1993,1122,1508,584,1611,,303,census2021-ts067-ward.csv,3318.0
2021,Hengrove and Whitchurch Park,E05010902,15060,3278,1828,2457,1153,2784,,407,census2021-ts067-ward.csv,3153.0
2021,Hillfields,E05010903,10348,2044,1100,1405,513,1793,,275,census2021-ts067-ward.csv,3218.0
2021,Horfield,E05010904,11509,1393,761,1131,421,2383,,241,census2021-ts067-ward.csv,5179.0
2021,Hotwells and Harbourside,E05010905,5636,252,157,294,76,1284,,97,census2021-ts067-ward.csv,3476.0
2021,Knowle (Bristol),E05010906,11087,2144,1002,1412,486,1650,,268,census2021-ts067-ward.csv,4125.0
2021,Lawrence Hill,E05010907,15008,2938,1377,1467,448,2722,,430,census2021-ts067-ward.csv,5626.0
2021,Lockleaze,E05010908,10694,2035,895,1268,449,1894,,287,census2021-ts067-ward.csv,3866.0
2021,Redland,E05010909,10840,451,263,804,174,1776,,117,census2021-ts067-ward.csv,7255.0
2021,St George Central,E05010910,10623,2020,1045,1351,606,1766,,305,census2021-ts067-ward.csv,3530.0
2021,St George Troopers Hill,E05010911,5390,873,511,739,416,978,,129,census2021-ts067-ward.csv,1744.0
2021,St George West,E05010912,5770,900,386,550,212,836,,138,census2021-ts067-ward.csv,2748.0
2021,Southmead,E05010913,10431,2308,1208,1401,501,1510,,304,census2021-ts067-ward.csv,3199.0
2021,Southville,E05010914,11038,1069,503,776,323,1464,,153,census2021-ts067-ward.csv,6750.0
2021,Stockwood,E05010915,9768,2073,1136,1593,710,1780,,275,census2021-ts067-ward.csv,2201.0
2021,Stoke Bishop,E05010916,11088,913,577,948,298,3361,,200,census2021-ts067-ward.csv,4791.0
2021,Westbury-on-Trym and Henleaze,E05010917,16221,1233,635,1574,446,1940,,297,census2021-ts067-ward.csv,10096.0
2021,Windmill Hill,E05010918,11542,1249,687,991,321,1550,,171,census2021-ts067-ward.csv,6573.0
2021,Banbury Cross and Neithrop,E05010921,8601,1895,981,1102,492,1199,,338,census2021-ts067-ward.csv,2594.0
2021,Banbury Grimsbury and Hightown,E05010922,8548,1784,1047,1098,517,1254,,311,census2021-ts067-ward.csv,2537.0
2021,Banbury Hardwick,E05010923,8233,1233,966,1384,455,1555,,223,census2021-ts067-ward.csv,2417.0
2021,Banbury Ruscote,E05010924,8869,2403,1222,1346,523,1263,,311,census2021-ts067-ward.csv,1801.0
2021,Bicester East,E05010925,7273,1392,876,1071,386,1192,,250,census2021-ts067-ward.csv,2106.0
2021,Bicester North and Caversfield,E05010926,7465,872,757,1055,397,1300,,195,census2021-ts067-ward.csv,2889.0
2021,Bicester West,E05010928,7274,1466,987,1082,436,1150,,237,census2021-ts067-ward.csv,1916.0
2021,"Cropredy, Sibfords and Wroxton",E05010929,7175,828,610,963,390,1159,,163,census2021-ts067-ward.csv,3062.0
2021,Deddington,E05010930,7898,945,609,1077,337,1255,,143,census2021-ts067-ward.csv,3532.0
2021,Kidlington East,E05010932,8140,1485,874,941,572,1202,,243,census2021-ts067-ward.csv,2823.0
2021,Kidlington West,E05010933,7776,1103,752,962,506,1161,,230,census2021-ts067-ward.csv,3062.0
2021,Launton and Otmoor,E05010934,7538,1115,698,1040,414,1151,,173,census2021-ts067-ward.csv,2947.0
2021,Cherryfield,E05010935,8590,2591,988,1269,471,1418,,201,census2021-ts067-ward.csv,1652.0
2021,Halewood North,E05010936,8639,1703,862,1311,465,1599,,206,census2021-ts067-ward.csv,2493.0
2021,Halewood South,E05010937,8440,2165,939,1202,494,1433,,209,census2021-ts067-ward.csv,1998.0
2021,Northwood (Knowsley),E05010938,9088,3165,1085,1354,419,1363,,189,census2021-ts067-ward.csv,1513.0
2021,Page Moss,E05010939,9039,2775,927,1267,427,1492,,217,census2021-ts067-ward.csv,1934.0
2021,Prescot North,E05010940,8780,1875,837,1213,461,1644,,202,census2021-ts067-ward.csv,2548.0
2021,Prescot South,E05010941,8147,1868,818,1178,413,1492,,165,census2021-ts067-ward.csv,2213.0
2021,Roby,E05010942,8057,1513,721,1060,497,1457,,181,census2021-ts067-ward.csv,2628.0
2021,Shevington,E05010943,8819,2213,936,1337,479,1618,,157,census2021-ts067-ward.csv,2079.0
2021,St Gabriels,E05010944,7794,2042,835,1114,433,1434,,174,census2021-ts067-ward.csv,1762.0
2021,St Michaels (Knowsley),E05010945,7509,2287,818,1031,417,1188,,163,census2021-ts067-ward.csv,1605.0
2021,Stockbridge,E05010946,8369,2592,940,1175,465,1346,,175,census2021-ts067-ward.csv,1676.0
2021,Swanside,E05010947,7640,1449,767,1098,512,1367,,174,census2021-ts067-ward.csv,2273.0
2021,Whiston and Cronton,E05010948,7378,1821,821,1154,435,1250,,185,census2021-ts067-ward.csv,1712.0
2021,Whitefield,E05010949,8009,2540,911,1135,432,1307,,192,census2021-ts067-ward.csv,1492.0
2021,Abbeydale,E05010950,5871,1006,684,990,427,1105,,155,census2021-ts067-ward.csv,1504.0
2021,Abbeymead,E05010951,4958,487,525,858,275,1026,,108,census2021-ts067-ward.csv,1679.0
2021,Barnwood,E05010952,5537,697,574,845,322,1036,,121,census2021-ts067-ward.csv,1942.0
2021,Barton and Tredworth,E05010953,9237,2312,1230,1325,459,1362,,394,census2021-ts067-ward.csv,2155.0
2021,Coney Hill,E05010954,2642,743,374,382,148,409,,75,census2021-ts067-ward.csv,511.0
2021,Elmbridge,E05010955,5262,788,565,802,322,980,,114,census2021-ts067-ward.csv,1691.0
2021,Grange (Gloucester),E05010956,5808,1240,745,896,455,1054,,190,census2021-ts067-ward.csv,1228.0
2021,Hucclecote,E05010957,5253,909,602,754,439,912,,150,census2021-ts067-ward.csv,1487.0
2021,Kingsholm and Wotton,E05010958,6138,1058,520,780,300,1263,,195,census2021-ts067-ward.csv,2022.0
2021,Kingsway (Gloucester),E05010959,4958,531,520,822,238,1026,,101,census2021-ts067-ward.csv,1720.0
2021,Longlevens,E05010960,7965,983,824,1289,578,1671,,229,census2021-ts067-ward.csv,2391.0
2021,"Matson, Robinswood and White City",E05010961,7752,2026,1115,1223,471,1175,,226,census2021-ts067-ward.csv,1516.0
2021,Moreland,E05010962,8371,1799,1045,1290,462,1495,,258,census2021-ts067-ward.csv,2022.0
2021,Podsmead,E05010963,2761,657,381,406,145,450,,80,census2021-ts067-ward.csv,642.0
2021,Quedgeley Fieldcourt,E05010964,5872,935,651,969,436,1222,,141,census2021-ts067-ward.csv,1518.0
2021,Quedgeley Severn Vale,E05010965,5030,622,579,851,293,1111,,109,census2021-ts067-ward.csv,1465.0
2021,Tuffley,E05010966,5068,1206,639,750,347,866,,129,census2021-ts067-ward.csv,1131.0
2021,Westgate (Gloucester),E05010967,8450,1474,762,1100,415,1801,,226,census2021-ts067-ward.csv,2672.0
2021,Berkeley Vale,E05010969,6085,954,609,916,377,1127,,162,census2021-ts067-ward.csv,1940.0
2021,Cam East,E05010972,3759,597,376,540,241,638,,91,census2021-ts067-ward.csv,1276.0
2021,Cam West,E05010973,3396,590,350,496,244,609,,84,census2021-ts067-ward.csv,1023.0
2021,Coaley and Uley,E05010975,2039,222,158,256,83,313,,38,census2021-ts067-ward.csv,969.0
2021,Dursley,E05010976,6017,893,609,819,360,1087,,156,census2021-ts067-ward.csv,2093.0
2021,Painswick and Upton,E05010981,6267,609,375,782,241,962,,116,census2021-ts067-ward.csv,3182.0
2021,"Randwick, Whiteshill and Ruscombe",E05010982,1743,187,134,197,95,272,,50,census2021-ts067-ward.csv,808.0
2021,Stroud Central,E05010986,1800,225,154,231,99,327,,33,census2021-ts067-ward.csv,731.0
2021,Stroud Farmhill and Paganhill,E05010987,2075,298,231,331,134,390,,69,census2021-ts067-ward.csv,622.0
2021,Stroud Slade,E05010988,1955,338,213,249,119,322,,34,census2021-ts067-ward.csv,680.0
2021,Stroud Uplands,E05010990,1749,270,171,238,123,305,,44,census2021-ts067-ward.csv,598.0
2021,Stroud Valley,E05010991,1845,179,177,238,76,326,,38,census2021-ts067-ward.csv,811.0
2021,The Stanleys,E05010992,3890,558,381,554,257,689,,65,census2021-ts067-ward.csv,1386.0
2021,Alresford and Itchen Valley,E05010995,7314,953,524,932,338,1090,,158,census2021-ts067-ward.csv,3319.0
2021,Badger Farm and Oliver's Battery,E05010996,6753,523,391,777,253,996,,109,census2021-ts067-ward.csv,3704.0
2021,Bishop's Waltham,E05010997,6670,921,579,870,351,1094,,169,census2021-ts067-ward.csv,2686.0
2021,Central Meon Valley,E05010998,7896,832,582,1007,359,1353,,166,census2021-ts067-ward.csv,3597.0
2021,Colden Common and Twyford,E05010999,4743,554,327,603,226,730,,74,census2021-ts067-ward.csv,2229.0
2021,Denmead,E05011000,7311,999,651,1025,424,1395,,181,census2021-ts067-ward.csv,2636.0
2021,St Barnabas,E05011001,7316,827,534,855,262,1002,,169,census2021-ts067-ward.csv,3667.0
2021,St Bartholomew (Winchester),E05011002,7712,1029,563,821,238,1271,,168,census2021-ts067-ward.csv,3622.0
2021,St Luke (Winchester),E05011003,5118,742,411,570,179,1731,,85,census2021-ts067-ward.csv,1400.0
2021,St Michael (Winchester),E05011004,7399,830,405,953,220,1016,,144,census2021-ts067-ward.csv,3831.0
2021,St Paul (Winchester),E05011005,8542,429,298,836,103,2795,,124,census2021-ts067-ward.csv,3957.0
2021,Southwick and Wickham,E05011006,5674,851,475,835,323,1067,,134,census2021-ts067-ward.csv,1989.0
2021,The Worthys,E05011007,5552,480,404,613,229,953,,120,census2021-ts067-ward.csv,2753.0
2021,Upper Meon Valley,E05011008,4661,540,292,596,194,741,,87,census2021-ts067-ward.csv,2211.0
2021,Whiteley and Shedfield,E05011009,5452,566,430,786,269,975,,104,census2021-ts067-ward.csv,2322.0
2021,Wonston and Micheldever,E05011010,6646,550,454,922,245,1230,,135,census2021-ts067-ward.csv,3110.0
2021,Alphington,E05011011,6947,1196,754,966,571,1219,,180,census2021-ts067-ward.csv,2061.0
2021,Duryard and St James,E05011012,14472,726,360,684,272,8375,,286,census2021-ts067-ward.csv,3769.0
2021,Exwick,E05011013,7909,1392,952,1230,564,1417,,199,census2021-ts067-ward.csv,2155.0
2021,Heavitree,E05011014,7857,1008,543,834,347,1649,,152,census2021-ts067-ward.csv,3324.0
2021,Mincinglake and Whipton,E05011015,7040,1544,904,1030,452,1101,,171,census2021-ts067-ward.csv,1838.0
2021,Newtown and St Leonard's,E05011016,9617,879,461,818,254,2599,,201,census2021-ts067-ward.csv,4405.0
2021,Pennsylvania,E05011017,9069,961,586,850,362,2721,,194,census2021-ts067-ward.csv,3395.0
2021,Pinhoe,E05011018,7542,1157,795,1074,456,1314,,209,census2021-ts067-ward.csv,2537.0
2021,Priory (Exeter),E05011019,7089,1566,761,919,414,948,,192,census2021-ts067-ward.csv,2289.0
2021,St David's (Exeter),E05011020,9698,1010,592,935,266,2585,,229,census2021-ts067-ward.csv,4081.0
2021,St Loyes,E05011021,7698,1146,838,1145,470,1362,,187,census2021-ts067-ward.csv,2550.0
2021,St Thomas (Exeter),E05011022,8203,1418,815,1105,523,1358,,226,census2021-ts067-ward.csv,2758.0
2021,Topsham,E05011023,8186,1075,737,1142,366,1263,,155,census2021-ts067-ward.csv,3448.0
2021,Appleton (Warrington),E05011024,8780,944,559,1144,378,1346,,158,census2021-ts067-ward.csv,4251.0
2021,Bewsey and Whitecross,E05011025,9684,2084,1125,1367,539,1513,,315,census2021-ts067-ward.csv,2741.0
2021,Birchwood (Warrington),E05011026,8788,1450,956,1424,508,1531,,228,census2021-ts067-ward.csv,2691.0
2021,Burtonwood and Winwick,E05011027,5242,966,533,694,370,890,,163,census2021-ts067-ward.csv,1626.0
2021,Chapelford and Old Hall,E05011028,9377,996,810,1403,394,1714,,181,census2021-ts067-ward.csv,3879.0
2021,"Culcheth, Glazebury and Croft",E05011029,9924,1437,856,1432,536,1553,,251,census2021-ts067-ward.csv,3859.0
2021,Fairfield and Howley,E05011030,9575,1974,1106,1505,628,1605,,343,census2021-ts067-ward.csv,2414.0
2021,Grappenhall,E05011031,5714,566,391,797,267,938,,147,census2021-ts067-ward.csv,2608.0
2021,Great Sankey North and Whittle Hall,E05011032,8326,948,741,1147,479,1621,,142,census2021-ts067-ward.csv,3248.0
2021,Great Sankey South,E05011033,9149,1605,1007,1445,584,1784,,269,census2021-ts067-ward.csv,2455.0
2021,Latchford East,E05011034,7069,1446,819,1174,396,1302,,185,census2021-ts067-ward.csv,1747.0
2021,Latchford West,E05011035,6470,1234,735,944,471,1109,,190,census2021-ts067-ward.csv,1787.0
2021,Lymm North and Thelwall,E05011036,9531,1149,745,1274,585,1503,,215,census2021-ts067-ward.csv,4060.0
2021,Lymm South,E05011037,5134,527,344,648,212,686,,103,census2021-ts067-ward.csv,2614.0
2021,Orford,E05011038,9679,2418,1218,1538,664,1667,,282,census2021-ts067-ward.csv,1892.0
2021,Penketh and Cuerdley,E05011039,8434,1458,846,1235,596,1566,,197,census2021-ts067-ward.csv,2536.0
2021,Poplars and Hulme,E05011040,9576,2362,1238,1701,592,1637,,237,census2021-ts067-ward.csv,1809.0
2021,Poulton North,E05011041,8139,1410,884,1152,532,1582,,232,census2021-ts067-ward.csv,2347.0
2021,Poulton South,E05011042,5364,911,563,835,435,1019,,141,census2021-ts067-ward.csv,1460.0
2021,Rixton and Woolston,E05011043,7775,1311,834,1133,575,1415,,208,census2021-ts067-ward.csv,2299.0
2021,Stockton Heath,E05011044,5628,587,421,739,276,875,,130,census2021-ts067-ward.csv,2600.0
2021,Westbrook (Warrington),E05011045,5363,672,506,755,278,975,,143,census2021-ts067-ward.csv,2034.0
2021,Callowland,E05011046,6852,1115,677,784,263,1015,,246,census2021-ts067-ward.csv,2752.0
2021,Central (Watford),E05011047,8592,1312,661,862,353,1068,,273,census2021-ts067-ward.csv,4063.0
2021,Holywell (Watford),E05011048,7664,1473,806,941,265,1060,,258,census2021-ts067-ward.csv,2861.0
2021,Leggatts,E05011049,6449,1149,680,862,288,1074,,165,census2021-ts067-ward.csv,2231.0
2021,Meriden (Watford),E05011050,6253,1247,718,876,309,942,,201,census2021-ts067-ward.csv,1960.0
2021,Nascot,E05011051,7317,897,461,771,222,941,,180,census2021-ts067-ward.csv,3845.0
2021,Oxhey,E05011052,5831,724,470,744,215,843,,160,census2021-ts067-ward.csv,2675.0
2021,Park (Watford),E05011053,6853,663,437,794,171,907,,148,census2021-ts067-ward.csv,3733.0
2021,Stanborough,E05011054,6039,958,606,850,343,1065,,191,census2021-ts067-ward.csv,2026.0
2021,Tudor (Watford),E05011055,5746,823,554,767,266,872,,187,census2021-ts067-ward.csv,2277.0
2021,Vicarage,E05011056,7129,1287,697,829,256,948,,266,census2021-ts067-ward.csv,2846.0
2021,Woodside (Watford),E05011057,6232,1192,694,880,347,942,,191,census2021-ts067-ward.csv,1986.0
2021,Brookmans Park and Little Heath,E05011058,5622,701,461,791,239,890,,125,census2021-ts067-ward.csv,2415.0
2021,Haldens,E05011059,5331,930,586,789,324,896,,138,census2021-ts067-ward.csv,1668.0
2021,Handside,E05011060,5751,699,463,703,197,826,,126,census2021-ts067-ward.csv,2737.0
2021,Hatfield Central,E05011061,6711,1278,733,798,324,1111,,245,census2021-ts067-ward.csv,2222.0
2021,Hatfield East,E05011062,6652,1101,628,764,310,981,,214,census2021-ts067-ward.csv,2654.0
2021,Hatfield South West,E05011063,9646,1174,631,978,357,3093,,315,census2021-ts067-ward.csv,3098.0
2021,Hatfield Villages,E05011064,8967,866,619,981,292,2527,,239,census2021-ts067-ward.csv,3443.0
2021,Hollybush,E05011065,5375,798,615,766,261,889,,148,census2021-ts067-ward.csv,1898.0
2021,Howlands,E05011066,5722,896,626,869,276,1040,,148,census2021-ts067-ward.csv,1867.0
2021,Northaw and Cuffley,E05011067,5086,767,490,746,247,826,,116,census2021-ts067-ward.csv,1894.0
2021,Panshanger,E05011068,4895,705,483,723,206,841,,162,census2021-ts067-ward.csv,1775.0
2021,Peartree (Welwyn Hatfield),E05011069,6199,1023,721,833,277,1062,,126,census2021-ts067-ward.csv,2157.0
2021,Sherrards,E05011070,4690,568,392,647,215,742,,107,census2021-ts067-ward.csv,2019.0
2021,Welham Green and Hatfield South,E05011071,6350,1264,686,797,344,1147,,216,census2021-ts067-ward.csv,1896.0
2021,Welwyn East,E05011072,5429,599,456,690,244,890,,124,census2021-ts067-ward.csv,2426.0
2021,Welwyn West,E05011073,5054,604,404,658,238,817,,122,census2021-ts067-ward.csv,2211.0
2021,Claygate,E05011074,5725,554,300,681,160,713,,88,census2021-ts067-ward.csv,3229.0
2021,Cobham and Downside,E05011075,6974,1016,539,824,280,950,,212,census2021-ts067-ward.csv,3153.0
2021,Esher,E05011076,7277,845,509,876,226,943,,161,census2021-ts067-ward.csv,3717.0
2021,Hersham Village,E05011077,6614,739,482,766,233,995,,148,census2021-ts067-ward.csv,3251.0
2021,Hinchley Wood and Weston Green,E05011078,6675,468,335,709,156,798,,104,census2021-ts067-ward.csv,4105.0
2021,Long Ditton,E05011079,5606,516,303,571,115,764,,74,census2021-ts067-ward.csv,3263.0
2021,Molesey East,E05011080,6883,729,461,752,214,1000,,169,census2021-ts067-ward.csv,3558.0
2021,Molesey West,E05011081,7191,1167,657,923,371,1149,,186,census2021-ts067-ward.csv,2738.0
2021,Oatlands and Burwood Park,E05011082,6426,520,323,711,140,826,,161,census2021-ts067-ward.csv,3745.0
2021,Oxshott and Stoke D'Abernon,E05011083,7521,594,335,802,134,917,,189,census2021-ts067-ward.csv,4550.0
2021,Thames Ditton,E05011084,7246,552,304,766,164,889,,136,census2021-ts067-ward.csv,4435.0
2021,Walton Central,E05011085,6754,771,479,779,288,1004,,161,census2021-ts067-ward.csv,3272.0
2021,Walton North,E05011086,6889,1090,699,892,352,1063,,177,census2021-ts067-ward.csv,2616.0
2021,Walton South,E05011087,7108,766,534,859,262,995,,154,census2021-ts067-ward.csv,3538.0
2021,Weybridge Riverside,E05011088,6536,654,410,705,202,841,,177,census2021-ts067-ward.csv,3547.0
2021,Weybridge St George's Hill,E05011089,7354,773,381,824,218,965,,233,census2021-ts067-ward.csv,3960.0
2021,Borough & Bankside,E05011095,8197,762,327,480,170,1521,,236,census2021-ts067-ward.csv,4701.0
2021,Camberwell Green,E05011096,12962,2147,980,1111,402,1540,,346,census2021-ts067-ward.csv,6436.0
2021,Champion Hill,E05011097,7478,899,406,617,172,775,,168,census2021-ts067-ward.csv,4441.0
2021,Chaucer,E05011098,12547,1486,700,873,287,2134,,295,census2021-ts067-ward.csv,6772.0
2021,Dulwich Hill,E05011099,7755,764,328,554,168,947,,122,census2021-ts067-ward.csv,4872.0
2021,Dulwich Village,E05011100,7944,606,247,542,103,668,,76,census2021-ts067-ward.csv,5702.0
2021,Dulwich Wood,E05011101,8323,994,439,784,167,977,,162,census2021-ts067-ward.csv,4800.0
2021,Faraday,E05011102,10028,1992,838,936,355,1195,,262,census2021-ts067-ward.csv,4450.0
2021,Goose Green,E05011103,11134,1000,450,690,223,1014,,159,census2021-ts067-ward.csv,7598.0
2021,London Bridge & West Bermondsey,E05011104,13179,1443,673,819,282,1561,,273,census2021-ts067-ward.csv,8128.0
2021,Newington (Southwark),E05011105,11175,1950,837,1100,317,1444,,327,census2021-ts067-ward.csv,5200.0
2021,North Bermondsey,E05011106,13147,1804,701,931,301,1369,,308,census2021-ts067-ward.csv,7733.0
2021,North Walworth,E05011107,13596,1936,772,980,405,1820,,327,census2021-ts067-ward.csv,7356.0
2021,Nunhead & Queen's Road,E05011108,12914,2164,905,1062,366,1637,,280,census2021-ts067-ward.csv,6500.0
2021,Old Kent Road,E05011109,15331,2935,1462,1588,518,1882,,480,census2021-ts067-ward.csv,6466.0
2021,Peckham,E05011110,12080,2191,983,1126,368,1653,,318,census2021-ts067-ward.csv,5441.0
2021,Peckham Rye,E05011111,7931,948,493,650,178,858,,160,census2021-ts067-ward.csv,4644.0
2021,Rotherhithe,E05011112,13171,1776,765,1008,328,1406,,348,census2021-ts067-ward.csv,7540.0
2021,Rye Lane,E05011113,11972,1683,736,941,290,1297,,238,census2021-ts067-ward.csv,6787.0
2021,St George's (Southwark),E05011114,7371,802,380,502,123,1267,,191,census2021-ts067-ward.csv,4106.0
2021,St Giles,E05011115,13368,1739,813,1071,311,1774,,303,census2021-ts067-ward.csv,7357.0
2021,South Bermondsey,E05011116,13255,2405,1105,1153,450,1715,,369,census2021-ts067-ward.csv,6058.0
2021,Surrey Docks,E05011117,11276,1089,513,614,223,1119,,293,census2021-ts067-ward.csv,7425.0
2021,Acocks Green,E05011118,18758,4854,1943,2650,723,2906,,592,census2021-ts067-ward.csv,5090.0
2021,Allens Cross,E05011119,8580,2066,877,1232,400,1405,,207,census2021-ts067-ward.csv,2393.0
2021,Alum Rock,E05011120,19824,7378,2350,2687,397,2703,,658,census2021-ts067-ward.csv,3651.0
2021,Aston (Birmingham),E05011121,17818,6298,2300,2176,493,2402,,618,census2021-ts067-ward.csv,3531.0
2021,Balsall Heath West,E05011122,9248,2697,975,1091,247,1561,,293,census2021-ts067-ward.csv,2384.0
2021,Bartley Green,E05011123,17591,4453,1976,2561,813,2850,,558,census2021-ts067-ward.csv,4380.0
2021,Billesley,E05011124,16214,3789,1553,2252,616,2549,,475,census2021-ts067-ward.csv,4980.0
2021,Birchfield (Birmingham),E05011125,9410,2849,1107,1243,296,1402,,310,census2021-ts067-ward.csv,2203.0
2021,Bordesley & Highgate,E05011126,11195,2559,1172,1219,279,1682,,374,census2021-ts067-ward.csv,3910.0
2021,Bordesley Green,E05011127,9036,3238,1201,1155,215,1220,,365,census2021-ts067-ward.csv,1642.0
2021,Bournbrook & Selly Park,E05011128,20589,1763,668,953,274,11031,,352,census2021-ts067-ward.csv,5548.0
2021,Bournville & Cotteridge,E05011129,15607,2602,1120,1781,533,2599,,295,census2021-ts067-ward.csv,6677.0
2021,Brandwood & King's Heath,E05011130,15004,2561,1168,1713,505,2106,,349,census2021-ts067-ward.csv,6602.0
2021,Bromford & Hodge Hill,E05011131,16346,4508,1882,2414,601,2550,,525,census2021-ts067-ward.csv,3866.0
2021,Castle Vale,E05011132,7734,2424,1007,1213,395,1211,,211,census2021-ts067-ward.csv,1273.0
2021,Druids Heath & Monyhull,E05011133,9053,2240,994,1256,420,1584,,256,census2021-ts067-ward.csv,2303.0
2021,Edgbaston,E05011134,16064,1677,649,1068,283,4670,,369,census2021-ts067-ward.csv,7348.0
2021,Erdington,E05011135,17026,3888,1865,2131,827,2683,,476,census2021-ts067-ward.csv,5156.0
2021,Frankley Great Park,E05011136,9728,2600,1125,1445,435,1695,,201,census2021-ts067-ward.csv,2227.0
2021,Garretts Green,E05011137,8470,2535,1067,1320,325,1285,,248,census2021-ts067-ward.csv,1690.0
2021,Glebe Farm & Tile Cross,E05011138,17869,5413,2192,2631,742,2660,,632,census2021-ts067-ward.csv,3599.0
2021,Gravelly Hill,E05011139,8301,2377,965,1014,342,1278,,254,census2021-ts067-ward.csv,2071.0
2021,Hall Green North,E05011140,18501,4227,1861,2505,564,2920,,596,census2021-ts067-ward.csv,5828.0
2021,Hall Green South,E05011141,8659,1559,799,1140,324,1467,,178,census2021-ts067-ward.csv,3192.0
2021,Handsworth,E05011142,8982,3094,1033,1098,268,1188,,382,census2021-ts067-ward.csv,1919.0
2021,Handsworth Wood,E05011143,16476,3672,1585,1815,507,2670,,561,census2021-ts067-ward.csv,5666.0
2021,Harborne,E05011144,18424,2792,1216,1572,498,2358,,442,census2021-ts067-ward.csv,9546.0
2021,Heartlands,E05011145,9438,3257,1104,1285,252,1349,,318,census2021-ts067-ward.csv,1873.0
2021,Highter's Heath,E05011146,8540,2045,1071,1324,445,1537,,207,census2021-ts067-ward.csv,1911.0
2021,Holyhead,E05011147,8459,2684,1116,1034,321,1145,,393,census2021-ts067-ward.csv,1766.0
2021,King's Norton North,E05011148,9234,1948,933,1321,444,1561,,234,census2021-ts067-ward.csv,2793.0
2021,King's Norton South,E05011149,8691,2244,1034,1271,394,1381,,216,census2021-ts067-ward.csv,2151.0
2021,Kingstanding,E05011150,16184,4667,2030,2405,817,2572,,476,census2021-ts067-ward.csv,3217.0
2021,Ladywood,E05011151,22208,3028,1373,1641,515,3579,,648,census2021-ts067-ward.csv,11424.0
2021,Longbridge & West Heath,E05011152,17246,4155,1955,2569,914,3026,,457,census2021-ts067-ward.csv,4170.0
2021,Lozells,E05011153,8656,3008,1072,1091,213,1284,,311,census2021-ts067-ward.csv,1677.0
2021,Moseley,E05011154,17894,3258,1300,1711,347,2329,,330,census2021-ts067-ward.csv,8619.0
2021,Nechells,E05011155,12435,2600,1041,1136,293,3920,,361,census2021-ts067-ward.csv,3084.0
2021,Newtown (Birmingham),E05011156,12405,2606,1174,1280,292,3945,,298,census2021-ts067-ward.csv,2810.0
2021,North Edgbaston,E05011157,18183,4258,1654,1871,538,2556,,573,census2021-ts067-ward.csv,6733.0
2021,Northfield (Birmingham),E05011158,8510,1637,866,1142,442,1413,,270,census2021-ts067-ward.csv,2740.0
2021,Oscott,E05011159,16102,3854,1910,2389,922,2871,,432,census2021-ts067-ward.csv,3724.0
2021,Perry Barr,E05011160,16207,3509,1732,2156,749,2816,,501,census2021-ts067-ward.csv,4744.0
2021,Perry Common,E05011161,9326,2566,1035,1218,460,1405,,280,census2021-ts067-ward.csv,2362.0
2021,Pype Hayes,E05011162,8620,2351,981,1203,409,1374,,233,census2021-ts067-ward.csv,2069.0
2021,Quinton (Birmingham),E05011163,16972,3394,1612,2091,688,2523,,441,census2021-ts067-ward.csv,6223.0
2021,Rubery & Rednal,E05011164,8039,1736,927,1282,419,1503,,209,census2021-ts067-ward.csv,1963.0
2021,Shard End,E05011165,9377,2768,1139,1522,461,1559,,245,census2021-ts067-ward.csv,1683.0
2021,Sheldon,E05011166,15988,3841,1909,2387,851,2835,,438,census2021-ts067-ward.csv,3727.0
2021,Small Heath,E05011167,15783,5411,1977,2129,259,2306,,602,census2021-ts067-ward.csv,3099.0
2021,Soho & Jewellery Quarter,E05011168,20555,4629,1791,1945,627,2821,,727,census2021-ts067-ward.csv,8015.0
2021,South Yardley,E05011169,8335,1862,935,1268,390,1491,,268,census2021-ts067-ward.csv,2121.0
2021,Sparkbrook & Balsall Heath East,E05011170,19720,6758,2433,2631,448,2780,,659,census2021-ts067-ward.csv,4011.0
2021,Sparkhill,E05011171,15729,5211,1886,1971,367,2242,,585,census2021-ts067-ward.csv,3467.0
2021,Stirchley,E05011172,8157,1436,707,985,274,1265,,151,census2021-ts067-ward.csv,3339.0
2021,Stockland Green,E05011173,18333,4776,2108,2360,860,2940,,627,census2021-ts067-ward.csv,4662.0
2021,Sutton Four Oaks,E05011174,7762,992,547,989,292,1163,,160,census2021-ts067-ward.csv,3619.0
2021,Sutton Mere Green,E05011175,8150,1110,656,1089,340,1230,,218,census2021-ts067-ward.csv,3507.0
2021,Sutton Reddicap,E05011176,7897,1476,830,1124,406,1345,,201,census2021-ts067-ward.csv,2515.0
2021,Sutton Roughley,E05011177,9433,1230,766,1256,457,1537,,207,census2021-ts067-ward.csv,3980.0
2021,Sutton Trinity,E05011178,7815,976,640,934,284,1188,,149,census2021-ts067-ward.csv,3644.0
2021,Sutton Vesey,E05011179,16493,2409,1245,2034,810,2731,,379,census2021-ts067-ward.csv,6885.0
2021,Sutton Walmley & Minworth,E05011180,13571,2357,1254,1832,714,2323,,338,census2021-ts067-ward.csv,4753.0
2021,Sutton Wylde Green,E05011181,7820,1097,530,914,322,1135,,185,census2021-ts067-ward.csv,3637.0
2021,Tyseley & Hay Mills,E05011182,8349,2583,1080,1164,337,1234,,316,census2021-ts067-ward.csv,1635.0
2021,Ward End,E05011183,9636,3216,1217,1350,275,1462,,315,census2021-ts067-ward.csv,1801.0
2021,Weoley & Selly Oak,E05011184,18383,3987,1707,2104,747,2867,,517,census2021-ts067-ward.csv,6454.0
2021,Yardley East,E05011185,8743,2249,997,1180,377,1434,,267,census2021-ts067-ward.csv,2239.0
2021,Yardley West & Stechford,E05011186,9738,2902,1155,1292,335,1434,,337,census2021-ts067-ward.csv,2283.0
2021,Bishopstoke,E05011187,8739,1351,923,1265,674,1651,,229,census2021-ts067-ward.csv,2646.0
2021,Botley,E05011188,5507,640,501,793,349,1173,,143,census2021-ts067-ward.csv,1908.0
2021,Bursledon & Hound North,E05011189,8121,1060,801,1244,510,1625,,162,census2021-ts067-ward.csv,2719.0
2021,Chandler's Ford,E05011190,8743,1177,827,1208,566,1582,,249,census2021-ts067-ward.csv,3134.0
2021,Eastleigh Central,E05011191,8740,1309,1038,1330,475,1591,,193,census2021-ts067-ward.csv,2804.0
2021,Eastleigh North,E05011192,7874,1230,859,1155,530,1517,,197,census2021-ts067-ward.csv,2386.0
2021,Eastleigh South,E05011193,9043,1527,1091,1382,524,1727,,218,census2021-ts067-ward.csv,2574.0
2021,Fair Oak & Horton Heath,E05011194,9120,1049,936,1392,668,1863,,212,census2021-ts067-ward.csv,3000.0
2021,Hamble & Netley,E05011195,8603,1276,907,1233,600,1567,,233,census2021-ts067-ward.csv,2787.0
2021,Hedge End North,E05011196,8083,782,698,1378,433,1686,,146,census2021-ts067-ward.csv,2960.0
2021,Hedge End South,E05011197,9102,1381,937,1358,713,1801,,264,census2021-ts067-ward.csv,2648.0
2021,Hiltingbury,E05011198,8463,761,612,1116,434,1306,,224,census2021-ts067-ward.csv,4010.0
2021,West End North,E05011199,4918,858,519,757,373,920,,150,census2021-ts067-ward.csv,1341.0
2021,West End South,E05011200,5272,750,560,787,400,998,,153,census2021-ts067-ward.csv,1624.0
2021,Ashdown,E05011201,4504,735,545,731,248,913,,127,census2021-ts067-ward.csv,1205.0
2021,Baird,E05011202,4251,1046,573,707,239,660,,119,census2021-ts067-ward.csv,907.0
2021,Braybrooke,E05011203,4561,783,432,643,231,799,,113,census2021-ts067-ward.csv,1560.0
2021,Castle (Hastings),E05011204,5898,1067,568,820,238,1001,,154,census2021-ts067-ward.csv,2050.0
2021,Central St Leonards,E05011205,5972,1070,620,775,268,873,,160,census2021-ts067-ward.csv,2206.0
2021,Conquest,E05011206,4220,792,460,604,260,794,,115,census2021-ts067-ward.csv,1195.0
2021,Gensing,E05011207,5636,1046,557,771,225,903,,171,census2021-ts067-ward.csv,1963.0
2021,Hollington,E05011208,4397,1157,602,723,188,781,,116,census2021-ts067-ward.csv,830.0
2021,Maze Hill,E05011209,4682,907,502,626,258,777,,146,census2021-ts067-ward.csv,1466.0
2021,Old Hastings,E05011210,4540,729,410,678,229,720,,98,census2021-ts067-ward.csv,1676.0
2021,Ore,E05011211,4421,966,549,712,222,796,,133,census2021-ts067-ward.csv,1043.0
2021,St Helens (Hastings),E05011212,4131,857,403,588,286,653,,133,census2021-ts067-ward.csv,1211.0
2021,Silverhill,E05011213,4749,980,558,734,248,890,,120,census2021-ts067-ward.csv,1219.0
2021,Tressell,E05011214,4039,891,542,722,198,668,,114,census2021-ts067-ward.csv,904.0
2021,West St Leonards,E05011215,3997,817,430,689,222,744,,112,census2021-ts067-ward.csv,983.0
2021,Wishing Tree,E05011216,4700,1196,640,732,252,795,,150,census2021-ts067-ward.csv,935.0
2021,Barnehurst,E05011217,9281,1707,1154,1417,533,1567,,263,census2021-ts067-ward.csv,2640.0
2021,Belvedere,E05011218,13849,2793,1446,1839,645,2038,,478,census2021-ts067-ward.csv,4610.0
2021,Bexleyheath,E05011219,12736,2258,1371,1901,778,2093,,363,census2021-ts067-ward.csv,3972.0
2021,Blackfen & Lamorbey,E05011220,13577,2246,1561,2155,809,2571,,388,census2021-ts067-ward.csv,3847.0
2021,Blendon & Penhill,E05011221,12607,2033,1447,2130,732,2377,,368,census2021-ts067-ward.csv,3520.0
2021,Crayford,E05011222,12935,2410,1502,1949,714,2156,,397,census2021-ts067-ward.csv,3807.0
2021,Crook Log,E05011223,12325,2107,1311,1775,699,1973,,356,census2021-ts067-ward.csv,4104.0
2021,East Wickham,E05011224,12910,2657,1418,1864,714,2005,,387,census2021-ts067-ward.csv,3865.0
2021,Erith,E05011225,9659,1776,976,1249,411,1504,,297,census2021-ts067-ward.csv,3446.0
2021,Falconwood & Welling,E05011226,13197,2286,1458,1908,702,2292,,423,census2021-ts067-ward.csv,4128.0
2021,Longlands,E05011227,8335,1285,836,1240,436,1476,,219,census2021-ts067-ward.csv,2843.0
2021,Northumberland Heath,E05011228,8679,1765,1114,1315,453,1447,,257,census2021-ts067-ward.csv,2328.0
2021,St Mary's & St James (Bexley),E05011229,8694,1375,894,1320,446,1462,,227,census2021-ts067-ward.csv,2970.0
2021,Sidcup,E05011230,12706,2220,1232,1758,631,2321,,351,census2021-ts067-ward.csv,4193.0
2021,Slade Green & Northend,E05011231,9457,2012,1030,1222,354,1274,,255,census2021-ts067-ward.csv,3310.0
2021,Thamesmead East,E05011232,11945,2306,1222,1487,447,1658,,318,census2021-ts067-ward.csv,4507.0
2021,West Heath (Bexley),E05011233,12939,2346,1441,2007,721,2303,,375,census2021-ts067-ward.csv,3746.0
2021,Aldborough,E05011234,12099,2091,1111,1324,358,1617,,392,census2021-ts067-ward.csv,5206.0
2021,Barkingside,E05011235,12156,1960,985,1349,308,1621,,388,census2021-ts067-ward.csv,5545.0
2021,Bridge (Redbridge),E05011236,10773,1758,981,1300,457,1594,,342,census2021-ts067-ward.csv,4341.0
2021,Chadwell,E05011237,12321,2182,1113,1481,387,1934,,413,census2021-ts067-ward.csv,4811.0
2021,Churchfields,E05011238,12440,1642,895,1385,414,1754,,335,census2021-ts067-ward.csv,6015.0
2021,Clayhall,E05011239,11723,1815,968,1341,316,1722,,396,census2021-ts067-ward.csv,5165.0
2021,Clementswood,E05011240,10226,2447,1105,1125,305,1420,,508,census2021-ts067-ward.csv,3316.0
2021,Cranbrook (Redbridge),E05011241,10627,1961,860,1117,235,1382,,343,census2021-ts067-ward.csv,4729.0
2021,Fairlop,E05011242,11559,1976,1111,1412,455,1615,,441,census2021-ts067-ward.csv,4549.0
2021,Fullwell,E05011243,12151,2252,1101,1514,431,1635,,465,census2021-ts067-ward.csv,4753.0
2021,Goodmayes,E05011244,11708,2391,1155,1290,414,1591,,448,census2021-ts067-ward.csv,4419.0
2021,Hainault,E05011245,12164,2489,1241,1491,486,1698,,423,census2021-ts067-ward.csv,4336.0
2021,Ilford Town,E05011246,8937,1595,739,810,248,1003,,374,census2021-ts067-ward.csv,4168.0
2021,Loxford,E05011247,11129,2433,1017,1374,329,1450,,530,census2021-ts067-ward.csv,3996.0
2021,Mayfield,E05011248,12337,2348,1275,1472,385,1897,,502,census2021-ts067-ward.csv,4458.0
2021,Monkhams,E05011249,7777,1002,539,952,259,1012,,205,census2021-ts067-ward.csv,3808.0
2021,Newbury,E05011250,11252,1971,978,1279,284,1634,,474,census2021-ts067-ward.csv,4632.0
2021,Seven Kings,E05011251,11467,2311,1054,1298,357,1592,,542,census2021-ts067-ward.csv,4313.0
2021,South Woodford,E05011252,10414,1266,608,1009,292,1362,,268,census2021-ts067-ward.csv,5609.0
2021,Valentines,E05011253,11776,2134,982,1246,306,1504,,475,census2021-ts067-ward.csv,5129.0
2021,Wanstead Park,E05011254,6386,732,406,638,238,808,,164,census2021-ts067-ward.csv,3400.0
2021,Wanstead Village,E05011255,10596,1191,656,957,297,1227,,270,census2021-ts067-ward.csv,5998.0
2021,Alconbury,E05011256,3093,475,257,436,165,587,,80,census2021-ts067-ward.csv,1093.0
2021,Brampton (Huntingdonshire),E05011257,7098,808,605,1052,299,1291,,145,census2021-ts067-ward.csv,2898.0
2021,Buckden,E05011258,2856,433,276,407,138,466,,64,census2021-ts067-ward.csv,1072.0
2021,Fenstanton,E05011259,3301,410,301,470,171,610,,73,census2021-ts067-ward.csv,1266.0
2021,Godmanchester & Hemingford Abbots,E05011260,7971,1088,723,1091,407,1381,,166,census2021-ts067-ward.csv,3115.0
2021,Great Paxton,E05011261,2558,281,188,349,100,390,,47,census2021-ts067-ward.csv,1203.0
2021,Great Staughton,E05011262,3883,559,408,592,250,661,,82,census2021-ts067-ward.csv,1331.0
2021,Hemingford Grey & Houghton,E05011263,5307,598,450,737,244,952,,118,census2021-ts067-ward.csv,2208.0
2021,Holywell-cum-Needingworth,E05011264,5740,764,580,798,341,1033,,96,census2021-ts067-ward.csv,2128.0
2021,Huntingdon East,E05011265,5840,1059,671,839,350,933,,192,census2021-ts067-ward.csv,1796.0
2021,Huntingdon North,E05011266,10086,2298,1299,1378,586,1447,,408,census2021-ts067-ward.csv,2670.0
2021,Kimbolton,E05011267,2895,303,225,393,111,451,,55,census2021-ts067-ward.csv,1357.0
2021,Ramsey,E05011268,8659,1545,1055,1382,539,1613,,205,census2021-ts067-ward.csv,2320.0
2021,St Ives East,E05011269,5423,750,658,805,307,1077,,126,census2021-ts067-ward.csv,1700.0
2021,St Ives South,E05011270,6525,1063,639,871,336,976,,187,census2021-ts067-ward.csv,2453.0
2021,St Ives West,E05011271,2458,404,263,347,154,429,,78,census2021-ts067-ward.csv,783.0
2021,St Neots East,E05011272,2889,283,270,393,103,497,,31,census2021-ts067-ward.csv,1312.0
2021,St Neots Eatons,E05011273,9193,1688,1067,1362,601,1648,,246,census2021-ts067-ward.csv,2581.0
2021,St Neots Eynesbury,E05011274,9660,1767,1190,1465,572,1664,,293,census2021-ts067-ward.csv,2709.0
2021,St Neots Priory Park & Little Paxton,E05011275,8797,1334,972,1277,481,1538,,239,census2021-ts067-ward.csv,2956.0
2021,Sawtry,E05011276,5430,789,622,896,294,1049,,145,census2021-ts067-ward.csv,1635.0
2021,Somersham,E05011277,3104,462,364,461,172,604,,74,census2021-ts067-ward.csv,967.0
2021,"Stilton, Folksworth & Washingley",E05011278,5452,745,565,824,312,933,,139,census2021-ts067-ward.csv,1934.0
2021,The Stukeleys,E05011279,4693,579,415,584,195,883,,123,census2021-ts067-ward.csv,1914.0
2021,Warboys,E05011280,6334,1020,672,960,382,1203,,156,census2021-ts067-ward.csv,1941.0
2021,Yaxley,E05011281,9006,1687,1052,1437,610,1704,,267,census2021-ts067-ward.csv,2249.0
2021,Balsham,E05011282,3024,368,255,400,142,458,,65,census2021-ts067-ward.csv,1336.0
2021,Bar Hill,E05011283,3250,434,327,426,211,539,,87,census2021-ts067-ward.csv,1226.0
2021,Barrington,E05011284,2838,306,215,359,144,392,,53,census2021-ts067-ward.csv,1369.0
2021,Bassingbourn,E05011285,3325,533,353,468,162,568,,61,census2021-ts067-ward.csv,1180.0
2021,Caldecote,E05011286,2758,260,198,346,97,417,,42,census2021-ts067-ward.csv,1398.0
2021,Cottenham,E05011289,5572,832,450,660,300,788,,148,census2021-ts067-ward.csv,2394.0
2021,Fen Ditton & Fulbourn,E05011291,8693,1086,660,892,390,1019,,214,census2021-ts067-ward.csv,4432.0
2021,Foxton,E05011292,2796,286,251,339,144,361,,36,census2021-ts067-ward.csv,1379.0
2021,Gamlingay,E05011293,3096,564,343,417,214,530,,83,census2021-ts067-ward.csv,945.0
2021,Girton,E05011294,4333,331,240,373,142,652,,85,census2021-ts067-ward.csv,2510.0
2021,Hardwick,E05011295,2681,290,208,330,136,417,,52,census2021-ts067-ward.csv,1248.0
2021,Harston & Comberton,E05011296,8472,797,503,853,325,1016,,149,census2021-ts067-ward.csv,4829.0
2021,Histon & Impington,E05011297,9236,1105,702,949,405,1117,,213,census2021-ts067-ward.csv,4745.0
2021,Linton (South Cambridgeshire),E05011298,5961,768,482,779,319,877,,121,census2021-ts067-ward.csv,2615.0
2021,Melbourn,E05011300,6720,1034,619,843,318,998,,133,census2021-ts067-ward.csv,2775.0
2021,Milton & Waterbeach,E05011301,8980,1169,625,908,464,1183,,194,census2021-ts067-ward.csv,4437.0
2021,Shelford,E05011304,5991,550,310,576,205,624,,118,census2021-ts067-ward.csv,3608.0
2021,Swavesey,E05011305,3022,331,269,414,130,495,,54,census2021-ts067-ward.csv,1329.0
2021,The Mordens,E05011306,2771,349,226,380,144,431,,56,census2021-ts067-ward.csv,1185.0
2021,Whittlesford,E05011307,2541,258,183,317,121,375,,46,census2021-ts067-ward.csv,1241.0
2021,"Adderbury, Bloxham and Bodicote",E05011348,8082,1003,675,1175,415,1369,,188,census2021-ts067-ward.csv,3257.0
2021,Banbury Calthorpe and Easington,E05011349,9303,1516,960,1404,584,1632,,230,census2021-ts067-ward.csv,2977.0
2021,Ancoats & Beswick,E05011350,13010,1733,520,915,266,1564,,211,census2021-ts067-ward.csv,7801.0
2021,Ardwick,E05011351,17164,2969,1095,1472,430,4554,,533,census2021-ts067-ward.csv,6111.0
2021,Baguley,E05011352,12387,3008,1391,1805,656,2010,,318,census2021-ts067-ward.csv,3199.0
2021,Brooklands (Manchester),E05011353,12045,2518,1253,1732,626,1895,,276,census2021-ts067-ward.csv,3745.0
2021,Burnage,E05011354,14068,3198,1345,1767,531,2121,,408,census2021-ts067-ward.csv,4698.0
2021,Charlestown,E05011355,13202,3326,1384,1792,776,1925,,380,census2021-ts067-ward.csv,3619.0
2021,Cheetham,E05011356,15848,3958,1537,1731,471,1987,,600,census2021-ts067-ward.csv,5564.0
2021,Chorlton,E05011357,10760,1004,420,779,236,1169,,162,census2021-ts067-ward.csv,6990.0
2021,Chorlton Park,E05011358,14146,2137,895,1368,363,1794,,288,census2021-ts067-ward.csv,7301.0
2021,Clayton & Openshaw,E05011359,14763,4007,1518,1861,729,1963,,502,census2021-ts067-ward.csv,4183.0
2021,Crumpsall,E05011360,13188,3649,1475,1480,534,1727,,542,census2021-ts067-ward.csv,3781.0
2021,Deansgate,E05011361,13377,437,254,705,177,3427,,322,census2021-ts067-ward.csv,8055.0
2021,Didsbury East,E05011362,12043,1183,575,1009,266,1321,,199,census2021-ts067-ward.csv,7490.0
2021,Didsbury West,E05011363,13223,924,401,740,188,1375,,201,census2021-ts067-ward.csv,9394.0
2021,Fallowfield,E05011364,12705,1764,660,823,266,5562,,237,census2021-ts067-ward.csv,3393.0
2021,Gorton & Abbey Hey,E05011365,15432,4334,1676,2066,891,2005,,649,census2021-ts067-ward.csv,3811.0
2021,Harpurhey,E05011366,14395,4134,1497,1854,659,1777,,544,census2021-ts067-ward.csv,3930.0
2021,Higher Blackley,E05011367,11905,3340,1299,1632,647,1827,,331,census2021-ts067-ward.csv,2829.0
2021,Hulme,E05011368,17267,1609,797,1153,322,5146,,320,census2021-ts067-ward.csv,7920.0
2021,Levenshulme,E05011369,14657,3366,1360,1605,439,1907,,564,census2021-ts067-ward.csv,5416.0
2021,Longsight,E05011370,14749,4325,1600,1955,509,1880,,618,census2021-ts067-ward.csv,3862.0
2021,Miles Platting & Newton Heath,E05011371,14604,4286,1550,1759,823,1902,,384,census2021-ts067-ward.csv,3900.0
2021,Moss Side (Manchester),E05011372,15874,3520,1344,1551,420,3299,,493,census2021-ts067-ward.csv,5247.0
2021,Moston,E05011373,14312,3519,1619,1872,890,2262,,422,census2021-ts067-ward.csv,3728.0
2021,Northenden,E05011374,11552,2623,1185,1449,607,1646,,291,census2021-ts067-ward.csv,3751.0
2021,Old Moat,E05011375,13118,1760,758,994,305,3643,,255,census2021-ts067-ward.csv,5403.0
2021,Piccadilly,E05011376,11378,593,260,528,199,2155,,243,census2021-ts067-ward.csv,7400.0
2021,Rusholme,E05011377,14721,2444,891,1104,216,5096,,424,census2021-ts067-ward.csv,4546.0
2021,Sharston,E05011378,13224,3549,1456,1855,665,1978,,395,census2021-ts067-ward.csv,3326.0
2021,Whalley Range,E05011379,13201,2288,910,1225,334,1691,,343,census2021-ts067-ward.csv,6410.0
2021,Withington,E05011380,13721,1295,607,808,228,5211,,212,census2021-ts067-ward.csv,5360.0
2021,Woodhouse Park,E05011381,11920,3312,1456,1777,654,1803,,320,census2021-ts067-ward.csv,2598.0
2021,Ardsley & Robin Hood,E05011384,18856,3486,1986,2831,1219,3557,,420,census2021-ts067-ward.csv,5357.0
2021,Armley,E05011385,21285,5105,2465,2780,1235,3071,,643,census2021-ts067-ward.csv,5986.0
2021,Bramley & Stanningley,E05011387,19156,4476,2271,2703,1197,3198,,413,census2021-ts067-ward.csv,4898.0
2021,Burmantofts & Richmond Hill,E05011388,21708,6021,2573,2552,1177,3116,,692,census2021-ts067-ward.csv,5577.0
2021,Calverley & Farsley,E05011389,19838,2998,1703,2423,1123,3277,,438,census2021-ts067-ward.csv,7876.0
2021,Chapel Allerton,E05011390,20370,3640,1684,2072,679,2937,,429,census2021-ts067-ward.csv,8929.0
2021,Cross Gates & Whinmoor,E05011391,19861,4331,2251,2790,1337,3350,,460,census2021-ts067-ward.csv,5342.0
2021,Gipton & Harehills,E05011394,22105,7193,2643,2789,1003,2717,,928,census2021-ts067-ward.csv,4832.0
2021,Guiseley & Rawdon,E05011395,19885,2406,1691,2583,1137,3423,,402,census2021-ts067-ward.csv,8243.0
2021,Harewood (Leeds),E05011396,15258,1974,1175,1878,794,2117,,325,census2021-ts067-ward.csv,6995.0
2021,Headingley & Hyde Park,E05011397,29503,1488,678,1317,297,15588,,337,census2021-ts067-ward.csv,9798.0
2021,Hunslet & Riverside,E05011399,21245,4528,1906,2028,890,2702,,600,census2021-ts067-ward.csv,8591.0
2021,Killingbeck & Seacroft,E05011400,20570,5511,2597,2863,1160,2950,,579,census2021-ts067-ward.csv,4910.0
2021,Kippax & Methley,E05011401,18329,3543,1939,2772,1285,3418,,410,census2021-ts067-ward.csv,4962.0
2021,Kirkstall,E05011402,18957,3144,1360,1778,724,3724,,341,census2021-ts067-ward.csv,7886.0
2021,Little London & Woodhouse,E05011403,28175,2553,1005,1591,522,11428,,727,census2021-ts067-ward.csv,10349.0
2021,Middleton Park,E05011404,22362,6141,2734,3234,1388,3214,,653,census2021-ts067-ward.csv,4998.0
2021,Moortown,E05011405,19153,2600,1412,2014,699,2454,,411,census2021-ts067-ward.csv,9563.0
2021,Morley North,E05011406,19209,3627,1978,2751,1387,3369,,452,census2021-ts067-ward.csv,5645.0
2021,Morley South,E05011407,19694,3597,1959,2849,1278,3435,,482,census2021-ts067-ward.csv,6094.0
2021,Pudsey,E05011409,20545,3784,2151,2824,1570,3590,,448,census2021-ts067-ward.csv,6178.0
2021,Rothwell,E05011410,16827,3330,1800,2322,1172,2741,,401,census2021-ts067-ward.csv,5061.0
2021,Roundhay,E05011411,18806,2468,1275,1998,616,2319,,382,census2021-ts067-ward.csv,9748.0
2021,Weetwood,E05011413,18220,2190,1104,1710,665,3176,,329,census2021-ts067-ward.csv,9046.0
2021,Wetherby,E05011414,18163,2800,1504,2382,942,2675,,422,census2021-ts067-ward.csv,7438.0
2021,Audley,E05011415,7020,1383,645,1013,587,1315,,149,census2021-ts067-ward.csv,1928.0
2021,Bradwell (Newcastle-under-Lyme),E05011416,6909,1571,756,1017,492,1292,,160,census2021-ts067-ward.csv,1621.0
2021,Clayton,E05011417,2370,488,249,328,196,404,,56,census2021-ts067-ward.csv,649.0
2021,Crackley & Red Street,E05011418,4752,1032,486,744,305,868,,106,census2021-ts067-ward.csv,1211.0
2021,Cross Heath,E05011419,4440,1191,455,612,294,786,,111,census2021-ts067-ward.csv,991.0
2021,Holditch & Chesterton,E05011420,4521,1255,546,723,325,766,,123,census2021-ts067-ward.csv,783.0
2021,Keele,E05011421,2743,85,49,133,28,1753,,30,census2021-ts067-ward.csv,665.0
2021,Kidsgrove & Ravenscliffe,E05011422,7486,1837,912,1105,583,1225,,204,census2021-ts067-ward.csv,1620.0
2021,Knutton,E05011423,2226,654,291,336,116,361,,57,census2021-ts067-ward.csv,411.0
2021,Loggerheads,E05011424,3700,514,301,506,228,629,,96,census2021-ts067-ward.csv,1426.0
2021,Madeley & Betley,E05011425,4640,817,411,616,270,787,,105,census2021-ts067-ward.csv,1634.0
2021,Maer & Whitmore,E05011426,2312,307,172,326,128,395,,48,census2021-ts067-ward.csv,936.0
2021,May Bank,E05011427,7285,1243,684,1036,548,1317,,170,census2021-ts067-ward.csv,2287.0
2021,Newchapel & Mow Cop,E05011428,4888,957,520,668,424,965,,118,census2021-ts067-ward.csv,1236.0
2021,Silverdale (Newcastle-under-Lyme),E05011429,4668,1095,488,659,341,847,,122,census2021-ts067-ward.csv,1116.0
2021,Talke & Butt Lane,E05011430,7253,1877,837,1060,505,1217,,176,census2021-ts067-ward.csv,1581.0
2021,Thistleberry,E05011431,4684,851,362,558,281,940,,111,census2021-ts067-ward.csv,1581.0
2021,Town (Newcastle-under-Lyme),E05011432,5041,902,407,508,215,1418,,108,census2021-ts067-ward.csv,1483.0
2021,Westbury Park & Northwood,E05011433,4165,719,386,542,293,680,,115,census2021-ts067-ward.csv,1430.0
2021,Westlands,E05011434,6951,964,511,869,379,1248,,144,census2021-ts067-ward.csv,2836.0
2021,Wolstanton,E05011435,5133,944,524,696,347,987,,120,census2021-ts067-ward.csv,1515.0
2021,Arthur's Hill,E05011436,11315,2009,641,672,278,4435,,260,census2021-ts067-ward.csv,3020.0
2021,Benwell & Scotswood,E05011437,10252,2857,1045,1342,634,1498,,336,census2021-ts067-ward.csv,2540.0
2021,Blakelaw,E05011438,8775,2526,997,1129,541,1234,,242,census2021-ts067-ward.csv,2106.0
2021,Byker,E05011439,9802,2659,1028,1172,614,1329,,263,census2021-ts067-ward.csv,2737.0
2021,Callerton & Throckley,E05011440,8613,1767,899,1130,620,1474,,189,census2021-ts067-ward.csv,2534.0
2021,Castle (Newcastle upon Tyne),E05011441,11053,1422,860,1276,539,1775,,228,census2021-ts067-ward.csv,4953.0
2021,Chapel,E05011442,7998,1331,791,1004,760,1402,,278,census2021-ts067-ward.csv,2432.0
2021,Dene & South Gosforth,E05011443,8005,702,360,697,264,1253,,155,census2021-ts067-ward.csv,4574.0
2021,Denton & Westerhope,E05011444,9936,2575,1113,1411,781,1666,,281,census2021-ts067-ward.csv,2109.0
2021,Elswick,E05011445,11468,4340,1345,1146,488,1226,,427,census2021-ts067-ward.csv,2496.0
2021,Fawdon & West Gosforth,E05011446,8236,1712,754,959,474,1192,,193,census2021-ts067-ward.csv,2952.0
2021,Gosforth (Newcastle upon Tyne),E05011447,8624,700,346,748,185,913,,147,census2021-ts067-ward.csv,5585.0
2021,Heaton (Newcastle upon Tyne),E05011448,9561,817,377,667,273,1825,,147,census2021-ts067-ward.csv,5455.0
2021,Kenton (Newcastle upon Tyne),E05011449,9051,2063,958,1190,542,1411,,205,census2021-ts067-ward.csv,2682.0
2021,Kingston Park South & Newbiggin Hall,E05011450,8550,2140,1070,1238,572,1286,,224,census2021-ts067-ward.csv,2020.0
2021,Lemington,E05011451,8341,1785,982,1303,668,1488,,210,census2021-ts067-ward.csv,1905.0
2021,Manor Park (Newcastle upon Tyne),E05011452,7825,1140,583,901,412,1119,,197,census2021-ts067-ward.csv,3473.0
2021,Monument,E05011453,13028,1084,428,699,227,4666,,303,census2021-ts067-ward.csv,5621.0
2021,North Jesmond,E05011454,10062,253,156,327,80,5309,,76,census2021-ts067-ward.csv,3861.0
2021,Ouseburn (Newcastle upon Tyne),E05011455,11958,858,362,609,194,5614,,183,census2021-ts067-ward.csv,4138.0
2021,Parklands,E05011456,9633,970,570,1042,388,1278,,207,census2021-ts067-ward.csv,5178.0
2021,South Jesmond,E05011457,9320,479,207,381,118,3869,,83,census2021-ts067-ward.csv,4183.0
2021,Walker,E05011458,9145,3251,1039,1294,629,1218,,257,census2021-ts067-ward.csv,1457.0
2021,Walkergate,E05011459,10227,2578,1181,1452,854,1657,,231,census2021-ts067-ward.csv,2274.0
2021,West Fenham,E05011460,8728,2175,867,1168,544,1410,,241,census2021-ts067-ward.csv,2323.0
2021,Wingrove,E05011461,8940,2039,771,934,266,1217,,260,census2021-ts067-ward.csv,3453.0
2021,Addiscombe East,E05011462,9404,1371,842,1109,367,1377,,237,census2021-ts067-ward.csv,4101.0
2021,Addiscombe West,E05011463,12945,1963,1022,1397,425,1758,,371,census2021-ts067-ward.csv,6009.0
2021,Bensham Manor,E05011464,13408,2570,1351,1605,546,1873,,502,census2021-ts067-ward.csv,4961.0
2021,Broad Green,E05011465,15410,3250,1571,1953,538,2256,,566,census2021-ts067-ward.csv,5276.0
2021,Coulsdon Town,E05011466,12056,1403,923,1564,415,1962,,286,census2021-ts067-ward.csv,5503.0
2021,Crystal Palace & Upper Norwood,E05011467,13201,1601,975,1256,412,1745,,356,census2021-ts067-ward.csv,6856.0
2021,Fairfield (Croydon),E05011468,12583,1565,835,1119,370,1581,,403,census2021-ts067-ward.csv,6710.0
2021,Kenley,E05011469,8831,981,746,1212,348,1432,,227,census2021-ts067-ward.csv,3885.0
2021,New Addington North,E05011470,7861,2124,979,1227,288,1092,,225,census2021-ts067-ward.csv,1926.0
2021,New Addington South,E05011471,8709,2292,1105,1263,409,1196,,263,census2021-ts067-ward.csv,2181.0
2021,Norbury & Pollards Hill,E05011472,9842,1776,839,1128,379,1310,,383,census2021-ts067-ward.csv,4027.0
2021,Norbury Park,E05011473,8798,1519,777,992,320,1252,,252,census2021-ts067-ward.csv,3686.0
2021,Old Coulsdon,E05011474,8098,1261,774,1188,365,1380,,213,census2021-ts067-ward.csv,2917.0
2021,Park Hill & Whitgift,E05011475,4698,526,263,412,151,548,,112,census2021-ts067-ward.csv,2686.0
2021,Purley & Woodcote,E05011476,12338,1551,884,1484,367,1661,,331,census2021-ts067-ward.csv,6060.0
2021,Purley Oaks & Riddlesdown,E05011477,7820,808,620,1009,242,1190,,184,census2021-ts067-ward.csv,3767.0
2021,Sanderstead,E05011478,12773,1517,1092,1737,496,2038,,305,census2021-ts067-ward.csv,5588.0
2021,Selhurst,E05011479,10083,1989,1047,1240,405,1485,,347,census2021-ts067-ward.csv,3570.0
2021,Selsdon & Addington Village,E05011480,8126,1234,806,1151,378,1294,,239,census2021-ts067-ward.csv,3024.0
2021,Selsdon Vale & Forestdale,E05011481,8090,1151,894,1198,401,1412,,240,census2021-ts067-ward.csv,2794.0
2021,Shirley North,E05011482,12533,2195,1325,1720,592,2024,,357,census2021-ts067-ward.csv,4320.0
2021,Shirley South (Croydon),E05011483,8545,1380,838,1287,369,1370,,207,census2021-ts067-ward.csv,3094.0
2021,South Croydon,E05011484,14464,1736,1134,1680,505,2087,,351,census2021-ts067-ward.csv,6971.0
2021,South Norwood,E05011485,13103,2180,1132,1452,491,1797,,436,census2021-ts067-ward.csv,5615.0
2021,Thornton Heath,E05011486,14303,2548,1416,1688,568,2134,,507,census2021-ts067-ward.csv,5442.0
2021,Waddon,E05011487,14468,2476,1330,1795,531,2152,,411,census2021-ts067-ward.csv,5773.0
2021,West Thornton,E05011488,14449,2901,1588,1676,584,2020,,532,census2021-ts067-ward.csv,5148.0
2021,Woodside (Croydon),E05011489,13455,2007,1264,1698,521,2109,,402,census2021-ts067-ward.csv,5454.0
2021,Audley & Queen's Park,E05011508,7940,2511,971,1149,270,1102,,324,census2021-ts067-ward.csv,1613.0
2021,Bastwell & Daisyfield,E05011509,6694,2288,812,843,175,883,,253,census2021-ts067-ward.csv,1440.0
2021,Billinge & Beardwood,E05011510,7122,1356,621,922,256,1042,,228,census2021-ts067-ward.csv,2697.0
2021,Blackburn Central,E05011511,7105,2440,834,969,302,893,,267,census2021-ts067-ward.csv,1400.0
2021,Blackburn South & Lower Darwen,E05011512,6213,817,579,986,438,1249,,119,census2021-ts067-ward.csv,2025.0
2021,Blackburn South East,E05011513,7592,2056,921,1145,478,1078,,209,census2021-ts067-ward.csv,1705.0
2021,Darwen East,E05011514,7964,2140,956,1220,489,1244,,202,census2021-ts067-ward.csv,1713.0
2021,Darwen South,E05011515,6787,1294,719,981,481,1222,,148,census2021-ts067-ward.csv,1942.0
2021,Darwen West,E05011516,6860,1193,750,985,476,1250,,184,census2021-ts067-ward.csv,2022.0
2021,Ewood,E05011517,7451,1791,876,1094,503,1173,,186,census2021-ts067-ward.csv,1828.0
2021,Little Harwood & Whitebirk,E05011518,6748,2034,802,904,322,927,,264,census2021-ts067-ward.csv,1495.0
2021,Livesey with Pleasington,E05011519,6786,1055,591,867,540,1253,,159,census2021-ts067-ward.csv,2321.0
2021,Mill Hill & Moorgate,E05011520,6576,1632,786,939,530,1155,,175,census2021-ts067-ward.csv,1359.0
2021,Roe Lee,E05011521,7053,1364,685,958,418,1179,,188,census2021-ts067-ward.csv,2261.0
2021,Shear Brow & Corporation Park,E05011522,6932,1999,729,851,163,1046,,260,census2021-ts067-ward.csv,1884.0
2021,Wensley Fold,E05011523,7012,2163,810,928,267,956,,290,census2021-ts067-ward.csv,1598.0
2021,West Pennine,E05011524,6676,793,528,835,439,1171,,160,census2021-ts067-ward.csv,2750.0
2021,Avenue (Kingston upon Hull),E05011525,10730,1928,950,1268,554,1534,,337,census2021-ts067-ward.csv,4159.0
2021,Beverley & Newland,E05011526,13386,2905,1189,1496,930,2888,,473,census2021-ts067-ward.csv,3505.0
2021,Boothferry,E05011527,9775,2034,1074,1451,792,1934,,271,census2021-ts067-ward.csv,2219.0
2021,Bricknell,E05011528,7006,1257,700,933,488,1391,,176,census2021-ts067-ward.csv,2061.0
2021,Central (Kingston upon Hull),E05011529,8725,2909,982,963,591,993,,437,census2021-ts067-ward.csv,1850.0
2021,Derringham,E05011530,9742,2079,1147,1533,795,1827,,262,census2021-ts067-ward.csv,2099.0
2021,Drypool,E05011531,10017,2469,1074,1430,694,1536,,315,census2021-ts067-ward.csv,2499.0
2021,Holderness,E05011532,9847,1993,1179,1522,746,2035,,265,census2021-ts067-ward.csv,2107.0
2021,Ings,E05011533,7603,2089,836,1051,568,1362,,218,census2021-ts067-ward.csv,1479.0
2021,Kingswood (Kingston upon Hull),E05011534,7382,693,624,1041,497,1839,,88,census2021-ts067-ward.csv,2600.0
2021,Longhill & Bilton Grange,E05011535,9904,2992,1265,1524,728,1552,,288,census2021-ts067-ward.csv,1555.0
2021,Marfleet,E05011536,10162,3306,1336,1712,640,1412,,356,census2021-ts067-ward.csv,1400.0
2021,Newington & Gipsyville,E05011537,13188,3545,1622,1861,905,2003,,552,census2021-ts067-ward.csv,2700.0
2021,North Carr,E05011538,11075,3246,1426,1696,678,1807,,336,census2021-ts067-ward.csv,1886.0
2021,Orchard Park,E05011539,11805,3861,1576,1744,780,1529,,517,census2021-ts067-ward.csv,1798.0
2021,Pickering (Kingston upon Hull),E05011540,6902,1926,785,1061,538,1145,,182,census2021-ts067-ward.csv,1265.0
2021,St Andrew's & Docklands,E05011541,13603,4182,1433,1686,867,1569,,588,census2021-ts067-ward.csv,3278.0
2021,Southcoates,E05011542,12152,3310,1550,1890,895,2061,,400,census2021-ts067-ward.csv,2046.0
2021,Sutton (Kingston upon Hull),E05011543,11029,2590,1335,1610,906,2021,,321,census2021-ts067-ward.csv,2246.0
2021,University (Kingston upon Hull),E05011544,9807,1709,757,1066,396,3432,,251,census2021-ts067-ward.csv,2196.0
2021,West Carr,E05011545,10031,2982,1325,1600,703,1546,,312,census2021-ts067-ward.csv,1563.0
2021,Horsforth,E05011547,19407,2234,1365,2063,951,3030,,371,census2021-ts067-ward.csv,9393.0
2021,Otley & Yeadon,E05011549,18788,3263,1771,2559,1222,3006,,396,census2021-ts067-ward.csv,6571.0
2021,Balderton North & Coddington,E05011552,5616,1115,623,798,394,1064,,130,census2021-ts067-ward.csv,1492.0
2021,Beacon (Newark and Sherwood),E05011553,7528,1256,836,1123,489,1426,,216,census2021-ts067-ward.csv,2182.0
2021,Castle (Newark and Sherwood),E05011554,2915,599,314,408,183,485,,66,census2021-ts067-ward.csv,860.0
2021,Farndon & Fernwood,E05011555,5788,834,542,841,342,1093,,132,census2021-ts067-ward.csv,2004.0
2021,"Brasted, Chevening and Sundridge",E05011558,5178,544,384,690,205,807,,113,census2021-ts067-ward.csv,2435.0
2021,Seal and Weald,E05011559,3389,430,231,448,111,444,,69,census2021-ts067-ward.csv,1656.0
2021,Bottisham,E05011560,4822,624,390,592,279,707,,148,census2021-ts067-ward.csv,2082.0
2021,Burwell,E05011561,5268,747,479,712,369,928,,108,census2021-ts067-ward.csv,1925.0
2021,Downham Villages,E05011562,2506,444,287,357,154,416,,64,census2021-ts067-ward.csv,784.0
2021,Ely East,E05011563,4985,824,470,605,292,646,,146,census2021-ts067-ward.csv,2002.0
2021,Ely North,E05011564,3755,421,266,499,148,608,,89,census2021-ts067-ward.csv,1724.0
2021,Ely West,E05011565,8016,1071,705,1006,353,1113,,164,census2021-ts067-ward.csv,3604.0
2021,Fordham & Isleham,E05011566,5202,902,509,711,372,886,,130,census2021-ts067-ward.csv,1692.0
2021,Haddenham,E05011567,2816,497,276,388,193,493,,65,census2021-ts067-ward.csv,904.0
2021,Littleport,E05011568,7932,1648,962,1104,510,1378,,255,census2021-ts067-ward.csv,2075.0
2021,Soham North,E05011569,5533,1076,629,838,358,971,,132,census2021-ts067-ward.csv,1529.0
2021,Soham South,E05011570,5009,1053,515,700,351,833,,144,census2021-ts067-ward.csv,1413.0
2021,Stretham,E05011571,5451,903,542,729,365,949,,133,census2021-ts067-ward.csv,1830.0
2021,Sutton (East Cambridgeshire),E05011572,4608,726,486,681,266,863,,119,census2021-ts067-ward.csv,1467.0
2021,Woodditton,E05011573,5522,887,476,714,376,945,,148,census2021-ts067-ward.csv,1976.0
2021,Devonshire,E05011574,11914,2367,1396,1619,638,2048,,394,census2021-ts067-ward.csv,3452.0
2021,Hampden Park,E05011575,8506,1907,1214,1454,535,1475,,228,census2021-ts067-ward.csv,1693.0
2021,Langney,E05011576,8543,1945,1123,1415,543,1522,,270,census2021-ts067-ward.csv,1725.0
2021,Meads,E05011577,9878,1618,937,1171,442,1492,,413,census2021-ts067-ward.csv,3805.0
2021,Old Town (Eastbourne),E05011578,8844,1071,849,1295,433,1536,,219,census2021-ts067-ward.csv,3441.0
2021,Ratton,E05011579,7986,1369,843,1080,525,1272,,271,census2021-ts067-ward.csv,2626.0
2021,St Anthony's,E05011580,9239,1842,1054,1578,616,1763,,277,census2021-ts067-ward.csv,2109.0
2021,Sovereign,E05011581,10084,1800,1129,1595,627,1804,,350,census2021-ts067-ward.csv,2779.0
2021,Upperton,E05011582,9585,1648,834,1187,449,1524,,359,census2021-ts067-ward.csv,3584.0
2021,"Chailey, Barcombe & Hamsey",E05011583,4215,493,351,619,169,698,,88,census2021-ts067-ward.csv,1797.0
2021,Ditchling & Westmeston,E05011584,2218,320,161,277,88,264,,70,census2021-ts067-ward.csv,1038.0
2021,East Saltdean & Telscombe Cliffs,E05011585,6197,1077,679,888,356,1111,,168,census2021-ts067-ward.csv,1918.0
2021,Kingston,E05011586,1624,144,104,194,53,216,,25,census2021-ts067-ward.csv,888.0
2021,Lewes Bridge,E05011587,4080,522,350,470,162,610,,85,census2021-ts067-ward.csv,1881.0
2021,Lewes Castle,E05011588,3210,494,269,340,111,449,,72,census2021-ts067-ward.csv,1475.0
2021,Lewes Priory,E05011589,6526,630,449,744,214,869,,111,census2021-ts067-ward.csv,3509.0
2021,Newhaven North,E05011590,4001,759,513,680,255,764,,111,census2021-ts067-ward.csv,919.0
2021,Newhaven South,E05011591,6073,1245,758,941,338,1122,,157,census2021-ts067-ward.csv,1512.0
2021,Newick,E05011592,2061,239,156,332,93,376,,56,census2021-ts067-ward.csv,809.0
2021,Ouse Valley & Ringmer,E05011593,5397,864,541,749,310,833,,161,census2021-ts067-ward.csv,1939.0
2021,Peacehaven East,E05011594,4443,976,553,671,289,776,,122,census2021-ts067-ward.csv,1056.0
2021,Peacehaven North,E05011595,4231,829,526,653,294,753,,120,census2021-ts067-ward.csv,1056.0
2021,Peacehaven West,E05011596,4133,949,479,636,318,688,,142,census2021-ts067-ward.csv,921.0
2021,"Plumpton, Streat, East Chiltington & St John",E05011597,1907,197,152,313,65,323,,32,census2021-ts067-ward.csv,825.0
2021,Seaford Central,E05011598,4375,714,465,597,250,768,,145,census2021-ts067-ward.csv,1436.0
2021,Seaford East,E05011599,4080,664,463,659,284,676,,151,census2021-ts067-ward.csv,1183.0
2021,Seaford North,E05011600,4297,754,519,644,259,748,,127,census2021-ts067-ward.csv,1246.0
2021,Seaford South,E05011601,3835,570,386,542,196,639,,121,census2021-ts067-ward.csv,1381.0
2021,Seaford West,E05011602,3982,709,420,544,280,644,,149,census2021-ts067-ward.csv,1236.0
2021,Wivelsfield,E05011603,2330,225,204,345,110,464,,30,census2021-ts067-ward.csv,952.0
2021,Bexhill Central,E05011604,4775,989,548,741,263,830,,153,census2021-ts067-ward.csv,1251.0
2021,Bexhill Collington,E05011605,3864,793,412,507,265,528,,150,census2021-ts067-ward.csv,1209.0
2021,Bexhill Kewhurst,E05011606,4211,811,470,625,275,616,,156,census2021-ts067-ward.csv,1258.0
2021,Bexhill Old Town & Worsham,E05011607,3538,704,415,508,243,648,,120,census2021-ts067-ward.csv,900.0
2021,Bexhill Pebsham & St Michaels,E05011608,4348,1008,486,642,312,758,,135,census2021-ts067-ward.csv,1007.0
2021,Bexhill Sackville,E05011609,4360,931,494,614,261,654,,196,census2021-ts067-ward.csv,1210.0
2021,Bexhill Sidley,E05011610,4819,1144,718,776,287,845,,120,census2021-ts067-ward.csv,929.0
2021,Bexhill St Marks,E05011611,4409,787,504,621,296,686,,147,census2021-ts067-ward.csv,1368.0
2021,Bexhill St Stephens,E05011612,4059,745,562,630,263,703,,111,census2021-ts067-ward.csv,1045.0
2021,Brede & Udimore,E05011613,1913,354,187,299,127,300,,50,census2021-ts067-ward.csv,596.0
2021,Burwash & the Weald,E05011614,3890,505,361,579,191,671,,109,census2021-ts067-ward.csv,1474.0
2021,Catsfield & Crowhurst,E05011615,2107,329,169,307,107,331,,55,census2021-ts067-ward.csv,809.0
2021,Eastern Rother,E05011616,4131,938,477,565,290,655,,129,census2021-ts067-ward.csv,1077.0
2021,Hurst Green & Ticehurst,E05011617,4332,625,461,634,226,778,,96,census2021-ts067-ward.csv,1512.0
2021,"North Battle, Netherfield & Whatlington",E05011618,3775,592,375,533,188,620,,89,census2021-ts067-ward.csv,1378.0
2021,Northern Rother,E05011619,4287,746,451,671,205,720,,117,census2021-ts067-ward.csv,1377.0
2021,Robertsbridge,E05011620,2212,318,205,284,119,367,,78,census2021-ts067-ward.csv,841.0
2021,Rye & Winchelsea,E05011621,4226,837,450,627,229,642,,136,census2021-ts067-ward.csv,1305.0
2021,Sedlescombe & Westfield,E05011622,4528,779,456,689,254,801,,131,census2021-ts067-ward.csv,1418.0
2021,South Battle & Telham,E05011623,1998,288,201,307,106,369,,60,census2021-ts067-ward.csv,667.0
2021,Southern Rother,E05011624,3692,784,400,529,220,507,,140,census2021-ts067-ward.csv,1112.0
2021,Arlington,E05011625,2513,435,205,342,151,355,,83,census2021-ts067-ward.csv,942.0
2021,Buxted,E05011626,3221,412,284,466,163,584,,86,census2021-ts067-ward.csv,1226.0
2021,"Chiddingly, East Hoathly & Waldron",E05011627,2830,347,291,429,160,512,,66,census2021-ts067-ward.csv,1025.0
2021,Crowborough Central,E05011628,3519,585,351,537,170,591,,91,census2021-ts067-ward.csv,1194.0
2021,Crowborough Jarvis Brook,E05011629,3423,452,412,614,204,605,,73,census2021-ts067-ward.csv,1063.0
2021,Crowborough North,E05011630,2696,348,288,493,143,504,,82,census2021-ts067-ward.csv,838.0
2021,Crowborough South East,E05011631,3156,420,368,538,193,602,,72,census2021-ts067-ward.csv,963.0
2021,Crowborough South West,E05011632,2665,402,301,471,130,462,,64,census2021-ts067-ward.csv,835.0
2021,Crowborough St Johns,E05011633,2562,331,228,391,128,410,,71,census2021-ts067-ward.csv,1003.0
2021,Danehill & Fletching,E05011634,3257,318,226,480,156,584,,59,census2021-ts067-ward.csv,1434.0
2021,Forest Row,E05011635,3396,344,249,434,146,583,,67,census2021-ts067-ward.csv,1573.0
2021,Framfield & Cross-in-Hand,E05011636,2765,323,310,400,138,468,,79,census2021-ts067-ward.csv,1047.0
2021,Frant & Wadhurst,E05011637,5798,616,453,832,254,928,,123,census2021-ts067-ward.csv,2592.0
2021,Hadlow Down & Rotherfield,E05011638,2767,285,235,412,136,470,,78,census2021-ts067-ward.csv,1151.0
2021,Hailsham Central,E05011639,3001,612,365,466,223,524,,108,census2021-ts067-ward.csv,703.0
2021,Hailsham East,E05011640,3749,952,524,603,240,611,,95,census2021-ts067-ward.csv,724.0
2021,Hailsham North,E05011641,2371,338,298,421,175,481,,66,census2021-ts067-ward.csv,592.0
2021,Hailsham North West,E05011642,3042,542,343,502,195,607,,103,census2021-ts067-ward.csv,750.0
2021,Hailsham South,E05011643,2908,553,384,441,186,514,,85,census2021-ts067-ward.csv,745.0
2021,Hailsham West,E05011644,3437,741,409,564,235,635,,99,census2021-ts067-ward.csv,754.0
2021,Hartfield,E05011645,2777,299,215,376,110,502,,53,census2021-ts067-ward.csv,1222.0
2021,Heathfield North,E05011646,3298,541,385,527,183,598,,101,census2021-ts067-ward.csv,963.0
2021,Heathfield South,E05011647,3444,448,387,580,226,678,,85,census2021-ts067-ward.csv,1040.0
2021,Hellingly,E05011648,3927,499,431,658,225,836,,83,census2021-ts067-ward.csv,1195.0
2021,Herstmonceux & Pevensey Levels,E05011649,5938,1001,615,896,410,1066,,188,census2021-ts067-ward.csv,1762.0
2021,Horam & Punnetts Town,E05011650,5857,840,591,936,344,1096,,127,census2021-ts067-ward.csv,1923.0
2021,Lower Willingdon,E05011651,2895,475,325,458,203,515,,98,census2021-ts067-ward.csv,821.0
2021,Maresfield,E05011652,3156,459,306,453,133,552,,81,census2021-ts067-ward.csv,1172.0
2021,Mayfield & Five Ashes,E05011653,3017,347,236,423,125,531,,69,census2021-ts067-ward.csv,1286.0
2021,Pevensey Bay,E05011654,2615,598,309,384,226,399,,101,census2021-ts067-ward.csv,598.0
2021,Polegate Central,E05011655,4008,549,444,671,245,842,,86,census2021-ts067-ward.csv,1171.0
2021,Polegate North,E05011656,3270,700,363,531,229,592,,110,census2021-ts067-ward.csv,745.0
2021,Polegate South & Willingdon Watermill,E05011657,2986,656,374,420,235,473,,107,census2021-ts067-ward.csv,721.0
2021,South Downs,E05011658,2705,324,189,360,124,397,,70,census2021-ts067-ward.csv,1241.0
2021,Stone Cross,E05011659,2910,387,301,491,190,594,,78,census2021-ts067-ward.csv,869.0
2021,Uckfield East,E05011660,2662,406,300,465,145,545,,64,census2021-ts067-ward.csv,737.0
2021,Uckfield New Town,E05011661,4815,681,523,748,281,939,,152,census2021-ts067-ward.csv,1491.0
2021,Uckfield North,E05011662,2504,427,318,406,150,471,,78,census2021-ts067-ward.csv,654.0
2021,Uckfield Ridgewood & Little Horsted,E05011663,2516,245,266,422,117,502,,54,census2021-ts067-ward.csv,910.0
2021,Upper Willingdon,E05011664,2844,515,341,428,209,476,,89,census2021-ts067-ward.csv,786.0
2021,Withyham,E05011665,2437,210,198,369,105,425,,42,census2021-ts067-ward.csv,1088.0
2021,Chichester Central,E05011666,2725,338,178,292,105,707,,61,census2021-ts067-ward.csv,1044.0
2021,Chichester East,E05011667,5620,862,525,793,224,1117,,160,census2021-ts067-ward.csv,1939.0
2021,Chichester North,E05011668,5759,485,355,674,183,1390,,99,census2021-ts067-ward.csv,2573.0
2021,Chichester South,E05011669,5780,885,572,771,243,1154,,131,census2021-ts067-ward.csv,2024.0
2021,Chichester West,E05011670,5398,766,396,703,265,968,,156,census2021-ts067-ward.csv,2144.0
2021,Easebourne,E05011671,2513,331,184,364,94,379,,76,census2021-ts067-ward.csv,1085.0
2021,Fernhurst,E05011672,5494,667,417,715,232,890,,114,census2021-ts067-ward.csv,2459.0
2021,Fittleworth,E05011673,2809,316,205,453,99,453,,68,census2021-ts067-ward.csv,1215.0
2021,Goodwood,E05011674,2916,389,268,409,148,500,,62,census2021-ts067-ward.csv,1140.0
2021,Harbour Villages,E05011675,9046,1056,650,1214,424,1494,,215,census2021-ts067-ward.csv,3993.0
2021,Harting,E05011676,3060,404,203,394,105,485,,72,census2021-ts067-ward.csv,1397.0
2021,Lavant,E05011677,2745,394,238,336,107,445,,66,census2021-ts067-ward.csv,1159.0
2021,Loxwood,E05011678,5957,690,565,898,272,1018,,114,census2021-ts067-ward.csv,2400.0
2021,Midhurst,E05011679,6180,1015,591,914,353,1014,,138,census2021-ts067-ward.csv,2155.0
2021,North Mundham & Tangmere,E05011680,6537,1051,668,969,350,1127,,156,census2021-ts067-ward.csv,2216.0
2021,Petworth,E05011681,2985,570,287,447,163,510,,67,census2021-ts067-ward.csv,941.0
2021,Selsey South,E05011682,5600,1276,615,779,446,898,,224,census2021-ts067-ward.csv,1362.0
2021,Sidlesham with Selsey North,E05011683,5086,1231,618,672,353,768,,186,census2021-ts067-ward.csv,1258.0
2021,Southbourne,E05011684,6782,887,642,968,497,1357,,166,census2021-ts067-ward.csv,2265.0
2021,The Witterings,E05011685,8807,1544,845,1191,532,1438,,257,census2021-ts067-ward.csv,3000.0
2021,Westbourne (Chichester),E05011686,2900,379,242,403,139,473,,44,census2021-ts067-ward.csv,1220.0
2021,Cholsey,E05011701,7417,839,564,906,336,1150,,127,census2021-ts067-ward.csv,3495.0
2021,Didcot North East,E05011702,8487,844,831,1184,376,1516,,191,census2021-ts067-ward.csv,3545.0
2021,Didcot South,E05011703,10538,1783,1152,1373,540,1688,,272,census2021-ts067-ward.csv,3730.0
2021,Forest Hill & Holton,E05011704,3102,368,245,317,132,467,,65,census2021-ts067-ward.csv,1508.0
2021,Haseley Brook,E05011705,3539,402,285,426,163,597,,75,census2021-ts067-ward.csv,1591.0
2021,Kidmore End & Whitchurch,E05011707,3015,294,186,379,107,429,,53,census2021-ts067-ward.csv,1567.0
2021,Sandford & the Wittenhams,E05011708,3336,392,222,357,144,465,,76,census2021-ts067-ward.csv,1680.0
2021,Wallingford,E05011710,6891,898,615,858,331,1033,,174,census2021-ts067-ward.csv,2982.0
2021,Wheatley (South Oxfordshire),E05011711,3623,497,267,442,203,572,,90,census2021-ts067-ward.csv,1552.0
2021,Woodcote & Rotherfield,E05011712,7426,781,542,946,317,1099,,171,census2021-ts067-ward.csv,3570.0
2021,Blewbury & Harwell,E05011713,7101,721,524,810,279,1123,,119,census2021-ts067-ward.csv,3525.0
2021,Cumnor,E05011714,5587,653,399,552,241,642,,142,census2021-ts067-ward.csv,2958.0
2021,Drayton,E05011715,3018,417,298,363,166,464,,58,census2021-ts067-ward.csv,1252.0
2021,Sutton Courtenay,E05011717,2685,379,213,315,128,388,,64,census2021-ts067-ward.csv,1198.0
2021,Thames (Vale of White Horse),E05011718,2835,287,185,332,122,384,,33,census2021-ts067-ward.csv,1492.0
2021,Wootton (Vale of White Horse),E05011719,2900,414,248,357,169,425,,67,census2021-ts067-ward.csv,1220.0
2021,Aylesford & East Stour,E05011743,5040,980,625,815,264,909,,145,census2021-ts067-ward.csv,1302.0
2021,Beaver,E05011744,5868,1677,848,878,339,843,,201,census2021-ts067-ward.csv,1082.0
2021,Biddenden,E05011745,2557,480,260,355,168,405,,77,census2021-ts067-ward.csv,812.0
2021,Bircholt,E05011746,2303,323,204,314,125,394,,60,census2021-ts067-ward.csv,883.0
2021,Bockhanger,E05011747,1886,471,244,303,122,291,,60,census2021-ts067-ward.csv,395.0
2021,Bybrook,E05011748,2652,522,334,414,166,445,,83,census2021-ts067-ward.csv,688.0
2021,Charing,E05011749,2313,501,215,331,124,365,,56,census2021-ts067-ward.csv,721.0
2021,Conningbrook & Little Burton Farm,E05011750,1670,195,202,271,67,296,,46,census2021-ts067-ward.csv,593.0
2021,Downs North,E05011751,2098,281,195,263,115,326,,63,census2021-ts067-ward.csv,855.0
2021,Downs West,E05011752,2224,279,197,330,119,376,,63,census2021-ts067-ward.csv,860.0
2021,Furley,E05011753,5157,948,597,808,286,807,,160,census2021-ts067-ward.csv,1551.0
2021,Goat Lees,E05011754,2182,301,258,344,121,427,,50,census2021-ts067-ward.csv,681.0
2021,Godinton,E05011755,2226,312,296,373,122,414,,69,census2021-ts067-ward.csv,640.0
2021,Highfield (Ashford),E05011756,1988,276,223,338,131,393,,59,census2021-ts067-ward.csv,568.0
2021,Isle of Oxney,E05011757,2319,421,287,329,134,392,,56,census2021-ts067-ward.csv,700.0
2021,Kennington (Ashford),E05011758,1926,305,185,272,121,343,,63,census2021-ts067-ward.csv,637.0
2021,Kingsnorth Village & Bridgefield,E05011759,1969,278,213,316,99,354,,49,census2021-ts067-ward.csv,660.0
2021,"Mersham, Sevington South with Finberry",E05011760,2050,221,217,293,86,394,,40,census2021-ts067-ward.csv,799.0
2021,Norman,E05011761,2427,559,344,393,144,382,,80,census2021-ts067-ward.csv,525.0
2021,Park Farm North,E05011762,1954,196,198,330,104,428,,54,census2021-ts067-ward.csv,644.0
2021,Park Farm South,E05011763,2085,248,229,327,88,428,,59,census2021-ts067-ward.csv,706.0
2021,Repton (Ashford),E05011764,3834,471,399,570,178,763,,83,census2021-ts067-ward.csv,1370.0
2021,Rolvenden & Tenterden West,E05011765,2021,307,216,294,93,344,,63,census2021-ts067-ward.csv,704.0
2021,Roman (Ashford),E05011766,2661,330,282,467,150,544,,54,census2021-ts067-ward.csv,834.0
2021,Saxon Shore,E05011767,2190,336,202,362,129,405,,56,census2021-ts067-ward.csv,700.0
2021,Singleton East,E05011768,2168,365,239,360,138,421,,47,census2021-ts067-ward.csv,598.0
2021,Singleton West,E05011769,2312,229,244,415,101,506,,55,census2021-ts067-ward.csv,762.0
2021,Stanhope,E05011770,2430,720,415,430,104,305,,96,census2021-ts067-ward.csv,360.0
2021,Tenterden North,E05011771,1917,353,179,281,116,291,,58,census2021-ts067-ward.csv,639.0
2021,Tenterden South,E05011772,2335,415,241,366,133,379,,71,census2021-ts067-ward.csv,730.0
2021,Tenterden St Michael's,E05011773,2341,387,266,375,151,389,,90,census2021-ts067-ward.csv,683.0
2021,Upper Weald,E05011774,2190,411,185,348,106,378,,54,census2021-ts067-ward.csv,708.0
2021,Victoria (Ashford),E05011775,5855,1126,713,900,285,876,,184,census2021-ts067-ward.csv,1771.0
2021,Washford,E05011776,1934,385,253,294,132,357,,64,census2021-ts067-ward.csv,449.0
2021,Weald Central,E05011777,3609,715,412,542,225,637,,101,census2021-ts067-ward.csv,977.0
2021,Weald North,E05011778,2098,315,199,340,123,332,,53,census2021-ts067-ward.csv,736.0
2021,Weald South,E05011779,4553,903,480,640,323,737,,155,census2021-ts067-ward.csv,1315.0
2021,Willesborough,E05011780,5412,992,623,792,364,904,,164,census2021-ts067-ward.csv,1573.0
2021,Wye with Hinxhill,E05011781,2016,295,181,240,59,253,,50,census2021-ts067-ward.csv,938.0
2021,Axminster,E05011782,6789,1237,764,1063,460,1185,,200,census2021-ts067-ward.csv,1880.0
2021,Beer & Branscombe,E05011783,2051,333,213,298,145,290,,63,census2021-ts067-ward.csv,709.0
2021,Broadclyst,E05011784,5599,632,510,892,328,1114,,84,census2021-ts067-ward.csv,2039.0
2021,Budleigh & Raleigh,E05011785,6803,937,573,987,400,980,,209,census2021-ts067-ward.csv,2717.0
2021,Clyst Valley,E05011786,2061,327,178,287,123,322,,54,census2021-ts067-ward.csv,770.0
2021,Coly Valley,E05011787,4124,645,421,561,299,673,,104,census2021-ts067-ward.csv,1421.0
2021,Cranbrook (East Devon),E05011788,4761,358,406,770,229,1183,,55,census2021-ts067-ward.csv,1760.0
2021,Dunkeswell & Otterhead,E05011789,4893,816,477,697,335,794,,131,census2021-ts067-ward.csv,1643.0
2021,Exe Valley,E05011790,2087,285,185,285,119,312,,47,census2021-ts067-ward.csv,854.0
2021,Exmouth Brixington,E05011791,6364,1151,765,1000,484,1164,,180,census2021-ts067-ward.csv,1620.0
2021,Exmouth Halsdon,E05011792,6282,904,636,1000,454,1156,,177,census2021-ts067-ward.csv,1955.0
2021,Exmouth Littleham,E05011793,7082,1340,686,1009,413,971,,270,census2021-ts067-ward.csv,2393.0
2021,Exmouth Town,E05011794,6207,934,673,984,394,1095,,196,census2021-ts067-ward.csv,1931.0
2021,Exmouth Withycombe Raleigh,E05011795,4123,679,481,656,292,801,,90,census2021-ts067-ward.csv,1124.0
2021,Feniton,E05011796,2230,315,237,337,137,429,,71,census2021-ts067-ward.csv,704.0
2021,Honiton St Michael's,E05011797,5723,1119,721,892,452,973,,158,census2021-ts067-ward.csv,1408.0
2021,Honiton St Paul's,E05011798,4174,884,457,619,296,701,,139,census2021-ts067-ward.csv,1078.0
2021,Newbridges,E05011799,2227,341,225,319,131,365,,75,census2021-ts067-ward.csv,771.0
2021,Newton Poppleford & Harpford,E05011800,1958,270,205,298,140,340,,54,census2021-ts067-ward.csv,651.0
2021,Ottery St Mary,E05011801,6538,903,615,954,390,1183,,139,census2021-ts067-ward.csv,2354.0
2021,Seaton (East Devon),E05011802,6393,1226,689,899,504,1035,,216,census2021-ts067-ward.csv,1824.0
2021,Sidmouth Rural,E05011803,1890,228,147,263,111,281,,42,census2021-ts067-ward.csv,818.0
2021,Sidmouth Sidford,E05011804,6763,1003,739,1103,486,1095,,178,census2021-ts067-ward.csv,2159.0
2021,Sidmouth Town,E05011805,4031,558,329,552,223,532,,171,census2021-ts067-ward.csv,1666.0
2021,Tale Vale,E05011806,2052,251,161,312,105,342,,48,census2021-ts067-ward.csv,833.0
2021,Trinity (East Devon),E05011807,2196,246,190,295,127,352,,68,census2021-ts067-ward.csv,918.0
2021,West Hill & Aylesbeare,E05011808,2216,222,154,303,111,299,,37,census2021-ts067-ward.csv,1090.0
2021,Whimple & Rockbeare,E05011809,2530,292,246,355,145,452,,62,census2021-ts067-ward.csv,978.0
2021,Woodbury & Lympstone,E05011810,5073,482,365,687,222,940,,112,census2021-ts067-ward.csv,2265.0
2021,Yarty,E05011811,2174,291,207,332,150,363,,50,census2021-ts067-ward.csv,781.0
2021,Billingshurst,E05011812,8446,995,872,1381,422,1591,,180,census2021-ts067-ward.csv,3005.0
2021,"Bramber, Upper Beeding & Woodmancote",E05011813,4492,657,440,668,284,789,,117,census2021-ts067-ward.csv,1537.0
2021,Broadbridge Heath,E05011814,4796,450,462,800,251,990,,92,census2021-ts067-ward.csv,1751.0
2021,Colgate & Rusper,E05011815,4816,451,391,736,191,1004,,100,census2021-ts067-ward.csv,1943.0
2021,"Cowfold, Shermanbury & West Grinstead",E05011816,4627,589,453,726,283,892,,135,census2021-ts067-ward.csv,1549.0
2021,Denne,E05011817,8632,1075,776,1248,407,1520,,236,census2021-ts067-ward.csv,3370.0
2021,Forest (Horsham),E05011818,7169,927,692,1006,291,1154,,191,census2021-ts067-ward.csv,2908.0
2021,Henfield,E05011819,4969,752,444,757,243,885,,139,census2021-ts067-ward.csv,1749.0
2021,Holbrook East,E05011820,4829,443,445,730,217,899,,113,census2021-ts067-ward.csv,1982.0
2021,Holbrook West,E05011821,5285,623,503,792,240,971,,109,census2021-ts067-ward.csv,2047.0
2021,"Itchingfield, Slinfold & Warnham",E05011822,4803,662,433,755,202,843,,129,census2021-ts067-ward.csv,1779.0
2021,Nuthurst & Lower Beeding,E05011823,2582,262,218,405,115,476,,50,census2021-ts067-ward.csv,1056.0
2021,"Pulborough, Coldwaltham & Amberley",E05011824,6234,896,606,967,327,1098,,146,census2021-ts067-ward.csv,2194.0
2021,Roffey North,E05011825,5124,743,564,777,291,931,,158,census2021-ts067-ward.csv,1660.0
2021,Roffey South,E05011826,5448,711,537,884,276,1000,,145,census2021-ts067-ward.csv,1895.0
2021,Rudgwick,E05011827,2419,261,221,361,103,442,,64,census2021-ts067-ward.csv,967.0
2021,Southwater North,E05011828,5047,497,465,1042,176,968,,94,census2021-ts067-ward.csv,1805.0
2021,Southwater South & Shipley,E05011829,5338,670,561,895,302,1110,,136,census2021-ts067-ward.csv,1664.0
2021,Steyning & Ashurst,E05011830,5190,656,469,800,221,816,,133,census2021-ts067-ward.csv,2095.0
2021,Storrington & Washington,E05011831,7947,1191,749,1202,393,1297,,270,census2021-ts067-ward.csv,2845.0
2021,Trafalgar,E05011832,5088,659,436,710,240,857,,128,census2021-ts067-ward.csv,2058.0
2021,"West Chiltington, Thakeham & Ashington",E05011833,7381,902,679,1157,366,1343,,178,census2021-ts067-ward.csv,2756.0
2021,Bacton (North Norfolk),E05011834,2076,443,263,304,139,337,,67,census2021-ts067-ward.csv,523.0
2021,Beeston Regis & The Runtons,E05011835,2265,436,262,327,162,317,,82,census2021-ts067-ward.csv,679.0
2021,Briston,E05011836,2132,488,235,328,148,338,,62,census2021-ts067-ward.csv,533.0
2021,Coastal (North Norfolk),E05011837,2053,359,211,269,116,292,,52,census2021-ts067-ward.csv,754.0
2021,Cromer Town,E05011838,4474,1028,524,665,303,652,,157,census2021-ts067-ward.csv,1145.0
2021,Erpingham,E05011839,2328,350,232,355,142,410,,61,census2021-ts067-ward.csv,778.0
2021,Gresham,E05011840,2067,366,226,332,137,343,,53,census2021-ts067-ward.csv,610.0
2021,Happisburgh,E05011841,2344,510,253,312,162,378,,83,census2021-ts067-ward.csv,646.0
2021,Hickling,E05011842,2302,554,287,316,164,351,,86,census2021-ts067-ward.csv,544.0
2021,Holt (North Norfolk),E05011843,4080,830,424,640,303,539,,109,census2021-ts067-ward.csv,1235.0
2021,Hoveton & Tunstead,E05011844,4486,884,500,666,330,682,,138,census2021-ts067-ward.csv,1286.0
2021,Lancaster North,E05011845,2028,478,267,313,176,362,,60,census2021-ts067-ward.csv,372.0
2021,Lancaster South,E05011846,4756,1147,599,685,318,849,,138,census2021-ts067-ward.csv,1020.0
2021,Mundesley,E05011847,2427,560,269,339,188,370,,112,census2021-ts067-ward.csv,589.0
2021,North Walsham East,E05011848,4097,876,535,712,288,740,,139,census2021-ts067-ward.csv,807.0
2021,North Walsham Market Cross,E05011849,2559,579,270,363,215,430,,82,census2021-ts067-ward.csv,620.0
2021,North Walsham West,E05011850,4382,945,526,738,352,816,,125,census2021-ts067-ward.csv,880.0
2021,Poppyland,E05011851,2288,470,261,360,167,331,,73,census2021-ts067-ward.csv,626.0
2021,Priory (North Norfolk),E05011852,1991,357,217,285,94,293,,49,census2021-ts067-ward.csv,696.0
2021,Roughton (North Norfolk),E05011853,2404,455,285,360,168,456,,71,census2021-ts067-ward.csv,609.0
2021,St Benet's,E05011854,2108,402,254,285,168,326,,59,census2021-ts067-ward.csv,614.0
2021,Sheringham North,E05011855,2210,423,253,330,155,321,,67,census2021-ts067-ward.csv,661.0
2021,Sheringham South,E05011856,4264,794,497,634,327,666,,138,census2021-ts067-ward.csv,1208.0
2021,Stalham,E05011857,4853,1089,626,803,357,843,,148,census2021-ts067-ward.csv,987.0
2021,Stibbard,E05011858,2380,413,249,356,151,367,,75,census2021-ts067-ward.csv,769.0
2021,Stody,E05011859,2124,332,225,310,132,348,,51,census2021-ts067-ward.csv,726.0
2021,Suffield Park,E05011860,2153,477,250,365,135,312,,91,census2021-ts067-ward.csv,523.0
2021,The Raynhams,E05011861,2253,436,273,379,166,465,,67,census2021-ts067-ward.csv,467.0
2021,Trunch,E05011862,2256,463,246,354,165,337,,77,census2021-ts067-ward.csv,614.0
2021,Walsingham,E05011863,2173,457,271,344,134,331,,65,census2021-ts067-ward.csv,571.0
2021,Wells with Holkham,E05011864,2030,452,246,255,145,272,,81,census2021-ts067-ward.csv,579.0
2021,Worstead,E05011865,2813,476,304,491,192,558,,76,census2021-ts067-ward.csv,716.0
2021,"Beck Vale, Dickleburgh & Scole",E05011866,5538,1106,629,864,346,951,,145,census2021-ts067-ward.csv,1497.0
2021,Bressingham & Burston,E05011867,2897,538,298,455,185,475,,87,census2021-ts067-ward.csv,859.0
2021,Brooke,E05011868,2883,395,245,408,175,485,,69,census2021-ts067-ward.csv,1106.0
2021,Bunwell,E05011869,2587,472,297,407,156,443,,60,census2021-ts067-ward.csv,752.0
2021,Central Wymondham,E05011870,4733,961,452,712,324,713,,112,census2021-ts067-ward.csv,1459.0
2021,Cringleford,E05011871,4235,398,276,497,122,587,,88,census2021-ts067-ward.csv,2267.0
2021,Diss & Roydon,E05011872,9261,2259,1089,1396,584,1499,,286,census2021-ts067-ward.csv,2148.0
2021,Easton (South Norfolk),E05011874,1643,263,183,273,107,273,,43,census2021-ts067-ward.csv,501.0
2021,Forncett,E05011875,2868,446,275,447,165,496,,69,census2021-ts067-ward.csv,970.0
2021,Hempnall,E05011877,2672,424,294,421,156,492,,71,census2021-ts067-ward.csv,814.0
2021,Hethersett,E05011878,7117,1074,651,1002,370,1269,,184,census2021-ts067-ward.csv,2567.0
2021,Hingham & Deopham,E05011879,2620,520,247,370,142,422,,90,census2021-ts067-ward.csv,829.0
2021,Loddon & Chedgrave,E05011880,4960,975,535,731,313,865,,113,census2021-ts067-ward.csv,1428.0
2021,Mulbarton & Stoke Holy Cross,E05011881,7655,1129,707,1050,435,1384,,175,census2021-ts067-ward.csv,2775.0
2021,New Costessey,E05011882,5221,1276,637,744,432,854,,185,census2021-ts067-ward.csv,1093.0
2021,Newton Flotman,E05011883,2547,407,213,381,176,433,,51,census2021-ts067-ward.csv,886.0
2021,North Wymondham,E05011884,4993,699,489,785,265,960,,121,census2021-ts067-ward.csv,1674.0
2021,Old Costessey,E05011885,8103,971,813,1196,380,1596,,153,census2021-ts067-ward.csv,2994.0
2021,"Poringland, Framinghams & Trowse",E05011886,6679,867,653,992,386,1202,,141,census2021-ts067-ward.csv,2438.0
2021,Rockland,E05011887,2904,464,227,433,143,443,,85,census2021-ts067-ward.csv,1109.0
2021,South Wymondham,E05011888,5008,649,461,789,273,946,,99,census2021-ts067-ward.csv,1791.0
2021,Stratton (South Norfolk),E05011889,3634,661,446,626,265,704,,78,census2021-ts067-ward.csv,854.0
2021,Thurlton,E05011890,2734,430,276,391,216,472,,63,census2021-ts067-ward.csv,886.0
2021,Wicklewood,E05011891,3052,445,275,581,145,497,,82,census2021-ts067-ward.csv,1027.0
2021,Ambrook,E05011892,5510,753,511,861,327,1003,,124,census2021-ts067-ward.csv,1931.0
2021,Ashburton & Buckfastleigh,E05011893,7381,1193,688,971,423,1200,,177,census2021-ts067-ward.csv,2729.0
2021,Bishopsteignton,E05011894,2350,308,230,315,169,305,,77,census2021-ts067-ward.csv,946.0
2021,Bovey,E05011895,6755,1003,690,982,449,1085,,199,census2021-ts067-ward.csv,2347.0
2021,Bradley (Teignbridge),E05011896,6173,877,721,950,396,1237,,179,census2021-ts067-ward.csv,1813.0
2021,Buckland & Milber,E05011897,7314,1430,800,1140,538,1353,,217,census2021-ts067-ward.csv,1836.0
2021,Bushell,E05011898,4876,855,616,815,297,880,,113,census2021-ts067-ward.csv,1300.0
2021,Chudleigh,E05011899,4849,709,461,744,271,806,,101,census2021-ts067-ward.csv,1757.0
2021,College (Teignbridge),E05011900,4601,705,480,727,310,819,,121,census2021-ts067-ward.csv,1439.0
2021,Dawlish North East,E05011901,7505,1313,901,1121,548,1314,,217,census2021-ts067-ward.csv,2091.0
2021,Dawlish South West,E05011902,5296,957,571,741,374,859,,165,census2021-ts067-ward.csv,1629.0
2021,Haytor,E05011903,2116,294,189,304,130,342,,57,census2021-ts067-ward.csv,800.0
2021,Ipplepen,E05011904,2148,305,188,315,156,353,,69,census2021-ts067-ward.csv,762.0
2021,Kenn Valley,E05011905,6879,912,558,925,378,1190,,153,census2021-ts067-ward.csv,2763.0
2021,Kenton & Starcross,E05011906,2536,353,238,379,162,447,,43,census2021-ts067-ward.csv,914.0
2021,Kerswell-with-Combe,E05011907,4755,846,437,706,363,847,,127,census2021-ts067-ward.csv,1429.0
2021,Kingsteignton East,E05011908,5501,819,637,895,385,1094,,156,census2021-ts067-ward.csv,1515.0
2021,Kingsteignton West,E05011909,4958,882,555,790,385,936,,134,census2021-ts067-ward.csv,1276.0
2021,Moretonhampstead,E05011910,2510,308,187,298,126,410,,57,census2021-ts067-ward.csv,1124.0
2021,Shaldon & Stokeinteignhead,E05011911,2151,266,165,298,137,326,,84,census2021-ts067-ward.csv,875.0
2021,Teign Valley,E05011912,4254,608,354,607,237,671,,112,census2021-ts067-ward.csv,1665.0
2021,Teignmouth Central,E05011913,4998,818,500,753,303,890,,166,census2021-ts067-ward.csv,1568.0
2021,Teignmouth East,E05011914,4038,611,360,518,265,589,,137,census2021-ts067-ward.csv,1558.0
2021,Teignmouth West,E05011915,4014,632,445,666,287,777,,104,census2021-ts067-ward.csv,1103.0
2021,Appledore,E05011916,3166,561,353,464,271,536,,72,census2021-ts067-ward.csv,909.0
2021,Bideford East,E05011917,4524,898,549,713,349,908,,111,census2021-ts067-ward.csv,996.0
2021,Bideford North,E05011918,4844,873,584,820,361,855,,131,census2021-ts067-ward.csv,1220.0
2021,Bideford South,E05011919,3095,590,336,501,231,622,,82,census2021-ts067-ward.csv,733.0
2021,Bideford West,E05011920,2319,472,285,402,171,416,,51,census2021-ts067-ward.csv,522.0
2021,Broadheath (Torridge),E05011921,3571,726,392,566,250,623,,107,census2021-ts067-ward.csv,907.0
2021,Great Torrington,E05011922,4770,929,593,774,341,862,,110,census2021-ts067-ward.csv,1161.0
2021,Hartland,E05011923,5153,909,627,829,317,930,,150,census2021-ts067-ward.csv,1391.0
2021,Holsworthy,E05011924,2819,620,359,487,220,476,,99,census2021-ts067-ward.csv,558.0
2021,Milton & Tamarside,E05011925,3574,705,384,582,284,604,,88,census2021-ts067-ward.csv,927.0
2021,Monkleigh & Putford,E05011926,3317,544,347,484,248,549,,110,census2021-ts067-ward.csv,1035.0
2021,Northam,E05011927,4337,790,464,612,336,690,,113,census2021-ts067-ward.csv,1332.0
2021,Shebbear & Langtree,E05011928,3348,641,379,509,223,623,,106,census2021-ts067-ward.csv,867.0
2021,Two Rivers & Three Moors,E05011929,3482,578,372,508,231,614,,117,census2021-ts067-ward.csv,1062.0
2021,Westward Ho!,E05011930,3372,664,366,496,259,514,,131,census2021-ts067-ward.csv,942.0
2021,Winkleigh,E05011931,1856,323,240,319,117,314,,47,census2021-ts067-ward.csv,496.0
2021,Alresford & Elmstead,E05011932,5867,1118,706,907,452,1078,,149,census2021-ts067-ward.csv,1457.0
2021,Ardleigh & Little Bromley,E05011933,2468,399,280,381,129,457,,63,census2021-ts067-ward.csv,759.0
2021,Bluehouse,E05011934,4651,1450,640,767,307,709,,142,census2021-ts067-ward.csv,636.0
2021,Brightlingsea,E05011935,7297,1442,930,1117,536,1246,,233,census2021-ts067-ward.csv,1793.0
2021,Burrsville,E05011936,4512,1511,612,644,313,617,,159,census2021-ts067-ward.csv,656.0
2021,Cann Hall (Tendring),E05011937,5026,1321,735,826,302,891,,146,census2021-ts067-ward.csv,805.0
2021,Coppins,E05011938,5673,1771,784,912,371,883,,167,census2021-ts067-ward.csv,785.0
2021,Dovercourt All Saints,E05011939,5851,1439,860,1024,407,943,,212,census2021-ts067-ward.csv,966.0
2021,Dovercourt Bay,E05011940,2636,592,368,445,148,463,,80,census2021-ts067-ward.csv,540.0
2021,Dovercourt Tollgate,E05011941,2251,577,297,363,161,379,,84,census2021-ts067-ward.csv,390.0
2021,Dovercourt Vines & Parkeston,E05011942,2377,573,366,420,153,427,,78,census2021-ts067-ward.csv,360.0
2021,Eastcliff (Tendring),E05011943,2541,701,316,376,198,407,,105,census2021-ts067-ward.csv,438.0
2021,Frinton,E05011944,4929,1200,601,703,324,665,,199,census2021-ts067-ward.csv,1237.0
2021,Harwich & Kingsway,E05011945,2975,742,431,494,205,453,,95,census2021-ts067-ward.csv,555.0
2021,Homelands,E05011946,3119,995,403,454,227,395,,137,census2021-ts067-ward.csv,508.0
2021,Kirby Cross,E05011947,2840,750,351,437,190,472,,80,census2021-ts067-ward.csv,560.0
2021,Kirby-le-Soken & Hamford,E05011948,2970,673,372,452,213,474,,113,census2021-ts067-ward.csv,673.0
2021,"Lawford, Manningtree & Mistley",E05011949,7205,1249,791,1084,413,1306,,217,census2021-ts067-ward.csv,2145.0
2021,Little Clacton,E05011950,2660,808,342,373,219,391,,88,census2021-ts067-ward.csv,439.0
2021,Pier,E05011951,2147,661,306,315,106,278,,97,census2021-ts067-ward.csv,384.0
2021,St Bartholomew's (Tendring),E05011952,5290,1690,670,763,433,643,,189,census2021-ts067-ward.csv,902.0
2021,St James (Tendring),E05011953,6176,1894,894,933,407,851,,201,census2021-ts067-ward.csv,996.0
2021,St John's (Tendring),E05011954,5709,1755,735,916,401,810,,168,census2021-ts067-ward.csv,924.0
2021,St Osyth,E05011955,4481,1430,583,571,323,647,,154,census2021-ts067-ward.csv,773.0
2021,St Paul's (Tendring),E05011956,2336,641,268,339,132,335,,96,census2021-ts067-ward.csv,525.0
2021,Stour Valley,E05011957,2551,497,291,407,179,402,,69,census2021-ts067-ward.csv,706.0
2021,The Bentleys & Frating,E05011958,2840,465,363,460,202,525,,87,census2021-ts067-ward.csv,738.0
2021,The Oakleys & Wix,E05011959,2564,508,287,404,166,448,,72,census2021-ts067-ward.csv,679.0
2021,"Thorpe, Beaumont & Great Holland",E05011960,2920,592,311,457,223,493,,78,census2021-ts067-ward.csv,766.0
2021,Walton (Tendring),E05011961,2757,713,385,380,190,441,,98,census2021-ts067-ward.csv,550.0
2021,Weeley & Tendring,E05011962,2542,613,297,391,196,422,,64,census2021-ts067-ward.csv,559.0
2021,West Clacton & Jaywick Sands,E05011963,4736,2015,584,563,312,489,,164,census2021-ts067-ward.csv,609.0
2021,Billesdon & Tilton,E05011964,2219,287,180,303,119,345,,59,census2021-ts067-ward.csv,926.0
2021,Bosworth,E05011965,2816,370,244,400,144,507,,55,census2021-ts067-ward.csv,1096.0
2021,Broughton Astley-Primethorpe & Sutton,E05011966,4045,672,426,654,293,752,,106,census2021-ts067-ward.csv,1142.0
2021,Broughton Astley South & Leire,E05011967,4307,426,435,692,302,889,,75,census2021-ts067-ward.csv,1488.0
2021,Dunton,E05011968,2271,288,211,335,159,406,,51,census2021-ts067-ward.csv,821.0
2021,Fleckney,E05011969,4817,733,460,667,328,935,,108,census2021-ts067-ward.csv,1586.0
2021,Glen (Harborough),E05011970,4805,552,386,622,258,723,,116,census2021-ts067-ward.csv,2148.0
2021,Kibworths,E05011971,7051,771,567,955,394,1285,,143,census2021-ts067-ward.csv,2936.0
2021,Lubenham,E05011972,2636,326,248,325,159,496,,81,census2021-ts067-ward.csv,1001.0
2021,Lutterworth East,E05011973,4406,721,456,721,284,750,,118,census2021-ts067-ward.csv,1356.0
2021,Lutterworth West,E05011974,4449,731,463,649,252,737,,102,census2021-ts067-ward.csv,1515.0
2021,Market Harborough-Great Bowden & Arden,E05011975,4917,779,480,658,312,794,,115,census2021-ts067-ward.csv,1779.0
2021,Market Harborough-Little Bowden,E05011976,4598,524,357,631,230,773,,114,census2021-ts067-ward.csv,1969.0
2021,Market Harborough-Logan,E05011977,4807,761,446,629,277,676,,141,census2021-ts067-ward.csv,1877.0
2021,Market Harborough-Welland,E05011978,7176,1075,652,992,454,1266,,166,census2021-ts067-ward.csv,2571.0
2021,Misterton (Harborough),E05011979,2462,265,199,361,138,436,,51,census2021-ts067-ward.csv,1012.0
2021,Nevill,E05011980,2414,268,195,321,115,373,,34,census2021-ts067-ward.csv,1108.0
2021,Thurnby & Houghton,E05011981,7633,1015,626,957,492,1308,,170,census2021-ts067-ward.csv,3065.0
2021,Ullesthorpe,E05011982,2597,372,202,375,122,449,,88,census2021-ts067-ward.csv,989.0
2021,Ault Hucknall,E05011983,5209,1157,576,733,373,924,,136,census2021-ts067-ward.csv,1310.0
2021,Barlborough,E05011984,3473,584,338,528,234,592,,91,census2021-ts067-ward.csv,1106.0
2021,Blackwell,E05011985,3621,896,421,554,248,674,,109,census2021-ts067-ward.csv,719.0
2021,Bolsover East,E05011986,3598,912,378,534,245,639,,80,census2021-ts067-ward.csv,810.0
2021,Bolsover North & Shuttlewood,E05011987,2748,630,319,452,185,527,,78,census2021-ts067-ward.csv,557.0
2021,Bolsover South,E05011988,3738,833,426,569,261,712,,102,census2021-ts067-ward.csv,835.0
2021,Clowne East,E05011989,4628,957,589,750,323,852,,129,census2021-ts067-ward.csv,1028.0
2021,Clowne West,E05011990,2244,452,215,323,152,425,,51,census2021-ts067-ward.csv,626.0
2021,Elmton-with-Creswell,E05011991,5322,1406,615,859,367,867,,120,census2021-ts067-ward.csv,1088.0
2021,Langwith,E05011992,3826,1146,433,627,254,641,,102,census2021-ts067-ward.csv,623.0
2021,Pinxton,E05011993,3577,1116,447,509,238,595,,110,census2021-ts067-ward.csv,562.0
2021,Shirebrook North,E05011994,3980,1299,526,568,294,571,,124,census2021-ts067-ward.csv,598.0
2021,Shirebrook South,E05011995,3930,1079,500,533,315,595,,149,census2021-ts067-ward.csv,759.0
2021,South Normanton East,E05011996,3940,929,486,663,242,708,,87,census2021-ts067-ward.csv,825.0
2021,South Normanton West,E05011997,5609,1165,681,862,357,1122,,143,census2021-ts067-ward.csv,1279.0
2021,Tibshelf,E05011998,3521,700,379,542,204,755,,87,census2021-ts067-ward.csv,854.0
2021,Whitwell,E05011999,3319,761,367,460,225,572,,107,census2021-ts067-ward.csv,827.0
2021,Alston & Hothersall,E05012000,2270,319,221,302,186,434,,46,census2021-ts067-ward.csv,762.0
2021,Billington & Langho,E05012001,2960,428,227,376,256,480,,76,census2021-ts067-ward.csv,1117.0
2021,Bowland,E05012002,1294,186,112,185,60,219,,26,census2021-ts067-ward.csv,506.0
2021,Brockhall & Dinckley,E05012003,1259,94,82,190,67,243,,20,census2021-ts067-ward.csv,563.0
2021,Chatburn,E05012004,1108,147,97,156,79,193,,23,census2021-ts067-ward.csv,413.0
2021,Chipping,E05012005,1220,181,85,155,74,210,,18,census2021-ts067-ward.csv,497.0
2021,Clayton-le-Dale & Salesbury,E05012006,1396,205,79,174,88,211,,37,census2021-ts067-ward.csv,602.0
2021,Derby & Thornley,E05012007,2682,530,277,351,199,487,,50,census2021-ts067-ward.csv,788.0
2021,Dilworth,E05012008,2335,330,152,305,162,432,,51,census2021-ts067-ward.csv,903.0
2021,"East Whalley, Read & Simonstone",E05012009,2248,223,153,314,133,394,,40,census2021-ts067-ward.csv,991.0
2021,Edisford & Low Moor,E05012010,2842,408,264,375,199,502,,64,census2021-ts067-ward.csv,1030.0
2021,Gisburn & Rimington,E05012011,1213,149,112,169,76,219,,22,census2021-ts067-ward.csv,466.0
2021,Hurst Green & Whitewell,E05012012,1281,137,98,212,53,208,,15,census2021-ts067-ward.csv,558.0
2021,Littlemoor,E05012013,2675,447,211,373,190,451,,50,census2021-ts067-ward.csv,953.0
2021,Mellor,E05012014,2364,283,155,321,149,328,,38,census2021-ts067-ward.csv,1090.0
2021,Primrose (Ribble Valley),E05012015,3102,437,285,417,218,600,,52,census2021-ts067-ward.csv,1093.0
2021,Ribchester,E05012016,1294,160,87,162,98,209,,29,census2021-ts067-ward.csv,549.0
2021,Sabden,E05012017,1331,163,92,156,81,270,,31,census2021-ts067-ward.csv,538.0
2021,St Mary's (Ribble Valley),E05012018,2546,377,199,284,175,407,,35,census2021-ts067-ward.csv,1069.0
2021,Salthill,E05012019,2911,404,248,376,199,533,,100,census2021-ts067-ward.csv,1051.0
2021,"Waddington, Bashall Eaves & Mitton",E05012020,1261,193,82,147,125,193,,30,census2021-ts067-ward.csv,491.0
2021,West Bradford & Grindleton,E05012021,1427,164,118,186,108,257,,31,census2021-ts067-ward.csv,563.0
2021,Whalley & Painter Wood,E05012022,2589,266,184,315,171,427,,51,census2021-ts067-ward.csv,1175.0
2021,Whalley Nethertown,E05012023,1170,87,125,151,60,179,,11,census2021-ts067-ward.csv,557.0
2021,Wilpshire & Ramsgreave,E05012024,2815,309,186,354,165,447,,78,census2021-ts067-ward.csv,1276.0
2021,Wiswell & Barrow,E05012025,1861,176,123,237,103,334,,36,census2021-ts067-ward.csv,852.0
2021,Bagshot,E05012026,5967,727,587,811,298,1021,,156,census2021-ts067-ward.csv,2367.0
2021,Bisley & West End,E05012027,8185,933,699,1305,374,1431,,172,census2021-ts067-ward.csv,3271.0
2021,Frimley,E05012028,4235,582,421,600,184,671,,104,census2021-ts067-ward.csv,1673.0
2021,Frimley Green,E05012029,5494,740,598,770,278,965,,123,census2021-ts067-ward.csv,2020.0
2021,Heatherside,E05012030,6029,509,513,923,251,1125,,111,census2021-ts067-ward.csv,2597.0
2021,Lightwater,E05012031,5548,632,545,815,281,944,,145,census2021-ts067-ward.csv,2186.0
2021,Mytchett & Deepcut,E05012032,5864,805,604,848,320,1067,,159,census2021-ts067-ward.csv,2061.0
2021,Old Dean,E05012033,4317,910,532,602,209,700,,149,census2021-ts067-ward.csv,1215.0
2021,Parkside (Surrey Heath),E05012034,4179,476,384,587,176,721,,104,census2021-ts067-ward.csv,1731.0
2021,St Michaels (Surrey Heath),E05012035,4960,793,515,669,220,825,,163,census2021-ts067-ward.csv,1775.0
2021,St Pauls (Surrey Heath),E05012036,4112,359,307,587,127,650,,83,census2021-ts067-ward.csv,1999.0
2021,Town (Surrey Heath),E05012037,4412,636,396,576,144,655,,134,census2021-ts067-ward.csv,1871.0
2021,Watchetts,E05012038,4621,743,475,638,219,677,,152,census2021-ts067-ward.csv,1717.0
2021,Windlesham & Chobham,E05012039,5856,798,499,823,244,926,,120,census2021-ts067-ward.csv,2446.0
2021,Ashover,E05012040,1690,269,135,238,77,277,,39,census2021-ts067-ward.csv,655.0
2021,Barlow & Holmesfield,E05012041,1668,219,162,223,96,316,,37,census2021-ts067-ward.csv,615.0
2021,Brampton & Walton,E05012042,2880,406,226,345,145,454,,71,census2021-ts067-ward.csv,1233.0
2021,Clay Cross North,E05012043,5566,1359,633,830,337,1045,,147,census2021-ts067-ward.csv,1215.0
2021,Clay Cross South,E05012044,3034,904,384,432,182,504,,71,census2021-ts067-ward.csv,557.0
2021,Coal Aston,E05012045,3265,536,300,460,258,586,,100,census2021-ts067-ward.csv,1025.0
2021,Dronfield North,E05012046,2998,583,324,444,214,518,,79,census2021-ts067-ward.csv,836.0
2021,Dronfield South,E05012047,4978,637,492,680,342,982,,105,census2021-ts067-ward.csv,1740.0
2021,Dronfield Woodhouse,E05012048,1594,208,143,217,113,270,,50,census2021-ts067-ward.csv,593.0
2021,Eckington North,E05012049,3351,672,382,483,286,611,,99,census2021-ts067-ward.csv,818.0
2021,Eckington South & Renishaw,E05012050,4994,1223,562,781,317,917,,108,census2021-ts067-ward.csv,1086.0
2021,Gosforth Valley,E05012051,4821,647,475,640,324,845,,126,census2021-ts067-ward.csv,1764.0
2021,Grassmoor,E05012052,3305,750,390,507,228,606,,75,census2021-ts067-ward.csv,749.0
2021,Holmewood & Heath,E05012053,3581,879,403,523,237,627,,110,census2021-ts067-ward.csv,802.0
2021,Killamarsh East,E05012054,3165,702,397,474,253,557,,77,census2021-ts067-ward.csv,705.0
2021,Killamarsh West,E05012055,4532,918,564,694,382,841,,86,census2021-ts067-ward.csv,1047.0
2021,North Wingfield Central,E05012056,4947,1139,527,776,387,890,,121,census2021-ts067-ward.csv,1107.0
2021,Pilsley & Morton,E05012057,4518,955,488,700,296,837,,113,census2021-ts067-ward.csv,1129.0
2021,Ridgeway & Marsh Lane,E05012058,1509,330,143,199,120,235,,34,census2021-ts067-ward.csv,448.0
2021,Shirland,E05012059,5030,1241,567,759,305,849,,109,census2021-ts067-ward.csv,1200.0
2021,Sutton (North East Derbyshire),E05012060,3398,778,346,475,248,619,,77,census2021-ts067-ward.csv,855.0
2021,Tupton,E05012061,4770,863,484,711,318,955,,95,census2021-ts067-ward.csv,1344.0
2021,Unstone,E05012062,1572,337,183,230,107,266,,44,census2021-ts067-ward.csv,405.0
2021,Wingerworth,E05012063,4113,513,394,540,254,723,,109,census2021-ts067-ward.csv,1580.0
2021,Badgeworth,E05012064,2233,372,195,319,119,351,,82,census2021-ts067-ward.csv,795.0
2021,Brockworth East,E05012065,3205,620,398,510,211,522,,124,census2021-ts067-ward.csv,820.0
2021,Brockworth West,E05012066,4299,516,399,651,255,862,,110,census2021-ts067-ward.csv,1506.0
2021,Churchdown Brookfield with Hucclecote,E05012067,5348,609,479,775,273,981,,126,census2021-ts067-ward.csv,2105.0
2021,Churchdown St John's,E05012068,5813,880,582,918,338,1102,,157,census2021-ts067-ward.csv,1836.0
2021,Cleeve Grange,E05012069,2549,350,244,366,174,462,,63,census2021-ts067-ward.csv,890.0
2021,Cleeve Hill,E05012070,4328,451,346,525,207,632,,101,census2021-ts067-ward.csv,2066.0
2021,Cleeve St Michael's,E05012071,4535,582,430,687,284,818,,98,census2021-ts067-ward.csv,1636.0
2021,Cleeve West,E05012072,4010,373,351,589,182,738,,85,census2021-ts067-ward.csv,1692.0
2021,Highnam with Haw Bridge,E05012073,3812,452,335,560,210,669,,82,census2021-ts067-ward.csv,1504.0
2021,Innsworth,E05012074,4378,605,442,578,309,920,,113,census2021-ts067-ward.csv,1411.0
2021,Isbourne,E05012075,3676,459,308,542,167,577,,80,census2021-ts067-ward.csv,1543.0
2021,Northway,E05012076,3984,803,557,698,272,690,,116,census2021-ts067-ward.csv,848.0
2021,Severn Vale North,E05012077,2134,284,187,319,115,365,,28,census2021-ts067-ward.csv,836.0
2021,Severn Vale South,E05012078,2041,282,197,293,132,345,,60,census2021-ts067-ward.csv,732.0
2021,Shurdington,E05012079,2032,249,183,293,107,343,,55,census2021-ts067-ward.csv,802.0
2021,Tewkesbury East,E05012080,4342,477,474,741,240,823,,85,census2021-ts067-ward.csv,1502.0
2021,Tewkesbury North & Twyning,E05012081,4225,646,436,604,299,640,,105,census2021-ts067-ward.csv,1495.0
2021,Tewkesbury South,E05012082,4781,978,576,766,292,722,,128,census2021-ts067-ward.csv,1319.0
2021,Winchcombe,E05012083,5629,728,450,766,246,897,,136,census2021-ts067-ward.csv,2406.0
2021,Andover Downlands,E05012085,4610,433,402,741,191,1119,,84,census2021-ts067-ward.csv,1640.0
2021,Andover Romans,E05012088,7623,973,876,1265,367,1552,,198,census2021-ts067-ward.csv,2392.0
2021,Blackwater,E05012093,5457,699,416,732,281,844,,111,census2021-ts067-ward.csv,2374.0
2021,Harewood (Test Valley),E05012097,2720,296,245,360,119,467,,60,census2021-ts067-ward.csv,1173.0
2021,Mid Test,E05012098,7638,923,617,990,315,1314,,160,census2021-ts067-ward.csv,3319.0
2021,Romsey Abbey,E05012100,4732,839,464,611,238,644,,151,census2021-ts067-ward.csv,1785.0
2021,Romsey Tadburn,E05012102,4991,691,463,653,298,778,,129,census2021-ts067-ward.csv,1979.0
2021,Bitton & Oldland Common,E05012104,7746,1107,851,1245,635,1542,,178,census2021-ts067-ward.csv,2188.0
2021,Boyd Valley,E05012105,7811,1215,758,1136,535,1304,,187,census2021-ts067-ward.csv,2676.0
2021,Bradley Stoke North,E05012106,9004,949,862,1212,541,1618,,252,census2021-ts067-ward.csv,3570.0
2021,Bradley Stoke South,E05012107,7633,680,680,1066,340,1414,,181,census2021-ts067-ward.csv,3272.0
2021,Charfield,E05012108,4419,561,455,756,255,813,,75,census2021-ts067-ward.csv,1504.0
2021,Charlton & Cribbs,E05012109,7190,909,652,950,326,1226,,183,census2021-ts067-ward.csv,2944.0
2021,Chipping Sodbury & Cotswold Edge,E05012110,8411,1143,779,1186,446,1419,,208,census2021-ts067-ward.csv,3230.0
2021,Dodington,E05012111,7865,1143,1083,1383,617,1711,,191,census2021-ts067-ward.csv,1737.0
2021,Emersons Green,E05012112,13296,1384,1220,1942,724,2680,,259,census2021-ts067-ward.csv,5087.0
2021,Filton,E05012113,9645,1362,848,1112,568,2223,,269,census2021-ts067-ward.csv,3263.0
2021,Frampton Cotterell,E05012114,10925,1588,1038,1493,743,2004,,267,census2021-ts067-ward.csv,3792.0
2021,Frenchay & Downend,E05012115,11299,1502,949,1459,652,2017,,264,census2021-ts067-ward.csv,4456.0
2021,Hanham,E05012116,10710,1694,1194,1616,877,2032,,282,census2021-ts067-ward.csv,3015.0
2021,Kingswood (South Gloucestershire),E05012117,7406,1329,840,1048,480,1440,,213,census2021-ts067-ward.csv,2056.0
2021,Longwell Green,E05012118,8281,1325,905,1338,698,1627,,181,census2021-ts067-ward.csv,2207.0
2021,New Cheltenham,E05012119,7327,1295,868,1115,580,1456,,196,census2021-ts067-ward.csv,1817.0
2021,Parkwall & Warmley,E05012120,7674,1326,847,1211,558,1550,,151,census2021-ts067-ward.csv,2031.0
2021,Patchway Coniston,E05012121,4276,935,582,668,287,734,,133,census2021-ts067-ward.csv,937.0
2021,Pilning & Severn Beach,E05012122,4053,751,437,625,294,724,,116,census2021-ts067-ward.csv,1106.0
2021,Severn Vale,E05012123,8057,892,672,1103,448,1314,,171,census2021-ts067-ward.csv,3457.0
2021,Staple Hill & Mangotsfield,E05012124,12076,2157,1377,1653,838,2113,,299,census2021-ts067-ward.csv,3639.0
2021,Stoke Gifford,E05012125,11523,1368,1120,1536,629,2164,,261,census2021-ts067-ward.csv,4445.0
2021,Stoke Park & Cheswick,E05012126,6750,286,239,496,121,3221,,120,census2021-ts067-ward.csv,2267.0
2021,Thornbury,E05012127,11720,1372,1064,1608,636,1980,,294,census2021-ts067-ward.csv,4766.0
2021,Winterbourne,E05012128,6236,891,529,847,420,1085,,169,census2021-ts067-ward.csv,2295.0
2021,Woodstock (South Gloucestershire),E05012129,8376,1703,1042,1285,656,1544,,227,census2021-ts067-ward.csv,1919.0
2021,Yate Central,E05012130,7530,1462,883,1233,557,1408,,245,census2021-ts067-ward.csv,1742.0
2021,Yate North,E05012131,10121,1462,1222,1639,681,2072,,232,census2021-ts067-ward.csv,2813.0
2021,Aldermaston,E05012132,3308,496,333,422,169,539,,86,census2021-ts067-ward.csv,1263.0
2021,Basildon,E05012133,2855,234,179,322,96,409,,57,census2021-ts067-ward.csv,1558.0
2021,Bradfield,E05012134,3437,422,263,667,132,564,,86,census2021-ts067-ward.csv,1303.0
2021,Bucklebury,E05012135,2948,337,257,387,133,473,,54,census2021-ts067-ward.csv,1307.0
2021,Burghfield & Mortimer,E05012136,8587,1021,760,1254,396,1423,,189,census2021-ts067-ward.csv,3544.0
2021,Chieveley & Cold Ash,E05012137,6311,683,466,996,230,1061,,110,census2021-ts067-ward.csv,2765.0
2021,Downlands,E05012138,3109,370,284,457,145,594,,80,census2021-ts067-ward.csv,1179.0
2021,Hungerford & Kintbury,E05012139,9480,1423,954,1356,498,1533,,241,census2021-ts067-ward.csv,3475.0
2021,Lambourn,E05012140,3516,638,386,502,238,623,,75,census2021-ts067-ward.csv,1054.0
2021,Newbury Central,E05012141,6204,995,516,777,274,885,,150,census2021-ts067-ward.csv,2607.0
2021,Newbury Clay Hill,E05012142,6117,1110,704,878,333,993,,172,census2021-ts067-ward.csv,1927.0
2021,Newbury Greenham,E05012143,10349,1285,1033,1384,477,1757,,253,census2021-ts067-ward.csv,4160.0
2021,Newbury Speen,E05012144,6315,1098,679,829,297,953,,170,census2021-ts067-ward.csv,2289.0
2021,Newbury Wash Common,E05012145,7364,891,608,1022,385,1191,,171,census2021-ts067-ward.csv,3096.0
2021,Pangbourne,E05012146,3078,301,233,434,128,424,,69,census2021-ts067-ward.csv,1489.0
2021,Ridgeway (West Berkshire),E05012147,3327,369,254,471,149,578,,68,census2021-ts067-ward.csv,1438.0
2021,Thatcham Central,E05012148,5828,893,664,916,332,1122,,135,census2021-ts067-ward.csv,1766.0
2021,Thatcham Colthrop & Crookham,E05012149,2810,430,315,432,158,459,,68,census2021-ts067-ward.csv,948.0
2021,Thatcham North East,E05012150,6131,958,755,982,337,1133,,132,census2021-ts067-ward.csv,1834.0
2021,Thatcham West,E05012151,5989,1003,731,905,413,1178,,149,census2021-ts067-ward.csv,1610.0
2021,Theale,E05012152,2523,440,258,369,136,450,,48,census2021-ts067-ward.csv,822.0
2021,Tilehurst & Purley,E05012153,8705,1091,860,1286,547,1599,,198,census2021-ts067-ward.csv,3124.0
2021,Tilehurst Birch Copse,E05012154,6381,1147,789,990,455,1052,,174,census2021-ts067-ward.csv,1774.0
2021,Tilehurst South & Holybrook,E05012155,6058,846,702,916,329,1054,,165,census2021-ts067-ward.csv,2046.0
2021,Berry Hill (Forest of Dean),E05012156,3681,749,373,575,278,642,,101,census2021-ts067-ward.csv,963.0
2021,Bream,E05012157,4089,772,407,639,327,735,,107,census2021-ts067-ward.csv,1102.0
2021,Cinderford East,E05012158,3630,823,417,590,234,685,,115,census2021-ts067-ward.csv,766.0
2021,Cinderford West,E05012159,3574,946,440,597,269,583,,100,census2021-ts067-ward.csv,639.0
2021,Coleford,E05012160,6408,1422,712,1018,425,1117,,165,census2021-ts067-ward.csv,1549.0
2021,Dymock,E05012161,1683,241,156,216,88,278,,29,census2021-ts067-ward.csv,675.0
2021,Hartpury & Redmarley,E05012162,4650,494,343,1015,184,1047,,87,census2021-ts067-ward.csv,1480.0
2021,Longhope & Huntley,E05012163,3375,548,327,479,225,588,,104,census2021-ts067-ward.csv,1104.0
2021,Lydbrook,E05012164,1876,350,208,255,129,313,,42,census2021-ts067-ward.csv,579.0
2021,Lydney East,E05012165,5265,1029,684,902,329,969,,161,census2021-ts067-ward.csv,1191.0
2021,Lydney North,E05012166,1531,276,184,279,124,271,,42,census2021-ts067-ward.csv,355.0
2021,Lydney West & Aylburton,E05012167,2052,391,227,318,142,345,,51,census2021-ts067-ward.csv,578.0
2021,"Mitcheldean, Ruardean & Drybrook",E05012168,6128,1095,703,971,452,1111,,158,census2021-ts067-ward.csv,1638.0
2021,Newent & Taynton,E05012169,5558,1059,609,734,330,851,,167,census2021-ts067-ward.csv,1808.0
2021,Newland & Sling,E05012170,2128,401,174,301,126,357,,57,census2021-ts067-ward.csv,712.0
2021,Newnham (Forest of Dean),E05012171,4027,692,376,590,214,687,,90,census2021-ts067-ward.csv,1378.0
2021,Pillowell,E05012172,1653,306,189,249,115,270,,51,census2021-ts067-ward.csv,473.0
2021,Ruspidge,E05012173,2007,357,229,330,160,383,,61,census2021-ts067-ward.csv,487.0
2021,St. Briavels,E05012174,2015,289,168,258,114,308,,55,census2021-ts067-ward.csv,823.0
2021,Tidenham,E05012175,5945,858,547,848,350,1025,,139,census2021-ts067-ward.csv,2178.0
2021,Westbury-on-Severn,E05012176,1771,328,177,262,105,297,,55,census2021-ts067-ward.csv,547.0
2021,Aldenham East,E05012177,4025,377,216,510,115,486,,89,census2021-ts067-ward.csv,2232.0
2021,Aldenham West,E05012178,4130,572,332,523,158,571,,84,census2021-ts067-ward.csv,1890.0
2021,Bentley Heath & The Royds,E05012179,5054,936,479,650,258,785,,148,census2021-ts067-ward.csv,1798.0
2021,Borehamwood Brookmeadow,E05012180,6806,1264,719,864,302,938,,202,census2021-ts067-ward.csv,2517.0
2021,Borehamwood Cowley Hill,E05012181,7397,1603,858,1002,368,1051,,232,census2021-ts067-ward.csv,2283.0
2021,Borehamwood Hillside,E05012182,6670,1208,552,812,305,918,,189,census2021-ts067-ward.csv,2686.0
2021,Borehamwood Kenilworth,E05012183,7401,1201,786,1021,329,1176,,236,census2021-ts067-ward.csv,2652.0
2021,Bushey Heath,E05012184,4501,778,361,592,188,540,,151,census2021-ts067-ward.csv,1891.0
2021,Bushey North,E05012185,6357,811,565,833,274,1006,,169,census2021-ts067-ward.csv,2699.0
2021,Bushey Park,E05012186,5806,763,506,759,266,883,,153,census2021-ts067-ward.csv,2476.0
2021,Bushey St James,E05012187,6126,877,527,872,315,937,,159,census2021-ts067-ward.csv,2439.0
2021,Elstree,E05012188,4047,525,291,493,118,520,,104,census2021-ts067-ward.csv,1996.0
2021,Potters Bar Furzefield,E05012189,4640,756,492,607,222,830,,127,census2021-ts067-ward.csv,1606.0
2021,Potters Bar Oakmere,E05012190,4681,848,500,644,224,768,,138,census2021-ts067-ward.csv,1559.0
2021,Potters Bar Parkfield,E05012191,4244,600,318,563,197,674,,123,census2021-ts067-ward.csv,1769.0
2021,Shenley,E05012192,4306,657,417,651,187,659,,94,census2021-ts067-ward.csv,1641.0
2021,Ashton (Preston),E05012193,7245,1113,619,882,473,1317,,186,census2021-ts067-ward.csv,2655.0
2021,Brookfield (Preston),E05012194,6267,1686,744,887,420,972,,176,census2021-ts067-ward.csv,1382.0
2021,Cadley,E05012195,6983,1287,630,884,485,1152,,211,census2021-ts067-ward.csv,2334.0
2021,City Centre,E05012196,10669,1612,682,1087,349,2811,,319,census2021-ts067-ward.csv,3809.0
2021,Deepdale,E05012197,7310,2118,861,996,249,1123,,285,census2021-ts067-ward.csv,1678.0
2021,Fishwick & Frenchwood,E05012198,7074,1909,829,984,318,1035,,320,census2021-ts067-ward.csv,1679.0
2021,Garrison,E05012199,7397,1049,580,938,380,1333,,159,census2021-ts067-ward.csv,2958.0
2021,Greyfriars (Preston),E05012200,6798,956,557,794,392,1075,,167,census2021-ts067-ward.csv,2857.0
2021,Ingol & Cottam,E05012201,7438,1289,699,1055,469,1292,,169,census2021-ts067-ward.csv,2465.0
2021,Lea & Larches,E05012202,7318,1525,817,1117,489,1369,,162,census2021-ts067-ward.csv,1839.0
2021,Plungington,E05012203,9732,1573,753,1135,427,2720,,283,census2021-ts067-ward.csv,2841.0
2021,Preston Rural East,E05012204,6886,916,524,885,392,1233,,154,census2021-ts067-ward.csv,2782.0
2021,Preston Rural North,E05012205,5684,558,379,713,285,1039,,103,census2021-ts067-ward.csv,2607.0
2021,Ribbleton,E05012206,6900,1999,831,1036,448,1069,,221,census2021-ts067-ward.csv,1296.0
2021,St Matthew's (Preston),E05012207,8209,2466,1033,1062,461,1096,,385,census2021-ts067-ward.csv,1706.0
2021,Sharoe Green,E05012208,6759,1023,605,788,372,1029,,189,census2021-ts067-ward.csv,2753.0
2021,Blacon,E05012209,11128,2883,1413,1802,702,1806,,308,census2021-ts067-ward.csv,2214.0
2021,Central & Grange,E05012210,9741,2252,1301,1595,509,1786,,232,census2021-ts067-ward.csv,2066.0
2021,Chester City & the Garden Quarter,E05012211,17066,1763,880,1590,550,4597,,332,census2021-ts067-ward.csv,7354.0
2021,Christleton & Huntington,E05012212,9206,848,580,1180,413,1479,,166,census2021-ts067-ward.csv,4540.0
2021,"Davenham, Moulton & Kingsmead",E05012213,8877,942,713,1205,418,1647,,187,census2021-ts067-ward.csv,3765.0
2021,Farndon,E05012214,3978,427,294,596,200,647,,81,census2021-ts067-ward.csv,1733.0
2021,Frodsham,E05012215,7810,1085,612,1081,402,1188,,175,census2021-ts067-ward.csv,3267.0
2021,Gowy Rural,E05012216,7697,1145,700,1009,383,1296,,176,census2021-ts067-ward.csv,2988.0
2021,Great Boughton,E05012217,9081,1257,691,1123,527,1387,,230,census2021-ts067-ward.csv,3866.0
2021,Handbridge Park,E05012218,8055,893,560,945,318,1006,,202,census2021-ts067-ward.csv,4131.0
2021,Hartford & Greenbank,E05012219,7268,778,572,964,315,1131,,143,census2021-ts067-ward.csv,3365.0
2021,Helsby,E05012220,4458,606,347,584,238,764,,111,census2021-ts067-ward.csv,1808.0
2021,Lache,E05012221,4651,958,498,622,235,749,,121,census2021-ts067-ward.csv,1468.0
2021,Ledsham & Manor,E05012222,7959,896,724,1144,480,1673,,167,census2021-ts067-ward.csv,2875.0
2021,Little Neston,E05012223,4138,482,371,515,268,731,,99,census2021-ts067-ward.csv,1672.0
2021,Malpas (Cheshire West and Chester),E05012224,4103,662,382,564,233,674,,110,census2021-ts067-ward.csv,1478.0
2021,Marbury,E05012225,10913,1788,981,1541,680,1911,,251,census2021-ts067-ward.csv,3761.0
2021,Neston,E05012226,4674,878,460,632,301,820,,106,census2021-ts067-ward.csv,1477.0
2021,Netherpool,E05012227,4644,959,486,694,296,890,,134,census2021-ts067-ward.csv,1185.0
2021,Newton & Hoole,E05012228,12313,1777,969,1457,590,1882,,254,census2021-ts067-ward.csv,5384.0
2021,Northwich Leftwich,E05012229,3973,877,475,603,203,691,,86,census2021-ts067-ward.csv,1038.0
2021,Northwich Winnington & Castle,E05012230,7347,882,722,1041,383,1618,,172,census2021-ts067-ward.csv,2529.0
2021,Northwich Witton,E05012231,4192,932,487,622,287,730,,105,census2021-ts067-ward.csv,1029.0
2021,Parkgate,E05012232,4317,439,317,517,231,769,,85,census2021-ts067-ward.csv,1959.0
2021,Rudheath,E05012233,4709,967,579,675,323,956,,122,census2021-ts067-ward.csv,1087.0
2021,Sandstone,E05012234,4228,500,289,497,191,659,,92,census2021-ts067-ward.csv,2000.0
2021,Saughall & Mollington,E05012235,4437,658,340,565,262,709,,116,census2021-ts067-ward.csv,1787.0
2021,Shakerley,E05012236,4447,729,450,611,313,722,,123,census2021-ts067-ward.csv,1499.0
2021,Strawberry,E05012237,4456,701,468,664,304,904,,115,census2021-ts067-ward.csv,1300.0
2021,Sutton Villages,E05012238,8933,1794,1100,1483,620,1720,,248,census2021-ts067-ward.csv,1968.0
2021,Tarporley,E05012239,4282,536,305,582,212,656,,102,census2021-ts067-ward.csv,1889.0
2021,Tarvin & Kelsall,E05012240,7757,1073,577,919,397,1177,,164,census2021-ts067-ward.csv,3450.0
2021,Tattenhall,E05012241,4194,534,328,557,187,623,,94,census2021-ts067-ward.csv,1871.0
2021,Upton (Cheshire West and Chester),E05012242,8349,1051,685,985,400,1440,,192,census2021-ts067-ward.csv,3596.0
2021,Weaver & Cuddington,E05012243,12460,1834,1081,1671,642,2062,,256,census2021-ts067-ward.csv,4914.0
2021,Westminster,E05012244,4323,958,502,699,216,802,,112,census2021-ts067-ward.csv,1034.0
2021,Whitby Groves,E05012245,3599,499,364,571,229,683,,85,census2021-ts067-ward.csv,1168.0
2021,Whitby Park,E05012246,4445,822,431,732,289,914,,115,census2021-ts067-ward.csv,1142.0
2021,Willaston & Thornton,E05012247,4426,449,311,512,238,723,,112,census2021-ts067-ward.csv,2081.0
2021,Winsford Dene,E05012248,4406,1039,528,644,271,849,,108,census2021-ts067-ward.csv,967.0
2021,Winsford Gravel,E05012249,3561,846,420,507,272,638,,91,census2021-ts067-ward.csv,787.0
2021,Winsford Over & Verdin,E05012250,12105,2434,1436,1964,652,2176,,278,census2021-ts067-ward.csv,3165.0
2021,Winsford Swanlow,E05012251,3761,786,475,523,233,656,,96,census2021-ts067-ward.csv,992.0
2021,Winsford Wharton,E05012252,4394,1001,618,735,260,777,,101,census2021-ts067-ward.csv,902.0
2021,Wolverham,E05012253,4480,1147,647,740,238,739,,135,census2021-ts067-ward.csv,834.0
2021,Barton with Watcombe,E05012254,9687,1880,1210,1620,705,1785,,259,census2021-ts067-ward.csv,2228.0
2021,Churston with Galmpton,E05012255,6069,979,655,923,452,1028,,225,census2021-ts067-ward.csv,1807.0
2021,Clifton with Maidenway,E05012256,6660,1244,824,1032,526,1293,,188,census2021-ts067-ward.csv,1553.0
2021,Cockington with Chelston,E05012257,6911,1134,718,1069,459,1210,,176,census2021-ts067-ward.csv,2145.0
2021,Collaton St Mary,E05012258,2635,487,327,407,179,512,,63,census2021-ts067-ward.csv,660.0
2021,Ellacombe,E05012259,6761,1329,830,1050,484,1318,,176,census2021-ts067-ward.csv,1574.0
2021,Furzeham with Summercombe,E05012260,8694,1755,986,1287,716,1426,,291,census2021-ts067-ward.csv,2233.0
2021,Goodrington with Roselands,E05012261,6392,1288,776,941,552,1118,,203,census2021-ts067-ward.csv,1514.0
2021,King's Ash,E05012262,6052,1199,830,1061,392,1135,,176,census2021-ts067-ward.csv,1259.0
2021,Preston (Torbay),E05012263,9021,1783,983,1275,711,1588,,256,census2021-ts067-ward.csv,2425.0
2021,Roundham with Hyde,E05012264,7705,1995,949,1202,571,1189,,243,census2021-ts067-ward.csv,1556.0
2021,St Marychurch,E05012265,10567,2264,1261,1612,772,1793,,319,census2021-ts067-ward.csv,2546.0
2021,St Peter's with St Mary's,E05012266,5920,1111,637,918,490,1026,,192,census2021-ts067-ward.csv,1546.0
2021,Shiphay,E05012267,6435,1107,694,1009,515,1207,,154,census2021-ts067-ward.csv,1749.0
2021,Tormohun,E05012268,10895,2292,1369,1768,705,1703,,380,census2021-ts067-ward.csv,2678.0
2021,Wellswood,E05012269,6631,1290,648,922,458,897,,260,census2021-ts067-ward.csv,2156.0
2021,Aspley,E05012270,13248,3680,1682,2191,670,1891,,452,census2021-ts067-ward.csv,2682.0
2021,Basford,E05012271,12961,3045,1394,1881,761,2290,,370,census2021-ts067-ward.csv,3220.0
2021,Berridge,E05012272,14066,2969,1326,1541,544,2352,,408,census2021-ts067-ward.csv,4926.0
2021,Bestwood,E05012273,13154,3516,1683,1914,755,1933,,401,census2021-ts067-ward.csv,2952.0
2021,Bilborough,E05012274,13260,3819,1551,1864,629,1932,,460,census2021-ts067-ward.csv,3005.0
2021,Bulwell,E05012275,12523,3812,1558,1974,774,1816,,328,census2021-ts067-ward.csv,2261.0
2021,Bulwell Forest,E05012276,11317,2804,1296,1650,713,1949,,361,census2021-ts067-ward.csv,2544.0
2021,Castle (Nottingham),E05012277,10414,481,244,572,166,2944,,200,census2021-ts067-ward.csv,5807.0
2021,Clifton East,E05012278,13479,3548,1777,2106,761,2306,,383,census2021-ts067-ward.csv,2598.0
2021,Clifton West,E05012279,9153,1599,796,1057,493,2434,,225,census2021-ts067-ward.csv,2549.0
2021,Dales,E05012280,13353,3116,1405,1808,614,2170,,453,census2021-ts067-ward.csv,3787.0
2021,Hyson Green & Arboretum,E05012281,19939,3186,1296,1521,519,8226,,559,census2021-ts067-ward.csv,4632.0
2021,Leen Valley,E05012282,7651,1778,756,988,330,1114,,240,census2021-ts067-ward.csv,2445.0
2021,Lenton & Wollaton East,E05012283,20063,1618,649,947,317,11317,,311,census2021-ts067-ward.csv,4904.0
2021,Mapperley,E05012284,13676,2196,1073,1541,572,2444,,343,census2021-ts067-ward.csv,5507.0
2021,Meadows,E05012285,8667,1715,790,1004,356,1408,,242,census2021-ts067-ward.csv,3152.0
2021,Radford (Nottingham),E05012286,15225,1459,529,730,200,8744,,276,census2021-ts067-ward.csv,3287.0
2021,St. Ann's (Nottingham),E05012287,17051,3399,1355,1690,629,5372,,466,census2021-ts067-ward.csv,4140.0
2021,Sherwood (Nottingham),E05012288,13063,2098,1107,1504,535,1955,,320,census2021-ts067-ward.csv,5544.0
2021,Wollaton West,E05012289,12062,1715,830,1363,497,1640,,284,census2021-ts067-ward.csv,5733.0
2021,Alton Amery,E05012290,2178,298,192,340,141,426,,49,census2021-ts067-ward.csv,732.0
2021,Alton Ashdell,E05012291,2043,209,188,307,82,356,,51,census2021-ts067-ward.csv,850.0
2021,Alton Eastbrooke,E05012292,2336,527,273,343,106,402,,57,census2021-ts067-ward.csv,628.0
2021,Alton Holybourne,E05012293,2375,316,224,348,91,399,,70,census2021-ts067-ward.csv,927.0
2021,Alton Westbrooke,E05012294,2454,365,203,347,123,421,,72,census2021-ts067-ward.csv,923.0
2021,Alton Whitedown,E05012295,1933,250,153,280,99,337,,38,census2021-ts067-ward.csv,776.0
2021,Alton Wooteys,E05012296,2775,444,326,415,140,517,,78,census2021-ts067-ward.csv,855.0
2021,Bentworth & Froyle,E05012297,2331,185,159,336,71,444,,23,census2021-ts067-ward.csv,1113.0
2021,"Binsted, Bentley & Selborne",E05012298,5042,517,324,709,193,790,,114,census2021-ts067-ward.csv,2395.0
2021,Bramshott & Liphook,E05012299,7901,989,676,1052,376,1325,,194,census2021-ts067-ward.csv,3289.0
2021,Buriton & East Meon,E05012300,2308,240,155,306,93,425,,51,census2021-ts067-ward.csv,1038.0
2021,Clanfield,E05012301,4844,534,405,761,258,950,,93,census2021-ts067-ward.csv,1843.0
2021,Four Marks & Medstead,E05012302,6814,705,567,944,276,1201,,143,census2021-ts067-ward.csv,2978.0
2021,"Froxfield, Sheet & Steep",E05012303,2689,237,153,485,62,440,,45,census2021-ts067-ward.csv,1267.0
2021,Grayshott,E05012304,2306,305,156,308,98,386,,52,census2021-ts067-ward.csv,1001.0
2021,Headley,E05012305,4744,661,419,660,207,729,,103,census2021-ts067-ward.csv,1965.0
2021,Horndean Catherington,E05012306,2385,233,188,356,138,466,,54,census2021-ts067-ward.csv,950.0
2021,Horndean Downs,E05012307,2625,337,262,390,145,576,,61,census2021-ts067-ward.csv,854.0
2021,Horndean Kings & Blendworth,E05012308,4153,623,414,608,301,777,,137,census2021-ts067-ward.csv,1293.0
2021,Horndean Murray,E05012309,2139,346,232,349,129,409,,44,census2021-ts067-ward.csv,630.0
2021,Lindford,E05012310,2261,318,256,372,146,464,,41,census2021-ts067-ward.csv,664.0
2021,Liss,E05012311,5322,860,443,731,263,848,,119,census2021-ts067-ward.csv,2058.0
2021,Petersfield Bell Hill,E05012312,2243,299,203,303,106,358,,51,census2021-ts067-ward.csv,923.0
2021,Petersfield Causeway,E05012313,2754,439,260,424,141,440,,52,census2021-ts067-ward.csv,998.0
2021,Petersfield Heath,E05012314,2377,253,214,332,89,440,,59,census2021-ts067-ward.csv,990.0
2021,Petersfield St Peter's,E05012315,4725,610,351,567,198,733,,105,census2021-ts067-ward.csv,2161.0
2021,"Ropley, Hawkley & Hangers",E05012316,2432,230,179,368,97,403,,52,census2021-ts067-ward.csv,1103.0
2021,Rowlands Castle,E05012317,2738,313,198,330,118,417,,53,census2021-ts067-ward.csv,1309.0
2021,Whitehill Chase,E05012318,5293,933,652,834,309,1043,,182,census2021-ts067-ward.csv,1340.0
2021,Whitehill Hogmoor & Greatham,E05012319,5095,801,466,782,297,1033,,147,census2021-ts067-ward.csv,1569.0
2021,Whitehill Pinewood,E05012320,2217,229,185,367,101,520,,30,census2021-ts067-ward.csv,785.0
2021,Airfield,E05012321,4905,812,457,707,288,1184,,127,census2021-ts067-ward.csv,1330.0
2021,Bircham with Rudhams,E05012322,2217,427,237,302,133,361,,71,census2021-ts067-ward.csv,686.0
2021,Brancaster,E05012323,1954,374,189,283,124,276,,55,census2021-ts067-ward.csv,653.0
2021,Burnham Market & Docking,E05012324,2205,499,219,324,148,299,,57,census2021-ts067-ward.csv,659.0
2021,Clenchwarton,E05012325,2385,599,287,362,170,425,,85,census2021-ts067-ward.csv,457.0
2021,Denver,E05012326,2064,464,267,323,156,332,,67,census2021-ts067-ward.csv,455.0
2021,Dersingham,E05012327,5248,1240,633,789,391,809,,197,census2021-ts067-ward.csv,1189.0
2021,Downham Old Town,E05012328,2630,588,351,406,135,361,,91,census2021-ts067-ward.csv,698.0
2021,East Downham,E05012329,2522,399,321,410,156,495,,72,census2021-ts067-ward.csv,669.0
2021,Emneth & Outwell,E05012330,4286,1142,512,700,264,683,,144,census2021-ts067-ward.csv,841.0
2021,Fairstead,E05012331,5166,1275,727,774,246,709,,210,census2021-ts067-ward.csv,1225.0
2021,Feltwell,E05012332,5133,1444,626,692,337,813,,166,census2021-ts067-ward.csv,1055.0
2021,Gayton & Grimston,E05012333,5041,1046,574,795,318,908,,156,census2021-ts067-ward.csv,1244.0
2021,Gaywood Chase,E05012334,2074,472,221,298,107,350,,66,census2021-ts067-ward.csv,560.0
2021,Gaywood Clock,E05012335,2619,773,372,379,166,375,,96,census2021-ts067-ward.csv,458.0
2021,Gaywood North Bank,E05012336,7110,1513,877,1187,487,1388,,227,census2021-ts067-ward.csv,1431.0
2021,Heacham,E05012337,4643,1163,568,674,383,658,,138,census2021-ts067-ward.csv,1059.0
2021,Hunstanton,E05012338,3807,1002,484,603,267,499,,138,census2021-ts067-ward.csv,814.0
2021,Massingham with Castle Acre,E05012339,2653,530,265,395,153,402,,64,census2021-ts067-ward.csv,844.0
2021,Methwold,E05012340,2395,553,253,369,127,406,,87,census2021-ts067-ward.csv,600.0
2021,North Downham,E05012341,2177,528,246,363,165,324,,92,census2021-ts067-ward.csv,459.0
2021,North Lynn,E05012342,5254,1676,872,737,295,619,,233,census2021-ts067-ward.csv,822.0
2021,St. Margaret's with St. Nicholas,E05012343,4830,1231,625,695,260,686,,164,census2021-ts067-ward.csv,1169.0
2021,Snettisham,E05012344,2359,598,283,339,166,352,,71,census2021-ts067-ward.csv,550.0
2021,South & West Lynn,E05012345,4091,1061,549,668,237,624,,169,census2021-ts067-ward.csv,783.0
2021,South Downham,E05012346,2176,634,249,291,171,294,,99,census2021-ts067-ward.csv,438.0
2021,Springwood,E05012347,2407,384,244,353,143,393,,75,census2021-ts067-ward.csv,815.0
2021,Terrington,E05012348,5035,1255,611,757,343,906,,158,census2021-ts067-ward.csv,1005.0
2021,The Woottons,E05012349,5767,939,589,877,356,1031,,162,census2021-ts067-ward.csv,1813.0
2021,"Tilney, Mershe Lande & Wiggenhall",E05012350,4427,1059,537,706,272,783,,130,census2021-ts067-ward.csv,940.0
2021,Upwell & Delph,E05012351,5336,1330,651,809,346,897,,163,census2021-ts067-ward.csv,1140.0
2021,"Walsoken, West Walton & Walpole",E05012352,5066,1276,631,808,350,870,,141,census2021-ts067-ward.csv,990.0
2021,Watlington (King's Lynn and West Norfolk),E05012353,2310,407,284,393,142,449,,70,census2021-ts067-ward.csv,565.0
2021,West Winch,E05012354,4263,898,528,615,289,793,,121,census2021-ts067-ward.csv,1019.0
2021,Wissey,E05012355,2338,546,255,323,134,413,,66,census2021-ts067-ward.csv,601.0
2021,Bean & Village Park,E05012392,2147,403,234,330,121,395,,72,census2021-ts067-ward.csv,592.0
2021,Brent (Dartford),E05012393,4839,843,560,807,299,799,,149,census2021-ts067-ward.csv,1382.0
2021,Bridge (Dartford),E05012394,2821,174,194,319,95,434,,59,census2021-ts067-ward.csv,1546.0
2021,Burnham,E05012395,2536,390,249,392,140,408,,47,census2021-ts067-ward.csv,910.0
2021,Darenth,E05012396,2426,488,305,352,146,406,,124,census2021-ts067-ward.csv,605.0
2021,Ebbsfleet,E05012397,3418,216,235,423,103,596,,57,census2021-ts067-ward.csv,1788.0
2021,Greenhithe & Knockhall,E05012398,5855,769,539,912,289,1049,,144,census2021-ts067-ward.csv,2153.0
2021,Heath (Dartford),E05012399,4679,627,505,776,309,825,,123,census2021-ts067-ward.csv,1514.0
2021,Joyden's Wood,E05012400,4346,822,495,695,280,703,,145,census2021-ts067-ward.csv,1206.0
2021,"Longfield, New Barn & Southfleet",E05012401,5724,922,599,926,379,1007,,191,census2021-ts067-ward.csv,1700.0
2021,Maypole & Leyton Cross,E05012402,2415,294,254,418,101,432,,76,census2021-ts067-ward.csv,840.0
2021,Newtown (Dartford),E05012403,4633,841,537,696,256,739,,113,census2021-ts067-ward.csv,1451.0
2021,Princes,E05012404,4690,1015,634,718,284,727,,165,census2021-ts067-ward.csv,1147.0
2021,Stone Castle,E05012405,6097,799,649,935,335,1165,,143,census2021-ts067-ward.csv,2071.0
2021,Stone House,E05012406,5083,917,599,778,280,837,,128,census2021-ts067-ward.csv,1544.0
2021,Swanscombe,E05012407,5368,1174,761,870,338,855,,153,census2021-ts067-ward.csv,1217.0
2021,Temple Hill,E05012408,7006,1563,929,1100,400,1056,,199,census2021-ts067-ward.csv,1759.0
2021,Town (Dartford),E05012409,3748,418,245,401,114,503,,83,census2021-ts067-ward.csv,1984.0
2021,West Hill (Dartford),E05012410,6415,897,758,972,320,1048,,164,census2021-ts067-ward.csv,2256.0
2021,"Wilmington, Sutton-at-Hone & Hawley",E05012411,6452,1147,727,1027,463,1202,,189,census2021-ts067-ward.csv,1697.0
2021,Barnstaple Central,E05012412,2343,531,302,331,125,356,,58,census2021-ts067-ward.csv,640.0
2021,Barnstaple with Pilton,E05012413,6476,1175,808,1016,445,1126,,164,census2021-ts067-ward.csv,1742.0
2021,Barnstaple with Westacott,E05012414,5936,1301,744,1037,403,1135,,116,census2021-ts067-ward.csv,1200.0
2021,Bickington,E05012415,5741,1038,652,921,385,1072,,135,census2021-ts067-ward.csv,1538.0
2021,Bishop's Nympton,E05012416,1872,309,209,281,121,333,,46,census2021-ts067-ward.csv,573.0
2021,Bratton Fleming,E05012417,2030,312,199,329,110,353,,52,census2021-ts067-ward.csv,675.0
2021,Braunton East,E05012418,4028,583,359,563,300,690,,114,census2021-ts067-ward.csv,1419.0
2021,Braunton West & Georgeham,E05012419,3937,624,371,578,300,684,,109,census2021-ts067-ward.csv,1271.0
2021,Chittlehampton,E05012420,1982,302,236,302,132,327,,45,census2021-ts067-ward.csv,638.0
2021,Chulmleigh,E05012421,1821,315,196,301,99,304,,51,census2021-ts067-ward.csv,555.0
2021,Combe Martin,E05012422,2251,435,245,326,164,375,,70,census2021-ts067-ward.csv,636.0
2021,Fremington,E05012423,4396,865,412,637,332,782,,118,census2021-ts067-ward.csv,1250.0
2021,Heanton Punchardon,E05012424,2276,294,233,354,127,526,,67,census2021-ts067-ward.csv,675.0
2021,Ilfracombe East,E05012425,5573,1108,740,843,409,902,,163,census2021-ts067-ward.csv,1408.0
2021,Ilfracombe West,E05012426,3695,683,455,591,255,652,,95,census2021-ts067-ward.csv,964.0
2021,Instow,E05012427,1908,280,167,268,124,321,,58,census2021-ts067-ward.csv,690.0
2021,Landkey,E05012428,3795,604,381,583,230,677,,93,census2021-ts067-ward.csv,1227.0
2021,Lynton & Lynmouth,E05012429,1846,297,202,260,107,313,,37,census2021-ts067-ward.csv,630.0
2021,Marwood,E05012430,2066,299,225,335,158,334,,42,census2021-ts067-ward.csv,673.0
2021,Mortehoe,E05012431,1727,235,169,255,114,306,,50,census2021-ts067-ward.csv,598.0
2021,Newport (North Devon),E05012432,4116,714,432,649,234,762,,114,census2021-ts067-ward.csv,1211.0
2021,North Molton,E05012433,1939,307,191,355,123,351,,40,census2021-ts067-ward.csv,572.0
2021,Roundswell,E05012434,3101,558,315,438,267,574,,98,census2021-ts067-ward.csv,851.0
2021,South Molton,E05012435,5235,997,651,864,365,979,,127,census2021-ts067-ward.csv,1252.0
2021,Witheridge,E05012436,2092,427,207,328,123,365,,72,census2021-ts067-ward.csv,570.0
2021,Belmont (Redcar and Cleveland),E05012437,3803,504,311,525,303,801,,77,census2021-ts067-ward.csv,1282.0
2021,Brotton,E05012438,5605,1377,592,819,471,1112,,132,census2021-ts067-ward.csv,1102.0
2021,Coatham,E05012439,4149,1051,421,576,306,722,,133,census2021-ts067-ward.csv,940.0
2021,Dormanstown,E05012440,3712,984,440,550,277,692,,91,census2021-ts067-ward.csv,678.0
2021,Eston,E05012441,6048,1712,701,872,430,1062,,168,census2021-ts067-ward.csv,1103.0
2021,Grangetown (Redcar and Cleveland),E05012442,4603,1503,561,781,268,709,,109,census2021-ts067-ward.csv,672.0
2021,Guisborough,E05012443,6430,1436,591,835,532,1189,,205,census2021-ts067-ward.csv,1642.0
2021,Hutton,E05012444,5600,751,400,673,396,981,,132,census2021-ts067-ward.csv,2267.0
2021,Kirkleatham,E05012445,6055,1525,621,886,486,1172,,177,census2021-ts067-ward.csv,1188.0
2021,Lockwood,E05012446,1987,521,167,302,159,329,,45,census2021-ts067-ward.csv,464.0
2021,Loftus,E05012447,5167,1363,530,753,418,922,,138,census2021-ts067-ward.csv,1043.0
2021,Longbeck,E05012448,3423,571,298,495,330,713,,107,census2021-ts067-ward.csv,909.0
2021,Newcomen,E05012449,4067,887,437,609,282,859,,100,census2021-ts067-ward.csv,893.0
2021,Normanby,E05012450,5568,1191,563,724,465,1139,,161,census2021-ts067-ward.csv,1325.0
2021,Ormesby (Redcar and Cleveland),E05012451,5362,1183,533,720,441,975,,151,census2021-ts067-ward.csv,1359.0
2021,St Germain's,E05012452,5711,1036,500,734,503,1107,,172,census2021-ts067-ward.csv,1659.0
2021,Saltburn,E05012453,5551,949,434,694,401,907,,156,census2021-ts067-ward.csv,2010.0
2021,Skelton East,E05012454,3534,750,368,522,268,723,,91,census2021-ts067-ward.csv,812.0
2021,Skelton West,E05012455,3670,845,350,526,244,751,,92,census2021-ts067-ward.csv,862.0
2021,South Bank,E05012456,4178,1326,409,568,255,690,,101,census2021-ts067-ward.csv,829.0
2021,Teesville,E05012457,5114,1369,566,663,456,918,,125,census2021-ts067-ward.csv,1017.0
2021,West Dyke,E05012458,5073,861,478,686,456,1056,,138,census2021-ts067-ward.csv,1398.0
2021,Wheatlands,E05012459,4281,385,328,604,267,1074,,76,census2021-ts067-ward.csv,1547.0
2021,Zetland,E05012460,3643,651,382,548,276,697,,88,census2021-ts067-ward.csv,1001.0
2021,Bathavon North,E05012461,5721,568,371,605,233,797,,123,census2021-ts067-ward.csv,3024.0
2021,Bathavon South,E05012462,4545,476,299,593,170,669,,70,census2021-ts067-ward.csv,2268.0
2021,Bathwick,E05012463,7425,329,166,432,110,3212,,167,census2021-ts067-ward.csv,3009.0
2021,Chew Valley,E05012464,4940,567,379,636,222,814,,121,census2021-ts067-ward.csv,2201.0
2021,Clutton & Farmborough,E05012465,2604,362,212,375,158,463,,59,census2021-ts067-ward.csv,975.0
2021,Combe Down,E05012466,5233,566,371,590,177,940,,93,census2021-ts067-ward.csv,2496.0
2021,High Littleton,E05012467,2536,393,213,405,163,446,,49,census2021-ts067-ward.csv,867.0
2021,Keynsham East,E05012468,4815,566,391,705,283,804,,128,census2021-ts067-ward.csv,1938.0
2021,Keynsham North,E05012469,5543,814,528,778,325,847,,146,census2021-ts067-ward.csv,2105.0
2021,Keynsham South,E05012470,5601,847,538,886,349,1063,,128,census2021-ts067-ward.csv,1790.0
2021,Kingsmead,E05012471,6056,438,271,454,134,1634,,145,census2021-ts067-ward.csv,2980.0
2021,Lambridge,E05012472,4898,530,309,502,221,690,,94,census2021-ts067-ward.csv,2552.0
2021,Lansdown (Bath and North East Somerset),E05012473,5598,308,237,550,120,961,,103,census2021-ts067-ward.csv,3319.0
2021,Mendip,E05012474,2467,314,197,341,105,425,,48,census2021-ts067-ward.csv,1037.0
2021,Midsomer Norton North,E05012475,4747,820,504,718,375,945,,110,census2021-ts067-ward.csv,1275.0
2021,Midsomer Norton Redfield,E05012476,5230,1026,561,840,412,1011,,151,census2021-ts067-ward.csv,1229.0
2021,Moorlands,E05012477,2706,356,216,331,117,490,,60,census2021-ts067-ward.csv,1136.0
2021,Newbridge (Bath and North East Somerset),E05012478,5535,562,278,528,181,1031,,99,census2021-ts067-ward.csv,2856.0
2021,Odd Down,E05012479,6043,839,512,717,325,1300,,141,census2021-ts067-ward.csv,2209.0
2021,Oldfield Park,E05012480,3496,237,121,222,88,1254,,79,census2021-ts067-ward.csv,1495.0
2021,Paulton,E05012481,5198,974,560,823,382,969,,126,census2021-ts067-ward.csv,1364.0
2021,Peasedown,E05012482,5435,878,588,805,364,1015,,132,census2021-ts067-ward.csv,1653.0
2021,Publow & Whitchurch,E05012483,2609,384,262,366,193,500,,67,census2021-ts067-ward.csv,837.0
2021,Radstock,E05012484,4834,816,514,831,353,951,,108,census2021-ts067-ward.csv,1261.0
2021,Saltford,E05012485,5792,581,365,610,227,1847,,102,census2021-ts067-ward.csv,2060.0
2021,Southdown,E05012486,6121,870,467,681,322,1658,,121,census2021-ts067-ward.csv,2002.0
2021,Timsbury,E05012487,2222,397,216,266,146,385,,40,census2021-ts067-ward.csv,772.0
2021,Twerton,E05012488,5524,1325,636,725,301,1101,,148,census2021-ts067-ward.csv,1288.0
2021,Walcot,E05012489,4802,394,256,420,154,859,,108,census2021-ts067-ward.csv,2611.0
2021,Westfield (Bath and North East Somerset),E05012490,5236,995,690,876,386,1039,,125,census2021-ts067-ward.csv,1125.0
2021,Westmoreland,E05012491,6972,356,179,439,135,3316,,107,census2021-ts067-ward.csv,2440.0
2021,Weston,E05012492,4681,526,326,527,221,678,,140,census2021-ts067-ward.csv,2263.0
2021,Widcombe & Lyncombe,E05012493,6451,389,241,568,154,1205,,81,census2021-ts067-ward.csv,3813.0
2021,Ascot & Sunninghill,E05012494,9636,878,600,1444,302,1414,,236,census2021-ts067-ward.csv,4762.0
2021,Belmont (Windsor and Maidenhead),E05012495,5719,684,433,665,191,789,,126,census2021-ts067-ward.csv,2831.0
2021,Bisham & Cookham,E05012496,5621,585,384,671,205,801,,118,census2021-ts067-ward.csv,2857.0
2021,Boyn Hill,E05012497,5761,701,471,680,213,852,,173,census2021-ts067-ward.csv,2671.0
2021,Bray,E05012498,6287,743,466,876,264,1061,,142,census2021-ts067-ward.csv,2735.0
2021,Clewer & Dedworth East,E05012499,6354,1019,664,900,299,982,,192,census2021-ts067-ward.csv,2298.0
2021,Clewer & Dedworth West,E05012500,5764,856,562,780,364,957,,150,census2021-ts067-ward.csv,2095.0
2021,Clewer East,E05012501,5516,615,451,658,227,815,,125,census2021-ts067-ward.csv,2625.0
2021,Cox Green,E05012502,5990,767,595,795,314,1012,,120,census2021-ts067-ward.csv,2387.0
2021,"Datchet, Horton & Wraysbury",E05012503,8866,1305,884,1081,393,1338,,241,census2021-ts067-ward.csv,3624.0
2021,Eton & Castle,E05012504,10436,1145,710,1560,360,1396,,240,census2021-ts067-ward.csv,5025.0
2021,Furze Platt,E05012505,6183,897,528,841,286,933,,167,census2021-ts067-ward.csv,2531.0
2021,Hurley & Walthams,E05012506,5366,808,464,686,252,864,,123,census2021-ts067-ward.csv,2169.0
2021,Old Windsor,E05012507,6376,761,546,779,300,980,,161,census2021-ts067-ward.csv,2849.0
2021,Oldfield,E05012508,5799,907,547,659,242,771,,172,census2021-ts067-ward.csv,2501.0
2021,Pinkneys Green,E05012509,6037,746,498,841,267,922,,153,census2021-ts067-ward.csv,2610.0
2021,Riverside (Windsor and Maidenhead),E05012510,6543,703,479,754,223,928,,135,census2021-ts067-ward.csv,3321.0
2021,St Mary's (Windsor and Maidenhead),E05012511,6047,816,433,602,183,768,,211,census2021-ts067-ward.csv,3034.0
2021,Sunningdale & Cheapside,E05012512,5364,615,361,646,169,758,,137,census2021-ts067-ward.csv,2678.0
2021,Assington,E05012565,2316,387,206,344,136,394,,58,census2021-ts067-ward.csv,791.0
2021,Box Vale,E05012566,2417,351,193,344,146,409,,73,census2021-ts067-ward.csv,901.0
2021,Brantham,E05012567,2175,376,236,375,128,409,,55,census2021-ts067-ward.csv,596.0
2021,Brett Vale,E05012568,2689,368,254,399,135,468,,61,census2021-ts067-ward.csv,1004.0
2021,Bures St Mary & Nayland,E05012569,2400,348,211,337,119,391,,76,census2021-ts067-ward.csv,918.0
2021,Capel St Mary,E05012570,2596,365,254,391,149,477,,65,census2021-ts067-ward.csv,895.0
2021,Chadacre,E05012571,5146,876,613,787,338,912,,126,census2021-ts067-ward.csv,1494.0
2021,Copdock & Washbrook,E05012572,2751,382,293,430,190,487,,62,census2021-ts067-ward.csv,907.0
2021,East Bergholt,E05012573,2327,362,215,353,147,316,,63,census2021-ts067-ward.csv,871.0
2021,Ganges,E05012574,2023,359,210,307,126,403,,60,census2021-ts067-ward.csv,558.0
2021,Great Cornard,E05012575,7975,1595,1121,1443,507,1427,,241,census2021-ts067-ward.csv,1641.0
2021,Hadleigh North,E05012576,2202,305,234,347,149,441,,59,census2021-ts067-ward.csv,667.0
2021,Hadleigh South,E05012577,4965,1002,591,782,297,865,,145,census2021-ts067-ward.csv,1283.0
2021,Lavenham,E05012578,4529,821,500,649,283,715,,123,census2021-ts067-ward.csv,1438.0
2021,Long Melford,E05012579,5180,997,612,779,363,882,,141,census2021-ts067-ward.csv,1406.0
2021,North West Cosford,E05012580,2268,352,268,332,134,412,,49,census2021-ts067-ward.csv,721.0
2021,Orwell,E05012581,2171,315,201,320,135,377,,68,census2021-ts067-ward.csv,755.0
2021,South East Cosford,E05012582,2268,329,192,335,146,393,,66,census2021-ts067-ward.csv,807.0
2021,Sproughton & Pinewood,E05012583,4849,736,568,804,323,961,,135,census2021-ts067-ward.csv,1322.0
2021,Stour,E05012584,2617,394,198,430,133,403,,63,census2021-ts067-ward.csv,996.0
2021,Sudbury North East,E05012585,2466,617,394,426,156,371,,72,census2021-ts067-ward.csv,430.0
2021,Sudbury North West,E05012586,4573,867,536,723,289,801,,116,census2021-ts067-ward.csv,1241.0
2021,Sudbury South East,E05012587,1996,493,280,295,128,307,,47,census2021-ts067-ward.csv,446.0
2021,Sudbury South West,E05012588,2478,494,258,410,126,389,,71,census2021-ts067-ward.csv,730.0
2021,Bacton (Mid Suffolk),E05012589,2401,439,267,333,148,437,,82,census2021-ts067-ward.csv,695.0
2021,Battisford & Ringshall,E05012590,3092,563,270,359,203,627,,87,census2021-ts067-ward.csv,983.0
2021,Blakenham,E05012591,2926,439,269,446,210,663,,71,census2021-ts067-ward.csv,828.0
2021,Bramford,E05012592,2264,499,242,331,181,400,,54,census2021-ts067-ward.csv,557.0
2021,Chilton (Mid Suffolk),E05012593,5645,1059,656,891,357,1086,,152,census2021-ts067-ward.csv,1444.0
2021,Claydon & Barham,E05012594,4937,896,469,772,318,898,,134,census2021-ts067-ward.csv,1450.0
2021,Combs Ford,E05012595,4703,1054,646,694,307,883,,133,census2021-ts067-ward.csv,986.0
2021,Debenham,E05012596,2744,413,242,434,173,467,,66,census2021-ts067-ward.csv,949.0
2021,Elmswell & Woolpit,E05012597,5431,865,607,774,321,979,,134,census2021-ts067-ward.csv,1751.0
2021,Eye,E05012598,2462,533,263,340,150,397,,82,census2021-ts067-ward.csv,697.0
2021,Fressingfield,E05012599,2453,480,233,353,146,412,,61,census2021-ts067-ward.csv,768.0
2021,Gislingham,E05012600,2746,401,293,452,167,464,,72,census2021-ts067-ward.csv,897.0
2021,"Haughley, Stowupland & Wetherden",E05012601,4852,963,547,682,332,843,,130,census2021-ts067-ward.csv,1355.0
2021,Hoxne & Worlingworth,E05012602,2308,412,217,353,120,402,,46,census2021-ts067-ward.csv,758.0
2021,Mendlesham,E05012603,2500,413,255,390,140,437,,60,census2021-ts067-ward.csv,805.0
2021,Needham Market,E05012604,5196,987,578,810,335,934,,158,census2021-ts067-ward.csv,1394.0
2021,Onehouse,E05012605,2281,351,243,313,130,426,,63,census2021-ts067-ward.csv,755.0
2021,Palgrave,E05012606,2500,467,250,352,165,418,,71,census2021-ts067-ward.csv,777.0
2021,Rattlesden,E05012607,2627,378,241,386,135,444,,62,census2021-ts067-ward.csv,981.0
2021,Rickinghall,E05012608,2475,477,257,360,154,424,,73,census2021-ts067-ward.csv,730.0
2021,St Peter's (Mid Suffolk),E05012609,2717,606,320,406,177,446,,79,census2021-ts067-ward.csv,683.0
2021,Stonham,E05012610,2427,326,236,361,138,400,,44,census2021-ts067-ward.csv,922.0
2021,Stow Thorney,E05012611,4430,456,485,757,226,1012,,99,census2021-ts067-ward.csv,1395.0
2021,Stradbroke & Laxfield,E05012612,2601,506,284,395,153,451,,63,census2021-ts067-ward.csv,749.0
2021,Thurston,E05012613,4937,706,484,680,301,853,,127,census2021-ts067-ward.csv,1786.0
2021,Walsham-le-Willows,E05012614,2645,497,287,361,157,463,,57,census2021-ts067-ward.csv,823.0
2021,Bishop's Tachbrook,E05012615,4924,556,353,589,183,805,,101,census2021-ts067-ward.csv,2337.0
2021,Budbrooke,E05012616,5196,502,348,630,232,819,,115,census2021-ts067-ward.csv,2550.0
2021,Cubbington & Leek Wootton,E05012617,4345,587,342,521,226,690,,102,census2021-ts067-ward.csv,1877.0
2021,Kenilworth Abbey & Arden,E05012618,10350,807,541,981,379,2898,,268,census2021-ts067-ward.csv,4476.0
2021,Kenilworth Park Hill,E05012619,8225,871,519,953,384,1241,,164,census2021-ts067-ward.csv,4093.0
2021,Kenilworth St John's,E05012620,8048,915,574,917,406,1155,,158,census2021-ts067-ward.csv,3923.0
2021,Leamington Brunswick,E05012621,8768,1560,759,818,333,2355,,245,census2021-ts067-ward.csv,2698.0
2021,Leamington Clarendon,E05012622,9181,892,448,749,248,1832,,193,census2021-ts067-ward.csv,4819.0
2021,Leamington Lillington,E05012623,9581,1503,916,1138,462,1399,,233,census2021-ts067-ward.csv,3930.0
2021,Leamington Milverton,E05012624,8303,758,446,726,279,1026,,138,census2021-ts067-ward.csv,4930.0
2021,Leamington Willes,E05012625,9028,1232,672,800,348,2000,,241,census2021-ts067-ward.csv,3735.0
2021,Radford Semele,E05012626,2910,325,225,345,139,501,,47,census2021-ts067-ward.csv,1328.0
2021,Warwick All Saints & Woodloes,E05012627,8028,1358,778,965,435,1188,,201,census2021-ts067-ward.csv,3103.0
2021,Warwick Aylesford,E05012628,5611,728,445,706,203,855,,94,census2021-ts067-ward.csv,2580.0
2021,Warwick Myton & Heathcote,E05012629,6605,657,400,751,222,853,,116,census2021-ts067-ward.csv,3606.0
2021,Warwick Saltisford,E05012630,6097,1003,499,696,255,884,,156,census2021-ts067-ward.csv,2604.0
2021,Whitnash,E05012631,8058,1294,755,951,426,1331,,205,census2021-ts067-ward.csv,3096.0
2021,Barleythorpe,E05012632,2256,208,188,331,101,480,,56,census2021-ts067-ward.csv,892.0
2021,Braunston & Martinsthorpe,E05012633,2131,228,125,297,112,320,,33,census2021-ts067-ward.csv,1016.0
2021,Cottesmore,E05012634,3003,320,323,495,262,643,,60,census2021-ts067-ward.csv,900.0
2021,Exton,E05012635,1207,151,98,162,70,189,,30,census2021-ts067-ward.csv,507.0
2021,Greetham,E05012636,2235,414,228,373,118,354,,90,census2021-ts067-ward.csv,658.0
2021,Ketton,E05012637,2384,293,183,327,108,384,,58,census2021-ts067-ward.csv,1031.0
2021,Langham,E05012638,1212,184,95,149,89,174,,33,census2021-ts067-ward.csv,488.0
2021,Lyddington,E05012639,1167,117,78,153,59,184,,16,census2021-ts067-ward.csv,560.0
2021,Normanton (Rutland),E05012640,2667,275,232,352,107,531,,46,census2021-ts067-ward.csv,1124.0
2021,Oakham North East,E05012641,2628,354,258,489,121,390,,57,census2021-ts067-ward.csv,959.0
2021,Oakham North West,E05012642,2524,498,263,395,138,469,,63,census2021-ts067-ward.csv,698.0
2021,Oakham South,E05012643,3660,499,309,502,210,557,,100,census2021-ts067-ward.csv,1483.0
2021,Ryhall & Casterton,E05012644,2400,310,222,363,190,422,,47,census2021-ts067-ward.csv,846.0
2021,Uppingham,E05012645,3743,507,277,746,195,559,,84,census2021-ts067-ward.csv,1375.0
2021,Whissendine,E05012646,1085,134,76,148,52,181,,21,census2021-ts067-ward.csv,473.0
2021,Beeston & Holbeck,E05012647,20773,4986,2405,2697,1166,2834,,756,census2021-ts067-ward.csv,5929.0
2021,Farnley & Wortley,E05012648,20066,4568,2324,2940,1409,3392,,547,census2021-ts067-ward.csv,4886.0
2021,Alderney & Bourne Valley,E05012649,13459,2795,1621,1911,935,2443,,398,census2021-ts067-ward.csv,3356.0
2021,Bearwood & Merley,E05012650,11701,1760,1316,1919,866,2037,,318,census2021-ts067-ward.csv,3485.0
2021,Boscombe East & Pokesdown,E05012651,9161,1274,824,1221,450,1703,,290,census2021-ts067-ward.csv,3399.0
2021,Boscombe West,E05012652,9098,1708,903,1131,535,1454,,343,census2021-ts067-ward.csv,3024.0
2021,Bournemouth Central,E05012653,15135,1561,869,1254,524,5035,,441,census2021-ts067-ward.csv,5451.0
2021,Broadstone,E05012654,8832,1138,795,1313,564,1515,,224,census2021-ts067-ward.csv,3283.0
2021,Burton & Grange,E05012655,7630,1571,987,1225,563,1366,,210,census2021-ts067-ward.csv,1708.0
2021,Canford Cliffs,E05012656,8452,1111,655,1104,458,1099,,274,census2021-ts067-ward.csv,3751.0
2021,Canford Heath,E05012657,11608,1865,1438,1982,811,2298,,344,census2021-ts067-ward.csv,2870.0
2021,Christchurch Town,E05012658,8549,1420,853,1358,505,1496,,246,census2021-ts067-ward.csv,2671.0
2021,Commons,E05012659,8557,1354,917,1349,572,1486,,256,census2021-ts067-ward.csv,2623.0
2021,Creekmoor,E05012660,7832,1548,868,1246,557,1482,,211,census2021-ts067-ward.csv,1920.0
2021,East Cliff & Springbourne,E05012661,14677,2456,1322,1674,717,2944,,500,census2021-ts067-ward.csv,5064.0
2021,East Southbourne & Tuckton,E05012662,7599,1060,613,1048,468,1223,,231,census2021-ts067-ward.csv,2956.0
2021,Hamworthy,E05012663,11494,2351,1399,1806,799,2117,,328,census2021-ts067-ward.csv,2694.0
2021,Highcliffe & Walkford,E05012664,8904,1548,836,1318,682,1347,,333,census2021-ts067-ward.csv,2840.0
2021,Kinson,E05012665,14328,3565,1995,2219,1017,2257,,446,census2021-ts067-ward.csv,2829.0
2021,Littledown & Iford,E05012666,8098,986,689,1191,453,1455,,199,census2021-ts067-ward.csv,3125.0
2021,Moordown,E05012667,8295,1126,831,1282,492,1709,,178,census2021-ts067-ward.csv,2677.0
2021,"Mudeford, Stanpit & West Highcliffe",E05012668,8869,1342,874,1329,618,1519,,260,census2021-ts067-ward.csv,2927.0
2021,Muscliff & Strouden Park,E05012669,13359,2299,1513,2141,836,2415,,407,census2021-ts067-ward.csv,3748.0
2021,Newtown & Heatherlands,E05012670,14368,2732,1617,2164,1017,2589,,439,census2021-ts067-ward.csv,3810.0
2021,Oakdale,E05012671,9243,1665,1082,1430,683,1705,,253,census2021-ts067-ward.csv,2425.0
2021,Parkstone,E05012672,9194,1140,742,1240,488,1499,,251,census2021-ts067-ward.csv,3834.0
2021,Penn Hill,E05012673,9459,1012,750,1358,434,1526,,214,census2021-ts067-ward.csv,4165.0
2021,Poole Town,E05012674,10669,2000,1058,1486,615,1725,,328,census2021-ts067-ward.csv,3457.0
2021,"Queen's Park (Bournemouth, Christchurch and Poole)",E05012675,9261,1225,772,1229,492,1721,,245,census2021-ts067-ward.csv,3577.0
2021,Redhill & Northbourne,E05012676,8114,1369,925,1293,644,1567,,257,census2021-ts067-ward.csv,2059.0
2021,Talbot & Branksome Woods,E05012677,11858,1471,921,1443,588,2356,,324,census2021-ts067-ward.csv,4755.0
2021,Wallisdown & Winton West,E05012678,9059,1397,798,1192,497,2387,,241,census2021-ts067-ward.csv,2547.0
2021,West Southbourne,E05012679,8699,1198,803,1188,448,1508,,252,census2021-ts067-ward.csv,3302.0
2021,Westbourne & West Cliff,E05012680,9382,1295,734,1144,443,1438,,339,census2021-ts067-ward.csv,3989.0
2021,Winton East,E05012681,9970,975,780,1147,415,3352,,184,census2021-ts067-ward.csv,3117.0
2021,Beacon (Dorset),E05012682,4442,539,388,762,247,683,,129,census2021-ts067-ward.csv,1694.0
2021,Beaminster,E05012683,3681,580,352,520,271,616,,108,census2021-ts067-ward.csv,1234.0
2021,Blackmore Vale,E05012684,3903,573,407,581,228,718,,102,census2021-ts067-ward.csv,1294.0
2021,Blandford,E05012685,8489,1485,990,1285,566,1548,,251,census2021-ts067-ward.csv,2364.0
2021,Bridport,E05012686,12686,2272,1325,1785,883,2093,,353,census2021-ts067-ward.csv,3975.0
2021,Chalk Valleys,E05012687,4108,521,375,575,230,652,,112,census2021-ts067-ward.csv,1643.0
2021,Charminster St Mary's,E05012688,4317,572,386,594,233,779,,115,census2021-ts067-ward.csv,1638.0
2021,Chesil Bank,E05012689,3514,456,325,446,204,602,,87,census2021-ts067-ward.csv,1394.0
2021,Chickerell,E05012690,6536,1172,733,992,542,1309,,171,census2021-ts067-ward.csv,1617.0
2021,Colehill & Wimborne Minster East,E05012691,7169,861,593,1059,437,1313,,160,census2021-ts067-ward.csv,2746.0
2021,Corfe Mullen,E05012692,8595,1018,942,1355,640,1725,,206,census2021-ts067-ward.csv,2709.0
2021,Cranborne & Alderholt,E05012693,4218,597,422,632,260,790,,119,census2021-ts067-ward.csv,1398.0
2021,Cranborne Chase,E05012694,4235,466,379,637,314,890,,90,census2021-ts067-ward.csv,1459.0
2021,Crossways,E05012695,3147,506,299,435,247,611,,102,census2021-ts067-ward.csv,947.0
2021,Dorchester East,E05012696,6906,946,598,1008,411,1165,,165,census2021-ts067-ward.csv,2613.0
2021,Dorchester Poundbury,E05012697,3403,359,338,491,164,565,,87,census2021-ts067-ward.csv,1399.0
2021,Dorchester West,E05012698,7681,1179,750,1070,474,1315,,227,census2021-ts067-ward.csv,2666.0
2021,Eggardon,E05012699,4453,529,429,669,243,806,,83,census2021-ts067-ward.csv,1694.0
2021,Ferndown North,E05012700,7727,1489,864,1109,670,1260,,301,census2021-ts067-ward.csv,2034.0
2021,Ferndown South,E05012701,7395,1291,845,1116,543,1222,,263,census2021-ts067-ward.csv,2115.0
2021,Gillingham,E05012702,13021,2216,1392,2078,839,2444,,355,census2021-ts067-ward.csv,3697.0
2021,Hill Forts & Upper Tarrants,E05012703,4088,574,372,702,200,630,,102,census2021-ts067-ward.csv,1508.0
2021,Littlemoor & Preston,E05012704,8417,1438,907,1242,577,1438,,255,census2021-ts067-ward.csv,2560.0
2021,Lyme & Charmouth,E05012705,4505,648,393,633,299,672,,141,census2021-ts067-ward.csv,1719.0
2021,Lytchett Matravers & Upton,E05012706,10365,1756,1172,1604,764,1905,,322,census2021-ts067-ward.csv,2842.0
2021,Marshwood Vale,E05012707,4048,630,410,574,264,664,,99,census2021-ts067-ward.csv,1407.0
2021,Melcombe Regis,E05012708,3814,740,427,580,252,645,,133,census2021-ts067-ward.csv,1037.0
2021,Portland (Dorset),E05012709,11386,1954,1440,1849,887,2189,,335,census2021-ts067-ward.csv,2732.0
2021,Puddletown & Lower Winterborne,E05012710,4662,689,389,694,287,851,,149,census2021-ts067-ward.csv,1603.0
2021,Radipole,E05012711,8390,1341,928,1264,612,1538,,275,census2021-ts067-ward.csv,2432.0
2021,Rodwell & Wyke,E05012712,11775,1933,1427,1759,853,2203,,317,census2021-ts067-ward.csv,3283.0
2021,St Leonards & St Ives,E05012713,6947,1142,696,958,497,1072,,220,census2021-ts067-ward.csv,2362.0
2021,Shaftesbury Town,E05012714,7494,1178,809,1213,536,1471,,170,census2021-ts067-ward.csv,2117.0
2021,Sherborne East,E05012715,3814,613,309,586,222,548,,116,census2021-ts067-ward.csv,1420.0
2021,Sherborne Rural,E05012716,4220,567,354,569,256,794,,106,census2021-ts067-ward.csv,1574.0
2021,Sherborne West,E05012717,4725,706,390,902,272,728,,118,census2021-ts067-ward.csv,1609.0
2021,South East Purbeck,E05012718,3663,536,307,537,221,629,,89,census2021-ts067-ward.csv,1344.0
2021,Stalbridge & Marnhull,E05012719,4458,825,453,668,304,705,,137,census2021-ts067-ward.csv,1366.0
2021,Stour & Allen Vale,E05012720,4196,549,449,585,289,729,,82,census2021-ts067-ward.csv,1513.0
2021,Sturminster Newton,E05012721,3926,750,389,595,278,692,,138,census2021-ts067-ward.csv,1084.0
2021,Swanage,E05012722,8250,1427,864,1185,606,1303,,259,census2021-ts067-ward.csv,2606.0
2021,Upwey & Broadwey,E05012723,3849,515,411,581,229,762,,96,census2021-ts067-ward.csv,1255.0
2021,Verwood,E05012724,11449,1550,1297,1803,841,2201,,319,census2021-ts067-ward.csv,3438.0
2021,Wareham,E05012725,8423,1527,953,1204,597,1367,,244,census2021-ts067-ward.csv,2531.0
2021,West Moors & Three Legged Cross,E05012726,7854,1645,905,1086,629,1280,,315,census2021-ts067-ward.csv,1994.0
2021,West Parley,E05012727,3238,505,345,495,275,534,,86,census2021-ts067-ward.csv,998.0
2021,West Purbeck,E05012728,8094,1195,844,1275,515,1614,,220,census2021-ts067-ward.csv,2431.0
2021,Westham,E05012729,7924,1620,1043,1281,589,1408,,242,census2021-ts067-ward.csv,1741.0
2021,Wimborne Minster,E05012730,6749,1021,643,1009,417,1107,,169,census2021-ts067-ward.csv,2383.0
2021,Winterborne & Broadmayne,E05012731,3672,507,311,494,248,699,,105,census2021-ts067-ward.csv,1308.0
2021,Winterborne North,E05012732,3612,567,403,557,232,641,,102,census2021-ts067-ward.csv,1110.0
2021,Yetminster,E05012733,4272,561,379,583,253,755,,79,census2021-ts067-ward.csv,1662.0
2021,Aldeburgh & Leiston,E05012734,10497,2111,1174,1507,748,1641,,316,census2021-ts067-ward.csv,3000.0
2021,Beccles & Worlingham,E05012735,12303,2536,1464,1839,876,2197,,358,census2021-ts067-ward.csv,3033.0
2021,Bungay & Wainford,E05012736,7343,1503,785,1043,481,1169,,210,census2021-ts067-ward.csv,2152.0
2021,Carlford & Fynn Valley,E05012737,7088,1024,611,1003,426,1164,,193,census2021-ts067-ward.csv,2667.0
2021,Carlton & Whitton,E05012738,8961,2239,1117,1445,780,1488,,274,census2021-ts067-ward.csv,1618.0
2021,Carlton Colville,E05012739,7869,1348,883,1368,619,1697,,186,census2021-ts067-ward.csv,1768.0
2021,Deben,E05012740,4942,730,464,796,357,946,,124,census2021-ts067-ward.csv,1525.0
2021,Eastern Felixstowe,E05012741,11365,2136,1359,1612,688,1663,,446,census2021-ts067-ward.csv,3461.0
2021,Framlingham,E05012742,7442,1098,665,1047,379,1253,,175,census2021-ts067-ward.csv,2825.0
2021,Gunton & St Margarets,E05012743,8064,2052,1013,1207,600,1300,,249,census2021-ts067-ward.csv,1643.0
2021,Halesworth & Blything,E05012744,6921,1481,749,955,489,1113,,201,census2021-ts067-ward.csv,1933.0
2021,Harbour & Normanston,E05012745,12548,3238,1781,2154,844,2040,,388,census2021-ts067-ward.csv,2103.0
2021,Kelsale & Yoxford,E05012746,3422,631,346,491,211,541,,85,census2021-ts067-ward.csv,1117.0
2021,Kesgrave,E05012747,11852,1681,1242,1858,765,2204,,313,census2021-ts067-ward.csv,3789.0
2021,Kessingland,E05012748,3702,955,445,542,328,585,,129,census2021-ts067-ward.csv,718.0
2021,Kirkley & Pakefield,E05012749,11262,2748,1373,1661,879,1894,,365,census2021-ts067-ward.csv,2342.0
2021,Lothingland (East Suffolk),E05012750,3065,630,304,448,249,533,,97,census2021-ts067-ward.csv,804.0
2021,Martlesham & Purdis Farm,E05012751,6436,936,627,869,391,1095,,169,census2021-ts067-ward.csv,2349.0
2021,Melton,E05012752,3595,424,369,529,170,575,,86,census2021-ts067-ward.csv,1442.0
2021,Orwell & Villages,E05012753,8203,1439,1036,1268,560,1382,,248,census2021-ts067-ward.csv,2270.0
2021,Oulton Broad,E05012754,10895,2326,1185,1609,955,2094,,328,census2021-ts067-ward.csv,2398.0
2021,Rendlesham & Orford,E05012755,4013,554,394,593,233,753,,80,census2021-ts067-ward.csv,1406.0
2021,Rushmere St Andrew,E05012756,3716,521,372,531,253,691,,108,census2021-ts067-ward.csv,1240.0
2021,Saxmundham,E05012757,3814,692,477,587,237,643,,102,census2021-ts067-ward.csv,1076.0
2021,Southwold,E05012758,3376,633,314,475,230,476,,106,census2021-ts067-ward.csv,1142.0
2021,Western Felixstowe,E05012759,9369,2081,1438,1602,663,1511,,314,census2021-ts067-ward.csv,1760.0
2021,Wickham Market,E05012760,4202,721,365,555,254,701,,125,census2021-ts067-ward.csv,1481.0
2021,Woodbridge,E05012761,6787,1000,576,939,361,1003,,193,census2021-ts067-ward.csv,2715.0
2021,"Wrentham, Wangford & Westleton",E05012762,3665,634,369,505,236,638,,89,census2021-ts067-ward.csv,1194.0
2021,Abbeygate,E05012763,4239,754,369,496,190,567,,153,census2021-ts067-ward.csv,1710.0
2021,Bardwell,E05012764,2221,358,225,353,155,361,,56,census2021-ts067-ward.csv,713.0
2021,Barningham,E05012765,2318,433,266,368,147,365,,75,census2021-ts067-ward.csv,664.0
2021,Barrow,E05012766,2108,344,182,300,140,370,,53,census2021-ts067-ward.csv,719.0
2021,Brandon Central,E05012767,2711,714,387,406,195,418,,88,census2021-ts067-ward.csv,503.0
2021,Brandon East,E05012768,2476,722,301,343,168,376,,104,census2021-ts067-ward.csv,462.0
2021,Brandon West,E05012769,2697,817,336,361,190,372,,116,census2021-ts067-ward.csv,505.0
2021,Chedburgh & Chevington,E05012770,2281,346,225,311,151,388,,43,census2021-ts067-ward.csv,817.0
2021,"Clare, Hundon & Kedington",E05012771,7962,1482,832,1303,493,1315,,221,census2021-ts067-ward.csv,2316.0
2021,Eastgate,E05012772,2233,481,183,252,120,287,,84,census2021-ts067-ward.csv,826.0
2021,Exning,E05012773,1890,314,188,245,121,310,,51,census2021-ts067-ward.csv,661.0
2021,Haverhill Central,E05012774,2580,609,310,388,179,452,,87,census2021-ts067-ward.csv,555.0
2021,Haverhill East,E05012775,3326,901,444,536,191,528,,101,census2021-ts067-ward.csv,625.0
2021,Haverhill North,E05012776,3742,666,430,598,257,696,,105,census2021-ts067-ward.csv,990.0
2021,Haverhill South,E05012777,4954,1318,724,833,310,769,,162,census2021-ts067-ward.csv,838.0
2021,Haverhill South East,E05012778,2048,447,274,331,149,364,,58,census2021-ts067-ward.csv,425.0
2021,Haverhill West,E05012779,4721,783,568,818,285,874,,134,census2021-ts067-ward.csv,1259.0
2021,Horringer,E05012780,2105,328,214,290,139,355,,53,census2021-ts067-ward.csv,726.0
2021,Iceni,E05012781,4931,906,465,681,278,885,,170,census2021-ts067-ward.csv,1546.0
2021,Ixworth,E05012782,1906,342,203,297,136,315,,57,census2021-ts067-ward.csv,556.0
2021,Kentford & Moulton,E05012783,2458,375,216,315,153,410,,47,census2021-ts067-ward.csv,942.0
2021,Lakenheath,E05012784,7389,2505,637,793,418,946,,397,census2021-ts067-ward.csv,1693.0
2021,Manor (West Suffolk),E05012785,2414,435,213,316,126,413,,77,census2021-ts067-ward.csv,834.0
2021,Mildenhall Great Heath,E05012786,2681,726,375,446,160,388,,82,census2021-ts067-ward.csv,504.0
2021,Mildenhall Kingsway & Market,E05012787,2656,737,300,365,163,393,,94,census2021-ts067-ward.csv,604.0
2021,Mildenhall Queensway,E05012788,1929,635,176,229,118,280,,71,census2021-ts067-ward.csv,420.0
2021,Minden,E05012789,4653,878,535,632,278,675,,152,census2021-ts067-ward.csv,1503.0
2021,Moreton Hall,E05012790,6457,751,654,901,336,1198,,162,census2021-ts067-ward.csv,2455.0
2021,Newmarket East,E05012791,4521,886,559,591,369,657,,121,census2021-ts067-ward.csv,1338.0
2021,Newmarket North,E05012792,4732,908,519,658,361,810,,179,census2021-ts067-ward.csv,1297.0
2021,Newmarket West,E05012793,4776,1036,515,611,401,732,,191,census2021-ts067-ward.csv,1290.0
2021,Pakenham & Troston,E05012794,2455,310,209,328,200,655,,44,census2021-ts067-ward.csv,709.0
2021,Risby,E05012795,2589,470,255,360,157,381,,70,census2021-ts067-ward.csv,896.0
2021,Rougham,E05012796,2040,372,232,282,126,374,,61,census2021-ts067-ward.csv,593.0
2021,St Olaves,E05012797,4149,954,557,656,217,674,,122,census2021-ts067-ward.csv,969.0
2021,Southgate (West Suffolk),E05012798,3475,558,340,488,226,498,,134,census2021-ts067-ward.csv,1231.0
2021,Stanton (West Suffolk),E05012799,2428,573,299,344,166,437,,73,census2021-ts067-ward.csv,536.0
2021,The Fornhams & Great Barton,E05012800,3603,639,337,469,242,567,,133,census2021-ts067-ward.csv,1216.0
2021,The Rows,E05012801,5794,1678,520,692,348,867,,248,census2021-ts067-ward.csv,1441.0
2021,Tollgate,E05012802,5040,1023,580,731,276,749,,167,census2021-ts067-ward.csv,1514.0
2021,Westgate (West Suffolk),E05012803,4488,847,481,573,298,707,,160,census2021-ts067-ward.csv,1422.0
2021,Whepstead & Wickhambrook,E05012804,2119,384,194,285,121,343,,54,census2021-ts067-ward.csv,738.0
2021,Withersfield,E05012805,1822,274,166,237,90,334,,47,census2021-ts067-ward.csv,674.0
2021,Adel & Wharfedale,E05012841,17283,2075,1256,2112,794,2341,,419,census2021-ts067-ward.csv,8286.0
2021,Alwoodley,E05012842,18628,2602,1500,2097,756,2442,,415,census2021-ts067-ward.csv,8816.0
2021,Ampthill,E05012843,11338,1351,942,1574,647,2042,,219,census2021-ts067-ward.csv,4563.0
2021,Caddington,E05012844,8239,1485,826,1144,571,1396,,215,census2021-ts067-ward.csv,2602.0
2021,Dunstable-Manshead,E05012845,4588,909,601,677,264,736,,168,census2021-ts067-ward.csv,1233.0
2021,Dunstable-Northfields,E05012846,8797,1655,1042,1270,529,1570,,247,census2021-ts067-ward.csv,2484.0
2021,Houghton Conquest and Haynes,E05012847,3401,441,343,456,206,663,,72,census2021-ts067-ward.csv,1220.0
2021,Houghton Hall,E05012848,7770,1431,961,1170,432,1378,,240,census2021-ts067-ward.csv,2158.0
2021,Northill,E05012849,3893,597,391,618,240,638,,104,census2021-ts067-ward.csv,1305.0
2021,Sandy,E05012850,10947,1886,1297,1779,679,2091,,267,census2021-ts067-ward.csv,2948.0
2021,Ditchingham & Earsham,E05012851,5565,1063,572,796,387,958,,159,census2021-ts067-ward.csv,1630.0
2021,Harleston,E05012852,5112,1104,576,815,397,873,,144,census2021-ts067-ward.csv,1203.0
2021,Henley-on-Thames,E05012853,10201,1190,733,1155,382,1320,,263,census2021-ts067-ward.csv,5158.0
2021,Sonning Common,E05012854,6374,696,493,854,289,938,,171,census2021-ts067-ward.csv,2933.0
2021,Alkham & Capel-le-Ferne,E05012855,2806,621,281,400,211,484,,88,census2021-ts067-ward.csv,721.0
2021,"Aylesham, Eythorne & Shepherdswell",E05012856,9307,1730,1058,1451,498,1730,,281,census2021-ts067-ward.csv,2559.0
2021,Buckland (Dover),E05012857,6016,1373,860,1099,301,1114,,163,census2021-ts067-ward.csv,1106.0
2021,Dover Downs & River,E05012858,5637,955,562,825,375,1079,,179,census2021-ts067-ward.csv,1662.0
2021,Eastry Rural,E05012859,5442,979,500,795,332,985,,155,census2021-ts067-ward.csv,1696.0
2021,"Guston, Kingsdown & St Margaret's-at-Cliffe",E05012860,6549,1006,621,976,396,1121,,197,census2021-ts067-ward.csv,2232.0
2021,Little Stour & Ashstone,E05012861,6098,940,537,879,321,1048,,187,census2021-ts067-ward.csv,2186.0
2021,Maxton & Elms Vale,E05012862,3296,558,415,589,195,723,,99,census2021-ts067-ward.csv,717.0
2021,Middle Deal,E05012863,6228,1241,703,1022,378,1098,,180,census2021-ts067-ward.csv,1606.0
2021,Mill Hill (Dover),E05012864,6388,1417,739,1052,387,1296,,183,census2021-ts067-ward.csv,1314.0
2021,North Deal,E05012865,6142,1187,622,898,342,1002,,187,census2021-ts067-ward.csv,1904.0
2021,St Radigunds,E05012866,5390,1223,730,934,310,977,,175,census2021-ts067-ward.csv,1041.0
2021,Sandwich,E05012867,5266,906,547,744,297,849,,140,census2021-ts067-ward.csv,1783.0
2021,Tower Hamlets,E05012868,3490,750,525,606,204,601,,97,census2021-ts067-ward.csv,707.0
2021,Town & Castle,E05012869,6807,1656,861,980,430,1082,,246,census2021-ts067-ward.csv,1552.0
2021,Walmer,E05012870,5951,1044,551,825,337,1000,,194,census2021-ts067-ward.csv,2000.0
2021,Whitfield (Dover),E05012871,5318,1120,626,831,368,1033,,175,census2021-ts067-ward.csv,1165.0
2021,Banstead Village,E05012872,8578,1397,839,1333,454,1361,,299,census2021-ts067-ward.csv,2895.0
2021,"Chipstead, Kingswood & Woodmansterne",E05012873,8000,892,700,1158,357,1360,,193,census2021-ts067-ward.csv,3340.0
2021,Earlswood & Whitebushes,E05012874,8077,1093,725,1011,323,1281,,209,census2021-ts067-ward.csv,3435.0
2021,"Hooley, Merstham & Netherne",E05012875,8729,1208,905,1326,415,1515,,197,census2021-ts067-ward.csv,3163.0
2021,Horley Central & South,E05012876,8290,1415,955,1169,437,1366,,295,census2021-ts067-ward.csv,2653.0
2021,Horley East & Salfords,E05012877,7878,1044,748,1166,366,1432,,196,census2021-ts067-ward.csv,2926.0
2021,Horley West & Sidlow,E05012878,8478,1123,918,1323,468,1597,,250,census2021-ts067-ward.csv,2799.0
2021,"Lower Kingswood, Tadworth & Walton",E05012879,8171,1054,744,1150,389,1421,,200,census2021-ts067-ward.csv,3213.0
2021,Meadvale & St John's,E05012880,6947,564,402,870,175,1006,,128,census2021-ts067-ward.csv,3802.0
2021,Nork,E05012881,7622,912,658,1124,367,1222,,193,census2021-ts067-ward.csv,3146.0
2021,Redhill East,E05012882,7381,829,549,870,230,1161,,180,census2021-ts067-ward.csv,3562.0
2021,Redhill West & Wray Common,E05012883,8206,1016,667,1124,270,1173,,221,census2021-ts067-ward.csv,3735.0
2021,Reigate,E05012884,8612,800,504,1038,224,1180,,186,census2021-ts067-ward.csv,4680.0
2021,South Park & Woodhatch,E05012885,7006,1137,759,1086,303,1141,,171,census2021-ts067-ward.csv,2409.0
2021,Tattenham Corner & Preston,E05012886,8158,1281,924,1299,466,1417,,191,census2021-ts067-ward.csv,2580.0
2021,Addlestone North,E05012887,5343,890,519,715,269,944,,130,census2021-ts067-ward.csv,1876.0
2021,Addlestone South,E05012888,5283,999,550,739,326,918,,128,census2021-ts067-ward.csv,1623.0
2021,Chertsey Riverside,E05012889,4824,653,457,618,224,857,,132,census2021-ts067-ward.csv,1883.0
2021,Chertsey St Ann's,E05012890,5512,1094,589,800,298,920,,154,census2021-ts067-ward.csv,1657.0
2021,Egham Hythe,E05012891,5744,1029,658,837,274,939,,165,census2021-ts067-ward.csv,1842.0
2021,Egham Town,E05012892,6316,677,382,568,185,1874,,192,census2021-ts067-ward.csv,2438.0
2021,Englefield Green East,E05012893,5052,175,124,273,81,2750,,117,census2021-ts067-ward.csv,1532.0
2021,Englefield Green West,E05012894,5408,707,402,539,176,1737,,153,census2021-ts067-ward.csv,1694.0
2021,"Longcross, Lyne & Chertsey South",E05012895,3232,522,287,414,146,490,,100,census2021-ts067-ward.csv,1273.0
2021,New Haw,E05012896,5896,910,632,884,355,973,,163,census2021-ts067-ward.csv,1979.0
2021,Ottershaw,E05012897,5425,813,574,793,293,891,,140,census2021-ts067-ward.csv,1921.0
2021,Thorpe (Runnymede),E05012898,4965,906,525,711,311,778,,145,census2021-ts067-ward.csv,1589.0
2021,Virginia Water,E05012899,4899,555,342,586,155,624,,122,census2021-ts067-ward.csv,2515.0
2021,Woodham & Rowtown,E05012900,4820,597,501,658,306,812,,127,census2021-ts067-ward.csv,1819.0
2021,Bowthorpe,E05012901,8123,1714,880,1085,385,1625,,216,census2021-ts067-ward.csv,2218.0
2021,Catton Grove,E05012902,8938,2117,1098,1284,521,1447,,253,census2021-ts067-ward.csv,2218.0
2021,Crome,E05012903,9675,2415,1260,1506,634,1491,,326,census2021-ts067-ward.csv,2043.0
2021,Eaton,E05012904,8596,1075,568,938,316,1358,,182,census2021-ts067-ward.csv,4159.0
2021,Lakenham,E05012905,8606,1944,1078,1123,427,1252,,232,census2021-ts067-ward.csv,2550.0
2021,Mancroft,E05012906,9682,1403,749,1082,337,2363,,228,census2021-ts067-ward.csv,3520.0
2021,Mile Cross,E05012907,8855,2197,1104,1295,491,1296,,263,census2021-ts067-ward.csv,2209.0
2021,Nelson (Norwich),E05012908,9023,659,441,766,183,1855,,110,census2021-ts067-ward.csv,5009.0
2021,Sewell,E05012909,8761,1312,782,1228,376,1576,,205,census2021-ts067-ward.csv,3282.0
2021,Thorpe Hamlet,E05012910,8736,934,631,991,327,1509,,247,census2021-ts067-ward.csv,4097.0
2021,Town Close,E05012911,8911,1058,650,901,292,1586,,191,census2021-ts067-ward.csv,4233.0
2021,University (Norwich),E05012912,12633,1664,762,1018,363,5739,,279,census2021-ts067-ward.csv,2808.0
2021,Wensum,E05012913,10230,2125,1144,1240,529,2073,,261,census2021-ts067-ward.csv,2858.0
2021,Bewbush & North Broadfield,E05012914,8598,1851,1417,1528,410,1342,,281,census2021-ts067-ward.csv,1769.0
2021,Broadfield (Crawley),E05012915,8217,1678,1301,1431,454,1317,,239,census2021-ts067-ward.csv,1797.0
2021,Furnace Green,E05012916,4928,898,703,811,293,801,,180,census2021-ts067-ward.csv,1242.0
2021,Gossops Green & North East Broadfield,E05012917,5271,961,709,836,349,907,,188,census2021-ts067-ward.csv,1321.0
2021,Ifield,E05012918,8240,1648,1041,1461,475,1360,,279,census2021-ts067-ward.csv,1976.0
2021,Langley Green & Tushmore,E05012919,7158,1617,957,1063,379,982,,318,census2021-ts067-ward.csv,1842.0
2021,Maidenbower,E05012920,7385,734,780,1378,313,1511,,179,census2021-ts067-ward.csv,2490.0
2021,Northgate & West Green,E05012921,9236,1850,1228,1355,449,1445,,331,census2021-ts067-ward.csv,2578.0
2021,Pound Hill North & Forge Wood,E05012922,7272,939,781,1182,372,1254,,203,census2021-ts067-ward.csv,2541.0
2021,Pound Hill South & Worth,E05012923,6818,819,809,1061,303,1226,,187,census2021-ts067-ward.csv,2413.0
2021,Southgate (Crawley),E05012924,7605,1417,995,1168,411,1164,,309,census2021-ts067-ward.csv,2141.0
2021,Three Bridges,E05012925,7764,1282,908,1066,387,1217,,309,census2021-ts067-ward.csv,2595.0
2021,Tilgate,E05012926,5078,990,793,916,301,832,,178,census2021-ts067-ward.csv,1068.0
2021,Ampfield & Braishfield,E05012927,2038,234,134,258,92,313,,44,census2021-ts067-ward.csv,963.0
2021,Andover Harroway,E05012928,8212,1455,1036,1338,506,1579,,227,census2021-ts067-ward.csv,2071.0
2021,Andover Millway,E05012929,7730,1060,809,1123,436,1521,,239,census2021-ts067-ward.csv,2542.0
2021,Andover St Mary's,E05012930,6956,1619,922,1104,464,1187,,244,census2021-ts067-ward.csv,1416.0
2021,Andover Winton,E05012931,5374,929,584,798,362,1009,,145,census2021-ts067-ward.csv,1547.0
2021,Anna,E05012932,5512,688,469,732,288,963,,141,census2021-ts067-ward.csv,2231.0
2021,Bellinger,E05012933,2825,416,266,430,167,564,,77,census2021-ts067-ward.csv,905.0
2021,Bourne Valley,E05012934,2696,361,249,405,111,478,,64,census2021-ts067-ward.csv,1028.0
2021,Charlton & the Pentons,E05012935,2845,392,302,417,187,563,,78,census2021-ts067-ward.csv,906.0
2021,"Chilworth, Nursling & Rownhams",E05012936,6692,853,642,956,365,1211,,171,census2021-ts067-ward.csv,2494.0
2021,North Baddesley,E05012937,6020,993,598,854,432,1040,,185,census2021-ts067-ward.csv,1918.0
2021,Romsey Cupernham,E05012938,7169,851,628,916,385,1271,,144,census2021-ts067-ward.csv,2974.0
2021,Valley Park,E05012939,4914,342,365,650,197,835,,82,census2021-ts067-ward.csv,2443.0
2021,Little Stour & Adisham,E05012953,3459,450,290,442,179,562,,93,census2021-ts067-ward.csv,1443.0
2021,Nailbourne,E05012954,3340,508,289,426,149,505,,79,census2021-ts067-ward.csv,1384.0
2021,Reculver,E05012955,3751,779,437,540,272,597,,122,census2021-ts067-ward.csv,1004.0
2021,Sturry,E05012956,6690,1385,663,927,416,1065,,184,census2021-ts067-ward.csv,2050.0
2021,Credenhill,E05012957,2998,570,279,424,206,556,,78,census2021-ts067-ward.csv,885.0
2021,Queenswood,E05012958,2807,421,227,351,166,545,,73,census2021-ts067-ward.csv,1024.0
2021,Stoney Street,E05012959,2949,546,283,443,190,506,,82,census2021-ts067-ward.csv,899.0
2021,Sutton Walls,E05012960,2793,463,250,379,177,522,,66,census2021-ts067-ward.csv,936.0
2021,Gosfield & Greenstead Green,E05012961,2324,442,262,366,174,408,,63,census2021-ts067-ward.csv,609.0
2021,Halstead St Andrew's,E05012962,5334,965,685,925,327,1022,,164,census2021-ts067-ward.csv,1246.0
2021,Halstead Trinity,E05012963,5699,1248,761,994,354,1012,,160,census2021-ts067-ward.csv,1170.0
2021,Hatfield Peverel & Terling,E05012964,4954,947,517,815,270,858,,146,census2021-ts067-ward.csv,1401.0
2021,Silver End & Cressing,E05012965,5666,1037,738,909,396,1104,,161,census2021-ts067-ward.csv,1321.0
2021,Witham Central,E05012966,5510,1091,633,856,281,985,,148,census2021-ts067-ward.csv,1516.0
2021,Witham North,E05012967,5993,1219,779,1018,370,1062,,170,census2021-ts067-ward.csv,1375.0
2021,Bicester South and Ambrosden,E05012968,10805,1020,985,1429,508,1928,,234,census2021-ts067-ward.csv,4701.0
2021,Fringford and Heyfords,E05012969,7607,891,728,1039,373,1210,,147,census2021-ts067-ward.csv,3219.0
2021,Abingdon Dunmore,E05012970,4967,507,365,607,264,758,,96,census2021-ts067-ward.csv,2370.0
2021,Abingdon Peachcroft,E05012971,5485,587,572,680,327,886,,131,census2021-ts067-ward.csv,2302.0
2021,Botley & Sunningwell,E05012972,5872,552,290,508,198,849,,116,census2021-ts067-ward.csv,3359.0
2021,Faringdon,E05012973,6861,967,588,923,321,1146,,194,census2021-ts067-ward.csv,2722.0
2021,Grove North,E05012974,5147,628,575,776,319,1030,,117,census2021-ts067-ward.csv,1702.0
2021,Hendreds,E05012975,2690,298,218,343,119,478,,51,census2021-ts067-ward.csv,1183.0
2021,Kennington & Radley,E05012976,5714,858,441,830,332,744,,153,census2021-ts067-ward.csv,2356.0
2021,Marcham,E05012977,3205,365,320,418,279,546,,64,census2021-ts067-ward.csv,1213.0
2021,Wantage & Grove Brook,E05012978,6283,823,676,821,363,1068,,162,census2021-ts067-ward.csv,2370.0
2021,Wantage Charlton,E05012979,5956,859,548,759,303,971,,144,census2021-ts067-ward.csv,2372.0
2021,Watchfield & Shrivenham,E05012980,6334,619,518,824,269,1027,,129,census2021-ts067-ward.csv,2948.0
2021,Bishop's Stortford All Saints,E05012981,6707,843,615,969,262,1042,,167,census2021-ts067-ward.csv,2809.0
2021,Bishop's Stortford Central,E05012982,7954,1291,762,1074,391,1210,,257,census2021-ts067-ward.csv,2969.0
2021,Bishop's Stortford Meads,E05012983,5590,682,448,780,253,831,,160,census2021-ts067-ward.csv,2436.0
2021,Bishop's Stortford Silverleys,E05012984,5413,541,408,770,180,987,,102,census2021-ts067-ward.csv,2425.0
2021,Bishop's Stortford South,E05012985,7396,765,696,1095,341,1374,,147,census2021-ts067-ward.csv,2978.0
2021,Buntingford,E05012986,6483,994,742,1031,382,1231,,140,census2021-ts067-ward.csv,1963.0
2021,Mundens and Cottered,E05012987,2166,376,179,355,115,365,,35,census2021-ts067-ward.csv,741.0
2021,East Malling,E05012988,4200,861,557,633,255,681,,99,census2021-ts067-ward.csv,1114.0
2021,Kings Hill,E05012989,6983,692,591,1091,285,1397,,131,census2021-ts067-ward.csv,2796.0
2021,Barton (Canterbury),E05012990,10615,1350,698,1233,306,2667,,292,census2021-ts067-ward.csv,4069.0
2021,Chartham & Stone Street,E05012991,6114,799,482,809,288,980,,128,census2021-ts067-ward.csv,2628.0
2021,Kingston Bagpuize,E05012992,3866,350,318,490,163,694,,84,census2021-ts067-ward.csv,1767.0
2021,Anston & Woodsetts,E05012993,10106,1827,1102,1484,712,1827,,277,census2021-ts067-ward.csv,2877.0
2021,Aston & Todwick,E05012994,7853,1378,818,1162,637,1473,,197,census2021-ts067-ward.csv,2188.0
2021,Aughton & Swallownest,E05012995,6718,1446,750,1065,494,1123,,198,census2021-ts067-ward.csv,1642.0
2021,Boston Castle,E05012996,12151,3250,1320,1636,644,1670,,403,census2021-ts067-ward.csv,3228.0
2021,Bramley & Ravenfield,E05012997,7177,1343,708,1085,522,1325,,196,census2021-ts067-ward.csv,1998.0
2021,Brinsworth,E05012998,7923,1807,978,1205,706,1440,,212,census2021-ts067-ward.csv,1575.0
2021,Dalton & Thrybergh,E05012999,7347,2388,920,1235,416,1046,,218,census2021-ts067-ward.csv,1124.0
2021,Dinnington,E05013000,10077,2238,1212,1569,617,1811,,282,census2021-ts067-ward.csv,2348.0
2021,Greasbrough,E05013001,6694,1892,843,1073,495,1085,,205,census2021-ts067-ward.csv,1101.0
2021,Hellaby & Maltby West,E05013002,6680,1395,758,1036,522,1225,,170,census2021-ts067-ward.csv,1574.0
2021,Hoober,E05013003,10313,2054,1132,1692,613,1978,,228,census2021-ts067-ward.csv,2616.0
2021,Keppel,E05013004,11150,2446,1351,1850,788,2021,,280,census2021-ts067-ward.csv,2414.0
2021,Kilnhurst & Swinton East,E05013005,6426,1386,752,1015,485,1195,,158,census2021-ts067-ward.csv,1435.0
2021,Maltby East,E05013006,7461,2157,1009,1274,469,1153,,193,census2021-ts067-ward.csv,1206.0
2021,Rawmarsh East,E05013007,7552,2101,966,1326,477,1275,,221,census2021-ts067-ward.csv,1186.0
2021,Rawmarsh West,E05013008,7708,1939,867,1290,488,1385,,195,census2021-ts067-ward.csv,1544.0
2021,Rother Vale,E05013009,6664,1005,635,965,336,1244,,118,census2021-ts067-ward.csv,2361.0
2021,Rotherham East,E05013010,12690,4666,1619,1874,634,1601,,338,census2021-ts067-ward.csv,1958.0
2021,Rotherham West,E05013011,11773,3153,1421,1839,851,1881,,356,census2021-ts067-ward.csv,2272.0
2021,Sitwell,E05013012,10523,1850,1003,1523,755,1848,,303,census2021-ts067-ward.csv,3241.0
2021,Swinton Rockingham,E05013013,6905,1607,753,1153,469,1197,,186,census2021-ts067-ward.csv,1540.0
2021,Thurcroft & Wickersley South,E05013014,8102,1730,847,1220,503,1426,,211,census2021-ts067-ward.csv,2165.0
2021,Wales,E05013015,7706,1526,870,1225,529,1424,,176,census2021-ts067-ward.csv,1956.0
2021,Wath,E05013016,7486,1967,839,1079,478,1278,,226,census2021-ts067-ward.csv,1619.0
2021,Wickersley North,E05013017,10389,1979,1074,1738,758,1948,,254,census2021-ts067-ward.csv,2638.0
2021,Barton & Winton,E05013018,12567,2658,1391,1796,763,2081,,323,census2021-ts067-ward.csv,3555.0
2021,Blackfriars & Trinity,E05013019,9920,833,393,698,245,1608,,189,census2021-ts067-ward.csv,5954.0
2021,Boothstown & Ellenbrook,E05013020,10196,1340,790,1363,555,1679,,200,census2021-ts067-ward.csv,4269.0
2021,Broughton (Salford),E05013021,11907,3551,1290,1348,520,1697,,409,census2021-ts067-ward.csv,3092.0
2021,Cadishead & Lower Irlam,E05013022,9718,2012,1181,1543,704,1668,,213,census2021-ts067-ward.csv,2397.0
2021,Claremont (Salford),E05013023,10900,1983,968,1426,626,1934,,270,census2021-ts067-ward.csv,3693.0
2021,Eccles,E05013024,12227,2363,1003,1395,593,1830,,277,census2021-ts067-ward.csv,4766.0
2021,Higher Irlam & Peel Green,E05013025,11001,2488,1329,1761,749,1870,,315,census2021-ts067-ward.csv,2489.0
2021,Kersal & Broughton Park,E05013026,11138,2666,1218,1621,458,1543,,418,census2021-ts067-ward.csv,3214.0
2021,Little Hulton,E05013027,10549,2791,1287,1605,716,1614,,299,census2021-ts067-ward.csv,2237.0
2021,Ordsall,E05013028,8670,1653,526,705,276,1229,,202,census2021-ts067-ward.csv,4079.0
2021,Pendlebury & Clifton,E05013029,11212,2571,1231,1535,793,1836,,310,census2021-ts067-ward.csv,2936.0
2021,Pendleton & Charlestown,E05013030,14523,2922,1137,1389,559,4329,,389,census2021-ts067-ward.csv,3798.0
2021,Quays,E05013031,8826,370,231,421,130,1320,,129,census2021-ts067-ward.csv,6225.0
2021,Swinton & Wardley,E05013032,10169,2120,1103,1476,756,1747,,269,census2021-ts067-ward.csv,2698.0
2021,Swinton Park,E05013033,10338,2096,968,1515,673,1756,,233,census2021-ts067-ward.csv,3097.0
2021,Walkden North,E05013034,10590,2356,1144,1504,702,1804,,302,census2021-ts067-ward.csv,2778.0
2021,Walkden South,E05013035,9577,1515,797,1305,654,1665,,237,census2021-ts067-ward.csv,3404.0
2021,Weaste & Seedley,E05013036,13327,2840,1196,1618,636,2116,,374,census2021-ts067-ward.csv,4547.0
2021,Worsley & Westwood Park,E05013037,9566,1698,844,1205,579,1583,,208,census2021-ts067-ward.csv,3449.0
2021,Burn Valley,E05013038,6208,1394,625,869,395,1136,,126,census2021-ts067-ward.csv,1663.0
2021,De Bruce,E05013039,6232,1740,704,985,443,1084,,173,census2021-ts067-ward.csv,1103.0
2021,Fens & Greatham,E05013040,5524,1180,485,755,494,1051,,165,census2021-ts067-ward.csv,1394.0
2021,Foggy Furze,E05013041,6665,1756,670,1011,513,1171,,174,census2021-ts067-ward.csv,1370.0
2021,Hart,E05013042,6138,881,438,866,455,1315,,138,census2021-ts067-ward.csv,2045.0
2021,Headland & Harbour,E05013043,6792,1828,677,981,446,1193,,147,census2021-ts067-ward.csv,1520.0
2021,Manor House,E05013044,6428,1894,757,1090,378,1081,,156,census2021-ts067-ward.csv,1072.0
2021,Rossmere,E05013045,5950,1729,641,943,357,1042,,164,census2021-ts067-ward.csv,1074.0
2021,Rural West,E05013046,6136,700,390,786,408,1120,,136,census2021-ts067-ward.csv,2596.0
2021,Seaton (Hartlepool),E05013047,6017,1074,463,783,489,1240,,181,census2021-ts067-ward.csv,1787.0
2021,Throston,E05013048,6527,1485,637,986,456,1278,,145,census2021-ts067-ward.csv,1540.0
2021,Victoria (Hartlepool),E05013049,6068,1625,589,908,371,1065,,148,census2021-ts067-ward.csv,1362.0
2021,Abbey (Cambridge),E05013050,8939,1477,710,833,371,1058,,195,census2021-ts067-ward.csv,4295.0
2021,Arbury (Cambridge),E05013051,8036,1325,567,748,315,890,,203,census2021-ts067-ward.csv,3988.0
2021,Castle (Cambridge),E05013052,7093,223,125,258,79,1856,,91,census2021-ts067-ward.csv,4461.0
2021,Cherry Hinton,E05013053,7476,1092,526,675,350,844,,200,census2021-ts067-ward.csv,3789.0
2021,Coleridge,E05013054,9138,1079,560,738,302,1081,,261,census2021-ts067-ward.csv,5117.0
2021,East Chesterton,E05013055,8096,1321,634,711,308,845,,200,census2021-ts067-ward.csv,4077.0
2021,King's Hedges,E05013056,9141,1571,846,897,496,971,,300,census2021-ts067-ward.csv,4060.0
2021,Market,E05013057,9780,332,140,397,85,3706,,167,census2021-ts067-ward.csv,4953.0
2021,Newnham (Cambridge),E05013058,10705,164,59,204,36,5224,,151,census2021-ts067-ward.csv,4867.0
2021,Petersfield,E05013059,9727,492,282,572,133,1697,,172,census2021-ts067-ward.csv,6379.0
2021,Queen Edith's,E05013060,10605,899,446,834,207,1556,,215,census2021-ts067-ward.csv,6448.0
2021,Romsey,E05013061,8900,874,477,517,210,1019,,194,census2021-ts067-ward.csv,5609.0
2021,Trumpington,E05013062,9354,696,383,757,229,863,,181,census2021-ts067-ward.csv,6245.0
2021,West Chesterton,E05013063,7783,411,234,455,115,1076,,112,census2021-ts067-ward.csv,5380.0
2021,Adlington & Anderton,E05013064,6540,1007,573,931,476,1220,,162,census2021-ts067-ward.csv,2171.0
2021,Buckshaw & Whittle,E05013065,7682,755,540,1049,367,1464,,117,census2021-ts067-ward.csv,3390.0
2021,Chorley East,E05013066,6757,1461,740,1053,444,1200,,182,census2021-ts067-ward.csv,1677.0
2021,Chorley North East,E05013067,5849,598,409,791,322,1014,,119,census2021-ts067-ward.csv,2596.0
2021,Chorley North West,E05013068,6549,1152,637,880,513,1130,,168,census2021-ts067-ward.csv,2069.0
2021,Chorley North & Astley,E05013069,6585,1252,710,945,409,1149,,136,census2021-ts067-ward.csv,1984.0
2021,Chorley South East & Heath Charnock,E05013070,7668,1338,706,1068,522,1403,,156,census2021-ts067-ward.csv,2475.0
2021,Chorley South West,E05013071,6705,1181,722,991,452,1223,,125,census2021-ts067-ward.csv,2011.0
2021,"Clayton East, Brindle & Hoghton",E05013072,7467,1234,729,1056,507,1292,,181,census2021-ts067-ward.csv,2468.0
2021,Clayton West & Cuerden,E05013073,7113,945,611,934,471,1313,,155,census2021-ts067-ward.csv,2684.0
2021,Coppull,E05013074,6805,1424,726,994,493,1225,,160,census2021-ts067-ward.csv,1783.0
2021,"Croston, Mawdesley & Euxton South",E05013075,8216,1290,766,1163,543,1318,,191,census2021-ts067-ward.csv,2945.0
2021,"Eccleston, Heskin & Charnock Richard",E05013076,6091,944,558,752,471,1123,,138,census2021-ts067-ward.csv,2105.0
2021,Euxton,E05013077,6339,841,578,860,475,1190,,140,census2021-ts067-ward.csv,2255.0
2021,Basing & Upton Grey,E05013078,8431,1028,729,1130,399,1460,,209,census2021-ts067-ward.csv,3476.0
2021,Bramley,E05013079,7391,889,623,1005,293,1339,,143,census2021-ts067-ward.csv,3099.0
2021,Brighton Hill,E05013080,8620,1523,1216,1296,524,1686,,250,census2021-ts067-ward.csv,2125.0
2021,Brookvale & Kings Furlong,E05013081,8942,1332,833,1028,341,1393,,299,census2021-ts067-ward.csv,3716.0
2021,Chineham,E05013082,8691,705,808,1210,320,1771,,170,census2021-ts067-ward.csv,3707.0
2021,Eastrop & Grove,E05013083,7959,1220,850,1124,439,1432,,260,census2021-ts067-ward.csv,2634.0
2021,Evingar,E05013084,7777,837,693,1067,334,1370,,158,census2021-ts067-ward.csv,3318.0
2021,Hatch Warren & Beggarwood,E05013085,8007,593,739,1318,329,1762,,142,census2021-ts067-ward.csv,3124.0
2021,Kempshott & Buckskin,E05013086,8534,1227,1050,1292,495,1565,,201,census2021-ts067-ward.csv,2704.0
2021,Norden (Basingstoke and Deane),E05013087,8613,1552,1123,1259,405,1365,,288,census2021-ts067-ward.csv,2621.0
2021,Oakley & The Candovers,E05013088,7613,908,635,1098,369,1396,,171,census2021-ts067-ward.csv,3036.0
2021,Popley,E05013089,8816,1769,1151,1399,445,1520,,255,census2021-ts067-ward.csv,2277.0
2021,Sherborne St John & Rooksdown,E05013090,9211,772,814,1287,348,1681,,170,census2021-ts067-ward.csv,4139.0
2021,South Ham,E05013091,8622,2065,1203,1260,547,1418,,274,census2021-ts067-ward.csv,1855.0
2021,Tadley & Pamber,E05013092,8924,1262,949,1361,493,1704,,219,census2021-ts067-ward.csv,2936.0
2021,"Tadley North, Kingsclere & Baughurst",E05013093,9207,1301,966,1379,502,1675,,217,census2021-ts067-ward.csv,3167.0
2021,"Whitchurch, Overton & Laverstoke",E05013094,8581,1223,765,1134,465,1466,,190,census2021-ts067-ward.csv,3338.0
2021,Winklebury & Manydown,E05013095,5872,1097,767,925,358,1025,,166,census2021-ts067-ward.csv,1534.0
2021,Barton & Sandhills,E05013096,5705,1242,631,583,274,663,,173,census2021-ts067-ward.csv,2139.0
2021,Blackbird Leys,E05013097,4927,1456,716,670,253,554,,211,census2021-ts067-ward.csv,1067.0
2021,Carfax & Jericho,E05013098,7826,160,84,142,35,3664,,106,census2021-ts067-ward.csv,3635.0
2021,Churchill (Oxford),E05013099,6435,903,450,521,161,1706,,144,census2021-ts067-ward.csv,2550.0
2021,Cowley,E05013100,6205,1265,612,570,284,751,,241,census2021-ts067-ward.csv,2482.0
2021,Cutteslowe & Sunnymead,E05013101,5568,392,224,422,90,440,,88,census2021-ts067-ward.csv,3912.0
2021,Donnington (Oxford),E05013102,6132,989,402,473,171,985,,165,census2021-ts067-ward.csv,2947.0
2021,Headington,E05013103,6108,496,230,305,139,1040,,117,census2021-ts067-ward.csv,3781.0
2021,Headington Hill & Northway,E05013104,5427,531,307,420,135,1217,,146,census2021-ts067-ward.csv,2671.0
2021,Hinksey Park,E05013105,4720,465,228,320,105,497,,76,census2021-ts067-ward.csv,3029.0
2021,Holywell (Oxford),E05013106,5988,47,19,51,5,4383,,66,census2021-ts067-ward.csv,1417.0
2021,Littlemore,E05013107,4934,950,479,653,237,584,,155,census2021-ts067-ward.csv,1876.0
2021,Lye Valley,E05013108,5976,904,471,504,250,1499,,149,census2021-ts067-ward.csv,2199.0
2021,Marston,E05013109,5953,841,355,468,262,793,,116,census2021-ts067-ward.csv,3118.0
2021,Northfield Brook,E05013110,5528,1267,710,816,280,707,,156,census2021-ts067-ward.csv,1592.0
2021,Osney & St Thomas,E05013111,5641,450,194,334,83,831,,112,census2021-ts067-ward.csv,3637.0
2021,Quarry & Risinghurst,E05013112,5808,686,397,495,225,691,,124,census2021-ts067-ward.csv,3190.0
2021,Rose Hill & Iffley,E05013113,5687,1311,584,606,245,553,,212,census2021-ts067-ward.csv,2176.0
2021,St Clement's (Oxford),E05013114,5447,476,204,285,103,1381,,91,census2021-ts067-ward.csv,2907.0
2021,St Mary's (Oxford),E05013115,6618,527,203,267,77,1771,,92,census2021-ts067-ward.csv,3681.0
2021,Summertown,E05013116,5212,298,115,484,35,766,,97,census2021-ts067-ward.csv,3417.0
2021,Temple Cowley,E05013117,5886,958,424,515,206,886,,176,census2021-ts067-ward.csv,2721.0
2021,Walton Manor,E05013118,5024,155,66,158,24,1359,,95,census2021-ts067-ward.csv,3167.0
2021,Wolvercote,E05013119,3962,437,230,327,120,404,,53,census2021-ts067-ward.csv,2391.0
2021,Abbey (Buckinghamshire),E05013120,10830,1657,966,1296,428,1569,,320,census2021-ts067-ward.csv,4594.0
2021,Amersham and Chesham Bois,E05013121,8290,804,499,885,207,973,,176,census2021-ts067-ward.csv,4746.0
2021,Aston Clinton and Bierton,E05013122,10920,1168,933,1503,577,1990,,222,census2021-ts067-ward.csv,4527.0
2021,Aylesbury East,E05013123,8929,1349,967,1354,566,1557,,246,census2021-ts067-ward.csv,2890.0
2021,Aylesbury North,E05013124,10505,1973,1215,1373,519,1667,,299,census2021-ts067-ward.csv,3459.0
2021,Aylesbury North West,E05013125,10483,2243,1276,1448,570,1615,,335,census2021-ts067-ward.csv,2996.0
2021,Aylesbury South East,E05013126,9428,1284,925,1306,552,1647,,258,census2021-ts067-ward.csv,3456.0
2021,Aylesbury South West,E05013127,8775,2019,1112,1233,487,1339,,290,census2021-ts067-ward.csv,2295.0
2021,Aylesbury West,E05013128,9049,1442,1009,1414,476,1621,,237,census2021-ts067-ward.csv,2850.0
2021,Beaconsfield,E05013129,8876,934,553,999,305,1059,,173,census2021-ts067-ward.csv,4853.0
2021,Bernwood,E05013130,8759,997,668,1063,381,1233,,216,census2021-ts067-ward.csv,4201.0
2021,"Booker, Cressex and Castlefield",E05013131,9889,2680,1224,1247,412,1296,,359,census2021-ts067-ward.csv,2671.0
2021,Buckingham East,E05013132,8134,1026,729,1302,387,1353,,202,census2021-ts067-ward.csv,3135.0
2021,Buckingham West,E05013133,9313,1091,797,1332,410,1641,,194,census2021-ts067-ward.csv,3848.0
2021,Chalfont St Giles,E05013134,8941,927,646,1183,360,1356,,189,census2021-ts067-ward.csv,4280.0
2021,Chalfont St Peter,E05013135,8920,982,584,1118,384,1274,,206,census2021-ts067-ward.csv,4372.0
2021,Chesham,E05013136,8480,1463,860,1170,411,1290,,235,census2021-ts067-ward.csv,3051.0
2021,Chess Valley,E05013137,8409,1158,686,1062,373,1239,,178,census2021-ts067-ward.csv,3713.0
2021,Chiltern Ridges,E05013138,8812,1133,727,1132,422,1307,,174,census2021-ts067-ward.csv,3917.0
2021,Chiltern Villages,E05013139,9111,1005,647,1203,421,1446,,175,census2021-ts067-ward.csv,4214.0
2021,Cliveden,E05013140,8676,1282,789,1133,458,1328,,246,census2021-ts067-ward.csv,3440.0
2021,Denham,E05013141,8326,1308,716,1055,433,1279,,247,census2021-ts067-ward.csv,3288.0
2021,Downley,E05013142,9713,1551,866,1261,502,1725,,285,census2021-ts067-ward.csv,3523.0
2021,Farnham Common and Burnham Beeches,E05013143,7749,944,595,998,343,1196,,157,census2021-ts067-ward.csv,3516.0
2021,"Flackwell Heath, Little Marlow and Marlow South East",E05013144,8945,1224,836,1258,491,1460,,222,census2021-ts067-ward.csv,3454.0
2021,Gerrards Cross,E05013145,7330,662,405,815,225,959,,150,census2021-ts067-ward.csv,4114.0
2021,Great Brickhill,E05013146,9883,1299,846,1394,502,1583,,236,census2021-ts067-ward.csv,4023.0
2021,Great Missenden,E05013147,8235,889,598,1139,391,1234,,156,census2021-ts067-ward.csv,3828.0
2021,Grendon Underwood,E05013148,9494,1231,876,1426,483,1632,,229,census2021-ts067-ward.csv,3617.0
2021,Hazlemere,E05013149,7719,924,749,1190,448,1329,,175,census2021-ts067-ward.csv,2904.0
2021,Iver,E05013150,8822,1421,846,1098,481,1429,,238,census2021-ts067-ward.csv,3309.0
2021,Ivinghoe,E05013151,9128,991,867,1291,410,1547,,176,census2021-ts067-ward.csv,3846.0
2021,Little Chalfont and Amersham Common,E05013152,8620,794,538,1099,289,1169,,143,census2021-ts067-ward.csv,4588.0
2021,Marlow,E05013153,8869,988,658,1130,344,1183,,215,census2021-ts067-ward.csv,4351.0
2021,Penn Wood and Old Amersham,E05013154,8760,1046,665,1074,409,1247,,152,census2021-ts067-ward.csv,4167.0
2021,Ridgeway East,E05013155,8758,875,665,1259,480,1521,,177,census2021-ts067-ward.csv,3781.0
2021,Ridgeway West,E05013156,8769,1069,782,1216,447,1463,,161,census2021-ts067-ward.csv,3631.0
2021,Ryemead and Micklefield,E05013157,8892,1334,925,1175,399,1424,,212,census2021-ts067-ward.csv,3423.0
2021,Stoke Poges and Wexham,E05013158,8418,1366,747,1068,415,1211,,215,census2021-ts067-ward.csv,3396.0
2021,Stone and Waddesdon,E05013159,11676,1194,920,1598,571,2133,,230,census2021-ts067-ward.csv,5030.0
2021,Terriers and Amersham Hill,E05013160,8718,1002,658,1124,318,1332,,250,census2021-ts067-ward.csv,4034.0
2021,The Risboroughs,E05013161,8576,1209,773,1088,500,1272,,185,census2021-ts067-ward.csv,3549.0
2021,"The Wooburns, Bourne End and Hedsor",E05013162,9240,1275,820,1291,517,1552,,181,census2021-ts067-ward.csv,3604.0
2021,Totteridge and Bowerdean,E05013163,9268,1738,1049,1211,471,1370,,288,census2021-ts067-ward.csv,3141.0
2021,Tylers Green and Loudwater,E05013164,9085,1205,824,1264,538,1529,,229,census2021-ts067-ward.csv,3496.0
2021,"Wendover, Halton and Stoke Mandeville",E05013165,10056,1105,867,1428,403,1803,,224,census2021-ts067-ward.csv,4226.0
2021,West Wycombe,E05013166,8578,1520,833,1093,432,1365,,236,census2021-ts067-ward.csv,3099.0
2021,Wing,E05013167,9826,1166,936,1471,509,1719,,204,census2021-ts067-ward.csv,3821.0
2021,Winslow,E05013168,8405,1033,757,1203,401,1344,,215,census2021-ts067-ward.csv,3452.0
2021,Appleton (Halton),E05013169,5421,1245,592,952,300,994,,158,census2021-ts067-ward.csv,1180.0
2021,Bankfield,E05013170,5250,1297,629,894,321,890,,180,census2021-ts067-ward.csv,1039.0
2021,Beechwood & Heath,E05013171,6442,1084,640,997,393,1292,,181,census2021-ts067-ward.csv,1855.0
2021,Birchfield (Halton),E05013172,6438,614,523,1046,300,1268,,88,census2021-ts067-ward.csv,2599.0
2021,Bridgewater,E05013173,6141,1356,792,1082,337,1121,,167,census2021-ts067-ward.csv,1286.0
2021,Central & West Bank,E05013174,5482,1614,736,1035,246,822,,168,census2021-ts067-ward.csv,861.0
2021,"Daresbury, Moore & Sandymoor",E05013175,3972,442,285,609,195,742,,66,census2021-ts067-ward.csv,1633.0
2021,"Ditton, Hale Village & Halebank",E05013176,6059,1443,746,1009,344,1081,,135,census2021-ts067-ward.csv,1301.0
2021,Farnworth (Halton),E05013177,6537,881,621,911,424,1298,,134,census2021-ts067-ward.csv,2268.0
2021,Grange (Halton),E05013178,6429,1517,923,1117,384,1155,,245,census2021-ts067-ward.csv,1088.0
2021,Halton Castle,E05013179,5384,1388,713,903,278,947,,133,census2021-ts067-ward.csv,1022.0
2021,Halton Lea,E05013180,5409,1462,812,967,272,859,,148,census2021-ts067-ward.csv,889.0
2021,Halton View,E05013181,6020,1264,768,1003,396,1140,,153,census2021-ts067-ward.csv,1296.0
2021,Highfield (Halton),E05013182,5322,1078,597,874,336,996,,124,census2021-ts067-ward.csv,1317.0
2021,Hough Green,E05013183,5467,1239,718,949,281,974,,138,census2021-ts067-ward.csv,1168.0
2021,Mersey & Weston,E05013184,6459,1320,750,1078,385,1293,,165,census2021-ts067-ward.csv,1468.0
2021,Norton North (Halton),E05013185,6091,1205,778,984,266,1169,,151,census2021-ts067-ward.csv,1538.0
2021,Norton South & Preston Brook,E05013186,5627,1416,716,994,260,1015,,158,census2021-ts067-ward.csv,1068.0
2021,Amberley and Woodchester,E05013187,1811,153,104,198,77,261,,42,census2021-ts067-ward.csv,976.0
2021,Bisley,E05013188,1884,209,130,258,95,281,,33,census2021-ts067-ward.csv,878.0
2021,Chalford,E05013189,5232,492,446,733,277,901,,98,census2021-ts067-ward.csv,2285.0
2021,Hardwicke,E05013190,6717,778,683,1061,393,1378,,171,census2021-ts067-ward.csv,2253.0
2021,Kingswood (Stroud),E05013191,1773,203,143,223,90,295,,24,census2021-ts067-ward.csv,795.0
2021,Minchinhampton,E05013192,3802,509,300,484,193,498,,91,census2021-ts067-ward.csv,1727.0
2021,Nailsworth,E05013193,5408,767,393,687,254,831,,128,census2021-ts067-ward.csv,2348.0
2021,Rodborough,E05013194,3680,417,273,491,240,598,,75,census2021-ts067-ward.csv,1586.0
2021,Severn (Stroud),E05013195,5002,677,470,723,289,926,,96,census2021-ts067-ward.csv,1821.0
2021,Stonehouse,E05013196,6312,1201,674,919,397,1110,,168,census2021-ts067-ward.csv,1843.0
2021,Stroud Trinity,E05013197,1848,197,144,257,80,298,,35,census2021-ts067-ward.csv,837.0
2021,Thrupp,E05013198,1915,174,141,224,104,297,,47,census2021-ts067-ward.csv,928.0
2021,Wotton-under-Edge,E05013199,5799,821,537,732,281,873,,131,census2021-ts067-ward.csv,2424.0
2021,Barnoldswick,E05013200,7482,1525,778,1114,576,1425,,204,census2021-ts067-ward.csv,1860.0
2021,Barrowford & Pendleside,E05013201,6273,934,539,761,419,1187,,139,census2021-ts067-ward.csv,2294.0
2021,Boulsworth & Foulridge,E05013202,6595,1057,608,854,541,1258,,141,census2021-ts067-ward.csv,2136.0
2021,Bradley (Pendle),E05013203,6991,2566,796,843,336,925,,293,census2021-ts067-ward.csv,1232.0
2021,Brierfield East & Clover Hill,E05013204,6680,1789,643,849,424,1020,,274,census2021-ts067-ward.csv,1681.0
2021,Brierfield West & Reedley,E05013205,4790,1301,477,601,210,709,,152,census2021-ts067-ward.csv,1340.0
2021,Earby & Coates,E05013206,6756,1325,686,921,522,1352,,169,census2021-ts067-ward.csv,1781.0
2021,Fence & Higham,E05013207,2046,255,172,261,159,334,,38,census2021-ts067-ward.csv,827.0
2021,Marsden & Southfield,E05013208,7274,2222,857,926,460,1034,,301,census2021-ts067-ward.csv,1474.0
2021,Vivary Bridge,E05013209,6037,1377,705,846,392,1113,,143,census2021-ts067-ward.csv,1461.0
2021,Waterside & Horsfield,E05013210,6166,1439,725,850,456,1108,,148,census2021-ts067-ward.csv,1440.0
2021,Whitefield & Walverden,E05013211,8131,2848,1022,917,356,1053,,376,census2021-ts067-ward.csv,1559.0
2021,Cainscross,E05013212,6393,996,653,1046,417,1205,,150,census2021-ts067-ward.csv,1926.0
2021,Brickhill and Queensway,E05013213,10832,2729,1514,1681,683,1600,,426,census2021-ts067-ward.csv,2199.0
2021,Burton and Broughton,E05013214,10476,1832,1212,1738,691,1937,,276,census2021-ts067-ward.csv,2790.0
2021,Clover Hill,E05013215,10362,2007,1261,1589,737,1676,,370,census2021-ts067-ward.csv,2722.0
2021,Corby Rural,E05013216,11632,1742,1164,1742,684,2211,,312,census2021-ts067-ward.csv,3777.0
2021,Corby West,E05013217,10757,2923,1529,1624,713,1697,,383,census2021-ts067-ward.csv,1888.0
2021,Croyland and Swanspool,E05013218,11541,2789,1542,1687,656,1721,,410,census2021-ts067-ward.csv,2736.0
2021,Desborough,E05013219,11514,1935,1289,1841,735,2077,,292,census2021-ts067-ward.csv,3345.0
2021,Earls Barton,E05013220,11419,1862,1197,1700,761,1926,,283,census2021-ts067-ward.csv,3690.0
2021,Finedon,E05013221,12759,3086,1529,1777,746,1886,,577,census2021-ts067-ward.csv,3158.0
2021,Hatton Park,E05013222,11417,2326,1424,1669,694,1913,,371,census2021-ts067-ward.csv,3020.0
2021,Higham Ferrers,E05013223,10353,1754,1278,1726,627,1870,,277,census2021-ts067-ward.csv,2821.0
2021,Irchester,E05013224,9258,1750,1078,1316,657,1612,,248,census2021-ts067-ward.csv,2597.0
2021,Irthlingborough,E05013225,10946,2116,1295,1817,720,1899,,286,census2021-ts067-ward.csv,2813.0
2021,Ise,E05013226,9379,1492,996,1421,621,1672,,254,census2021-ts067-ward.csv,2923.0
2021,Kingswood (North Northamptonshire),E05013227,12678,3756,1767,1972,788,1708,,459,census2021-ts067-ward.csv,2228.0
2021,Lloyds,E05013228,12488,3237,1651,1858,851,1972,,462,census2021-ts067-ward.csv,2457.0
2021,Northall,E05013229,12240,2455,1399,1734,739,1813,,417,census2021-ts067-ward.csv,3683.0
2021,Oakley (North Northamptonshire),E05013230,11991,2025,1302,1826,729,2178,,421,census2021-ts067-ward.csv,3510.0
2021,Oundle,E05013231,10980,1491,963,1699,470,1646,,258,census2021-ts067-ward.csv,4453.0
2021,Raunds,E05013232,10036,1853,1190,1597,681,1789,,316,census2021-ts067-ward.csv,2610.0
2021,Rothwell and Mawsley,E05013233,10238,1733,1117,1646,584,1879,,233,census2021-ts067-ward.csv,3046.0
2021,Rushden Pemberton West,E05013234,10168,2308,1338,1556,769,1759,,290,census2021-ts067-ward.csv,2148.0
2021,Rushden South,E05013235,12830,2412,1650,2093,829,2355,,340,census2021-ts067-ward.csv,3151.0
2021,Thrapston,E05013236,12117,1762,1146,1789,674,2199,,281,census2021-ts067-ward.csv,4266.0
2021,Wicksteed,E05013237,11081,1983,1247,1732,690,1846,,331,census2021-ts067-ward.csv,3252.0
2021,Windmill,E05013238,9693,2323,1327,1598,671,1429,,347,census2021-ts067-ward.csv,1998.0
2021,Abington and Phippsville,E05013239,11262,2147,1036,1314,552,1925,,379,census2021-ts067-ward.csv,3909.0
2021,Billing and Rectory Farm,E05013240,12537,2689,1660,1950,672,1856,,408,census2021-ts067-ward.csv,3302.0
2021,Boothville and Parklands,E05013241,9490,1915,1071,1344,712,1491,,376,census2021-ts067-ward.csv,2581.0
2021,Brackley,E05013242,13027,1780,1335,1914,699,2663,,289,census2021-ts067-ward.csv,4347.0
2021,Braunston and Crick,E05013243,12355,1735,1342,1844,700,2145,,349,census2021-ts067-ward.csv,4240.0
2021,Brixworth,E05013244,10025,1146,989,1406,547,1763,,172,census2021-ts067-ward.csv,4002.0
2021,Bugbrooke,E05013245,10645,1638,1113,1546,760,1874,,247,census2021-ts067-ward.csv,3467.0
2021,Castle (West Northamptonshire),E05013246,14871,3169,1478,1654,747,2531,,592,census2021-ts067-ward.csv,4700.0
2021,Dallington Spencer,E05013247,10711,2920,1480,1501,608,1381,,425,census2021-ts067-ward.csv,2396.0
2021,Daventry East,E05013248,9424,1878,1206,1396,583,1547,,274,census2021-ts067-ward.csv,2540.0
2021,Daventry West,E05013249,10255,2158,1432,1560,649,1663,,356,census2021-ts067-ward.csv,2437.0
2021,Deanshanger,E05013250,10445,1402,1122,1545,654,1821,,245,census2021-ts067-ward.csv,3656.0
2021,Delapre and Rushmere,E05013251,12101,2233,1252,1534,624,2484,,437,census2021-ts067-ward.csv,3537.0
2021,Duston East,E05013252,9615,2121,1130,1316,733,1453,,358,census2021-ts067-ward.csv,2504.0
2021,Duston West and St. Crispin,E05013253,8807,1334,938,1317,614,1581,,237,census2021-ts067-ward.csv,2786.0
2021,East Hunsbury and Shelfleys,E05013254,10223,1326,1045,1596,543,1824,,302,census2021-ts067-ward.csv,3587.0
2021,Hackleton and Grange Park,E05013255,11251,1323,1089,1780,582,1994,,230,census2021-ts067-ward.csv,4253.0
2021,Headlands,E05013256,11620,2567,1333,1692,709,1750,,391,census2021-ts067-ward.csv,3178.0
2021,Kingsthorpe North,E05013257,10714,2165,1292,1581,869,1803,,320,census2021-ts067-ward.csv,2684.0
2021,Kingsthorpe South,E05013258,11548,2425,1291,1577,696,1995,,433,census2021-ts067-ward.csv,3131.0
2021,Long Buckby,E05013259,9595,1171,843,1344,523,1699,,217,census2021-ts067-ward.csv,3798.0
2021,Middleton Cheney,E05013260,10058,1631,1033,1464,521,1733,,249,census2021-ts067-ward.csv,3427.0
2021,Moulton,E05013261,11911,1553,1037,1826,665,2077,,263,census2021-ts067-ward.csv,4490.0
2021,Nene Valley,E05013262,9501,1185,966,1436,471,1612,,219,census2021-ts067-ward.csv,3612.0
2021,Riverside Park,E05013263,11308,2076,1244,1539,623,1685,,333,census2021-ts067-ward.csv,3808.0
2021,St. George (West Northamptonshire),E05013264,10995,2545,1202,1334,667,1729,,428,census2021-ts067-ward.csv,3090.0
2021,Silverstone,E05013265,10872,1313,941,1607,495,1916,,201,census2021-ts067-ward.csv,4399.0
2021,Sixfields,E05013266,13417,2289,1441,1967,705,2193,,412,census2021-ts067-ward.csv,4410.0
2021,Talavera,E05013267,11814,2777,1647,1783,600,1679,,521,census2021-ts067-ward.csv,2807.0
2021,Towcester and Roade,E05013268,13098,1720,1309,2044,679,2494,,273,census2021-ts067-ward.csv,4579.0
2021,Woodford and Weedon,E05013269,9999,1472,1094,1500,557,1718,,230,census2021-ts067-ward.csv,3428.0
2021,Newsham,E05013270,4198,837,484,716,339,835,,100,census2021-ts067-ward.csv,887.0
2021,Seghill with Seaton Delaval,E05013271,4964,870,535,757,336,960,,98,census2021-ts067-ward.csv,1408.0
2021,Bodmin St Mary's & St Leonard,E05013273,5808,1364,753,1024,382,1039,,164,census2021-ts067-ward.csv,1082.0
2021,Bodmin St Petroc's,E05013274,5647,977,647,893,391,1083,,203,census2021-ts067-ward.csv,1453.0
2021,Bude,E05013275,5288,956,661,852,364,936,,152,census2021-ts067-ward.csv,1367.0
2021,Callington & St Dominic,E05013276,5728,1034,669,876,426,1022,,148,census2021-ts067-ward.csv,1553.0
2021,Calstock,E05013277,5749,916,554,762,367,1010,,142,census2021-ts067-ward.csv,1998.0
2021,Camborne Roskear & Tuckingmill,E05013278,5578,931,677,948,379,1243,,123,census2021-ts067-ward.csv,1277.0
2021,Camborne Trelowarren,E05013279,5089,1076,607,843,342,919,,131,census2021-ts067-ward.csv,1171.0
2021,Camborne West & Treswithian,E05013280,5298,1155,525,830,377,961,,164,census2021-ts067-ward.csv,1286.0
2021,Camelford & Boscastle,E05013281,5702,961,672,899,417,1029,,122,census2021-ts067-ward.csv,1602.0
2021,"Constantine, Mabe & Mawnan",E05013282,5680,560,364,650,269,1771,,127,census2021-ts067-ward.csv,1939.0
2021,Falmouth Arwenack,E05013284,5430,475,269,528,213,1496,,108,census2021-ts067-ward.csv,2341.0
2021,Falmouth Penwerris,E05013286,6569,820,416,706,272,1996,,112,census2021-ts067-ward.csv,2247.0
2021,Feock & Kea,E05013288,4600,548,352,658,232,686,,115,census2021-ts067-ward.csv,2009.0
2021,"Four Lanes, Beacon & Troon",E05013289,5666,1141,686,858,444,1050,,129,census2021-ts067-ward.csv,1358.0
2021,"Fowey, Tywardreath & Par",E05013290,4979,814,452,748,350,863,,144,census2021-ts067-ward.csv,1608.0
2021,"Gloweth, Malabar & Shortlanesend",E05013291,4740,538,376,700,258,1060,,94,census2021-ts067-ward.csv,1714.0
2021,Gwinear-Gwithian & Hayle East,E05013292,4914,787,480,766,360,897,,139,census2021-ts067-ward.csv,1485.0
2021,Hayle West,E05013293,6188,1120,712,1031,433,1134,,159,census2021-ts067-ward.csv,1599.0
2021,Helston South & Meneage,E05013295,5818,796,541,875,336,1221,,100,census2021-ts067-ward.csv,1949.0
2021,Land's End,E05013297,5878,845,566,849,374,1027,,148,census2021-ts067-ward.csv,2069.0
2021,"Lanivet, Blisland & Bodmin St Lawrence",E05013298,5618,912,624,862,379,1072,,168,census2021-ts067-ward.csv,1601.0
2021,Launceston South,E05013301,5730,1015,717,941,392,1010,,176,census2021-ts067-ward.csv,1479.0
2021,Liskeard Central,E05013302,6094,1066,677,1027,410,1144,,166,census2021-ts067-ward.csv,1604.0
2021,Liskeard South & Dobwalls,E05013303,6157,1091,666,1054,432,1079,,172,census2021-ts067-ward.csv,1663.0
2021,Looe East & Deviock,E05013305,5519,949,538,843,407,914,,138,census2021-ts067-ward.csv,1730.0
2021,"Looe West, Pelynt, Lansallos & Lanteglos",E05013306,5180,1082,525,680,413,841,,157,census2021-ts067-ward.csv,1482.0
2021,Lostwithiel & Lanreath,E05013307,5281,802,492,816,316,872,,127,census2021-ts067-ward.csv,1856.0
2021,"Ludgvan, Madron, Gulval & Heamoor",E05013308,5876,983,586,893,414,1060,,136,census2021-ts067-ward.csv,1804.0
2021,Lynher,E05013309,4952,719,467,754,373,859,,121,census2021-ts067-ward.csv,1659.0
2021,"Mousehole, Newlyn & St Buryan",E05013311,5178,847,446,747,319,842,,155,census2021-ts067-ward.csv,1822.0
2021,Mullion & St Keverne,E05013312,6107,980,610,989,373,1115,,170,census2021-ts067-ward.csv,1870.0
2021,"Mylor, Perranarworthal & Ponsanooth",E05013313,5478,673,421,722,299,843,,134,census2021-ts067-ward.csv,2386.0
2021,Newquay Central & Pentire,E05013314,5815,892,540,801,347,1116,,141,census2021-ts067-ward.csv,1978.0
2021,Newquay Porth & Tretherras,E05013315,5383,742,556,790,366,1036,,131,census2021-ts067-ward.csv,1762.0
2021,Padstow,E05013317,5582,978,568,885,363,1004,,142,census2021-ts067-ward.csv,1642.0
2021,Penwithick & Boscoppa,E05013319,5288,848,616,931,386,1139,,119,census2021-ts067-ward.csv,1249.0
2021,Penzance East,E05013320,5924,1087,647,954,344,1061,,175,census2021-ts067-ward.csv,1656.0
2021,Penzance Promenade,E05013321,5105,854,488,728,328,861,,163,census2021-ts067-ward.csv,1683.0
2021,Pool & Tehidy,E05013323,5854,1130,679,878,426,1088,,182,census2021-ts067-ward.csv,1471.0
2021,"Porthleven, Breage & Germoe",E05013324,5880,898,541,845,388,1070,,174,census2021-ts067-ward.csv,1964.0
2021,Poundstock,E05013325,4566,845,484,679,268,811,,138,census2021-ts067-ward.csv,1341.0
2021,Rame Peninsula & St Germans,E05013327,6101,749,541,843,440,1074,,128,census2021-ts067-ward.csv,2326.0
2021,Redruth North,E05013329,4863,1049,517,769,338,876,,99,census2021-ts067-ward.csv,1215.0
2021,Redruth South,E05013330,5357,834,489,862,338,1072,,135,census2021-ts067-ward.csv,1627.0
2021,Roche & Bugle,E05013331,6018,1396,728,953,442,1147,,174,census2021-ts067-ward.csv,1178.0
2021,St Blazey,E05013336,5650,1119,679,967,399,1083,,172,census2021-ts067-ward.csv,1231.0
2021,St Cleer & Menheniot,E05013337,5383,889,585,789,324,990,,131,census2021-ts067-ward.csv,1675.0
2021,"St Columb Major, St Mawgan & St Wenn",E05013338,5061,891,549,753,334,916,,140,census2021-ts067-ward.csv,1478.0
2021,"St Goran, Tregony & the Roseland",E05013341,5055,730,421,748,304,818,,123,census2021-ts067-ward.csv,1911.0
2021,St Stephen-in-Brannel,E05013346,5694,1127,650,994,389,1093,,152,census2021-ts067-ward.csv,1289.0
2021,St Teath & Tintagel,E05013347,5492,947,596,887,370,1022,,134,census2021-ts067-ward.csv,1536.0
2021,Saltash Essa,E05013348,5615,1011,538,835,450,1084,,157,census2021-ts067-ward.csv,1540.0
2021,Saltash Tamar,E05013349,5197,848,488,807,420,1003,,114,census2021-ts067-ward.csv,1517.0
2021,Saltash Trematon & Landrake,E05013350,4746,562,418,650,355,962,,84,census2021-ts067-ward.csv,1715.0
2021,"Stratton, Kilkhampton & Morwenstow",E05013351,5436,867,587,889,349,1055,,135,census2021-ts067-ward.csv,1554.0
2021,Torpoint,E05013353,5449,922,640,859,459,1075,,142,census2021-ts067-ward.csv,1352.0
2021,Truro Boscawen & Redannick,E05013354,5124,519,375,751,222,878,,114,census2021-ts067-ward.csv,2265.0
2021,Truro Moresk & Trehaverne,E05013355,5645,917,505,701,291,902,,132,census2021-ts067-ward.csv,2197.0
2021,Truro Tregolls,E05013356,5386,794,521,847,282,936,,124,census2021-ts067-ward.csv,1882.0
2021,Wadebridge East & St Minver,E05013357,4946,745,426,791,324,860,,126,census2021-ts067-ward.csv,1674.0
2021,Wadebridge West & St Mabyn,E05013358,5881,907,578,948,398,1051,,137,census2021-ts067-ward.csv,1862.0
2021,Bembridge,E05013359,3196,529,355,397,240,522,,111,census2021-ts067-ward.csv,1042.0
2021,Binstead & Fishbourne,E05013360,3095,511,314,413,268,535,,89,census2021-ts067-ward.csv,965.0
2021,Brading & St Helens,E05013361,2929,630,279,391,230,493,,78,census2021-ts067-ward.csv,828.0
2021,"Brighstone, Calbourne & Shalfleet",E05013362,2758,426,271,379,203,464,,94,census2021-ts067-ward.csv,921.0
2021,Carisbrooke & Gunville,E05013363,2944,496,324,437,213,601,,50,census2021-ts067-ward.csv,823.0
2021,Central Rural,E05013364,3083,571,344,423,256,523,,105,census2021-ts067-ward.csv,861.0
2021,"Chale, Niton & Shorwell",E05013365,3040,530,292,415,196,482,,100,census2021-ts067-ward.csv,1025.0
2021,Cowes Medina,E05013366,3673,515,386,558,240,735,,73,census2021-ts067-ward.csv,1166.0
2021,Cowes North,E05013367,2379,294,185,310,118,407,,72,census2021-ts067-ward.csv,993.0
2021,Cowes South & Northwood,E05013368,2844,413,302,412,256,545,,56,census2021-ts067-ward.csv,860.0
2021,Cowes West & Gurnard,E05013369,3484,472,252,483,296,564,,100,census2021-ts067-ward.csv,1317.0
2021,East Cowes,E05013370,3330,625,403,471,246,632,,92,census2021-ts067-ward.csv,861.0
2021,Fairlee & Whippingham,E05013371,3363,668,374,460,299,642,,120,census2021-ts067-ward.csv,800.0
2021,Freshwater North & Yarmouth,E05013372,2784,502,289,379,218,446,,100,census2021-ts067-ward.csv,850.0
2021,Freshwater South,E05013373,3249,651,349,486,237,510,,110,census2021-ts067-ward.csv,906.0
2021,Haylands & Swanmore,E05013374,3022,492,350,478,235,580,,85,census2021-ts067-ward.csv,802.0
2021,Lake North,E05013375,2931,695,374,452,224,494,,93,census2021-ts067-ward.csv,599.0
2021,Lake South,E05013376,3047,798,346,435,264,496,,124,census2021-ts067-ward.csv,584.0
2021,Mountjoy & Shide,E05013377,3185,570,383,495,217,599,,93,census2021-ts067-ward.csv,828.0
2021,Nettlestone & Seaview,E05013378,2253,381,221,276,165,372,,57,census2021-ts067-ward.csv,781.0
2021,"Newchurch, Havenstreet & Ashey",E05013379,3000,540,347,429,247,548,,90,census2021-ts067-ward.csv,799.0
2021,Newport Central,E05013380,3122,605,345,499,215,631,,73,census2021-ts067-ward.csv,754.0
2021,Newport West,E05013381,2847,407,321,482,224,598,,57,census2021-ts067-ward.csv,758.0
2021,Osborne,E05013382,3552,625,435,571,270,713,,81,census2021-ts067-ward.csv,857.0
2021,Pan & Barton,E05013383,3276,650,399,614,221,635,,73,census2021-ts067-ward.csv,684.0
2021,Parkhurst & Hunnyhill,E05013384,3653,611,459,588,269,709,,109,census2021-ts067-ward.csv,908.0
2021,Ryde Appley & Elmfield,E05013385,3264,642,372,488,228,564,,86,census2021-ts067-ward.csv,884.0
2021,Ryde Monktonmead,E05013386,3139,581,380,484,211,640,,68,census2021-ts067-ward.csv,775.0
2021,Ryde North West,E05013387,3775,702,414,557,243,666,,97,census2021-ts067-ward.csv,1096.0
2021,Ryde South East,E05013388,1916,376,289,314,126,396,,54,census2021-ts067-ward.csv,361.0
2021,Ryde West,E05013389,2587,465,329,429,172,490,,85,census2021-ts067-ward.csv,617.0
2021,Sandown North,E05013390,3032,679,390,452,222,530,,94,census2021-ts067-ward.csv,665.0
2021,Sandown South,E05013391,3064,695,410,465,234,548,,85,census2021-ts067-ward.csv,627.0
2021,Shanklin Central,E05013392,3448,743,366,490,259,569,,114,census2021-ts067-ward.csv,907.0
2021,Shanklin South,E05013393,2881,546,345,413,215,490,,119,census2021-ts067-ward.csv,753.0
2021,Totland & Colwell,E05013394,3177,618,357,386,247,551,,131,census2021-ts067-ward.csv,887.0
2021,Ventnor & St Lawrence,E05013395,2930,570,292,398,200,447,,96,census2021-ts067-ward.csv,927.0
2021,Wootton Bridge,E05013396,2959,522,332,394,250,505,,96,census2021-ts067-ward.csv,860.0
2021,"Wroxall, Lowtherville & Bonchurch",E05013397,3402,725,387,507,257,571,,103,census2021-ts067-ward.csv,852.0
2021,Aldbourne & Ramsbury,E05013398,4775,602,390,648,221,767,,115,census2021-ts067-ward.csv,2032.0
2021,Alderbury & Whiteparish,E05013399,4764,534,419,671,216,791,,96,census2021-ts067-ward.csv,2037.0
2021,Amesbury East & Bulford,E05013400,5202,595,494,766,458,1280,,105,census2021-ts067-ward.csv,1504.0
2021,Amesbury South,E05013401,4069,391,431,731,150,959,,66,census2021-ts067-ward.csv,1341.0
2021,Amesbury West,E05013402,5013,1098,623,768,288,876,,165,census2021-ts067-ward.csv,1195.0
2021,Avon Valley,E05013403,4863,572,488,778,371,1149,,95,census2021-ts067-ward.csv,1410.0
2021,Box & Colerne,E05013405,4392,469,305,554,212,715,,76,census2021-ts067-ward.csv,2061.0
2021,Bradford-on-Avon North,E05013406,4359,412,314,508,163,622,,137,census2021-ts067-ward.csv,2203.0
2021,Bradford-on-Avon South,E05013407,4320,564,353,506,193,550,,103,census2021-ts067-ward.csv,2051.0
2021,Brinkworth,E05013408,3940,447,332,550,189,659,,66,census2021-ts067-ward.csv,1697.0
2021,"Bromham, Rowde & Roundway",E05013409,4209,621,458,671,267,799,,97,census2021-ts067-ward.csv,1296.0
2021,By Brook,E05013410,3770,420,287,475,193,646,,51,census2021-ts067-ward.csv,1698.0
2021,Calne Central,E05013411,4075,621,489,645,223,784,,135,census2021-ts067-ward.csv,1178.0
2021,Calne Chilvester & Abberd,E05013412,4828,928,595,831,256,906,,108,census2021-ts067-ward.csv,1204.0
2021,Calne North,E05013413,3835,614,461,651,194,813,,81,census2021-ts067-ward.csv,1021.0
2021,Calne Rural,E05013414,4620,508,427,682,224,856,,120,census2021-ts067-ward.csv,1803.0
2021,Calne South,E05013415,3455,393,347,537,169,714,,88,census2021-ts067-ward.csv,1207.0
2021,Chippenham Cepen Park & Derriads,E05013416,4478,562,436,726,179,857,,99,census2021-ts067-ward.csv,1619.0
2021,Chippenham Cepen Park & Hunters Moon,E05013417,3748,357,393,565,191,770,,78,census2021-ts067-ward.csv,1394.0
2021,Chippenham Hardenhuish,E05013418,3764,520,397,611,178,664,,82,census2021-ts067-ward.csv,1312.0
2021,Chippenham Hardens & Central,E05013419,4326,612,448,635,181,774,,132,census2021-ts067-ward.csv,1544.0
2021,Chippenham Lowden & Rowden,E05013420,3021,443,324,457,131,515,,65,census2021-ts067-ward.csv,1086.0
2021,Chippenham Monkton,E05013421,2373,366,229,309,124,393,,42,census2021-ts067-ward.csv,910.0
2021,Chippenham Pewsham,E05013422,4148,332,429,694,227,917,,106,census2021-ts067-ward.csv,1443.0
2021,Chippenham Sheldon,E05013423,4351,873,637,658,257,761,,97,census2021-ts067-ward.csv,1068.0
2021,Corsham Ladbrook,E05013424,4782,818,491,687,268,764,,129,census2021-ts067-ward.csv,1625.0
2021,Corsham Pickwick,E05013425,4271,480,384,576,212,749,,90,census2021-ts067-ward.csv,1780.0
2021,Corsham Without,E05013426,4030,509,374,563,221,695,,103,census2021-ts067-ward.csv,1565.0
2021,Cricklade & Latton,E05013427,4243,635,424,635,239,713,,103,census2021-ts067-ward.csv,1494.0
2021,Devizes East,E05013428,4972,855,595,823,347,944,,133,census2021-ts067-ward.csv,1275.0
2021,Devizes North,E05013429,3500,733,405,511,243,534,,113,census2021-ts067-ward.csv,961.0
2021,Devizes Rural West,E05013430,4232,625,438,678,240,699,,96,census2021-ts067-ward.csv,1456.0
2021,Devizes South,E05013431,4163,604,440,625,233,755,,107,census2021-ts067-ward.csv,1399.0
2021,Downton & Ebble Valley,E05013432,4191,577,324,509,214,705,,111,census2021-ts067-ward.csv,1751.0
2021,Durrington (Wiltshire),E05013433,3923,632,493,650,234,781,,121,census2021-ts067-ward.csv,1012.0
2021,Ethandune,E05013434,3920,588,380,592,209,684,,87,census2021-ts067-ward.csv,1380.0
2021,Fovant & Chalke Valley,E05013435,3713,448,308,506,167,661,,87,census2021-ts067-ward.csv,1536.0
2021,Hilperton,E05013436,3808,528,435,597,232,731,,87,census2021-ts067-ward.csv,1198.0
2021,Holt (Wiltshire),E05013437,3963,510,319,559,156,693,,101,census2021-ts067-ward.csv,1625.0
2021,Kington (Wiltshire),E05013438,4496,540,334,621,258,707,,93,census2021-ts067-ward.csv,1943.0
2021,Laverstock,E05013439,4640,560,429,686,248,771,,90,census2021-ts067-ward.csv,1856.0
2021,Ludgershall North & Rural,E05013440,4437,780,512,718,253,822,,103,census2021-ts067-ward.csv,1249.0
2021,Lyneham,E05013441,6420,727,692,1051,567,1461,,133,census2021-ts067-ward.csv,1789.0
2021,Malmesbury,E05013442,4832,616,448,626,212,832,,77,census2021-ts067-ward.csv,2021.0
2021,Marlborough East,E05013443,4404,771,478,660,225,669,,103,census2021-ts067-ward.csv,1498.0
2021,Marlborough West,E05013444,5146,595,356,987,213,687,,116,census2021-ts067-ward.csv,2192.0
2021,Melksham Forest,E05013446,4345,989,606,734,277,761,,108,census2021-ts067-ward.csv,870.0
2021,Melksham South,E05013447,3929,760,481,597,282,727,,135,census2021-ts067-ward.csv,947.0
2021,Melksham Without North & Shurnhold,E05013448,3954,645,463,550,264,750,,88,census2021-ts067-ward.csv,1194.0
2021,Melksham Without West & Rural,E05013449,3967,593,359,581,272,699,,93,census2021-ts067-ward.csv,1370.0
2021,Mere,E05013450,3801,610,419,607,228,612,,95,census2021-ts067-ward.csv,1230.0
2021,Minety,E05013451,4042,461,318,527,183,660,,74,census2021-ts067-ward.csv,1819.0
2021,Nadder Valley,E05013452,3992,525,345,532,171,776,,110,census2021-ts067-ward.csv,1533.0
2021,Old Sarum & Lower Bourne Valley,E05013453,4944,523,463,690,249,1030,,92,census2021-ts067-ward.csv,1897.0
2021,Pewsey Vale East,E05013455,4543,607,378,623,190,748,,110,census2021-ts067-ward.csv,1887.0
2021,Purton,E05013457,5352,714,531,857,319,1002,,126,census2021-ts067-ward.csv,1803.0
2021,Redlynch & Landford,E05013458,3934,526,286,556,213,606,,112,census2021-ts067-ward.csv,1635.0
2021,Royal Wootton Bassett East,E05013459,4395,497,459,668,251,778,,95,census2021-ts067-ward.csv,1647.0
2021,Royal Wootton Bassett North,E05013460,4557,939,620,705,279,778,,152,census2021-ts067-ward.csv,1084.0
2021,Royal Wootton Bassett South & West,E05013461,4620,605,496,692,243,852,,119,census2021-ts067-ward.csv,1613.0
2021,Salisbury Bemerton Heath,E05013462,3347,613,420,528,163,686,,78,census2021-ts067-ward.csv,859.0
2021,Salisbury Fisherton & Bemerton Village,E05013463,4775,887,599,717,272,832,,107,census2021-ts067-ward.csv,1361.0
2021,Salisbury Harnham East,E05013464,4775,591,423,597,212,816,,122,census2021-ts067-ward.csv,2014.0
2021,Salisbury Harnham West,E05013465,3305,523,309,482,148,516,,105,census2021-ts067-ward.csv,1222.0
2021,Salisbury Milford,E05013466,5087,886,472,662,269,864,,159,census2021-ts067-ward.csv,1775.0
2021,Salisbury St Edmund's,E05013467,4130,563,359,442,164,611,,125,census2021-ts067-ward.csv,1866.0
2021,Salisbury St Francis & Stratford,E05013468,4585,581,407,589,218,782,,99,census2021-ts067-ward.csv,1909.0
2021,Salisbury St Paul's,E05013469,4638,762,423,595,259,793,,163,census2021-ts067-ward.csv,1643.0
2021,Sherston,E05013470,4255,504,339,596,145,668,,106,census2021-ts067-ward.csv,1897.0
2021,Southwick (Wiltshire),E05013471,3593,598,440,540,240,622,,88,census2021-ts067-ward.csv,1065.0
2021,The Lavingtons,E05013472,3891,527,381,581,215,679,,91,census2021-ts067-ward.csv,1417.0
2021,Tidworth East & Ludgershall South,E05013473,4948,517,530,837,334,1265,,82,census2021-ts067-ward.csv,1383.0
2021,Tidworth North & West,E05013474,5468,591,586,908,485,1465,,123,census2021-ts067-ward.csv,1310.0
2021,Till Valley,E05013475,4330,641,393,611,206,786,,105,census2021-ts067-ward.csv,1588.0
2021,Tisbury,E05013476,3752,559,347,480,201,585,,87,census2021-ts067-ward.csv,1493.0
2021,Trowbridge Adcroft,E05013477,5091,1067,625,782,323,823,,162,census2021-ts067-ward.csv,1309.0
2021,Trowbridge Central,E05013478,4811,878,563,724,264,849,,120,census2021-ts067-ward.csv,1413.0
2021,Trowbridge Drynham,E05013479,3908,660,498,584,278,809,,88,census2021-ts067-ward.csv,991.0
2021,Trowbridge Grove,E05013480,4482,814,569,753,280,834,,139,census2021-ts067-ward.csv,1093.0
2021,Trowbridge Lambrok,E05013481,4491,898,558,740,242,780,,127,census2021-ts067-ward.csv,1146.0
2021,Trowbridge Park,E05013482,3414,681,418,554,184,620,,103,census2021-ts067-ward.csv,854.0
2021,Trowbridge Paxcroft,E05013483,4077,400,425,694,228,835,,63,census2021-ts067-ward.csv,1432.0
2021,Urchfont & Bishops Cannings,E05013484,3983,438,458,609,223,754,,94,census2021-ts067-ward.csv,1407.0
2021,Warminster Broadway,E05013485,4177,739,451,636,277,779,,155,census2021-ts067-ward.csv,1140.0
2021,Warminster East,E05013486,4526,905,536,647,329,829,,128,census2021-ts067-ward.csv,1152.0
2021,Warminster North & Rural,E05013487,4645,620,469,710,301,935,,112,census2021-ts067-ward.csv,1498.0
2021,Warminster West,E05013488,3854,620,442,659,245,767,,114,census2021-ts067-ward.csv,1007.0
2021,Westbury East,E05013489,4034,617,446,651,280,830,,100,census2021-ts067-ward.csv,1110.0
2021,Westbury North,E05013490,4445,880,495,724,273,870,,125,census2021-ts067-ward.csv,1078.0
2021,Westbury West,E05013491,4861,786,642,911,278,960,,116,census2021-ts067-ward.csv,1168.0
2021,Wilton,E05013492,3907,642,373,562,206,650,,109,census2021-ts067-ward.csv,1365.0
2021,Winsley & Westwood,E05013493,4119,398,256,507,170,597,,84,census2021-ts067-ward.csv,2107.0
2021,Winterslow & Upper Bourne Valley,E05013494,4212,448,365,533,234,796,,108,census2021-ts067-ward.csv,1728.0
2021,Wylye Valley,E05013495,4050,519,336,603,208,709,,88,census2021-ts067-ward.csv,1587.0
2021,Alperton,E05013496,12122,3643,1292,1154,393,1262,,614,census2021-ts067-ward.csv,3764.0
2021,Barnhill,E05013497,9101,1872,737,848,275,1150,,349,census2021-ts067-ward.csv,3870.0
2021,Brondesbury Park,E05013498,11221,1828,721,902,359,1302,,374,census2021-ts067-ward.csv,5735.0
2021,Cricklewood & Mapesbury,E05013499,11751,2299,879,917,463,1309,,390,census2021-ts067-ward.csv,5494.0
2021,Dollis Hill,E05013500,17037,4538,1612,1723,714,2172,,674,census2021-ts067-ward.csv,5604.0
2021,Harlesden & Kensal Green,E05013501,15963,3615,1452,1531,611,2011,,663,census2021-ts067-ward.csv,6080.0
2021,Kenton (Brent),E05013502,14665,3070,1202,1468,423,1667,,501,census2021-ts067-ward.csv,6334.0
2021,Kilburn (Brent),E05013503,14184,2366,982,1200,426,1793,,430,census2021-ts067-ward.csv,6987.0
2021,Kingsbury (Brent),E05013504,9107,1844,821,927,326,1243,,379,census2021-ts067-ward.csv,3567.0
2021,Northwick Park,E05013505,10336,1686,771,949,362,1446,,383,census2021-ts067-ward.csv,4739.0
2021,Preston (Brent),E05013506,10148,2067,890,1035,381,1172,,463,census2021-ts067-ward.csv,4140.0
2021,Queens Park (Brent),E05013507,13949,1801,785,1178,359,1681,,355,census2021-ts067-ward.csv,7790.0
2021,Queensbury (Brent),E05013508,14118,3371,1254,1420,493,1704,,545,census2021-ts067-ward.csv,5331.0
2021,Roundwood,E05013509,12932,3068,1335,1489,513,1690,,505,census2021-ts067-ward.csv,4332.0
2021,Stonebridge,E05013510,15604,3710,1599,1778,553,2215,,579,census2021-ts067-ward.csv,5170.0
2021,Sudbury,E05013511,11186,2518,1116,1042,371,1330,,520,census2021-ts067-ward.csv,4289.0
2021,Tokyngton,E05013512,8337,2184,915,834,326,1097,,423,census2021-ts067-ward.csv,2558.0
2021,Welsh Harp,E05013513,14316,3582,1387,1432,601,1847,,622,census2021-ts067-ward.csv,4845.0
2021,Wembley Central,E05013514,14551,4375,1702,1403,473,1414,,771,census2021-ts067-ward.csv,4413.0
2021,Wembley Hill,E05013515,12367,2808,1378,1210,452,1333,,713,census2021-ts067-ward.csv,4473.0
2021,Wembley Park,E05013516,6561,387,225,387,83,1590,,177,census2021-ts067-ward.csv,3712.0
2021,Willesden Green,E05013517,15597,3140,1248,1320,576,1907,,634,census2021-ts067-ward.csv,6772.0
2021,Central Greenford,E05013518,11607,2195,1070,1260,584,1607,,444,census2021-ts067-ward.csv,4447.0
2021,Dormers Wells,E05013519,12352,3300,1438,1371,410,1574,,693,census2021-ts067-ward.csv,3566.0
2021,Ealing Broadway,E05013520,11759,1110,461,743,231,1169,,314,census2021-ts067-ward.csv,7731.0
2021,Ealing Common,E05013521,13598,1521,680,994,349,1590,,367,census2021-ts067-ward.csv,8097.0
2021,East Acton,E05013522,12423,1948,905,1071,428,1643,,518,census2021-ts067-ward.csv,5910.0
2021,Greenford Broadway,E05013523,13501,2803,1367,1500,662,1849,,632,census2021-ts067-ward.csv,4688.0
2021,Hanger Hill,E05013524,13718,1631,737,977,380,1525,,499,census2021-ts067-ward.csv,7969.0
2021,Hanwell Broadway,E05013525,12137,1811,828,1171,448,1601,,365,census2021-ts067-ward.csv,5913.0
2021,Lady Margaret,E05013526,12713,3213,1462,1328,482,1642,,724,census2021-ts067-ward.csv,3862.0
2021,North Acton,E05013527,16012,2279,900,1186,509,3187,,596,census2021-ts067-ward.csv,7355.0
2021,North Greenford,E05013528,12753,2398,1127,1379,539,1738,,536,census2021-ts067-ward.csv,5036.0
2021,North Hanwell,E05013529,11766,2013,964,1296,489,1609,,411,census2021-ts067-ward.csv,4984.0
2021,Northfield (Ealing),E05013530,11364,1082,577,902,306,1319,,300,census2021-ts067-ward.csv,6878.0
2021,Northolt Mandeville,E05013531,13771,2914,1386,1576,611,1873,,546,census2021-ts067-ward.csv,4865.0
2021,Northolt West End,E05013532,12469,2980,1404,1403,522,1731,,474,census2021-ts067-ward.csv,3955.0
2021,Norwood Green,E05013533,12739,3117,1324,1307,331,1675,,664,census2021-ts067-ward.csv,4321.0
2021,Perivale,E05013534,13190,2662,1090,1301,620,1810,,595,census2021-ts067-ward.csv,5112.0
2021,Pitshanger,E05013535,12078,1524,763,1138,332,1533,,397,census2021-ts067-ward.csv,6391.0
2021,South Acton,E05013536,13669,2046,821,1099,415,1595,,508,census2021-ts067-ward.csv,7185.0
2021,Southall Broadway,E05013537,8674,2619,987,905,292,920,,713,census2021-ts067-ward.csv,2238.0
2021,Southall Green,E05013538,12287,3803,1608,1220,357,1296,,1018,census2021-ts067-ward.csv,2985.0
2021,Southall West,E05013539,5122,1549,709,578,142,564,,347,census2021-ts067-ward.csv,1233.0
2021,Southfield,E05013540,13527,1109,512,910,288,1518,,265,census2021-ts067-ward.csv,8925.0
2021,Walpole,E05013541,12137,1298,704,844,283,1352,,325,census2021-ts067-ward.csv,7331.0
2021,Belmont (Harrow),E05013542,7207,1177,581,863,240,877,,206,census2021-ts067-ward.csv,3263.0
2021,Canons,E05013543,8071,1317,563,803,231,904,,276,census2021-ts067-ward.csv,3977.0
2021,Centenary,E05013544,12159,2406,1042,1285,329,1523,,407,census2021-ts067-ward.csv,5167.0
2021,Edgware (Harrow),E05013545,12571,3106,1221,1341,459,1498,,471,census2021-ts067-ward.csv,4475.0
2021,Greenhill (Harrow),E05013546,8951,1303,539,690,222,905,,309,census2021-ts067-ward.csv,4983.0
2021,Harrow on the Hill,E05013547,8596,1223,557,1014,275,995,,244,census2021-ts067-ward.csv,4288.0
2021,Harrow Weald,E05013548,11656,2316,997,1336,421,1655,,378,census2021-ts067-ward.csv,4553.0
2021,Hatch End,E05013549,7853,1047,551,821,228,949,,199,census2021-ts067-ward.csv,4058.0
2021,Headstone,E05013550,11873,1564,819,1118,343,1521,,339,census2021-ts067-ward.csv,6169.0
2021,Kenton East,E05013551,11033,2832,1104,1123,378,1322,,443,census2021-ts067-ward.csv,3831.0
2021,Kenton West,E05013552,8350,1589,772,898,269,1020,,277,census2021-ts067-ward.csv,3525.0
2021,Marlborough,E05013553,9473,1594,727,885,326,1163,,342,census2021-ts067-ward.csv,4436.0
2021,North Harrow,E05013554,7333,959,578,691,224,927,,205,census2021-ts067-ward.csv,3749.0
2021,Pinner,E05013555,10617,1303,714,1053,286,1296,,276,census2021-ts067-ward.csv,5689.0
2021,Pinner South,E05013556,12488,1318,791,1191,377,1474,,262,census2021-ts067-ward.csv,7075.0
2021,Rayners Lane,E05013557,7248,1139,679,812,206,993,,234,census2021-ts067-ward.csv,3185.0
2021,Roxbourne,E05013558,7773,1504,796,858,260,1149,,230,census2021-ts067-ward.csv,2976.0
2021,Roxeth,E05013559,12677,2362,1193,1410,455,1843,,471,census2021-ts067-ward.csv,4943.0
2021,Stanmore,E05013560,11069,1963,886,1194,351,1264,,380,census2021-ts067-ward.csv,5031.0
2021,Wealdstone North,E05013561,8073,1761,716,928,287,1121,,293,census2021-ts067-ward.csv,2967.0
2021,Wealdstone South,E05013562,6202,1390,614,653,243,813,,243,census2021-ts067-ward.csv,2246.0
2021,West Harrow,E05013563,8357,1282,711,890,248,1216,,279,census2021-ts067-ward.csv,3731.0
2021,Belmore,E05013564,13504,3265,1618,1524,531,1848,,655,census2021-ts067-ward.csv,4063.0
2021,Charville,E05013565,9025,2011,1069,1137,399,1283,,401,census2021-ts067-ward.csv,2725.0
2021,Colham & Cowley,E05013566,15547,2958,1494,1777,651,3184,,517,census2021-ts067-ward.csv,4966.0
2021,Eastcote,E05013567,13804,1762,1138,1662,606,2086,,376,census2021-ts067-ward.csv,6174.0
2021,Harefield Village,E05013568,4688,872,501,651,291,720,,123,census2021-ts067-ward.csv,1530.0
2021,Hayes Town,E05013569,11617,2566,1257,1254,406,1376,,629,census2021-ts067-ward.csv,4129.0
2021,Heathrow Villages,E05013570,11091,2463,1406,1324,540,1319,,588,census2021-ts067-ward.csv,3451.0
2021,Hillingdon East,E05013571,12338,2150,1240,1570,573,1914,,402,census2021-ts067-ward.csv,4489.0
2021,Hillingdon West,E05013572,7678,1084,613,862,288,1093,,233,census2021-ts067-ward.csv,3505.0
2021,Ickenham & South Harefield,E05013573,12561,1542,1050,1535,611,1865,,319,census2021-ts067-ward.csv,5639.0
2021,Northwood (Hillingdon),E05013574,9296,1097,582,954,287,1024,,232,census2021-ts067-ward.csv,5120.0
2021,Northwood Hills,E05013575,9437,1410,737,1037,356,1232,,275,census2021-ts067-ward.csv,4390.0
2021,Pinkwell,E05013576,12955,3105,1563,1496,475,1732,,718,census2021-ts067-ward.csv,3866.0
2021,Ruislip,E05013577,12689,1744,1030,1574,621,1843,,340,census2021-ts067-ward.csv,5537.0
2021,Ruislip Manor,E05013578,8831,1224,849,1203,478,1394,,257,census2021-ts067-ward.csv,3426.0
2021,South Ruislip,E05013579,13285,1935,1233,1669,643,2177,,393,census2021-ts067-ward.csv,5235.0
2021,Uxbridge,E05013580,14904,2055,1115,1521,534,3162,,484,census2021-ts067-ward.csv,6033.0
2021,West Drayton,E05013581,14165,2822,1378,1669,570,1849,,475,census2021-ts067-ward.csv,5402.0
2021,Wood End,E05013582,15038,3703,1801,1767,594,2000,,655,census2021-ts067-ward.csv,4518.0
2021,Yeading,E05013583,10051,2212,1195,1224,447,1446,,398,census2021-ts067-ward.csv,3129.0
2021,Yiewsley,E05013584,9384,1926,1003,1107,400,1291,,320,census2021-ts067-ward.csv,3337.0
2021,Alexandra Park,E05013585,6763,523,273,528,99,784,,142,census2021-ts067-ward.csv,4414.0
2021,Bounds Green,E05013586,8040,1395,597,735,289,969,,276,census2021-ts067-ward.csv,3779.0
2021,Bruce Castle,E05013587,10485,3000,992,995,409,1314,,364,census2021-ts067-ward.csv,3411.0
2021,Crouch End,E05013588,10864,824,423,719,178,1065,,189,census2021-ts067-ward.csv,7466.0
2021,Fortis Green,E05013589,9949,878,367,853,187,1152,,162,census2021-ts067-ward.csv,6350.0
2021,Harringay,E05013590,12522,2047,730,834,382,1290,,392,census2021-ts067-ward.csv,6847.0
2021,Hermitage & Gardens,E05013591,7249,1304,486,549,203,835,,266,census2021-ts067-ward.csv,3606.0
2021,Highgate (Haringey),E05013592,10742,739,321,715,165,1004,,170,census2021-ts067-ward.csv,7628.0
2021,Hornsey,E05013593,12528,1446,653,1008,227,1385,,279,census2021-ts067-ward.csv,7530.0
2021,Muswell Hill,E05013594,7234,592,253,528,122,714,,125,census2021-ts067-ward.csv,4900.0
2021,Noel Park,E05013595,11758,2668,937,1064,450,1561,,400,census2021-ts067-ward.csv,4678.0
2021,Northumberland Park,E05013596,11408,3204,1122,1206,512,1402,,460,census2021-ts067-ward.csv,3502.0
2021,St Ann's (Haringey),E05013597,8690,1959,733,713,362,958,,327,census2021-ts067-ward.csv,3638.0
2021,Seven Sisters,E05013598,7311,1688,639,696,284,935,,277,census2021-ts067-ward.csv,2792.0
2021,South Tottenham,E05013599,12460,3177,1035,1363,464,1471,,589,census2021-ts067-ward.csv,4361.0
2021,Stroud Green,E05013600,9296,893,409,642,182,945,,159,census2021-ts067-ward.csv,6066.0
2021,Tottenham Central,E05013601,12304,2814,1006,1065,550,1435,,445,census2021-ts067-ward.csv,4989.0
2021,Tottenham Hale,E05013602,9916,2063,809,868,315,1631,,310,census2021-ts067-ward.csv,3920.0
2021,West Green,E05013603,12452,2633,985,1067,448,1465,,465,census2021-ts067-ward.csv,5389.0
2021,White Hart Lane,E05013604,11414,3162,986,1180,446,1503,,384,census2021-ts067-ward.csv,3753.0
2021,Woodside (Haringey),E05013605,12617,2908,979,1063,510,1443,,466,census2021-ts067-ward.csv,5248.0
2021,Bedfont,E05013606,11792,2736,1473,1406,527,1568,,580,census2021-ts067-ward.csv,3502.0
2021,Brentford East,E05013607,6811,1229,563,642,233,835,,229,census2021-ts067-ward.csv,3080.0
2021,Brentford West,E05013608,6385,826,453,620,191,858,,192,census2021-ts067-ward.csv,3245.0
2021,Chiswick Gunnersbury,E05013609,10665,1049,499,813,240,1218,,330,census2021-ts067-ward.csv,6516.0
2021,Chiswick Homefields,E05013610,11279,1076,496,916,229,1315,,270,census2021-ts067-ward.csv,6977.0
2021,Chiswick Riverside,E05013611,8354,715,414,699,164,937,,155,census2021-ts067-ward.csv,5270.0
2021,Cranford,E05013612,12748,3098,1595,1358,445,1470,,829,census2021-ts067-ward.csv,3953.0
2021,Feltham North,E05013613,10218,2649,1237,1145,430,1201,,438,census2021-ts067-ward.csv,3118.0
2021,Feltham West,E05013614,12514,2526,1441,1589,544,1671,,458,census2021-ts067-ward.csv,4285.0
2021,Hanworth Park,E05013615,8216,1654,955,1012,381,1071,,302,census2021-ts067-ward.csv,2841.0
2021,Hanworth Village,E05013616,12496,2893,1448,1585,608,1766,,449,census2021-ts067-ward.csv,3747.0
2021,Heston Central,E05013617,11482,2438,1229,1224,395,1335,,667,census2021-ts067-ward.csv,4194.0
2021,Heston East,E05013618,8980,1850,847,909,316,1129,,401,census2021-ts067-ward.csv,3528.0
2021,Heston West,E05013619,12251,3099,1318,1372,352,1551,,640,census2021-ts067-ward.csv,3919.0
2021,Hounslow Central,E05013620,8348,1474,800,713,276,779,,446,census2021-ts067-ward.csv,3860.0
2021,Hounslow East,E05013621,6775,1321,659,630,231,719,,357,census2021-ts067-ward.csv,2858.0
2021,Hounslow Heath,E05013622,12434,2581,1286,1299,515,1459,,756,census2021-ts067-ward.csv,4538.0
2021,Hounslow South,E05013623,11168,1946,968,1209,454,1518,,416,census2021-ts067-ward.csv,4657.0
2021,Hounslow West,E05013624,12651,2715,1532,1185,465,1395,,797,census2021-ts067-ward.csv,4562.0
2021,Isleworth,E05013625,10778,1659,878,1081,397,1448,,319,census2021-ts067-ward.csv,4996.0
2021,Osterley & Spring Grove,E05013626,11925,1520,775,1050,399,1467,,400,census2021-ts067-ward.csv,6314.0
2021,Syon & Brentford Lock,E05013627,10404,1573,806,932,299,1336,,342,census2021-ts067-ward.csv,5116.0
2021,Barnet Vale,E05013628,13779,1722,981,1489,436,1853,,366,census2021-ts067-ward.csv,6932.0
2021,Brunswick Park,E05013629,13072,1996,1039,1513,493,1815,,372,census2021-ts067-ward.csv,5844.0
2021,Burnt Oak,E05013630,17008,3962,1639,1805,638,2221,,716,census2021-ts067-ward.csv,6027.0
2021,Childs Hill,E05013631,15817,2287,901,1356,454,1797,,493,census2021-ts067-ward.csv,8529.0
2021,Colindale North,E05013632,9211,1770,776,915,302,1200,,348,census2021-ts067-ward.csv,3900.0
2021,Colindale South,E05013633,15718,2405,1004,1301,426,1989,,621,census2021-ts067-ward.csv,7972.0
2021,Cricklewood,E05013634,8403,1721,684,831,285,1105,,331,census2021-ts067-ward.csv,3446.0
2021,East Barnet,E05013635,14251,2175,1156,1665,592,1979,,421,census2021-ts067-ward.csv,6263.0
2021,East Finchley,E05013636,13477,1682,736,1194,368,1507,,337,census2021-ts067-ward.csv,7653.0
2021,Edgware (Barnet),E05013637,15678,2434,1133,1561,469,1842,,528,census2021-ts067-ward.csv,7711.0
2021,Edgwarebury,E05013638,9037,1476,713,1083,305,1273,,290,census2021-ts067-ward.csv,3897.0
2021,Finchley Church End,E05013639,15230,2029,799,1324,407,1659,,444,census2021-ts067-ward.csv,8568.0
2021,Friern Barnet,E05013640,15425,2446,1080,1561,508,1989,,505,census2021-ts067-ward.csv,7336.0
2021,Garden Suburb,E05013641,9691,801,409,820,147,995,,201,census2021-ts067-ward.csv,6318.0
2021,Golders Green,E05013642,10490,1773,799,1434,268,1346,,396,census2021-ts067-ward.csv,4474.0
2021,Hendon (Barnet),E05013643,17180,2676,1172,1604,584,2504,,609,census2021-ts067-ward.csv,8031.0
2021,High Barnet,E05013644,9751,1337,630,1017,310,1178,,237,census2021-ts067-ward.csv,5042.0
2021,Mill Hill (Barnet),E05013645,14614,2032,956,1549,452,1786,,396,census2021-ts067-ward.csv,7443.0
2021,Totteridge & Woodside,E05013646,11524,1244,603,1036,273,1238,,263,census2021-ts067-ward.csv,6867.0
2021,Underhill,E05013647,9994,1700,847,1135,358,1352,,268,census2021-ts067-ward.csv,4334.0
2021,West Finchley,E05013648,15597,2062,936,1305,417,1742,,456,census2021-ts067-ward.csv,8679.0
2021,West Hendon,E05013649,14251,2830,1096,1232,499,1714,,570,census2021-ts067-ward.csv,6310.0
2021,Whetstone,E05013650,8771,1174,496,818,270,1087,,249,census2021-ts067-ward.csv,4677.0
2021,Woodhouse (Barnet),E05013651,11385,2027,717,1139,370,1370,,375,census2021-ts067-ward.csv,5387.0
2021,Belsize,E05013652,10199,574,225,460,126,894,,221,census2021-ts067-ward.csv,7699.0
2021,Bloomsbury,E05013653,10390,872,426,520,173,3100,,335,census2021-ts067-ward.csv,4964.0
2021,Camden Square,E05013654,6462,822,360,522,136,993,,147,census2021-ts067-ward.csv,3482.0
2021,Camden Town,E05013655,5545,700,320,426,131,872,,129,census2021-ts067-ward.csv,2967.0
2021,Fortune Green,E05013656,9555,995,410,627,168,984,,224,census2021-ts067-ward.csv,6147.0
2021,Frognal,E05013657,6261,474,172,399,85,575,,155,census2021-ts067-ward.csv,4401.0
2021,Gospel Oak,E05013658,9656,1391,592,805,204,1141,,268,census2021-ts067-ward.csv,5255.0
2021,Hampstead Town,E05013659,6640,360,176,378,55,547,,108,census2021-ts067-ward.csv,5016.0
2021,Haverstock,E05013660,9925,1537,643,902,271,1349,,265,census2021-ts067-ward.csv,4958.0
2021,Highgate (Camden),E05013661,8591,874,416,701,173,958,,183,census2021-ts067-ward.csv,5286.0
2021,Holborn & Covent Garden,E05013662,9125,1189,533,692,178,1290,,288,census2021-ts067-ward.csv,4955.0
2021,Kentish Town North,E05013663,6135,599,274,408,94,730,,129,census2021-ts067-ward.csv,3901.0
2021,Kentish Town South,E05013664,8802,1145,475,649,199,1278,,220,census2021-ts067-ward.csv,4836.0
2021,Kilburn (Camden),E05013665,9989,1850,763,865,251,1194,,324,census2021-ts067-ward.csv,4742.0
2021,King's Cross,E05013666,10064,1230,504,709,188,2165,,300,census2021-ts067-ward.csv,4968.0
2021,Primrose Hill,E05013667,10312,1070,433,717,179,1077,,297,census2021-ts067-ward.csv,6539.0
2021,Regent's Park (Camden),E05013668,10037,1550,690,837,202,1949,,299,census2021-ts067-ward.csv,4510.0
2021,St Pancras & Somers Town,E05013669,10355,1916,813,974,277,2038,,329,census2021-ts067-ward.csv,4008.0
2021,South Hampstead,E05013670,10231,876,384,571,144,1025,,259,census2021-ts067-ward.csv,6972.0
2021,West Hampstead,E05013671,9639,926,386,614,166,998,,222,census2021-ts067-ward.csv,6327.0
2021,Arnos Grove,E05013672,6651,983,442,671,245,787,,191,census2021-ts067-ward.csv,3332.0
2021,Bowes,E05013673,8818,2211,830,897,351,1135,,365,census2021-ts067-ward.csv,3029.0
2021,Brimsdown,E05013674,12218,3480,1257,1438,543,1656,,419,census2021-ts067-ward.csv,3425.0
2021,Bullsmoor,E05013675,8758,2456,911,1082,363,1236,,313,census2021-ts067-ward.csv,2397.0
2021,Bush Hill Park,E05013676,10444,1864,933,1187,442,1548,,295,census2021-ts067-ward.csv,4175.0
2021,Carterhatch,E05013677,9097,2606,1024,1164,361,1227,,313,census2021-ts067-ward.csv,2402.0
2021,Cockfosters,E05013678,8597,1589,622,899,274,1132,,286,census2021-ts067-ward.csv,3795.0
2021,Edmonton Green,E05013679,12856,3836,1422,1466,477,1658,,454,census2021-ts067-ward.csv,3543.0
2021,Enfield Lock,E05013680,13201,3387,1338,1567,529,1869,,434,census2021-ts067-ward.csv,4077.0
2021,Grange Park,E05013681,7627,1081,536,864,297,1032,,212,census2021-ts067-ward.csv,3605.0
2021,Haselbury,E05013682,13947,3839,1620,1575,573,1849,,526,census2021-ts067-ward.csv,3965.0
2021,Highfield (Enfield),E05013683,7491,1722,738,799,292,1014,,269,census2021-ts067-ward.csv,2657.0
2021,Jubilee (Enfield),E05013684,12633,3665,1336,1446,556,1666,,446,census2021-ts067-ward.csv,3518.0
2021,Lower Edmonton,E05013685,12560,3567,1407,1490,446,1729,,426,census2021-ts067-ward.csv,3495.0
2021,New Southgate,E05013686,9666,1735,759,893,367,1170,,350,census2021-ts067-ward.csv,4392.0
2021,Oakwood (Enfield),E05013687,6917,1011,546,720,239,984,,170,census2021-ts067-ward.csv,3247.0
2021,Palmers Green,E05013688,9033,1604,625,832,342,1028,,288,census2021-ts067-ward.csv,4314.0
2021,Ponders End,E05013689,10032,2876,1090,1200,346,1258,,330,census2021-ts067-ward.csv,2932.0
2021,Ridgeway (Enfield),E05013690,10210,1584,884,1216,392,1425,,272,census2021-ts067-ward.csv,4437.0
2021,Southbury,E05013691,12190,2320,1136,1516,486,1801,,338,census2021-ts067-ward.csv,4593.0
2021,Southgate (Enfield),E05013692,11694,1962,848,1217,392,1399,,384,census2021-ts067-ward.csv,5492.0
2021,Town (Enfield),E05013693,10735,1622,906,1334,473,1537,,267,census2021-ts067-ward.csv,4596.0
2021,Upper Edmonton,E05013694,12605,3603,1391,1346,444,1618,,484,census2021-ts067-ward.csv,3719.0
2021,Whitewebbs,E05013695,10779,1994,1013,1336,542,1610,,276,census2021-ts067-ward.csv,4008.0
2021,Winchmore Hill,E05013696,8422,1213,538,850,283,1109,,205,census2021-ts067-ward.csv,4224.0
2021,Arsenal,E05013697,10920,1179,532,649,218,1081,,197,census2021-ts067-ward.csv,7064.0
2021,Barnsbury,E05013698,10103,1274,484,657,228,995,,227,census2021-ts067-ward.csv,6238.0
2021,Bunhill,E05013699,9643,1205,535,662,207,1396,,292,census2021-ts067-ward.csv,5346.0
2021,Caledonian,E05013700,9879,1594,624,767,252,1418,,362,census2021-ts067-ward.csv,4862.0
2021,Canonbury,E05013701,10616,1584,589,811,293,1127,,281,census2021-ts067-ward.csv,5931.0
2021,Clerkenwell,E05013702,9530,1143,453,679,222,1559,,251,census2021-ts067-ward.csv,5223.0
2021,Finsbury Park,E05013703,12350,1925,864,865,326,1751,,347,census2021-ts067-ward.csv,6272.0
2021,Highbury,E05013704,11622,1243,476,710,200,1198,,236,census2021-ts067-ward.csv,7559.0
2021,Hillrise,E05013705,12272,1910,763,1043,307,1544,,289,census2021-ts067-ward.csv,6416.0
2021,Holloway,E05013706,11064,1485,633,794,258,1545,,289,census2021-ts067-ward.csv,6060.0
2021,Junction,E05013707,10915,1516,605,798,246,1310,,245,census2021-ts067-ward.csv,6195.0
2021,Laycock,E05013708,10530,1798,755,794,296,1312,,254,census2021-ts067-ward.csv,5321.0
2021,Mildmay,E05013709,12001,1704,719,932,241,1342,,244,census2021-ts067-ward.csv,6819.0
2021,St Mary's & St James' (Islington),E05013710,10189,1295,487,702,174,1085,,217,census2021-ts067-ward.csv,6229.0
2021,St Peter's & Canalside,E05013711,9876,1334,497,667,209,1243,,233,census2021-ts067-ward.csv,5693.0
2021,Tollington,E05013712,11647,1637,656,824,252,1296,,249,census2021-ts067-ward.csv,6733.0
2021,Tufnell Park,E05013713,10468,1429,602,792,283,1133,,215,census2021-ts067-ward.csv,6014.0
2021,Bellingham (Lewisham),E05013714,8962,1875,1009,1157,316,1261,,250,census2021-ts067-ward.csv,3094.0
2021,Blackheath (Lewisham),E05013715,13620,1635,774,1105,337,1575,,267,census2021-ts067-ward.csv,7927.0
2021,Brockley,E05013716,14702,1524,734,1061,296,2139,,302,census2021-ts067-ward.csv,8646.0
2021,Catford South,E05013717,13757,2439,1125,1580,474,1949,,446,census2021-ts067-ward.csv,5744.0
2021,Crofton Park,E05013718,12325,1402,736,1080,323,1384,,245,census2021-ts067-ward.csv,7155.0
2021,Deptford,E05013719,14137,2151,1002,1230,405,1942,,448,census2021-ts067-ward.csv,6959.0
2021,Downham,E05013720,14139,3153,1516,1947,607,1974,,453,census2021-ts067-ward.csv,4489.0
2021,Evelyn,E05013721,12018,1671,804,1064,348,1481,,327,census2021-ts067-ward.csv,6323.0
2021,Forest Hill,E05013722,12139,1282,672,1050,313,1443,,251,census2021-ts067-ward.csv,7128.0
2021,Grove Park,E05013723,12572,2293,1103,1445,477,1779,,367,census2021-ts067-ward.csv,5108.0
2021,Hither Green,E05013724,16093,2690,1285,1712,505,2176,,404,census2021-ts067-ward.csv,7321.0
2021,Ladywell,E05013725,12651,1572,813,1081,333,1641,,259,census2021-ts067-ward.csv,6952.0
2021,Lee Green,E05013726,11863,1411,765,1108,316,1444,,283,census2021-ts067-ward.csv,6536.0
2021,Lewisham Central,E05013727,7033,716,327,485,162,848,,191,census2021-ts067-ward.csv,4304.0
2021,New Cross Gate,E05013728,8935,1537,752,954,284,1255,,218,census2021-ts067-ward.csv,3935.0
2021,Perry Vale,E05013729,14783,1911,1032,1425,439,1871,,318,census2021-ts067-ward.csv,7787.0
2021,Rushey Green,E05013730,15256,2415,1260,1383,553,1943,,504,census2021-ts067-ward.csv,7198.0
2021,Sydenham,E05013731,13534,2028,1098,1390,392,1686,,309,census2021-ts067-ward.csv,6631.0
2021,Telegraph Hill,E05013732,13890,1740,931,1169,383,1744,,344,census2021-ts067-ward.csv,7579.0
2021,Addison,E05013733,6620,776,332,480,143,826,,174,census2021-ts067-ward.csv,3889.0
2021,Avonmore,E05013734,6691,764,315,386,154,853,,236,census2021-ts067-ward.csv,3983.0
2021,Brook Green,E05013735,6987,574,236,433,140,857,,155,census2021-ts067-ward.csv,4592.0
2021,College Park & Old Oak,E05013736,8511,1524,606,762,280,1089,,319,census2021-ts067-ward.csv,3931.0
2021,Coningham,E05013737,9016,1249,561,683,248,1210,,236,census2021-ts067-ward.csv,4829.0
2021,Fulham Reach,E05013738,10664,1194,563,676,241,1598,,285,census2021-ts067-ward.csv,6107.0
2021,Fulham Town,E05013739,6277,428,202,360,105,759,,111,census2021-ts067-ward.csv,4312.0
2021,Grove,E05013740,6073,643,269,388,110,687,,182,census2021-ts067-ward.csv,3794.0
2021,Hammersmith Broadway,E05013741,6760,939,432,536,139,948,,165,census2021-ts067-ward.csv,3601.0
2021,Lillie,E05013742,5835,787,343,415,152,813,,202,census2021-ts067-ward.csv,3123.0
2021,Munster,E05013743,10258,906,347,664,157,1338,,239,census2021-ts067-ward.csv,6607.0
2021,Palace & Hurlingham,E05013744,9037,800,350,685,163,1137,,215,census2021-ts067-ward.csv,5687.0
2021,Parsons Green & Sandford,E05013745,6224,484,217,406,75,756,,142,census2021-ts067-ward.csv,4144.0
2021,Ravenscourt,E05013746,5916,581,239,420,123,692,,201,census2021-ts067-ward.csv,3660.0
2021,Sands End,E05013747,9256,1030,459,674,182,1183,,205,census2021-ts067-ward.csv,5523.0
2021,Shepherd's Bush Green,E05013748,4648,715,332,390,152,600,,160,census2021-ts067-ward.csv,2299.0
2021,Walham Green,E05013749,6785,852,346,520,177,911,,154,census2021-ts067-ward.csv,3825.0
2021,Wendell Park,E05013750,5956,619,256,488,134,717,,146,census2021-ts067-ward.csv,3596.0
2021,West Kensington,E05013751,8169,1010,440,598,240,1109,,250,census2021-ts067-ward.csv,4522.0
2021,White City,E05013752,8437,1427,606,838,248,1142,,292,census2021-ts067-ward.csv,3884.0
2021,Wormholt,E05013753,6499,1026,439,588,170,941,,200,census2021-ts067-ward.csv,3135.0
2021,Beddington,E05013754,8830,1389,938,1241,405,1491,,218,census2021-ts067-ward.csv,3148.0
2021,Belmont (Sutton),E05013755,9472,1195,800,1097,354,1323,,207,census2021-ts067-ward.csv,4496.0
2021,Carshalton Central,E05013756,9145,1069,731,1166,394,1397,,207,census2021-ts067-ward.csv,4181.0
2021,Carshalton South & Clockhouse,E05013757,7887,1038,656,1107,333,1240,,200,census2021-ts067-ward.csv,3313.0
2021,Cheam,E05013758,8818,1135,680,1099,389,1290,,193,census2021-ts067-ward.csv,4032.0
2021,Hackbridge,E05013759,5066,599,430,631,161,809,,150,census2021-ts067-ward.csv,2286.0
2021,North Cheam,E05013760,8821,1279,866,1232,463,1627,,230,census2021-ts067-ward.csv,3124.0
2021,St Helier East,E05013761,6507,1439,759,966,339,1014,,211,census2021-ts067-ward.csv,1779.0
2021,St Helier West,E05013762,9472,2105,1138,1325,430,1442,,302,census2021-ts067-ward.csv,2730.0
2021,South Beddington & Roundshaw,E05013763,8630,1515,912,1163,389,1297,,242,census2021-ts067-ward.csv,3112.0
2021,Stonecot,E05013764,6672,1129,706,894,367,1161,,243,census2021-ts067-ward.csv,2172.0
2021,Sutton Central,E05013765,9752,1406,846,1131,391,1420,,322,census2021-ts067-ward.csv,4236.0
2021,Sutton North,E05013766,8869,1523,828,1148,409,1367,,283,census2021-ts067-ward.csv,3311.0
2021,Sutton South,E05013767,9843,1316,715,1007,399,1296,,309,census2021-ts067-ward.csv,4801.0
2021,Sutton West & East Cheam,E05013768,8647,1145,742,1067,351,1319,,262,census2021-ts067-ward.csv,3761.0
2021,The Wrythe,E05013769,8565,1433,915,1120,409,1431,,242,census2021-ts067-ward.csv,3015.0
2021,Wallington North,E05013770,9655,1365,872,1332,403,1549,,262,census2021-ts067-ward.csv,3872.0
2021,Wallington South,E05013771,8768,1338,815,1157,336,1427,,275,census2021-ts067-ward.csv,3420.0
2021,Worcester Park North,E05013772,6502,884,523,808,293,1005,,176,census2021-ts067-ward.csv,2813.0
2021,Worcester Park South,E05013773,5738,820,476,741,267,961,,185,census2021-ts067-ward.csv,2288.0
2021,Barnes (Richmond upon Thames),E05013774,8449,675,324,747,164,956,,182,census2021-ts067-ward.csv,5401.0
2021,East Sheen,E05013775,8145,470,278,682,115,906,,139,census2021-ts067-ward.csv,5555.0
2021,Fulwell & Hampton Hill,E05013776,8469,709,382,770,231,1079,,126,census2021-ts067-ward.csv,5172.0
2021,"Ham, Petersham & Richmond Riverside",E05013777,8371,1034,444,760,259,989,,221,census2021-ts067-ward.csv,4664.0
2021,Hampton (Richmond upon Thames),E05013778,8342,819,500,859,225,1046,,165,census2021-ts067-ward.csv,4728.0
2021,Hampton North,E05013779,7823,1135,634,929,300,1072,,211,census2021-ts067-ward.csv,3542.0
2021,Hampton Wick & South Teddington,E05013780,8711,750,392,799,184,1011,,168,census2021-ts067-ward.csv,5407.0
2021,Heathfield,E05013781,8249,1518,809,995,328,1144,,264,census2021-ts067-ward.csv,3191.0
2021,Kew (Richmond upon Thames),E05013782,9618,642,317,700,139,962,,139,census2021-ts067-ward.csv,6719.0
2021,Mortlake & Barnes Common,E05013783,9440,758,433,779,196,1042,,178,census2021-ts067-ward.csv,6054.0
2021,North Richmond,E05013784,8440,645,366,663,191,828,,192,census2021-ts067-ward.csv,5555.0
2021,St Margarets & North Twickenham,E05013785,9377,542,304,754,177,1050,,163,census2021-ts067-ward.csv,6387.0
2021,South Richmond,E05013786,9094,603,339,616,112,866,,216,census2021-ts067-ward.csv,6342.0
2021,South Twickenham,E05013787,8591,534,343,727,170,1448,,112,census2021-ts067-ward.csv,5257.0
2021,Teddington,E05013788,8673,641,387,752,181,1020,,163,census2021-ts067-ward.csv,5529.0
2021,Twickenham Riverside,E05013789,8947,544,293,659,141,1015,,157,census2021-ts067-ward.csv,6138.0
2021,West Twickenham,E05013790,8694,916,571,914,268,1180,,188,census2021-ts067-ward.csv,4657.0
2021,Whitton (Richmond upon Thames),E05013791,8403,1228,665,924,361,1216,,218,census2021-ts067-ward.csv,3791.0
2021,Abbey Road,E05013792,11028,1227,401,640,160,1156,,305,census2021-ts067-ward.csv,7139.0
2021,Bayswater,E05013793,10945,896,375,592,172,1187,,288,census2021-ts067-ward.csv,7435.0
2021,Church Street,E05013794,9700,2448,782,911,259,1390,,322,census2021-ts067-ward.csv,3588.0
2021,Harrow Road,E05013795,9700,1586,661,861,259,1247,,289,census2021-ts067-ward.csv,4797.0
2021,Hyde Park,E05013796,9140,946,313,439,241,1394,,305,census2021-ts067-ward.csv,5502.0
2021,Knightsbridge & Belgravia,E05013797,9655,902,381,638,216,1706,,391,census2021-ts067-ward.csv,5421.0
2021,Lancaster Gate,E05013798,9933,896,337,488,143,1086,,376,census2021-ts067-ward.csv,6607.0
2021,Little Venice,E05013799,8867,1078,392,542,161,1007,,297,census2021-ts067-ward.csv,5390.0
2021,Maida Vale,E05013800,9784,1192,558,744,180,1056,,265,census2021-ts067-ward.csv,5789.0
2021,Marylebone,E05013801,10901,814,275,522,154,1154,,306,census2021-ts067-ward.csv,7676.0
2021,Pimlico North,E05013802,9307,1220,402,546,211,971,,224,census2021-ts067-ward.csv,5733.0
2021,Pimlico South,E05013803,9142,1467,598,791,258,1129,,267,census2021-ts067-ward.csv,4632.0
2021,Queen's Park (Westminster),E05013804,10524,2123,835,1096,252,1518,,352,census2021-ts067-ward.csv,4348.0
2021,Regent's Park (Westminster),E05013805,10193,1023,351,552,140,1039,,351,census2021-ts067-ward.csv,6737.0
2021,St James's (Westminster),E05013806,9373,960,407,669,240,1186,,329,census2021-ts067-ward.csv,5582.0
2021,Vincent Square,E05013807,9023,973,494,672,180,1109,,290,census2021-ts067-ward.csv,5305.0
2021,West End (Westminster),E05013808,10615,1063,455,559,238,1395,,402,census2021-ts067-ward.csv,6503.0
2021,Westbourne (Westminster),E05013809,9648,2069,600,925,283,1289,,309,census2021-ts067-ward.csv,4173.0
2021,Abbey (Merton),E05013810,8629,841,401,612,191,906,,212,census2021-ts067-ward.csv,5466.0
2021,Cannon Hill,E05013811,7864,1082,591,796,320,1135,,269,census2021-ts067-ward.csv,3671.0
2021,Colliers Wood,E05013812,9847,1231,622,792,292,1202,,271,census2021-ts067-ward.csv,5437.0
2021,Cricket Green,E05013813,9100,1989,953,1066,401,1226,,341,census2021-ts067-ward.csv,3124.0
2021,Figge's Marsh,E05013814,9244,1935,905,1104,394,1300,,325,census2021-ts067-ward.csv,3281.0
2021,Graveney,E05013815,9672,1643,796,842,413,1247,,410,census2021-ts067-ward.csv,4321.0
2021,Hillside (Merton),E05013816,6896,502,233,414,106,615,,158,census2021-ts067-ward.csv,4868.0
2021,Lavender Fields,E05013817,9194,1689,795,933,363,1248,,313,census2021-ts067-ward.csv,3853.0
2021,Longthornton,E05013818,9458,1748,857,1016,418,1358,,351,census2021-ts067-ward.csv,3710.0
2021,Lower Morden,E05013819,9165,1612,934,1216,448,1480,,298,census2021-ts067-ward.csv,3177.0
2021,Merton Park,E05013820,6670,753,375,534,204,758,,200,census2021-ts067-ward.csv,3846.0
2021,Pollards Hill,E05013821,9087,1819,954,1146,372,1374,,320,census2021-ts067-ward.csv,3102.0
2021,Ravensbury,E05013822,7573,1523,753,887,324,1110,,276,census2021-ts067-ward.csv,2700.0
2021,Raynes Park,E05013823,9803,886,503,768,239,1093,,259,census2021-ts067-ward.csv,6055.0
2021,St Helier,E05013824,8979,1717,925,1052,414,1191,,334,census2021-ts067-ward.csv,3346.0
2021,Village (Merton),E05013825,9722,723,340,762,125,989,,216,census2021-ts067-ward.csv,6567.0
2021,Wandle (Merton),E05013826,4595,553,246,372,130,526,,114,census2021-ts067-ward.csv,2654.0
2021,West Barnes,E05013827,8449,1052,530,861,265,1125,,246,census2021-ts067-ward.csv,4370.0
2021,Wimbledon Park,E05013828,8597,656,333,675,157,958,,176,census2021-ts067-ward.csv,5642.0
2021,Wimbledon Town & Dundonald,E05013829,10231,655,325,661,175,946,,246,census2021-ts067-ward.csv,7223.0
2021,Garforth & Swillington,E05013830,17339,3140,1774,2426,1242,3155,,477,census2021-ts067-ward.csv,5125.0
2021,Temple Newsam,E05013831,18124,3798,1958,2466,1324,3035,,493,census2021-ts067-ward.csv,5050.0
2021,Bowerhill,E05013832,3577,455,416,592,228,801,,81,census2021-ts067-ward.csv,1004.0
2021,Melksham East,E05013833,4001,488,499,724,230,905,,79,census2021-ts067-ward.csv,1076.0
2021,Pewsey,E05013834,4135,585,356,585,235,728,,96,census2021-ts067-ward.csv,1550.0
2021,Pewsey Vale West,E05013835,4269,543,344,609,214,742,,80,census2021-ts067-ward.csv,1737.0
2021,St Austell Poltair & Mount Charles,E05013836,5661,1038,639,1030,368,1067,,141,census2021-ts067-ward.csv,1378.0
2021,Altarnun & Stoke Climsland,E05013837,5889,986,599,901,393,980,,141,census2021-ts067-ward.csv,1889.0
2021,"Crowan, Sithney & Wendron",E05013838,5665,823,521,786,375,1075,,148,census2021-ts067-ward.csv,1937.0
2021,Falmouth Boslowick,E05013839,5152,629,433,728,384,1006,,98,census2021-ts067-ward.csv,1874.0
2021,Falmouth Trescobeas & Budock,E05013840,5098,820,465,658,367,1000,,127,census2021-ts067-ward.csv,1661.0
2021,Helston North,E05013841,5378,831,516,837,352,1101,,160,census2021-ts067-ward.csv,1581.0
2021,Illogan & Portreath,E05013842,5461,983,523,758,431,952,,146,census2021-ts067-ward.csv,1668.0
2021,"Lanner, Stithians & Gwennap",E05013843,5579,881,528,796,402,990,,111,census2021-ts067-ward.csv,1871.0
2021,Launceston North & North Petherwin,E05013844,5804,1146,738,957,362,952,,166,census2021-ts067-ward.csv,1483.0
2021,"Long Rock, Marazion & St Erth",E05013845,5787,974,522,851,367,1041,,179,census2021-ts067-ward.csv,1853.0
2021,Mevagissey & St Austell Bay,E05013846,4512,660,430,680,325,733,,139,census2021-ts067-ward.csv,1545.0
2021,Newquay Trenance,E05013847,6062,1033,653,912,418,1165,,164,census2021-ts067-ward.csv,1717.0
2021,Penryn,E05013848,6790,836,459,904,372,1815,,131,census2021-ts067-ward.csv,2273.0
2021,Perranporth,E05013849,5225,758,435,740,363,897,,126,census2021-ts067-ward.csv,1906.0
2021,Probus & St Erme,E05013850,5480,738,552,913,286,1080,,123,census2021-ts067-ward.csv,1788.0
2021,"Redruth Central, Carharrack & St Day",E05013851,5441,934,537,876,385,1035,,127,census2021-ts067-ward.csv,1547.0
2021,St Agnes (Cornwall),E05013852,5384,590,392,730,283,865,,117,census2021-ts067-ward.csv,2407.0
2021,St Austell Bethel & Holmbush,E05013853,5691,1081,626,1014,446,1130,,141,census2021-ts067-ward.csv,1253.0
2021,St Austell Central & Gover,E05013854,5936,1188,744,964,405,1021,,186,census2021-ts067-ward.csv,1428.0
2021,St Columb Minor & Colan,E05013855,4837,749,499,791,294,1011,,114,census2021-ts067-ward.csv,1379.0
2021,St Dennis & St Enoder,E05013856,6409,1300,799,1048,432,1261,,154,census2021-ts067-ward.csv,1415.0
2021,"St Ives East, Lelant & Carbis Bay",E05013857,5380,795,511,842,358,966,,148,census2021-ts067-ward.csv,1760.0
2021,St Ives West & Towednack,E05013858,5167,902,513,722,369,884,,143,census2021-ts067-ward.csv,1634.0
2021,St Mewan & Grampound,E05013859,4774,796,472,713,321,901,,122,census2021-ts067-ward.csv,1449.0
2021,"St Newlyn East, Cubert & Goonhavern",E05013860,5449,802,481,833,333,1005,,124,census2021-ts067-ward.csv,1871.0
2021,Threemilestone & Chacewater,E05013861,4370,611,389,621,303,840,,118,census2021-ts067-ward.csv,1488.0
2021,Bothal,E05013862,4121,721,368,643,316,843,,100,census2021-ts067-ward.csv,1130.0
2021,Pegswood,E05013863,4841,736,406,736,308,852,,127,census2021-ts067-ward.csv,1676.0
2021,Abbey (Reading),E05013864,8795,1224,607,656,284,1013,,329,census2021-ts067-ward.csv,4682.0
2021,Battle,E05013865,8980,1762,995,993,431,1217,,420,census2021-ts067-ward.csv,3162.0
2021,Caversham,E05013866,9005,1054,696,1005,353,1158,,183,census2021-ts067-ward.csv,4556.0
2021,Caversham Heights,E05013867,7498,631,460,829,274,997,,122,census2021-ts067-ward.csv,4185.0
2021,Church (Reading),E05013868,9365,2481,1169,1245,442,1267,,278,census2021-ts067-ward.csv,2483.0
2021,Coley,E05013869,8938,1424,838,932,331,1103,,282,census2021-ts067-ward.csv,4028.0
2021,Emmer Green,E05013870,7753,953,675,1024,378,1283,,206,census2021-ts067-ward.csv,3234.0
2021,Katesgrove,E05013871,10149,1505,923,836,372,1714,,414,census2021-ts067-ward.csv,4385.0
2021,Kentwood,E05013872,7379,1233,872,1001,403,1294,,214,census2021-ts067-ward.csv,2362.0
2021,Norcot,E05013873,8820,1796,1038,1118,464,1229,,299,census2021-ts067-ward.csv,2876.0
2021,Park (Reading),E05013874,9335,1411,728,833,282,1941,,274,census2021-ts067-ward.csv,3866.0
2021,Redlands,E05013875,13104,1145,575,757,226,5027,,262,census2021-ts067-ward.csv,5112.0
2021,Southcote,E05013876,8806,1680,987,1131,483,1211,,311,census2021-ts067-ward.csv,3003.0
2021,Thames (Reading),E05013877,6547,734,455,534,213,774,,137,census2021-ts067-ward.csv,3700.0
2021,Tilehurst,E05013878,7810,1427,933,1077,522,1322,,253,census2021-ts067-ward.csv,2276.0
2021,Whitley,E05013879,9073,1901,978,1096,397,1185,,280,census2021-ts067-ward.csv,3236.0
2021,Longstanton,E05013880,5553,561,382,612,218,785,,141,census2021-ts067-ward.csv,2854.0
2021,Over & Willingham,E05013881,5852,734,512,717,354,967,,138,census2021-ts067-ward.csv,2430.0
2021,Cann Hall (Waltham Forest),E05013882,12893,2491,1176,1359,490,1700,,489,census2021-ts067-ward.csv,5188.0
2021,Cathall,E05013883,8664,1685,816,868,339,1071,,343,census2021-ts067-ward.csv,3542.0
2021,Chapel End,E05013884,10519,1664,911,1125,307,1361,,345,census2021-ts067-ward.csv,4806.0
2021,Chingford Green,E05013885,9366,1762,867,1192,481,1348,,284,census2021-ts067-ward.csv,3432.0
2021,Endlebury,E05013886,7522,1416,687,1017,355,1176,,245,census2021-ts067-ward.csv,2626.0
2021,Forest (Waltham Forest),E05013887,13416,2557,1191,1436,403,1829,,440,census2021-ts067-ward.csv,5560.0
2021,Grove Green,E05013888,12109,1937,926,1034,382,1372,,483,census2021-ts067-ward.csv,5975.0
2021,Hale End & Highams Park South,E05013889,7649,1224,661,944,246,1159,,192,census2021-ts067-ward.csv,3223.0
2021,Hatch Lane & Highams Park North,E05013890,10421,2073,985,1321,466,1554,,266,census2021-ts067-ward.csv,3756.0
2021,High Street (Waltham Forest),E05013891,9365,1539,739,795,263,1069,,298,census2021-ts067-ward.csv,4662.0
2021,Higham Hill,E05013892,11021,2217,986,1223,368,1427,,330,census2021-ts067-ward.csv,4470.0
2021,Hoe Street,E05013893,11518,1939,894,997,298,1332,,391,census2021-ts067-ward.csv,5667.0
2021,Larkswood,E05013894,10753,2328,970,1329,492,1518,,323,census2021-ts067-ward.csv,3793.0
2021,Lea Bridge (Waltham Forest),E05013895,12486,2639,1073,1127,432,1584,,467,census2021-ts067-ward.csv,5164.0
2021,Leyton,E05013896,10540,1996,979,1131,337,1353,,379,census2021-ts067-ward.csv,4365.0
2021,Leytonstone,E05013897,10185,1472,707,940,304,1186,,327,census2021-ts067-ward.csv,5249.0
2021,Markhouse,E05013898,7444,1504,597,697,265,837,,251,census2021-ts067-ward.csv,3293.0
2021,St James (Waltham Forest),E05013899,9497,1328,641,716,198,1203,,273,census2021-ts067-ward.csv,5138.0
2021,Upper Walthamstow,E05013900,6358,1017,485,699,202,838,,187,census2021-ts067-ward.csv,2930.0
2021,Valley (Waltham Forest),E05013901,11178,2482,1169,1453,518,1637,,405,census2021-ts067-ward.csv,3514.0
2021,William Morris,E05013902,11908,1990,860,995,331,1362,,348,census2021-ts067-ward.csv,6022.0
2021,Wood Street,E05013903,7371,1275,556,708,217,853,,227,census2021-ts067-ward.csv,3535.0
2021,Beckton,E05013904,12903,2601,1087,1428,495,1919,,492,census2021-ts067-ward.csv,4881.0
2021,Boleyn,E05013905,11509,2666,1082,1279,378,1489,,458,census2021-ts067-ward.csv,4157.0
2021,Canning Town North,E05013906,8623,1741,754,888,274,1137,,336,census2021-ts067-ward.csv,3493.0
2021,Canning Town South,E05013907,5903,989,379,501,145,654,,175,census2021-ts067-ward.csv,3060.0
2021,Custom House,E05013908,13887,3183,1180,1543,546,1770,,536,census2021-ts067-ward.csv,5129.0
2021,East Ham,E05013909,11573,2752,1234,1230,374,1486,,500,census2021-ts067-ward.csv,3997.0
2021,East Ham South,E05013910,13668,3203,1422,1618,477,1906,,545,census2021-ts067-ward.csv,4497.0
2021,Forest Gate North,E05013911,8730,1602,849,900,341,1125,,270,census2021-ts067-ward.csv,3643.0
2021,Forest Gate South,E05013912,14094,3085,1282,1452,436,1789,,543,census2021-ts067-ward.csv,5507.0
2021,Green Street East,E05013913,12746,3138,1406,1332,405,1544,,575,census2021-ts067-ward.csv,4346.0
2021,Green Street West,E05013914,12242,3109,1264,1350,305,1483,,563,census2021-ts067-ward.csv,4168.0
2021,Little Ilford,E05013915,12866,3129,1418,1574,366,1836,,530,census2021-ts067-ward.csv,4013.0
2021,Manor Park (Newham),E05013916,12009,2993,1239,1300,380,1577,,564,census2021-ts067-ward.csv,3956.0
2021,Maryland,E05013917,10264,2054,878,1090,352,1320,,374,census2021-ts067-ward.csv,4196.0
2021,Plaistow North,E05013918,14106,3332,1397,1529,466,1855,,549,census2021-ts067-ward.csv,4978.0
2021,Plaistow South,E05013919,10132,2416,984,1094,401,1288,,387,census2021-ts067-ward.csv,3562.0
2021,Plaistow West & Canning Town East,E05013920,13127,3151,1358,1410,571,1706,,481,census2021-ts067-ward.csv,4450.0
2021,Plashet,E05013921,9033,2340,886,915,218,1206,,365,census2021-ts067-ward.csv,3103.0
2021,Royal Albert,E05013922,7274,1116,547,658,209,997,,258,census2021-ts067-ward.csv,3489.0
2021,Royal Victoria,E05013923,12329,876,448,720,215,1295,,313,census2021-ts067-ward.csv,8462.0
2021,Stratford,E05013924,13548,1585,810,998,298,1688,,395,census2021-ts067-ward.csv,7774.0
2021,Stratford Olympic Park,E05013925,10062,513,285,538,101,1377,,216,census2021-ts067-ward.csv,7032.0
2021,Wall End,E05013926,12681,2877,1522,1380,400,1704,,526,census2021-ts067-ward.csv,4272.0
2021,West Ham,E05013927,12862,2700,1218,1356,468,1631,,527,census2021-ts067-ward.csv,4962.0
2021,Alexandra (Kingston upon Thames),E05013928,5171,565,364,553,199,824,,134,census2021-ts067-ward.csv,2532.0
2021,Berrylands,E05013929,4959,411,258,471,140,692,,95,census2021-ts067-ward.csv,2892.0
2021,Canbury Gardens,E05013930,6505,505,288,507,121,696,,138,census2021-ts067-ward.csv,4250.0
2021,Chessington South & Malden Rushett,E05013931,7657,1185,797,1049,398,1375,,223,census2021-ts067-ward.csv,2630.0
2021,Coombe Hill,E05013932,6141,631,303,529,161,738,,163,census2021-ts067-ward.csv,3616.0
2021,Coombe Vale,E05013933,8265,841,461,771,187,1043,,191,census2021-ts067-ward.csv,4771.0
2021,Green Lane & St James,E05013934,5673,895,407,573,185,863,,164,census2021-ts067-ward.csv,2586.0
2021,Hook & Chessington North,E05013935,8855,1632,880,1193,476,1497,,264,census2021-ts067-ward.csv,2913.0
2021,King George's & Sunray,E05013936,4460,705,458,598,222,746,,146,census2021-ts067-ward.csv,1585.0
2021,Kingston Gate,E05013937,8285,728,376,716,189,992,,186,census2021-ts067-ward.csv,5098.0
2021,Kingston Town,E05013938,8849,722,426,681,188,1757,,246,census2021-ts067-ward.csv,4829.0
2021,Motspur Park & Old Malden East,E05013939,5730,785,408,613,217,853,,173,census2021-ts067-ward.csv,2681.0
2021,New Malden Village,E05013940,7590,962,458,713,214,872,,242,census2021-ts067-ward.csv,4129.0
2021,Norbiton,E05013941,8780,1396,632,813,256,1350,,285,census2021-ts067-ward.csv,4048.0
2021,Old Malden,E05013942,5461,753,446,640,239,785,,179,census2021-ts067-ward.csv,2419.0
2021,St Mark's & Seething Wells,E05013943,10181,700,378,693,215,1696,,176,census2021-ts067-ward.csv,6323.0
2021,Surbiton Hill,E05013944,8904,1012,451,763,243,1127,,223,census2021-ts067-ward.csv,5085.0
2021,Tolworth,E05013945,8726,1233,651,945,314,1214,,242,census2021-ts067-ward.csv,4127.0
2021,Tudor (Kingston upon Thames),E05013946,5271,467,301,500,160,644,,132,census2021-ts067-ward.csv,3067.0
2021,Batchwood,E05013947,5903,754,461,683,201,806,,111,census2021-ts067-ward.csv,2887.0
2021,Bernards Heath,E05013948,6343,427,317,630,152,697,,112,census2021-ts067-ward.csv,4008.0
2021,Clarence,E05013949,6306,432,255,569,160,705,,110,census2021-ts067-ward.csv,4075.0
2021,Colney Heath,E05013950,2241,336,226,300,120,395,,84,census2021-ts067-ward.csv,780.0
2021,Cunningham,E05013951,6292,964,517,683,221,758,,164,census2021-ts067-ward.csv,2985.0
2021,Harpenden East,E05013952,5877,532,350,696,204,740,,79,census2021-ts067-ward.csv,3276.0
2021,Harpenden North & Rural,E05013953,6124,419,319,667,153,737,,103,census2021-ts067-ward.csv,3726.0
2021,Harpenden South,E05013954,5671,380,319,659,162,736,,70,census2021-ts067-ward.csv,3345.0
2021,Harpenden West,E05013955,6258,382,244,592,138,647,,123,census2021-ts067-ward.csv,4132.0
2021,Hill End,E05013956,5739,494,359,717,152,800,,86,census2021-ts067-ward.csv,3131.0
2021,London Colney,E05013957,6519,1073,708,948,325,1105,,204,census2021-ts067-ward.csv,2156.0
2021,Marshalswick East & Jersey Farm,E05013958,5780,570,386,666,220,841,,156,census2021-ts067-ward.csv,2941.0
2021,Marshalswick West,E05013959,3961,288,229,470,117,491,,71,census2021-ts067-ward.csv,2295.0
2021,Park Street,E05013960,6518,903,511,932,338,1026,,160,census2021-ts067-ward.csv,2648.0
2021,Redbourn,E05013961,4553,540,342,620,219,636,,118,census2021-ts067-ward.csv,2078.0
2021,Sandridge & Wheathampstead,E05013962,6247,672,511,812,258,889,,167,census2021-ts067-ward.csv,2938.0
2021,Sopwell,E05013963,5892,810,515,601,215,749,,128,census2021-ts067-ward.csv,2874.0
2021,St Peters (St Albans),E05013964,7010,507,311,525,142,743,,122,census2021-ts067-ward.csv,4660.0
2021,St Stephen (St Albans),E05013965,6763,869,570,947,339,1042,,189,census2021-ts067-ward.csv,2807.0
2021,Verulam,E05013966,6095,431,326,602,169,675,,100,census2021-ts067-ward.csv,3792.0
2021,Beam Park,E05013967,3717,813,440,528,182,519,,104,census2021-ts067-ward.csv,1131.0
2021,Cranham,E05013968,10559,1744,1170,1785,504,1957,,303,census2021-ts067-ward.csv,3096.0
2021,Elm Park,E05013969,13367,2883,1552,1934,727,2133,,425,census2021-ts067-ward.csv,3713.0
2021,Emerson Park,E05013970,7997,1485,774,1134,406,1291,,244,census2021-ts067-ward.csv,2663.0
2021,Gooshays,E05013971,13524,3237,1638,2033,633,1967,,408,census2021-ts067-ward.csv,3608.0
2021,Hacton,E05013972,7048,1363,788,1117,460,1266,,214,census2021-ts067-ward.csv,1840.0
2021,Harold Wood,E05013973,11241,1927,1128,1595,570,1893,,296,census2021-ts067-ward.csv,3832.0
2021,Havering-atte-Bower,E05013974,12863,2990,1576,1913,701,2097,,415,census2021-ts067-ward.csv,3171.0
2021,Heaton (Havering),E05013975,12942,3219,1578,1849,559,1827,,407,census2021-ts067-ward.csv,3503.0
2021,Hylands & Harrow Lodge,E05013976,11347,2082,1327,1789,669,1975,,320,census2021-ts067-ward.csv,3185.0
2021,Marshalls & Rise Park,E05013977,10736,2016,1200,1610,582,1718,,369,census2021-ts067-ward.csv,3241.0
2021,Mawneys,E05013978,11499,2465,1369,1762,655,1892,,334,census2021-ts067-ward.csv,3022.0
2021,Rainham & Wennington,E05013979,10811,2523,1308,1601,600,1700,,341,census2021-ts067-ward.csv,2738.0
2021,Rush Green & Crowlands,E05013980,12346,2317,1217,1619,537,1822,,422,census2021-ts067-ward.csv,4412.0
2021,St Alban's,E05013981,6840,1231,708,941,310,1046,,172,census2021-ts067-ward.csv,2432.0
2021,St Andrew's (Havering),E05013982,12261,2456,1373,1867,712,2140,,349,census2021-ts067-ward.csv,3364.0
2021,St Edward's,E05013983,8422,1573,777,1080,345,1300,,238,census2021-ts067-ward.csv,3109.0
2021,South Hornchurch,E05013984,8600,1938,1007,1323,455,1404,,267,census2021-ts067-ward.csv,2206.0
2021,Squirrels Heath,E05013985,12567,2010,1361,1904,616,2150,,338,census2021-ts067-ward.csv,4188.0
2021,Upminster,E05013986,11042,1676,1162,1844,555,2028,,309,census2021-ts067-ward.csv,3468.0
2021,Beckenham Town & Copers Cope,E05013987,13720,1371,898,1432,433,1864,,302,census2021-ts067-ward.csv,7420.0
2021,Bickley & Sundridge,E05013988,14356,1617,1054,1776,484,2065,,341,census2021-ts067-ward.csv,7019.0
2021,Biggin Hill,E05013989,8880,1452,1024,1573,542,1678,,248,census2021-ts067-ward.csv,2363.0
2021,Bromley Common & Holwood,E05013990,14856,2280,1375,2082,686,2352,,357,census2021-ts067-ward.csv,5724.0
2021,Bromley Town,E05013991,12498,1279,842,1383,407,1734,,277,census2021-ts067-ward.csv,6576.0
2021,Chelsfield,E05013992,8978,1209,754,1273,392,1314,,224,census2021-ts067-ward.csv,3812.0
2021,Chislehurst,E05013993,12541,1647,961,1646,451,1832,,303,census2021-ts067-ward.csv,5701.0
2021,Clock House,E05013994,13825,1568,1049,1592,414,1845,,279,census2021-ts067-ward.csv,7078.0
2021,Crystal Palace & Anerley,E05013995,9923,1414,656,889,314,1247,,288,census2021-ts067-ward.csv,5115.0
2021,Darwin,E05013996,4819,861,460,777,266,810,,144,census2021-ts067-ward.csv,1501.0
2021,Farnborough & Crofton,E05013997,14267,1933,1319,2119,612,2226,,396,census2021-ts067-ward.csv,5662.0
2021,Hayes & Coney Hall,E05013998,12757,1544,1193,2017,576,2206,,338,census2021-ts067-ward.csv,4883.0
2021,Kelsey & Eden Park,E05013999,12416,1653,1079,1667,505,1890,,319,census2021-ts067-ward.csv,5303.0
2021,Mottingham,E05014000,8928,1709,917,1261,409,1267,,255,census2021-ts067-ward.csv,3110.0
2021,Orpington,E05014001,9617,1483,973,1363,440,1391,,260,census2021-ts067-ward.csv,3707.0
2021,Penge & Cator,E05014002,15238,2105,1177,1601,438,1935,,404,census2021-ts067-ward.csv,7578.0
2021,Petts Wood & Knoll,E05014003,13840,1541,1153,1917,496,2059,,349,census2021-ts067-ward.csv,6325.0
2021,Plaistow,E05014004,10713,1526,899,1332,408,1542,,272,census2021-ts067-ward.csv,4734.0
2021,Shortlands & Park Langley,E05014005,12929,1208,944,1624,422,1833,,290,census2021-ts067-ward.csv,6608.0
2021,St Mary Cray,E05014006,14659,2865,1669,2172,727,2220,,402,census2021-ts067-ward.csv,4604.0
2021,St Paul's Cray,E05014007,13307,2845,1552,1959,644,2049,,369,census2021-ts067-ward.csv,3889.0
2021,West Wickham,E05014008,12022,1474,1081,1802,495,2061,,315,census2021-ts067-ward.csv,4794.0
2021,Balham,E05014009,15074,1024,417,799,179,1382,,225,census2021-ts067-ward.csv,11048.0
2021,Battersea Park,E05014010,16191,1965,966,1271,406,1901,,483,census2021-ts067-ward.csv,9199.0
2021,East Putney,E05014011,14408,1105,565,875,253,1385,,287,census2021-ts067-ward.csv,9938.0
2021,Falconbrook,E05014012,9928,1415,708,843,260,1217,,304,census2021-ts067-ward.csv,5181.0
2021,Furzedown,E05014013,14577,2065,948,1255,481,2011,,422,census2021-ts067-ward.csv,7395.0
2021,Lavender,E05014014,11703,631,307,530,126,1118,,195,census2021-ts067-ward.csv,8796.0
2021,Nine Elms,E05014015,4713,268,129,221,58,461,,130,census2021-ts067-ward.csv,3446.0
2021,Northcote,E05014016,9602,520,263,569,94,882,,130,census2021-ts067-ward.csv,7144.0
2021,Roehampton,E05014017,14918,2529,1138,1505,522,2680,,561,census2021-ts067-ward.csv,5983.0
2021,St Mary's (Wandsworth),E05014018,12329,928,473,743,201,1320,,286,census2021-ts067-ward.csv,8378.0
2021,Shaftesbury & Queenstown,E05014019,12914,1776,740,960,321,1548,,330,census2021-ts067-ward.csv,7239.0
2021,South Balham,E05014020,8469,668,326,481,134,803,,133,census2021-ts067-ward.csv,5924.0
2021,Southfields,E05014021,10140,659,363,635,182,1034,,201,census2021-ts067-ward.csv,7066.0
2021,Thamesfield,E05014022,14157,842,370,798,184,1334,,237,census2021-ts067-ward.csv,10392.0
2021,Tooting Bec,E05014023,14379,1659,778,955,250,1531,,381,census2021-ts067-ward.csv,8825.0
2021,Tooting Broadway,E05014024,14660,1785,821,997,356,1826,,410,census2021-ts067-ward.csv,8465.0
2021,Trinity (Wandsworth),E05014025,9622,660,338,553,152,962,,143,census2021-ts067-ward.csv,6814.0
2021,Wandle (Wandsworth),E05014026,8742,806,407,632,165,992,,172,census2021-ts067-ward.csv,5568.0
2021,Wandsworth Common,E05014027,13751,1252,549,990,270,1789,,311,census2021-ts067-ward.csv,8590.0
2021,Wandsworth Town,E05014028,15681,1326,636,995,256,1673,,341,census2021-ts067-ward.csv,10454.0
2021,West Hill (Wandsworth),E05014029,13618,1740,832,1170,394,1663,,497,census2021-ts067-ward.csv,7322.0
2021,West Putney,E05014030,13976,1579,688,1118,334,1698,,383,census2021-ts067-ward.csv,8176.0
2021,Cambourne,E05014031,8703,581,571,1155,264,1358,,164,census2021-ts067-ward.csv,4610.0
2021,Caxton & Papworth,E05014032,5139,510,405,626,233,817,,86,census2021-ts067-ward.csv,2462.0
2021,Balderstone & Kirkholt,E05014033,8578,2088,910,1230,521,1396,,272,census2021-ts067-ward.csv,2161.0
2021,Bamford,E05014034,8545,1534,726,1076,431,1344,,242,census2021-ts067-ward.csv,3192.0
2021,Castleton,E05014035,8334,1942,895,1150,568,1453,,243,census2021-ts067-ward.csv,2083.0
2021,Central Rochdale,E05014036,9391,3023,1095,1195,362,1314,,317,census2021-ts067-ward.csv,2085.0
2021,East Middleton,E05014037,8936,2017,947,1366,597,1570,,222,census2021-ts067-ward.csv,2217.0
2021,Healey,E05014038,8738,1698,869,1266,549,1568,,252,census2021-ts067-ward.csv,2536.0
2021,Hopwood Hall,E05014039,8626,1878,943,1282,559,1478,,226,census2021-ts067-ward.csv,2260.0
2021,Kingsway (Rochdale),E05014040,8722,2400,943,1157,384,1373,,267,census2021-ts067-ward.csv,2198.0
2021,Littleborough Lakeside,E05014041,7857,1419,711,1026,559,1500,,201,census2021-ts067-ward.csv,2441.0
2021,Milkstone & Deeplish,E05014042,8946,2879,1046,1067,281,1178,,428,census2021-ts067-ward.csv,2067.0
2021,Milnrow & Newhey,E05014043,8784,1540,830,1301,665,1737,,221,census2021-ts067-ward.csv,2490.0
2021,Norden (Rochdale),E05014044,8102,973,646,1100,504,1460,,216,census2021-ts067-ward.csv,3203.0
2021,North Heywood,E05014045,8946,2264,1024,1340,568,1551,,210,census2021-ts067-ward.csv,1989.0
2021,North Middleton,E05014046,9532,2244,1078,1533,669,1678,,251,census2021-ts067-ward.csv,2079.0
2021,Smallbridge & Firgrove,E05014047,9008,2613,1025,1293,500,1405,,295,census2021-ts067-ward.csv,1877.0
2021,South Middleton,E05014048,9074,1799,894,1194,568,1568,,251,census2021-ts067-ward.csv,2800.0
2021,Spotland & Falinge,E05014049,9306,2537,1108,1237,531,1429,,326,census2021-ts067-ward.csv,2138.0
2021,"Wardle, Shore & West Littleborough",E05014050,8292,1353,772,1154,599,1602,,196,census2021-ts067-ward.csv,2616.0
2021,West Heywood,E05014051,9385,2223,1142,1506,668,1662,,250,census2021-ts067-ward.csv,1934.0
2021,West Middleton,E05014052,7833,2226,810,1080,475,1201,,169,census2021-ts067-ward.csv,1872.0
2021,Abbey (Barking and Dagenham),E05014053,2936,513,238,260,72,324,,134,census2021-ts067-ward.csv,1395.0
2021,Alibon,E05014054,7567,1840,821,944,351,964,,293,census2021-ts067-ward.csv,2354.0
2021,Barking Riverside,E05014055,6813,1083,571,838,223,908,,211,census2021-ts067-ward.csv,2979.0
2021,Beam,E05014056,6292,1487,740,818,241,802,,237,census2021-ts067-ward.csv,1967.0
2021,Becontree,E05014057,7156,1724,781,895,271,1032,,291,census2021-ts067-ward.csv,2162.0
2021,Chadwell Heath,E05014058,10470,2415,1105,1310,431,1479,,364,census2021-ts067-ward.csv,3366.0
2021,Eastbrook & Rush Green,E05014059,6796,1655,720,839,351,955,,219,census2021-ts067-ward.csv,2057.0
2021,Eastbury,E05014060,11622,2819,1243,1391,503,1532,,425,census2021-ts067-ward.csv,3709.0
2021,Gascoigne,E05014061,7645,1428,723,836,202,1027,,308,census2021-ts067-ward.csv,3121.0
2021,Goresbrook,E05014062,9726,2454,1121,1256,389,1321,,356,census2021-ts067-ward.csv,2829.0
2021,Heath (Barking and Dagenham),E05014063,6639,1517,705,886,275,881,,212,census2021-ts067-ward.csv,2163.0
2021,Longbridge,E05014064,10325,2044,1049,1346,298,1598,,412,census2021-ts067-ward.csv,3578.0
2021,Mayesbrook,E05014065,11597,2743,1170,1501,481,1469,,414,census2021-ts067-ward.csv,3819.0
2021,Northbury,E05014066,9645,2033,985,1053,308,1246,,403,census2021-ts067-ward.csv,3617.0
2021,Parsloes,E05014067,11502,2836,1219,1615,467,1601,,415,census2021-ts067-ward.csv,3349.0
2021,Thames View,E05014068,4373,1042,450,551,154,570,,146,census2021-ts067-ward.csv,1460.0
2021,Valence,E05014069,11367,2897,1206,1566,482,1560,,456,census2021-ts067-ward.csv,3200.0
2021,Village (Barking and Dagenham),E05014070,9281,2211,922,1242,401,1205,,327,census2021-ts067-ward.csv,2973.0
2021,Whalebone,E05014071,9997,2057,983,1220,360,1345,,343,census2021-ts067-ward.csv,3689.0
2021,Abbey Wood,E05014072,13375,2867,1308,1556,555,1771,,408,census2021-ts067-ward.csv,4910.0
2021,Blackheath Westcombe,E05014073,12296,1235,575,965,247,1293,,237,census2021-ts067-ward.csv,7744.0
2021,Charlton Hornfair,E05014074,9528,1561,717,959,309,1222,,212,census2021-ts067-ward.csv,4548.0
2021,Charlton Village & Riverside,E05014075,8371,1521,743,924,338,1029,,251,census2021-ts067-ward.csv,3565.0
2021,East Greenwich,E05014076,11980,1233,569,819,281,1334,,229,census2021-ts067-ward.csv,7515.0
2021,Eltham Page,E05014077,7620,1888,757,933,299,1041,,221,census2021-ts067-ward.csv,2481.0
2021,Eltham Park & Progress,E05014078,8558,1301,775,1063,373,1318,,215,census2021-ts067-ward.csv,3513.0
2021,Eltham Town & Avery Hill,E05014079,12606,2134,1054,1500,544,2145,,335,census2021-ts067-ward.csv,4894.0
2021,Greenwich Creekside,E05014080,9252,872,393,646,156,1366,,212,census2021-ts067-ward.csv,5607.0
2021,Greenwich Park,E05014081,8881,910,401,605,183,1116,,177,census2021-ts067-ward.csv,5489.0
2021,Greenwich Peninsula,E05014082,9380,657,383,548,163,1067,,207,census2021-ts067-ward.csv,6355.0
2021,Kidbrooke Park,E05014083,8114,1491,692,902,302,1088,,236,census2021-ts067-ward.csv,3403.0
2021,Kidbrooke Village & Sutcliffe,E05014084,4968,610,289,375,117,557,,119,census2021-ts067-ward.csv,2901.0
2021,Middle Park & Horn Park,E05014085,7218,1658,774,910,313,905,,202,census2021-ts067-ward.csv,2456.0
2021,"Mottingham, Coldharbour & New Eltham",E05014086,11666,2244,1084,1617,590,1702,,327,census2021-ts067-ward.csv,4102.0
2021,Plumstead & Glyndon,E05014087,17255,3976,1888,1896,647,2157,,652,census2021-ts067-ward.csv,6039.0
2021,Plumstead Common,E05014088,12002,2404,1183,1324,503,1693,,372,census2021-ts067-ward.csv,4523.0
2021,Shooters Hill,E05014089,9280,1439,789,1040,361,1313,,251,census2021-ts067-ward.csv,4087.0
2021,Thamesmead Moorings,E05014090,9125,1768,866,1099,339,1214,,222,census2021-ts067-ward.csv,3617.0
2021,West Thamesmead,E05014091,9180,1466,860,1113,371,1230,,368,census2021-ts067-ward.csv,3772.0
2021,Woolwich Arsenal,E05014092,10249,1149,535,758,234,1170,,270,census2021-ts067-ward.csv,6133.0
2021,Woolwich Common,E05014093,9847,1978,895,1186,377,1259,,325,census2021-ts067-ward.csv,3827.0
2021,Woolwich Dockyard,E05014094,8988,1954,818,1010,336,1164,,266,census2021-ts067-ward.csv,3440.0
2021,Brixton Acre Lane,E05014095,13767,1514,681,930,293,1382,,291,census2021-ts067-ward.csv,8676.0
2021,Brixton North,E05014096,13761,2376,1161,1286,376,1903,,352,census2021-ts067-ward.csv,6307.0
2021,Brixton Rush Common,E05014097,12460,1619,768,1052,297,1382,,260,census2021-ts067-ward.csv,7082.0
2021,Brixton Windrush,E05014098,8237,992,584,673,221,1026,,161,census2021-ts067-ward.csv,4580.0
2021,Clapham Common & Abbeville,E05014099,8591,534,257,426,101,803,,108,census2021-ts067-ward.csv,6362.0
2021,Clapham East,E05014100,8694,1038,428,553,143,941,,195,census2021-ts067-ward.csv,5396.0
2021,Clapham Park,E05014101,10860,1457,749,887,301,1314,,243,census2021-ts067-ward.csv,5909.0
2021,Clapham Town,E05014102,13999,1303,625,799,291,1507,,227,census2021-ts067-ward.csv,9247.0
2021,Gipsy Hill,E05014103,8122,1208,584,801,237,1074,,188,census2021-ts067-ward.csv,4030.0
2021,Herne Hill & Loughborough Junction,E05014104,13562,1504,707,1025,282,1445,,249,census2021-ts067-ward.csv,8350.0
2021,Kennington (Lambeth),E05014105,12306,1789,833,1080,283,1356,,297,census2021-ts067-ward.csv,6668.0
2021,Knight's Hill,E05014106,13458,2033,988,1315,471,1777,,334,census2021-ts067-ward.csv,6540.0
2021,Myatt's Fields,E05014107,9206,1501,697,792,287,1128,,227,census2021-ts067-ward.csv,4574.0
2021,Oval,E05014108,11019,1526,609,750,281,1238,,281,census2021-ts067-ward.csv,6334.0
2021,St Martin's (Lambeth),E05014109,8818,1271,655,837,335,1169,,246,census2021-ts067-ward.csv,4305.0
2021,Stockwell East,E05014110,9437,1188,524,625,212,1052,,208,census2021-ts067-ward.csv,5628.0
2021,Stockwell West & Larkhall,E05014111,13720,2218,960,1157,364,1766,,431,census2021-ts067-ward.csv,6824.0
2021,Streatham Common & Vale,E05014112,14520,2438,1092,1339,572,1944,,445,census2021-ts067-ward.csv,6690.0
2021,Streatham Hill East,E05014113,8268,1151,550,693,240,924,,203,census2021-ts067-ward.csv,4507.0
2021,Streatham Hill West & Thornton,E05014114,9059,787,369,563,176,931,,121,census2021-ts067-ward.csv,6112.0
2021,Streatham St Leonard's,E05014115,13135,1831,767,1000,399,1454,,379,census2021-ts067-ward.csv,7305.0
2021,Streatham Wells,E05014116,8134,1043,447,667,244,984,,194,census2021-ts067-ward.csv,4555.0
2021,Vauxhall (Lambeth),E05014117,8664,893,391,536,191,1099,,247,census2021-ts067-ward.csv,5307.0
2021,Waterloo & South Bank,E05014118,8001,942,362,540,141,1372,,235,census2021-ts067-ward.csv,4409.0
2021,West Dulwich,E05014119,9157,1029,465,701,235,964,,146,census2021-ts067-ward.csv,5617.0
2021,Billinge & Seneley Green,E05014120,8991,1636,810,1256,726,1602,,258,census2021-ts067-ward.csv,2703.0
2021,Blackbrook (St. Helens),E05014121,8797,2137,963,1364,657,1581,,286,census2021-ts067-ward.csv,1809.0
2021,Bold & Lea Green,E05014122,9485,2115,1020,1451,566,1699,,222,census2021-ts067-ward.csv,2412.0
2021,Eccleston,E05014123,8681,1227,676,1112,537,1464,,183,census2021-ts067-ward.csv,3482.0
2021,Haydock,E05014124,9010,2094,1005,1398,653,1576,,243,census2021-ts067-ward.csv,2041.0
2021,Moss Bank,E05014125,9015,2012,973,1298,663,1626,,226,census2021-ts067-ward.csv,2217.0
2021,Newton-le-Willows East,E05014126,10065,1666,910,1438,628,1809,,228,census2021-ts067-ward.csv,3386.0
2021,Newton-le-Willows West,E05014127,10275,2049,1105,1503,669,1851,,213,census2021-ts067-ward.csv,2885.0
2021,Parr,E05014128,9886,3188,1224,1519,567,1434,,295,census2021-ts067-ward.csv,1659.0
2021,Peasley Cross & Fingerpost,E05014129,2623,813,317,395,155,369,,65,census2021-ts067-ward.csv,509.0
2021,Rainford,E05014130,6677,1071,608,876,427,1060,,175,census2021-ts067-ward.csv,2460.0
2021,Rainhill,E05014131,9719,1741,924,1302,622,1704,,265,census2021-ts067-ward.csv,3161.0
2021,St Helens Town Centre,E05014132,6663,1792,792,1016,390,1075,,182,census2021-ts067-ward.csv,1416.0
2021,Sutton North West,E05014133,5856,1323,696,952,380,1042,,140,census2021-ts067-ward.csv,1323.0
2021,Sutton South East,E05014134,5475,1256,559,812,381,996,,150,census2021-ts067-ward.csv,1321.0
2021,Thatto Heath,E05014135,10728,2608,1213,1566,604,1834,,293,census2021-ts067-ward.csv,2610.0
2021,West Park (St. Helens),E05014136,9654,1967,993,1477,610,1755,,210,census2021-ts067-ward.csv,2642.0
2021,Windle,E05014137,8971,1550,825,1345,493,1674,,217,census2021-ts067-ward.csv,2867.0
2021,Alverstoke,E05014138,5308,773,545,742,364,951,,135,census2021-ts067-ward.csv,1798.0
2021,Anglesey (Gosport),E05014139,4626,653,449,572,296,892,,131,census2021-ts067-ward.csv,1633.0
2021,Bridgemary,E05014140,4725,1111,632,752,365,869,,141,census2021-ts067-ward.csv,855.0
2021,Brockhurst & Privett,E05014141,4349,906,552,693,342,810,,143,census2021-ts067-ward.csv,903.0
2021,Elson,E05014142,4948,800,641,829,366,1119,,131,census2021-ts067-ward.csv,1062.0
2021,Forton,E05014143,4634,976,641,804,253,901,,129,census2021-ts067-ward.csv,930.0
2021,Grange & Alver Valley,E05014144,5304,791,803,957,299,1150,,111,census2021-ts067-ward.csv,1193.0
2021,Harbourside & Town,E05014145,4163,912,558,648,245,744,,128,census2021-ts067-ward.csv,928.0
2021,Hardway,E05014146,5189,750,676,863,394,1096,,135,census2021-ts067-ward.csv,1275.0
2021,Lee East,E05014147,4783,611,578,766,297,1006,,135,census2021-ts067-ward.csv,1390.0
2021,Lee West,E05014148,4446,631,474,630,297,736,,142,census2021-ts067-ward.csv,1536.0
2021,Leesland & Newtown,E05014149,5518,836,711,950,344,1184,,142,census2021-ts067-ward.csv,1351.0
2021,Peel Common,E05014150,4696,1007,622,746,372,861,,143,census2021-ts067-ward.csv,945.0
2021,Rowner & Holbrook,E05014151,4531,941,622,715,263,1004,,137,census2021-ts067-ward.csv,849.0
2021,Besses,E05014152,8694,1611,894,1329,490,1512,,225,census2021-ts067-ward.csv,2633.0
2021,Bury East,E05014153,10146,2770,1245,1440,468,1480,,393,census2021-ts067-ward.csv,2350.0
2021,Bury West,E05014154,9034,1485,855,1263,565,1612,,287,census2021-ts067-ward.csv,2967.0
2021,Elton,E05014155,9274,1559,878,1427,546,1696,,232,census2021-ts067-ward.csv,2936.0
2021,Holyrood,E05014156,9195,1546,753,1264,452,1369,,234,census2021-ts067-ward.csv,3577.0
2021,Moorside (Bury),E05014157,9392,2446,1032,1352,523,1388,,305,census2021-ts067-ward.csv,2346.0
2021,North Manor,E05014158,8212,1036,612,1109,522,1318,,207,census2021-ts067-ward.csv,3408.0
2021,Pilkington Park,E05014159,8169,1256,639,1077,412,1208,,212,census2021-ts067-ward.csv,3365.0
2021,Radcliffe East,E05014160,8866,1703,946,1485,568,1695,,265,census2021-ts067-ward.csv,2204.0
2021,Radcliffe North & Ainsworth,E05014161,9977,1947,1096,1534,719,1800,,252,census2021-ts067-ward.csv,2629.0
2021,Radcliffe West,E05014162,9099,1952,1045,1486,512,1576,,211,census2021-ts067-ward.csv,2317.0
2021,Ramsbottom,E05014163,9559,1304,796,1442,510,1543,,207,census2021-ts067-ward.csv,3757.0
2021,Redvales,E05014164,9069,2117,1038,1269,446,1467,,296,census2021-ts067-ward.csv,2436.0
2021,Sedgley (Bury),E05014165,9456,1597,901,1439,299,1432,,239,census2021-ts067-ward.csv,3549.0
2021,St. Mary's (Bury),E05014166,9289,1604,731,1122,422,1295,,229,census2021-ts067-ward.csv,3886.0
2021,Tottington,E05014167,8365,1190,770,1247,595,1603,,171,census2021-ts067-ward.csv,2789.0
2021,Unsworth,E05014168,9080,1585,839,1373,556,1593,,248,census2021-ts067-ward.csv,2886.0
2021,Duxford,E05014169,3203,396,241,371,151,454,,79,census2021-ts067-ward.csv,1511.0
2021,Sawston,E05014170,5853,975,565,703,320,810,,153,census2021-ts067-ward.csv,2327.0
2021,Aspatria,E05014171,4393,966,472,686,341,755,,86,census2021-ts067-ward.csv,1087.0
2021,Belah,E05014172,5582,993,576,801,389,960,,111,census2021-ts067-ward.csv,1752.0
2021,Belle Vue (Carlisle),E05014173,5418,1186,580,838,416,982,,144,census2021-ts067-ward.csv,1272.0
2021,Botcherby,E05014174,5264,1143,620,777,361,943,,152,census2021-ts067-ward.csv,1268.0
2021,Bothel and Wharrels,E05014175,4326,599,299,531,238,669,,87,census2021-ts067-ward.csv,1903.0
2021,Brampton (Carlisle),E05014176,4739,819,487,656,303,837,,113,census2021-ts067-ward.csv,1524.0
2021,Bransty,E05014177,4399,779,446,588,362,808,,108,census2021-ts067-ward.csv,1308.0
2021,Castle (Carlisle),E05014178,4944,922,548,676,309,843,,128,census2021-ts067-ward.csv,1518.0
2021,Cleator Moor East and Frizington,E05014179,4438,923,415,593,321,776,,99,census2021-ts067-ward.csv,1311.0
2021,Cleator Moor West,E05014180,4873,1166,486,733,383,939,,117,census2021-ts067-ward.csv,1049.0
2021,Cockermouth North,E05014181,5514,860,446,650,361,878,,133,census2021-ts067-ward.csv,2186.0
2021,Cockermouth South,E05014182,5141,670,368,565,300,815,,101,census2021-ts067-ward.csv,2322.0
2021,Corby and Hayton,E05014183,4131,563,357,569,256,685,,103,census2021-ts067-ward.csv,1598.0
2021,Currock,E05014184,5252,1079,608,764,351,1018,,142,census2021-ts067-ward.csv,1290.0
2021,Dalston and Burgh,E05014185,6357,864,525,929,430,1226,,138,census2021-ts067-ward.csv,2245.0
2021,Dearham and Broughton,E05014186,4972,895,460,672,323,905,,92,census2021-ts067-ward.csv,1625.0
2021,Denton Holme,E05014187,5547,1148,610,771,346,1038,,124,census2021-ts067-ward.csv,1510.0
2021,Egremont,E05014188,4760,1188,556,696,393,878,,111,census2021-ts067-ward.csv,938.0
2021,Egremont North and St Bees,E05014189,4507,907,453,670,323,770,,114,census2021-ts067-ward.csv,1270.0
2021,Gosforth (Copeland),E05014190,4961,778,456,579,370,912,,146,census2021-ts067-ward.csv,1720.0
2021,Harraby North,E05014191,5249,1374,651,847,377,879,,136,census2021-ts067-ward.csv,985.0
2021,Harraby South,E05014192,4726,1009,527,743,360,822,,109,census2021-ts067-ward.csv,1156.0
2021,Harrington,E05014193,5309,1170,564,757,459,955,,154,census2021-ts067-ward.csv,1250.0
2021,Hillcrest and Hensingham,E05014194,4620,818,423,601,395,925,,126,census2021-ts067-ward.csv,1332.0
2021,Houghton and Irthington,E05014195,4405,635,388,621,358,770,,108,census2021-ts067-ward.csv,1525.0
2021,Howgate,E05014196,4733,1046,467,705,405,821,,121,census2021-ts067-ward.csv,1168.0
2021,Kells and Sandwith,E05014197,5204,1339,540,664,424,957,,111,census2021-ts067-ward.csv,1169.0
2021,Keswick,E05014198,4537,774,353,587,318,742,,114,census2021-ts067-ward.csv,1649.0
2021,Longtown,E05014199,4284,1039,502,631,313,701,,110,census2021-ts067-ward.csv,988.0
2021,Maryport North,E05014200,5281,1256,541,729,425,942,,149,census2021-ts067-ward.csv,1239.0
2021,Maryport South,E05014201,5273,1566,647,804,394,925,,138,census2021-ts067-ward.csv,799.0
2021,Millom,E05014202,4690,1114,502,689,436,938,,109,census2021-ts067-ward.csv,902.0
2021,Millom Without,E05014203,4340,735,392,631,342,731,,113,census2021-ts067-ward.csv,1396.0
2021,Mirehouse,E05014204,4482,1102,491,632,359,817,,100,census2021-ts067-ward.csv,981.0
2021,Morton (Carlisle),E05014205,4974,1410,609,753,435,783,,144,census2021-ts067-ward.csv,840.0
2021,Moss Bay and Moorclose,E05014206,5500,1548,674,854,436,882,,182,census2021-ts067-ward.csv,924.0
2021,St John's and Great Clifton,E05014207,5484,1014,561,709,495,1112,,133,census2021-ts067-ward.csv,1460.0
2021,St Michael's (Allerdale),E05014208,4599,1077,539,734,384,827,,112,census2021-ts067-ward.csv,926.0
2021,Seaton (Allerdale),E05014209,5393,1106,538,781,469,1052,,136,census2021-ts067-ward.csv,1311.0
2021,Solway Coast,E05014210,4603,1059,508,666,382,706,,151,census2021-ts067-ward.csv,1131.0
2021,Stanwix Urban,E05014211,4770,673,371,651,287,869,,146,census2021-ts067-ward.csv,1773.0
2021,Thursby,E05014212,4456,688,401,601,286,744,,100,census2021-ts067-ward.csv,1636.0
2021,Upperby,E05014213,4931,1372,660,737,331,789,,129,census2021-ts067-ward.csv,913.0
2021,Wetheral,E05014214,5982,840,504,811,367,1014,,151,census2021-ts067-ward.csv,2295.0
2021,Wigton,E05014215,5730,1360,597,833,408,981,,145,census2021-ts067-ward.csv,1406.0
2021,Yewdale,E05014216,4783,1072,517,747,473,842,,116,census2021-ts067-ward.csv,1016.0
2021,Alston and Fellside,E05014217,5495,844,521,730,345,975,,115,census2021-ts067-ward.csv,1965.0
2021,Appleby and Brough,E05014218,5110,1026,530,715,344,898,,128,census2021-ts067-ward.csv,1469.0
2021,Bowness and Lyth,E05014219,3339,425,263,425,189,528,,71,census2021-ts067-ward.csv,1438.0
2021,Burton and Holme,E05014220,2900,352,208,412,181,552,,60,census2021-ts067-ward.csv,1135.0
2021,Coniston and Hawkshead,E05014221,2825,342,198,387,204,444,,62,census2021-ts067-ward.csv,1188.0
2021,Dalton North,E05014222,5027,865,456,690,490,1047,,103,census2021-ts067-ward.csv,1376.0
2021,Dalton South,E05014223,5064,880,469,692,521,1089,,125,census2021-ts067-ward.csv,1288.0
2021,Eamont and Shap,E05014224,3637,606,367,521,227,618,,76,census2021-ts067-ward.csv,1222.0
2021,Eden and Lyvennet Vale,E05014225,4801,701,439,700,314,792,,107,census2021-ts067-ward.csv,1748.0
2021,Grange and Cartmel,E05014226,9351,1215,725,1127,699,1502,,250,census2021-ts067-ward.csv,3833.0
2021,Greystoke and Ullswater,E05014227,3679,516,286,462,232,567,,81,census2021-ts067-ward.csv,1535.0
2021,Hawcoat and Newbarns,E05014228,9168,1452,766,999,1013,1815,,194,census2021-ts067-ward.csv,2929.0
2021,Hesket and Lazonby,E05014229,5341,762,476,732,330,944,,104,census2021-ts067-ward.csv,1993.0
2021,High Furness,E05014230,3233,367,233,370,253,520,,66,census2021-ts067-ward.csv,1424.0
2021,Kendal Castle,E05014231,5205,822,470,732,392,967,,143,census2021-ts067-ward.csv,1679.0
2021,Kendal Highgate,E05014232,5015,835,455,672,333,849,,104,census2021-ts067-ward.csv,1767.0
2021,Kendal Nether,E05014233,5454,913,567,768,388,961,,162,census2021-ts067-ward.csv,1695.0
2021,Kendal South,E05014234,5397,710,441,690,356,938,,143,census2021-ts067-ward.csv,2119.0
2021,Kendal Strickland and Fell,E05014235,5548,789,490,674,276,953,,126,census2021-ts067-ward.csv,2240.0
2021,Kent Estuary,E05014236,5388,705,432,687,397,836,,149,census2021-ts067-ward.csv,2182.0
2021,Kirkby Stephen and Tebay,E05014237,4267,786,408,601,284,713,,87,census2021-ts067-ward.csv,1388.0
2021,Levens and Crooklands,E05014238,3301,366,256,424,220,561,,81,census2021-ts067-ward.csv,1393.0
2021,Low Furness,E05014239,3561,431,285,403,360,667,,66,census2021-ts067-ward.csv,1349.0
2021,Old Barrow and Hindpool,E05014240,9927,2367,1226,1482,980,1778,,268,census2021-ts067-ward.csv,1826.0
2021,Ormsgill and Parkside,E05014241,9115,1639,916,1243,942,1956,,200,census2021-ts067-ward.csv,2219.0
2021,Penrith North,E05014242,6443,1166,755,945,428,1047,,156,census2021-ts067-ward.csv,1946.0
2021,Penrith South,E05014243,7864,1679,864,1245,629,1300,,230,census2021-ts067-ward.csv,1917.0
2021,Risedale and Roosecote,E05014244,8735,1540,891,1145,911,1883,,187,census2021-ts067-ward.csv,2178.0
2021,Sedbergh and Kirkby Lonsdale,E05014245,6701,960,496,973,395,1033,,125,census2021-ts067-ward.csv,2719.0
2021,Ulverston,E05014246,10090,1431,823,1219,805,1852,,212,census2021-ts067-ward.csv,3748.0
2021,Upper Kent,E05014247,3446,472,302,458,230,534,,74,census2021-ts067-ward.csv,1376.0
2021,Walney Island,E05014248,8798,1564,803,1129,1218,1882,,197,census2021-ts067-ward.csv,2005.0
2021,Windermere and Ambleside,E05014249,8950,1258,746,1143,644,1646,,206,census2021-ts067-ward.csv,3307.0
2021,Aire Valley,E05014250,5251,597,424,739,346,856,,76,census2021-ts067-ward.csv,2213.0
2021,Aiskew & Leeming,E05014251,5078,679,430,667,358,1241,,106,census2021-ts067-ward.csv,1597.0
2021,Amotherby & Ampleforth,E05014252,4695,682,383,714,262,739,,90,census2021-ts067-ward.csv,1825.0
2021,Appleton Roebuck & Church Fenton,E05014253,4926,535,395,661,239,861,,86,census2021-ts067-ward.csv,2149.0
2021,Barlby & Riccall,E05014254,4965,722,487,746,313,983,,107,census2021-ts067-ward.csv,1607.0
2021,Bedale,E05014255,5336,812,507,797,341,999,,115,census2021-ts067-ward.csv,1765.0
2021,Bentham & Ingleton,E05014256,6378,955,552,891,398,1068,,146,census2021-ts067-ward.csv,2368.0
2021,Bilton Grange & New Park,E05014257,6412,931,642,1008,431,1238,,165,census2021-ts067-ward.csv,1997.0
2021,Bilton & Nidd Gorge,E05014258,6266,1143,664,857,456,1075,,157,census2021-ts067-ward.csv,1914.0
2021,Boroughbridge & Claro,E05014259,6390,889,594,864,421,990,,161,census2021-ts067-ward.csv,2471.0
2021,Brayton & Barlow,E05014260,5233,818,511,755,393,991,,145,census2021-ts067-ward.csv,1620.0
2021,Camblesforth & Carlton,E05014261,5117,809,529,770,366,995,,124,census2021-ts067-ward.csv,1524.0
2021,Castle (Scarborough),E05014262,6971,1646,804,1057,463,1143,,195,census2021-ts067-ward.csv,1663.0
2021,Catterick Village & Brompton-on-Swale,E05014263,5449,831,510,815,396,1139,,110,census2021-ts067-ward.csv,1648.0
2021,Cawood & Escrick,E05014264,4794,506,389,685,240,780,,84,census2021-ts067-ward.csv,2110.0
2021,Cayton,E05014265,3827,765,390,503,357,724,,131,census2021-ts067-ward.csv,957.0
2021,Cliffe & North Duffield,E05014266,4577,630,440,683,332,905,,86,census2021-ts067-ward.csv,1501.0
2021,Coppice Valley & Duchy,E05014267,6181,813,447,782,229,887,,117,census2021-ts067-ward.csv,2906.0
2021,Danby & Mulgrave,E05014268,4277,798,401,567,305,701,,97,census2021-ts067-ward.csv,1408.0
2021,Derwent Valley & Moor,E05014269,4393,702,390,594,352,778,,122,census2021-ts067-ward.csv,1455.0
2021,Easingwold,E05014270,5798,828,464,803,348,950,,153,census2021-ts067-ward.csv,2252.0
2021,Eastfield,E05014271,5329,1270,666,913,387,1001,,132,census2021-ts067-ward.csv,960.0
2021,Esk Valley & Coast,E05014272,5843,981,481,736,437,971,,165,census2021-ts067-ward.csv,2072.0
2021,Fairfax & Starbeck,E05014273,6739,1166,697,987,434,1141,,180,census2021-ts067-ward.csv,2134.0
2021,Falsgrave & Stepney,E05014274,6928,1461,757,987,548,1173,,188,census2021-ts067-ward.csv,1814.0
2021,Filey,E05014275,6206,1492,685,829,632,931,,172,census2021-ts067-ward.csv,1465.0
2021,Great Ayton,E05014276,4780,797,373,543,363,738,,120,census2021-ts067-ward.csv,1846.0
2021,"Glusburn, Cross Hills & Sutton-in-Craven",E05014277,6693,1033,658,883,560,1260,,144,census2021-ts067-ward.csv,2155.0
2021,Harlow & St. Georges,E05014278,6700,626,416,913,244,974,,158,census2021-ts067-ward.csv,3369.0
2021,High Harrogate & Kingsley,E05014279,6995,924,594,912,376,1227,,231,census2021-ts067-ward.csv,2731.0
2021,Hipswell & Colburn,E05014280,7507,1196,813,1330,490,1816,,175,census2021-ts067-ward.csv,1687.0
2021,Helmsley & Sinnington,E05014281,4392,738,384,573,281,712,,112,census2021-ts067-ward.csv,1592.0
2021,Hillside & Raskelf,E05014282,5733,788,448,746,329,938,,95,census2021-ts067-ward.csv,2389.0
2021,Huby & Tollerton,E05014283,5706,735,485,761,319,924,,118,census2021-ts067-ward.csv,2364.0
2021,Hutton Rudby & Osmotherley,E05014285,5190,594,358,598,307,802,,116,census2021-ts067-ward.csv,2415.0
2021,"Killinghall, Hampsthwaite & Saltergate",E05014286,8084,1343,763,1296,504,1365,,175,census2021-ts067-ward.csv,2638.0
2021,Kirkbymoorside & Dales,E05014287,5508,933,532,794,372,874,,109,census2021-ts067-ward.csv,1894.0
2021,Knaresborough East,E05014288,6452,957,593,957,402,1090,,121,census2021-ts067-ward.csv,2332.0
2021,Knaresborough West,E05014289,6801,957,518,925,406,1039,,200,census2021-ts067-ward.csv,2756.0
2021,Leyburn & Middleham,E05014290,4836,804,459,658,367,754,,128,census2021-ts067-ward.csv,1666.0
2021,Malton,E05014291,5235,978,463,783,337,852,,153,census2021-ts067-ward.csv,1669.0
2021,Masham & Fountains,E05014292,6394,934,518,833,350,1050,,106,census2021-ts067-ward.csv,2603.0
2021,Monk Fryston & South Milford,E05014293,7234,1152,712,1004,475,1221,,149,census2021-ts067-ward.csv,2521.0
2021,Mid Craven,E05014294,4530,646,417,622,256,774,,92,census2021-ts067-ward.csv,1723.0
2021,Morton-on-Swale & Appleton Wiske,E05014295,5502,677,455,744,305,878,,127,census2021-ts067-ward.csv,2316.0
2021,Newby,E05014296,5247,904,480,751,514,962,,145,census2021-ts067-ward.csv,1491.0
2021,North Richmondshire,E05014297,6520,883,550,855,388,1048,,139,census2021-ts067-ward.csv,2657.0
2021,Northallerton North & Brompton,E05014298,5627,1009,600,747,390,1015,,132,census2021-ts067-ward.csv,1734.0
2021,Northallerton South,E05014299,5427,1045,605,856,375,957,,152,census2021-ts067-ward.csv,1437.0
2021,Norton (Ryedale),E05014300,6686,1462,775,1079,493,1105,,179,census2021-ts067-ward.csv,1593.0
2021,Northstead,E05014301,6171,1179,630,979,473,1069,,169,census2021-ts067-ward.csv,1672.0
2021,Oatlands & Pannal,E05014302,6401,538,387,807,201,877,,133,census2021-ts067-ward.csv,3458.0
2021,Osgoldcross,E05014303,5265,866,539,811,319,971,,104,census2021-ts067-ward.csv,1655.0
2021,Ouseburn (Harrogate),E05014304,5065,625,338,779,226,817,,123,census2021-ts067-ward.csv,2157.0
2021,Pateley Bridge & Nidderdale,E05014305,4742,616,398,691,294,834,,110,census2021-ts067-ward.csv,1799.0
2021,Pickering (Ryedale),E05014306,6282,1277,637,918,412,1043,,173,census2021-ts067-ward.csv,1822.0
2021,Richmond (Richmondshire),E05014307,6895,1049,597,971,431,1105,,176,census2021-ts067-ward.csv,2566.0
2021,Ripon Minster & Moorside,E05014308,6824,1453,723,987,493,1119,,218,census2021-ts067-ward.csv,1831.0
2021,Ripon Ure Bank & Spa,E05014309,7037,1007,571,997,506,1248,,185,census2021-ts067-ward.csv,2523.0
2021,Romanby,E05014310,5053,764,495,676,345,875,,154,census2021-ts067-ward.csv,1744.0
2021,Scalby & the Coast,E05014311,4958,776,393,617,414,774,,129,census2021-ts067-ward.csv,1855.0
2021,Scotton & Lower Wensleydale,E05014312,5923,945,566,844,568,1144,,135,census2021-ts067-ward.csv,1721.0
2021,Seamer,E05014313,3938,668,369,583,360,804,,94,census2021-ts067-ward.csv,1060.0
2021,Selby East,E05014314,6547,1233,763,1044,475,1230,,172,census2021-ts067-ward.csv,1630.0
2021,Selby West,E05014315,8325,1846,974,1132,647,1384,,240,census2021-ts067-ward.csv,2102.0
2021,Settle & Penyghent,E05014316,4999,840,436,624,291,816,,138,census2021-ts067-ward.csv,1854.0
2021,Sherburn in Elmet,E05014317,6932,1065,694,1043,419,1311,,164,census2021-ts067-ward.csv,2236.0
2021,Sheriff Hutton & Derwent,E05014318,5798,792,459,730,294,972,,139,census2021-ts067-ward.csv,2412.0
2021,Skipton East & South,E05014319,6078,1048,608,810,429,1117,,155,census2021-ts067-ward.csv,1911.0
2021,Skipton North & Embsay-with-Eastby,E05014320,4730,488,297,550,244,706,,79,census2021-ts067-ward.csv,2366.0
2021,Skipton West & West Craven,E05014321,5292,902,496,711,349,938,,129,census2021-ts067-ward.csv,1767.0
2021,Sowerby & Topcliffe,E05014322,6347,956,594,883,453,1157,,157,census2021-ts067-ward.csv,2147.0
2021,Spofforth with Lower Wharfedale & Tockwith,E05014323,5257,588,460,676,242,882,,99,census2021-ts067-ward.csv,2310.0
2021,"Stray, Woodlands & Hookstone",E05014324,6613,795,434,857,253,968,,154,census2021-ts067-ward.csv,3152.0
2021,Stokesley,E05014325,5377,818,389,614,331,752,,110,census2021-ts067-ward.csv,2363.0
2021,Tadcaster,E05014326,6242,1149,698,912,402,1061,,145,census2021-ts067-ward.csv,1875.0
2021,Thirsk,E05014327,6023,1184,602,886,430,973,,145,census2021-ts067-ward.csv,1803.0
2021,Thornton Dale & Wolds,E05014328,6032,990,566,885,435,950,,136,census2021-ts067-ward.csv,2070.0
2021,Thorpe Willoughby & Hambleton,E05014329,5285,762,556,785,361,1019,,139,census2021-ts067-ward.csv,1663.0
2021,Upper Dales,E05014330,4616,717,410,628,253,760,,91,census2021-ts067-ward.csv,1757.0
2021,Valley Gardens & Central Harrogate,E05014331,7433,829,548,907,286,1051,,193,census2021-ts067-ward.csv,3619.0
2021,Washburn & Birstwith,E05014332,5475,605,372,750,255,770,,99,census2021-ts067-ward.csv,2624.0
2021,Wathvale & Bishop Monkton,E05014333,7044,870,621,1009,415,1230,,178,census2021-ts067-ward.csv,2721.0
2021,Weaponness & Ramshill,E05014334,6890,1420,587,864,468,1015,,221,census2021-ts067-ward.csv,2315.0
2021,Wharfedale (Craven),E05014335,4328,523,371,576,238,723,,89,census2021-ts067-ward.csv,1808.0
2021,Whitby Streonshalh,E05014336,4784,1269,579,670,355,745,,118,census2021-ts067-ward.csv,1048.0
2021,Whitby West,E05014337,6465,1417,694,909,553,1075,,201,census2021-ts067-ward.csv,1616.0
2021,Woodlands (Scarborough),E05014338,6019,1346,596,919,501,980,,156,census2021-ts067-ward.csv,1521.0
2021,Bishop's Hull & Taunton West,E05014339,9165,1377,760,1302,475,1460,,276,census2021-ts067-ward.csv,3515.0
2021,Blackdown & Neroche,E05014340,9088,1398,921,1337,563,1577,,215,census2021-ts067-ward.csv,3077.0
2021,Blackmoor Vale,E05014341,7714,1142,765,1115,527,1391,,208,census2021-ts067-ward.csv,2566.0
2021,Brent (Sedgemoor),E05014342,8597,1589,810,1338,537,1560,,216,census2021-ts067-ward.csv,2547.0
2021,Bridgwater East & Bawdrip,E05014343,10081,1876,1229,1658,752,2053,,297,census2021-ts067-ward.csv,2216.0
2021,Bridgwater North & Central,E05014344,8728,2432,1283,1369,606,1354,,287,census2021-ts067-ward.csv,1397.0
2021,Bridgwater South,E05014345,9743,2447,1292,1456,670,1586,,365,census2021-ts067-ward.csv,1927.0
2021,Bridgwater West,E05014346,9002,1635,1023,1496,624,1782,,272,census2021-ts067-ward.csv,2170.0
2021,Brympton,E05014347,7594,1001,772,1222,533,1695,,177,census2021-ts067-ward.csv,2194.0
2021,Burnham on Sea North,E05014348,8590,1854,966,1348,632,1474,,250,census2021-ts067-ward.csv,2066.0
2021,Cannington,E05014349,7869,1260,734,1169,506,1483,,230,census2021-ts067-ward.csv,2487.0
2021,Castle Cary,E05014350,9052,1280,788,1363,593,1716,,221,census2021-ts067-ward.csv,3091.0
2021,Chard North,E05014351,8856,1734,1133,1382,669,1492,,311,census2021-ts067-ward.csv,2135.0
2021,Chard South,E05014352,7274,1606,895,1193,550,1217,,235,census2021-ts067-ward.csv,1578.0
2021,Cheddar,E05014353,7811,1103,710,1151,440,1364,,169,census2021-ts067-ward.csv,2874.0
2021,Coker,E05014354,8046,1153,723,1230,617,1405,,211,census2021-ts067-ward.csv,2707.0
2021,Comeytrowe & Trull,E05014355,8352,1046,666,1244,436,1334,,254,census2021-ts067-ward.csv,3372.0
2021,Crewkerne,E05014356,7642,1456,827,1142,614,1378,,238,census2021-ts067-ward.csv,1987.0
2021,Curry Rivel & Langport,E05014357,9168,1370,904,1379,578,1605,,238,census2021-ts067-ward.csv,3094.0
2021,Dulverton & Exmoor,E05014358,7052,1213,709,1040,443,1142,,179,census2021-ts067-ward.csv,2326.0
2021,Dunster,E05014359,7557,1377,782,1144,490,1222,,253,census2021-ts067-ward.csv,2289.0
2021,Frome East,E05014360,10341,1655,1049,1521,618,1824,,219,census2021-ts067-ward.csv,3455.0
2021,Frome North,E05014361,8121,1055,719,1161,449,1396,,196,census2021-ts067-ward.csv,3145.0
2021,Frome West,E05014362,8568,1488,812,1177,449,1459,,214,census2021-ts067-ward.csv,2969.0
2021,Glastonbury,E05014363,7683,1274,717,1115,419,1413,,201,census2021-ts067-ward.csv,2544.0
2021,Highbridge & Burnham South,E05014364,8310,2016,1082,1305,640,1367,,238,census2021-ts067-ward.csv,1662.0
2021,Huntspill,E05014365,8321,1606,914,1305,656,1477,,231,census2021-ts067-ward.csv,2132.0
2021,Ilminster,E05014366,8850,1469,949,1259,598,1517,,257,census2021-ts067-ward.csv,2801.0
2021,King Alfred,E05014367,8447,1289,736,1240,451,1432,,196,census2021-ts067-ward.csv,3103.0
2021,Lydeard,E05014368,8885,1113,763,1393,476,1770,,222,census2021-ts067-ward.csv,3148.0
2021,Martock,E05014369,8808,1406,891,1282,670,1653,,244,census2021-ts067-ward.csv,2662.0
2021,Mendip Central and East,E05014370,7856,1344,745,1138,439,1285,,181,census2021-ts067-ward.csv,2724.0
2021,Mendip Hills,E05014371,8263,1169,729,1243,509,1489,,187,census2021-ts067-ward.csv,2937.0
2021,Mendip South,E05014372,7833,1170,669,1094,404,1394,,173,census2021-ts067-ward.csv,2929.0
2021,Mendip West,E05014373,8413,1236,729,1238,461,1421,,194,census2021-ts067-ward.csv,3134.0
2021,Minehead,E05014374,7610,1680,831,1102,494,1186,,309,census2021-ts067-ward.csv,2008.0
2021,Monkton & North Curry,E05014375,10355,1279,884,1638,601,2002,,244,census2021-ts067-ward.csv,3707.0
2021,North Petherton,E05014376,8287,1183,878,1341,528,1621,,235,census2021-ts067-ward.csv,2501.0
2021,Rowbarton & Staplegrove,E05014377,8579,1288,734,1361,505,1524,,247,census2021-ts067-ward.csv,2920.0
2021,Shepton Mallet,E05014378,9179,1718,997,1427,591,1670,,228,census2021-ts067-ward.csv,2548.0
2021,Somerton,E05014379,8718,1333,842,1251,513,1555,,231,census2021-ts067-ward.csv,2993.0
2021,South Petherton & Islemoor,E05014380,8868,1394,844,1334,588,1509,,225,census2021-ts067-ward.csv,2974.0
2021,Street,E05014381,10271,1992,1049,1822,605,1856,,304,census2021-ts067-ward.csv,2643.0
2021,Taunton East,E05014382,9680,1894,1029,1463,584,1624,,310,census2021-ts067-ward.csv,2776.0
2021,Taunton North,E05014383,8469,1645,944,1436,542,1511,,231,census2021-ts067-ward.csv,2160.0
2021,Taunton South,E05014384,9303,1479,965,1553,607,1640,,284,census2021-ts067-ward.csv,2775.0
2021,Upper Tone,E05014385,8048,1096,712,1166,404,1331,,211,census2021-ts067-ward.csv,3128.0
2021,Watchet & Stogursey,E05014386,8249,1755,828,1257,575,1386,,259,census2021-ts067-ward.csv,2189.0
2021,Wellington (Somerset West and Taunton),E05014387,10896,1888,1113,1722,694,1920,,319,census2021-ts067-ward.csv,3240.0
2021,Wells (Mendip),E05014388,9514,1403,882,1402,532,1495,,215,census2021-ts067-ward.csv,3585.0
2021,Wincanton & Bruton,E05014389,9542,1505,1004,1446,585,1750,,251,census2021-ts067-ward.csv,3001.0
2021,Yeovil Central,E05014390,9209,1729,1037,1386,780,1540,,320,census2021-ts067-ward.csv,2417.0
2021,Yeovil East,E05014391,9125,1628,1089,1535,689,1698,,285,census2021-ts067-ward.csv,2201.0
2021,Yeovil South,E05014392,8710,1420,905,1383,724,1573,,250,census2021-ts067-ward.csv,2455.0
2021,Yeovil West,E05014393,6640,1124,742,1093,579,1205,,178,census2021-ts067-ward.csv,1719.0
2021,Hunmanby & Sherburn (part Ryedale),E05R14284,1695,358,182,254,121,309,,45,census2021-ts067-ward.csv,426.0
2021,Hunmanby & Sherburn (part Scarborough),E05S14284,3863,844,384,525,365,624,,126,census2021-ts067-ward.csv,995.0
2021,Isles of Scilly (Local Authority),E06000053,1730,213,119,272,88,341,,42,census2021-ts067-ward.csv,655.0
2021,City of London (Local Authority),E09000001,8006,529,223,392,80,708,,135,census2021-ts067-ward.csv,5939.0
2021,Bishopston,W05001039,2742,256,155,343,139,340,,67,census2021-ts067-ward.csv,1442.0
2021,Bon-y-maen,W05001040,6071,1628,551,919,405,896,,146,census2021-ts067-ward.csv,1526.0
2021,Castle (Swansea),W05001041,11589,2708,831,1253,530,2506,,358,census2021-ts067-ward.csv,3403.0
2021,Clydach,W05001042,6939,1476,579,1102,544,1115,,183,census2021-ts067-ward.csv,1940.0
2021,Cockett,W05001043,8378,1966,795,1212,559,1372,,224,census2021-ts067-ward.csv,2250.0
2021,Cwmbwrla,W05001044,6206,1460,607,966,484,1041,,176,census2021-ts067-ward.csv,1472.0
2021,Dunvant and Killay,W05001045,7859,913,551,1081,497,1688,,212,census2021-ts067-ward.csv,2917.0
2021,Fairwood,W05001046,2324,301,163,313,116,361,,44,census2021-ts067-ward.csv,1026.0
2021,Gorseinon and Penyrheol,W05001047,8630,1735,794,1365,522,1557,,212,census2021-ts067-ward.csv,2445.0
2021,Gower,W05001048,2534,344,154,311,102,363,,62,census2021-ts067-ward.csv,1198.0
2021,Gowerton,W05001049,4132,615,325,640,257,710,,98,census2021-ts067-ward.csv,1487.0
2021,Landore,W05001050,6057,1398,519,863,377,1314,,174,census2021-ts067-ward.csv,1412.0
2021,Llangyfelach,W05001051,2274,283,192,359,148,427,,50,census2021-ts067-ward.csv,815.0
2021,Llansamlet,W05001052,11918,2087,1022,1960,829,2136,,277,census2021-ts067-ward.csv,3607.0
2021,Llwchwr,W05001053,7593,1177,632,1206,489,1425,,170,census2021-ts067-ward.csv,2494.0
2021,Mayals,W05001054,2177,204,113,272,85,268,,41,census2021-ts067-ward.csv,1194.0
2021,Morriston,W05001055,13363,2818,1341,2063,945,2127,,390,census2021-ts067-ward.csv,3679.0
2021,Mumbles,W05001056,6696,673,329,782,286,922,,165,census2021-ts067-ward.csv,3539.0
2021,Mynydd-bach,W05001057,7318,1780,714,1086,553,1137,,268,census2021-ts067-ward.csv,1780.0
2021,Pen-clawdd,W05001058,3035,520,250,411,220,487,,77,census2021-ts067-ward.csv,1070.0
2021,Penderry,W05001059,8563,2881,937,1318,529,1057,,274,census2021-ts067-ward.csv,1567.0
2021,Penllergaer,W05001060,2817,445,186,379,123,487,,66,census2021-ts067-ward.csv,1131.0
2021,Pennard,W05001061,2669,250,148,394,119,369,,46,census2021-ts067-ward.csv,1343.0
2021,Pontarddulais,W05001062,5524,956,436,873,329,1043,,142,census2021-ts067-ward.csv,1745.0
2021,Pontlliew and Tircoed,W05001063,2006,211,155,301,103,356,,66,census2021-ts067-ward.csv,814.0
2021,Sketty,W05001064,12571,1541,698,1448,561,2517,,321,census2021-ts067-ward.csv,5485.0
2021,St Thomas (Swansea),W05001065,5639,1436,492,758,340,1024,,153,census2021-ts067-ward.csv,1436.0
2021,Townhill,W05001066,6408,2163,621,954,370,845,,230,census2021-ts067-ward.csv,1225.0
2021,Uplands,W05001067,12729,1190,466,966,330,4506,,224,census2021-ts067-ward.csv,5047.0
2021,Waterfront,W05001068,3420,507,223,264,136,540,,88,census2021-ts067-ward.csv,1662.0
2021,Waunarlwydd,W05001069,2824,602,267,439,209,465,,83,census2021-ts067-ward.csv,759.0
2021,West Cross,W05001070,4850,784,305,759,290,648,,140,census2021-ts067-ward.csv,1924.0
2021,Aberaman,W05001071,8051,2105,873,1293,388,1390,,248,census2021-ts067-ward.csv,1754.0
2021,Abercynon,W05001072,5110,1477,499,781,273,813,,137,census2021-ts067-ward.csv,1130.0
2021,Aberdare East,W05001073,5690,1310,603,882,302,922,,162,census2021-ts067-ward.csv,1509.0
2021,Aberdare West and Llwydcoed,W05001074,8095,1621,700,1250,436,1311,,238,census2021-ts067-ward.csv,2539.0
2021,Beddau and Tyn-y-nant,W05001075,6065,1368,594,911,346,1116,,164,census2021-ts067-ward.csv,1566.0
2021,Brynna and Llanharan,W05001076,7253,1307,658,1034,364,1251,,166,census2021-ts067-ward.csv,2473.0
2021,Church Village,W05001077,5344,801,458,719,221,944,,115,census2021-ts067-ward.csv,2086.0
2021,Cilfynydd,W05001078,2370,494,254,360,159,445,,34,census2021-ts067-ward.csv,624.0
2021,Cwm Clydach,W05001079,2220,727,222,361,127,347,,62,census2021-ts067-ward.csv,374.0
2021,Cwmbach,W05001080,4111,946,390,707,202,651,,117,census2021-ts067-ward.csv,1098.0
2021,Cymer,W05001081,4677,1476,451,684,230,739,,123,census2021-ts067-ward.csv,974.0
2021,Ferndale and Maerdy,W05001082,5853,1744,572,931,318,921,,202,census2021-ts067-ward.csv,1165.0
2021,Gilfach-goch,W05001083,2690,887,236,424,117,414,,66,census2021-ts067-ward.csv,546.0
2021,Glyn-coch,W05001084,2298,821,236,348,107,321,,60,census2021-ts067-ward.csv,405.0
2021,Graig and Pontypridd West,W05001085,5813,1289,549,881,270,974,,146,census2021-ts067-ward.csv,1704.0
2021,Hawthorn and Lower Rhydfelen,W05001086,1928,465,202,276,87,313,,43,census2021-ts067-ward.csv,542.0
2021,"Hirwaun, Penderyn and Rhigos",W05001087,5082,1277,434,785,262,849,,105,census2021-ts067-ward.csv,1370.0
2021,Llanharry,W05001088,2896,661,236,407,108,491,,67,census2021-ts067-ward.csv,926.0
2021,Llantrisant and Talbot Green,W05001089,5685,1028,463,740,277,888,,155,census2021-ts067-ward.csv,2134.0
2021,Llantwit Fardre,W05001090,5112,723,389,689,303,952,,120,census2021-ts067-ward.csv,1936.0
2021,Llwyn-y-pia,W05001091,2840,837,314,426,155,427,,67,census2021-ts067-ward.csv,614.0
2021,Mountain Ash,W05001092,5975,1576,591,1045,331,909,,155,census2021-ts067-ward.csv,1368.0
2021,Penrhiw-ceibr,W05001093,4579,1566,452,769,211,659,,118,census2021-ts067-ward.csv,804.0
2021,Pentre,W05001094,4279,1026,417,676,213,736,,98,census2021-ts067-ward.csv,1113.0
2021,Pen-y-graig,W05001095,4380,1309,437,746,206,672,,134,census2021-ts067-ward.csv,876.0
2021,Pen-y-waun,W05001096,2268,949,238,293,75,259,,66,census2021-ts067-ward.csv,388.0
2021,Pontyclun Central,W05001097,1635,253,113,217,63,223,,37,census2021-ts067-ward.csv,729.0
2021,Pontyclun East,W05001098,2230,223,144,264,96,321,,37,census2021-ts067-ward.csv,1145.0
2021,Pontyclun West,W05001099,2666,363,200,381,145,428,,85,census2021-ts067-ward.csv,1064.0
2021,Pontypridd Town,W05001100,2446,436,186,334,116,394,,68,census2021-ts067-ward.csv,912.0
2021,Porth,W05001101,4730,1165,487,741,260,813,,108,census2021-ts067-ward.csv,1156.0
2021,Rhydfelen Central,W05001102,2231,609,230,335,92,380,,66,census2021-ts067-ward.csv,519.0
2021,Taff's Well,W05001103,2982,524,255,403,166,490,,85,census2021-ts067-ward.csv,1059.0
2021,Ton-teg,W05001104,2613,477,232,380,151,383,,70,census2021-ts067-ward.csv,920.0
2021,Tonypandy,W05001105,2924,723,298,507,152,522,,66,census2021-ts067-ward.csv,656.0
2021,Tonyrefail East,W05001106,4971,1331,474,744,282,864,,119,census2021-ts067-ward.csv,1157.0
2021,Tonyrefail West,W05001107,5540,1275,475,873,291,1014,,155,census2021-ts067-ward.csv,1457.0
2021,Trallwng,W05001108,3091,589,286,468,168,525,,99,census2021-ts067-ward.csv,956.0
2021,Trealaw,W05001109,2817,826,324,480,125,445,,75,census2021-ts067-ward.csv,542.0
2021,Treforest,W05001110,4534,561,263,415,132,1582,,139,census2021-ts067-ward.csv,1442.0
2021,Treherbert,W05001111,4626,1419,455,675,291,744,,148,census2021-ts067-ward.csv,894.0
2021,Treorchy,W05001112,6346,1528,583,959,350,1105,,171,census2021-ts067-ward.csv,1650.0
2021,Tylorstown and Ynyshir,W05001113,6102,1830,698,886,402,975,,187,census2021-ts067-ward.csv,1124.0
2021,Upper Rhydfelen and Glyn-taf,W05001114,2836,953,349,413,140,421,,76,census2021-ts067-ward.csv,484.0
2021,Ynysybwl,W05001115,3710,846,352,584,212,652,,86,census2021-ts067-ward.csv,978.0
2021,Ystrad,W05001116,4158,1193,415,642,251,645,,123,census2021-ts067-ward.csv,889.0
2021,Aber-craf and Ystradgynlais,W05001117,3337,779,298,509,257,528,,92,census2021-ts067-ward.csv,874.0
2021,"Banwy, Llanfihangel and Llanwddyn",W05001118,1852,312,128,261,99,319,,41,census2021-ts067-ward.csv,692.0
2021,Berriew and Castle Caereinion,W05001119,1647,305,137,263,94,275,,40,census2021-ts067-ward.csv,533.0
2021,Brecon East,W05001120,3531,521,284,462,224,588,,107,census2021-ts067-ward.csv,1345.0
2021,Brecon West,W05001121,3364,734,296,522,192,593,,87,census2021-ts067-ward.csv,940.0
2021,Bronllys and Felin-fach,W05001122,1692,274,119,237,112,294,,44,census2021-ts067-ward.csv,612.0
2021,Builth,W05001123,2078,397,207,326,110,401,,50,census2021-ts067-ward.csv,587.0
2021,Caersws,W05001124,1934,400,174,340,111,347,,50,census2021-ts067-ward.csv,512.0
2021,Churchstoke,W05001125,1502,272,138,237,107,256,,38,census2021-ts067-ward.csv,454.0
2021,Crickhowell with Cwmdu and Tretower,W05001126,3031,423,199,377,141,459,,85,census2021-ts067-ward.csv,1347.0
2021,Cwm-twrch,W05001127,1792,376,165,275,145,285,,53,census2021-ts067-ward.csv,493.0
2021,Disserth and Trecoed with Newbridge,W05001128,1590,385,150,222,105,284,,39,census2021-ts067-ward.csv,405.0
2021,Dolforwyn,W05001129,1736,317,138,271,106,288,,43,census2021-ts067-ward.csv,573.0
2021,Forden and Montgomery,W05001130,2088,337,184,296,129,366,,43,census2021-ts067-ward.csv,733.0
2021,Glantwymyn,W05001131,1746,273,147,213,100,298,,41,census2021-ts067-ward.csv,674.0
2021,Glasbury,W05001132,1511,227,103,222,85,233,,36,census2021-ts067-ward.csv,605.0
2021,Guilsfield,W05001133,1416,246,120,228,80,255,,39,census2021-ts067-ward.csv,448.0
2021,Gwernyfed,W05001134,1276,195,128,172,68,243,,30,census2021-ts067-ward.csv,440.0
2021,Hay,W05001135,1452,241,115,191,66,223,,48,census2021-ts067-ward.csv,568.0
2021,Ithon Valley,W05001136,1774,331,157,288,123,299,,54,census2021-ts067-ward.csv,522.0
2021,Kerry,W05001137,1339,219,113,214,105,244,,26,census2021-ts067-ward.csv,418.0
2021,Knighton with Beguildy,W05001138,3097,628,260,463,246,575,,99,census2021-ts067-ward.csv,826.0
2021,Llanafanfawr with Garth,W05001139,1371,267,116,190,95,222,,30,census2021-ts067-ward.csv,451.0
2021,Llanbrynmair,W05001140,1602,276,130,260,93,247,,34,census2021-ts067-ward.csv,562.0
2021,Llandinam with Dolfor,W05001141,1539,259,128,227,91,283,,40,census2021-ts067-ward.csv,511.0
2021,Llandrindod North,W05001142,1727,337,182,333,103,296,,54,census2021-ts067-ward.csv,422.0
2021,Llandrindod South,W05001143,3015,629,290,430,192,468,,92,census2021-ts067-ward.csv,914.0
2021,Llandrinio,W05001144,1823,252,159,317,100,359,,45,census2021-ts067-ward.csv,591.0
2021,Llandysilio,W05001145,1572,272,121,240,82,327,,35,census2021-ts067-ward.csv,495.0
2021,Llanelwedd,W05001146,1456,267,126,211,84,251,,31,census2021-ts067-ward.csv,486.0
2021,Llanfair Caereinion and Llanerfyl,W05001147,1794,344,157,247,101,323,,35,census2021-ts067-ward.csv,587.0
2021,Llanfyllin,W05001148,1327,289,106,196,75,224,,27,census2021-ts067-ward.csv,410.0
2021,Llangattock and Llangynidr,W05001149,1683,226,125,197,76,230,,36,census2021-ts067-ward.csv,793.0
2021,Llangors with Bwlch,W05001150,1252,173,77,135,88,211,,12,census2021-ts067-ward.csv,556.0
2021,Llangunllo with Norton,W05001151,1436,260,124,212,85,207,,30,census2021-ts067-ward.csv,518.0
2021,Llangyniew and Meifod,W05001152,1650,276,129,237,92,311,,38,census2021-ts067-ward.csv,567.0
2021,Llanidloes,W05001153,3506,736,319,503,251,562,,97,census2021-ts067-ward.csv,1038.0
2021,Llanrhaeadr-ym-Mochnant and Llansilin,W05001154,1928,306,158,298,102,312,,46,census2021-ts067-ward.csv,706.0
2021,Llansantffraid,W05001155,1674,309,144,224,107,290,,42,census2021-ts067-ward.csv,558.0
2021,Llanwrtyd Wells,W05001156,1347,249,100,198,74,241,,33,census2021-ts067-ward.csv,452.0
2021,Llanyre with Nantmel,W05001157,1809,329,154,264,127,306,,48,census2021-ts067-ward.csv,581.0
2021,Machynlleth,W05001158,1808,413,153,271,94,292,,62,census2021-ts067-ward.csv,523.0
2021,Maescar and Llywel,W05001159,1475,268,122,214,84,240,,36,census2021-ts067-ward.csv,511.0
2021,Newtown Central and South,W05001160,3968,1017,453,754,198,662,,115,census2021-ts067-ward.csv,769.0
2021,Newtown East,W05001161,1711,422,205,289,104,279,,67,census2021-ts067-ward.csv,345.0
2021,Newtown North,W05001162,1905,298,189,279,131,331,,59,census2021-ts067-ward.csv,618.0
2021,Newtown West,W05001163,1601,292,129,232,87,283,,54,census2021-ts067-ward.csv,524.0
2021,Old Radnor,W05001164,1454,279,130,206,72,239,,39,census2021-ts067-ward.csv,489.0
2021,Presteigne,W05001165,1652,319,119,272,91,275,,27,census2021-ts067-ward.csv,549.0
2021,Rhayader,W05001166,1762,378,156,302,119,291,,36,census2021-ts067-ward.csv,480.0
2021,Rhiwcynon,W05001167,1839,337,163,235,102,370,,56,census2021-ts067-ward.csv,576.0
2021,Talgarth,W05001168,1423,255,108,206,81,248,,32,census2021-ts067-ward.csv,493.0
2021,Talybont-on-Usk,W05001169,1604,248,108,190,80,273,,52,census2021-ts067-ward.csv,653.0
2021,Tawe Uchaf,W05001170,1794,381,133,257,117,306,,40,census2021-ts067-ward.csv,560.0
2021,Trelystan and Trewern,W05001171,1479,266,130,233,89,292,,39,census2021-ts067-ward.csv,430.0
2021,Welshpool Castle,W05001172,2139,663,203,324,134,296,,68,census2021-ts067-ward.csv,451.0
2021,Welshpool Gungrog,W05001173,1864,400,185,303,129,340,,59,census2021-ts067-ward.csv,448.0
2021,Welshpool Llanerchyddol,W05001174,1530,292,149,232,117,270,,50,census2021-ts067-ward.csv,420.0
2021,Ynyscedwyn,W05001175,1748,355,156,242,145,249,,33,census2021-ts067-ward.csv,568.0
2021,Yscir with Honddu Isaf and Llanddew,W05001176,1474,180,100,205,70,258,,23,census2021-ts067-ward.csv,638.0
2021,Abergwili,W05001177,1959,314,137,271,109,310,,51,census2021-ts067-ward.csv,767.0
2021,Ammanford,W05001178,4471,1029,426,669,253,738,,128,census2021-ts067-ward.csv,1228.0
2021,Betws,W05001179,1931,356,171,244,124,349,,37,census2021-ts067-ward.csv,650.0
2021,Bigyn,W05001180,5273,1216,509,890,361,867,,146,census2021-ts067-ward.csv,1284.0
2021,Burry Port,W05001181,3452,714,332,561,256,568,,95,census2021-ts067-ward.csv,926.0
2021,Bynea,W05001182,3650,672,331,576,187,665,,81,census2021-ts067-ward.csv,1138.0
2021,Carmarthen Town North and South,W05001183,7536,1499,641,1138,401,1078,,182,census2021-ts067-ward.csv,2597.0
2021,Carmarthen Town West,W05001184,4321,654,338,613,194,777,,105,census2021-ts067-ward.csv,1640.0
2021,Cenarth and Llangeler,W05001185,4751,875,438,707,266,785,,129,census2021-ts067-ward.csv,1551.0
2021,Cilycwm,W05001186,2204,406,164,320,137,348,,39,census2021-ts067-ward.csv,790.0
2021,Cwarter Bach,W05001187,2337,491,214,347,187,386,,58,census2021-ts067-ward.csv,654.0
2021,Cynwyl Elfed,W05001188,1965,371,154,324,107,308,,42,census2021-ts067-ward.csv,659.0
2021,Dafen and Felinfoel,W05001189,4210,1034,404,665,282,654,,134,census2021-ts067-ward.csv,1037.0
2021,Elli,W05001190,1675,306,109,250,102,265,,50,census2021-ts067-ward.csv,593.0
2021,Garnant,W05001191,1663,357,150,276,127,245,,42,census2021-ts067-ward.csv,466.0
2021,Glanamman,W05001192,2055,451,218,322,139,360,,38,census2021-ts067-ward.csv,527.0
2021,Glanymor,W05001193,5116,1289,499,764,330,780,,136,census2021-ts067-ward.csv,1318.0
2021,Glyn (Carmarthenshire),W05001194,1780,358,147,289,111,285,,39,census2021-ts067-ward.csv,551.0
2021,Gorslas,W05001195,4165,706,348,563,235,760,,111,census2021-ts067-ward.csv,1442.0
2021,Hendy,W05001196,2589,368,217,418,161,469,,36,census2021-ts067-ward.csv,920.0
2021,Hengoed (Carmarthenshire),W05001197,3593,601,268,566,213,632,,86,census2021-ts067-ward.csv,1227.0
2021,Kidwelly and St Ishmael,W05001198,4249,790,348,633,262,673,,113,census2021-ts067-ward.csv,1430.0
2021,Laugharne Township,W05001199,2207,502,203,335,116,350,,48,census2021-ts067-ward.csv,653.0
2021,Llanboidy,W05001200,1753,308,159,293,82,279,,40,census2021-ts067-ward.csv,592.0
2021,Llanddarog,W05001201,1760,320,133,209,113,245,,57,census2021-ts067-ward.csv,683.0
2021,Llandeilo,W05001202,2497,467,171,342,136,357,,56,census2021-ts067-ward.csv,968.0
2021,Llandovery,W05001203,2220,512,174,377,128,304,,81,census2021-ts067-ward.csv,644.0
2021,Llandybie,W05001204,3573,606,264,572,232,581,,101,census2021-ts067-ward.csv,1217.0
2021,Llanegwad,W05001205,2107,354,138,286,100,335,,48,census2021-ts067-ward.csv,846.0
2021,Llanfihangel Aberbythych,W05001206,1531,222,100,252,109,217,,37,census2021-ts067-ward.csv,594.0
2021,Llanfihangel-ar-Arth,W05001207,2336,448,199,368,159,398,,49,census2021-ts067-ward.csv,715.0
2021,Llangadog,W05001208,1662,348,128,244,76,237,,26,census2021-ts067-ward.csv,603.0
2021,Llangennech,W05001209,4382,759,398,718,262,718,,100,census2021-ts067-ward.csv,1427.0
2021,Llangunnor,W05001210,2176,448,143,337,123,302,,65,census2021-ts067-ward.csv,758.0
2021,Llangyndeyrn,W05001211,4382,861,331,649,272,690,,101,census2021-ts067-ward.csv,1478.0
2021,Llannon,W05001212,4407,967,396,628,303,668,,145,census2021-ts067-ward.csv,1300.0
2021,Llanybydder,W05001213,2363,518,209,379,161,367,,65,census2021-ts067-ward.csv,664.0
2021,Lliedi,W05001214,4309,854,343,726,309,693,,145,census2021-ts067-ward.csv,1239.0
2021,Llwynhendy,W05001215,3389,926,326,588,240,516,,106,census2021-ts067-ward.csv,687.0
2021,Manordeilo and Salem,W05001216,2265,385,166,346,122,351,,61,census2021-ts067-ward.csv,834.0
2021,Pembrey,W05001217,3554,650,293,529,250,579,,104,census2021-ts067-ward.csv,1149.0
2021,Penygroes,W05001218,2523,476,200,412,161,438,,62,census2021-ts067-ward.csv,774.0
2021,Pontyberem,W05001219,2340,515,218,330,135,424,,57,census2021-ts067-ward.csv,661.0
2021,Saron,W05001220,3576,802,273,517,224,555,,111,census2021-ts067-ward.csv,1094.0
2021,St Clears and Llansteffan,W05001221,4320,817,356,582,277,692,,108,census2021-ts067-ward.csv,1488.0
2021,Swiss Valley,W05001222,2128,389,174,293,164,355,,48,census2021-ts067-ward.csv,705.0
2021,Trelech,W05001223,2399,461,201,344,108,389,,64,census2021-ts067-ward.csv,832.0
2021,Trimsaran,W05001224,2020,486,187,313,154,304,,55,census2021-ts067-ward.csv,521.0
2021,Tycroes,W05001225,2245,367,198,350,163,408,,48,census2021-ts067-ward.csv,711.0
2021,Tyisha,W05001226,4124,1133,452,673,308,632,,134,census2021-ts067-ward.csv,792.0
2021,Whitland,W05001227,1985,406,175,296,117,328,,46,census2021-ts067-ward.csv,617.0
2021,Aberkenfig,W05001228,1988,403,188,284,101,340,,47,census2021-ts067-ward.csv,625.0
2021,Blackmill,W05001229,2026,656,184,297,92,312,,70,census2021-ts067-ward.csv,415.0
2021,Brackla East and Coychurch Lower,W05001230,3439,461,292,502,206,611,,107,census2021-ts067-ward.csv,1260.0
2021,Brackla East Central,W05001231,2061,283,188,317,101,400,,60,census2021-ts067-ward.csv,712.0
2021,Brackla West,W05001232,2069,430,220,329,86,352,,45,census2021-ts067-ward.csv,607.0
2021,Brackla West Central,W05001233,2852,518,302,425,167,509,,91,census2021-ts067-ward.csv,840.0
2021,Bridgend Central,W05001234,8360,1914,742,1257,471,1330,,286,census2021-ts067-ward.csv,2360.0
2021,"Bryntirion, Laleston and Merthyr Mawr",W05001235,7206,936,537,1086,292,1237,,171,census2021-ts067-ward.csv,2947.0
2021,Caerau (Bridgend),W05001236,5285,1867,496,851,301,744,,92,census2021-ts067-ward.csv,934.0
2021,Cefn-glas,W05001237,3427,684,343,560,236,607,,104,census2021-ts067-ward.csv,893.0
2021,Coity Higher,W05001238,9224,1308,706,1313,485,1595,,228,census2021-ts067-ward.csv,3589.0
2021,Cornelly,W05001239,5853,1359,566,980,325,970,,148,census2021-ts067-ward.csv,1505.0
2021,Garw Valley,W05001240,6184,1807,662,964,298,985,,170,census2021-ts067-ward.csv,1298.0
2021,Llangynwyd,W05001241,2481,529,181,369,138,417,,45,census2021-ts067-ward.csv,802.0
2021,Maesteg East,W05001242,3936,1129,385,635,248,554,,90,census2021-ts067-ward.csv,895.0
2021,Maesteg West,W05001243,4724,1291,468,662,237,745,,112,census2021-ts067-ward.csv,1209.0
2021,Nant-y-moel,W05001244,1925,534,215,339,124,283,,59,census2021-ts067-ward.csv,371.0
2021,Newton (Bridgend),W05001245,2072,356,150,271,143,271,,60,census2021-ts067-ward.csv,821.0
2021,Nottage,W05001246,2821,429,207,407,174,422,,70,census2021-ts067-ward.csv,1112.0
2021,Ogmore Vale,W05001247,2526,638,249,409,154,390,,53,census2021-ts067-ward.csv,633.0
2021,Oldcastle,W05001248,4257,742,325,547,213,720,,112,census2021-ts067-ward.csv,1598.0
2021,Pencoed and Penprysg,W05001249,8291,1712,718,1223,496,1429,,232,census2021-ts067-ward.csv,2481.0
2021,Pen-y-fai,W05001250,1919,247,129,224,97,348,,56,census2021-ts067-ward.csv,818.0
2021,Porthcawl East Central,W05001251,4912,1128,456,685,313,716,,152,census2021-ts067-ward.csv,1462.0
2021,Porthcawl West Central,W05001252,2176,399,178,278,109,334,,61,census2021-ts067-ward.csv,817.0
2021,"Pyle, Kenfig Hill and Cefn Cribwr",W05001253,7169,1933,700,1096,362,1238,,205,census2021-ts067-ward.csv,1635.0
2021,Rest Bay,W05001254,2079,287,142,234,117,282,,67,census2021-ts067-ward.csv,950.0
2021,St Bride's Minor and Ynysawdre,W05001255,8221,2012,695,1171,489,1339,,251,census2021-ts067-ward.csv,2264.0
2021,Abertillery and Six Bells,W05001256,5350,1441,645,773,328,875,,181,census2021-ts067-ward.csv,1107.0
2021,Beaufort,W05001257,4826,1108,462,715,302,818,,145,census2021-ts067-ward.csv,1276.0
2021,Blaina,W05001258,3758,1057,423,650,214,587,,97,census2021-ts067-ward.csv,730.0
2021,Brynmawr,W05001259,4331,1174,436,675,236,688,,114,census2021-ts067-ward.csv,1008.0
2021,Cwm,W05001260,3318,854,361,507,196,567,,92,census2021-ts067-ward.csv,741.0
2021,Cwmtillery,W05001261,3622,1118,420,523,206,536,,72,census2021-ts067-ward.csv,747.0
2021,Ebbw Vale North,W05001262,3825,1110,416,624,204,618,,112,census2021-ts067-ward.csv,741.0
2021,Ebbw Vale South,W05001263,3418,828,379,607,201,550,,104,census2021-ts067-ward.csv,749.0
2021,Georgetown,W05001264,3330,706,320,523,201,590,,98,census2021-ts067-ward.csv,892.0
2021,Llanhilleth,W05001265,3645,1199,440,581,188,516,,92,census2021-ts067-ward.csv,629.0
2021,Nantyglo,W05001266,3668,1154,423,551,152,529,,111,census2021-ts067-ward.csv,748.0
2021,Rassau and Garnlydan,W05001267,3195,920,318,549,227,438,,101,census2021-ts067-ward.csv,642.0
2021,Sirhowy,W05001268,4316,1212,422,632,281,668,,120,census2021-ts067-ward.csv,981.0
2021,Tredegar,W05001269,4533,1495,513,641,215,667,,105,census2021-ts067-ward.csv,897.0
2021,Adamsdown,W05001270,9919,1827,628,1038,376,2154,,391,census2021-ts067-ward.csv,3505.0
2021,Butetown,W05001271,10639,1320,438,820,309,1820,,283,census2021-ts067-ward.csv,5649.0
2021,Caerau (Cardiff),W05001272,8904,2723,1100,1333,498,1336,,268,census2021-ts067-ward.csv,1646.0
2021,Canton,W05001273,13041,2019,828,1275,472,1666,,284,census2021-ts067-ward.csv,6497.0
2021,Cathays,W05001274,20893,938,288,784,273,11419,,379,census2021-ts067-ward.csv,6812.0
2021,Cyncoed,W05001275,9136,818,422,918,266,1485,,220,census2021-ts067-ward.csv,5007.0
2021,Ely,W05001276,11226,3467,1228,1700,621,1570,,397,census2021-ts067-ward.csv,2243.0
2021,Fairwater (Cardiff),W05001277,10491,2370,984,1610,611,1577,,300,census2021-ts067-ward.csv,3039.0
2021,Gabalfa,W05001278,8386,676,318,437,141,3856,,131,census2021-ts067-ward.csv,2827.0
2021,Grangetown (Cardiff),W05001279,16796,3435,1136,1714,574,2531,,490,census2021-ts067-ward.csv,6916.0
2021,Heath (Cardiff),W05001280,10173,1153,657,1147,465,1430,,243,census2021-ts067-ward.csv,5078.0
2021,Lisvane and Thornhill,W05001281,8720,740,566,1141,305,1294,,153,census2021-ts067-ward.csv,4521.0
2021,Llandaff,W05001282,7376,698,421,762,268,1246,,174,census2021-ts067-ward.csv,3807.0
2021,Llandaff North,W05001283,6652,1481,620,861,347,911,,164,census2021-ts067-ward.csv,2268.0
2021,Llanishen,W05001284,8437,1378,674,1142,390,1168,,237,census2021-ts067-ward.csv,3448.0
2021,Llanrumney,W05001285,8864,2457,964,1394,527,1341,,242,census2021-ts067-ward.csv,1939.0
2021,Pentwyn,W05001286,12286,2783,1302,1775,642,1910,,437,census2021-ts067-ward.csv,3437.0
2021,Pentyrch and St Fagans,W05001287,7485,772,455,910,274,1072,,143,census2021-ts067-ward.csv,3859.0
2021,Penylan,W05001288,10618,1197,544,1091,340,1691,,257,census2021-ts067-ward.csv,5498.0
2021,Plasnewydd,W05001289,16460,1930,692,1140,328,4182,,417,census2021-ts067-ward.csv,7771.0
2021,Pontprennau and Old St Mellons,W05001290,9301,1116,631,1143,355,1482,,161,census2021-ts067-ward.csv,4413.0
2021,Radyr,W05001291,5627,426,277,629,151,743,,106,census2021-ts067-ward.csv,3295.0
2021,Rhiwbina,W05001292,9492,1039,628,1315,475,1189,,234,census2021-ts067-ward.csv,4612.0
2021,Riverside (Cardiff),W05001293,11340,2049,659,1052,328,1339,,328,census2021-ts067-ward.csv,5585.0
2021,Rumney,W05001294,7053,1754,686,1052,436,1099,,229,census2021-ts067-ward.csv,1797.0
2021,Splott,W05001295,11106,2866,994,1312,489,1492,,341,census2021-ts067-ward.csv,3612.0
2021,Trowbridge,W05001296,12938,3186,1457,1875,667,1930,,363,census2021-ts067-ward.csv,3460.0
2021,Whitchurch and Tongwynlais,W05001297,12948,1782,860,1530,590,1923,,277,census2021-ts067-ward.csv,5986.0
2021,Aberaeron and Aberarth,W05001298,1547,261,92,251,83,218,,43,census2021-ts067-ward.csv,599.0
2021,Aberporth and Y Ferwig,W05001299,2830,455,221,455,177,507,,64,census2021-ts067-ward.csv,951.0
2021,Aberystwyth Morfa a Glais,W05001300,5154,349,169,443,124,2027,,85,census2021-ts067-ward.csv,1957.0
2021,Aberystwyth Penparcau,W05001301,2309,404,255,365,154,403,,40,census2021-ts067-ward.csv,688.0
2021,Aberystwyth Rheidol,W05001302,1997,225,120,180,75,496,,58,census2021-ts067-ward.csv,843.0
2021,Beulah and Llangoedmor,W05001303,2474,399,249,358,149,408,,63,census2021-ts067-ward.csv,848.0
2021,Borth,W05001304,1667,244,120,205,93,242,,37,census2021-ts067-ward.csv,726.0
2021,Ceulan a Maesmawr,W05001305,1572,192,121,200,86,256,,26,census2021-ts067-ward.csv,691.0
2021,Ciliau Aeron,W05001306,1654,286,149,254,93,273,,32,census2021-ts067-ward.csv,567.0
2021,Faenor,W05001307,3194,169,101,254,79,1715,,75,census2021-ts067-ward.csv,801.0
2021,Lampeter,W05001308,2051,424,139,273,97,404,,52,census2021-ts067-ward.csv,662.0
2021,Llannarth,W05001309,1286,265,105,160,85,213,,36,census2021-ts067-ward.csv,422.0
2021,Llanbadarn Fawr,W05001310,2169,168,100,221,81,654,,36,census2021-ts067-ward.csv,909.0
2021,Llandyfriog,W05001311,1522,257,129,240,102,243,,44,census2021-ts067-ward.csv,507.0
2021,Llandysilio and Llangrannog,W05001312,1507,240,117,211,101,260,,27,census2021-ts067-ward.csv,551.0
2021,Llandysul North and Troedyraur,W05001313,1823,356,166,284,126,294,,38,census2021-ts067-ward.csv,559.0
2021,Llandysul South,W05001314,1554,280,107,279,80,249,,39,census2021-ts067-ward.csv,520.0
2021,Llanfarian,W05001315,1260,143,86,173,79,229,,22,census2021-ts067-ward.csv,528.0
2021,Llanfihangel Ystrad,W05001316,1737,282,121,283,129,316,,55,census2021-ts067-ward.csv,551.0
2021,Llangeitho,W05001317,1176,179,108,183,74,195,,34,census2021-ts067-ward.csv,403.0
2021,Llangybi,W05001318,1194,158,83,172,77,174,,25,census2021-ts067-ward.csv,505.0
2021,Llanrhystyd,W05001319,1297,194,105,192,70,212,,42,census2021-ts067-ward.csv,482.0
2021,Llansanffraid (Ceredigion),W05001320,1607,290,130,226,106,277,,45,census2021-ts067-ward.csv,533.0
2021,Llanwenog,W05001321,1475,264,106,245,88,240,,26,census2021-ts067-ward.csv,506.0
2021,Lledrod,W05001322,1272,197,117,179,73,204,,40,census2021-ts067-ward.csv,462.0
2021,Melindwr,W05001323,1663,223,143,228,84,281,,44,census2021-ts067-ward.csv,660.0
2021,Mwldan,W05001324,1571,315,125,284,97,246,,42,census2021-ts067-ward.csv,462.0
2021,New Quay and Llanllwchaearn,W05001325,1551,293,146,192,87,251,,51,census2021-ts067-ward.csv,531.0
2021,Penbryn,W05001326,1134,169,103,166,74,191,,22,census2021-ts067-ward.csv,409.0
2021,Teifi,W05001327,1918,421,184,320,117,320,,52,census2021-ts067-ward.csv,504.0
2021,Tirymynach,W05001328,1467,194,121,221,87,221,,47,census2021-ts067-ward.csv,576.0
2021,Trefeurig,W05001329,1466,168,99,232,90,265,,20,census2021-ts067-ward.csv,592.0
2021,Tregaron and Ystrad Fflur,W05001330,1589,296,144,242,92,260,,35,census2021-ts067-ward.csv,520.0
2021,Ystwyth,W05001331,1698,275,129,243,87,291,,44,census2021-ts067-ward.csv,629.0
2021,Alyn Valley,W05001332,1447,200,104,195,77,245,,26,census2021-ts067-ward.csv,600.0
2021,Bodelwyddan,W05001333,1734,307,166,257,93,267,,59,census2021-ts067-ward.csv,585.0
2021,Denbigh Caledfryn Henllan,W05001334,4032,865,392,583,243,687,,99,census2021-ts067-ward.csv,1163.0
2021,Denbigh Lower,W05001335,3704,518,301,522,218,695,,71,census2021-ts067-ward.csv,1379.0
2021,Dyserth,W05001336,1945,315,157,294,117,354,,63,census2021-ts067-ward.csv,645.0
2021,Edeirnion,W05001337,2874,613,254,443,165,475,,86,census2021-ts067-ward.csv,838.0
2021,Efenechdyd,W05001338,1342,198,90,203,54,218,,37,census2021-ts067-ward.csv,542.0
2021,Llandyrnog,W05001339,1870,312,138,242,104,305,,32,census2021-ts067-ward.csv,737.0
2021,Llanfair Dyffryn Clwyd Gwyddelwern,W05001340,1902,280,137,275,83,340,,57,census2021-ts067-ward.csv,730.0
2021,Llangollen,W05001341,3477,571,301,491,212,500,,78,census2021-ts067-ward.csv,1324.0
2021,Llanrhaeadr-yng-Nghinmeirch,W05001342,1522,241,115,210,69,239,,44,census2021-ts067-ward.csv,604.0
2021,Moel Famau,W05001343,1909,226,144,240,119,309,,31,census2021-ts067-ward.csv,840.0
2021,Prestatyn Central,W05001344,2895,547,246,480,182,478,,63,census2021-ts067-ward.csv,899.0
2021,Prestatyn East,W05001345,3316,598,288,472,216,569,,106,census2021-ts067-ward.csv,1067.0
2021,Prestatyn Meliden,W05001346,1615,304,172,254,111,270,,43,census2021-ts067-ward.csv,461.0
2021,Prestatyn North,W05001347,4923,1188,449,778,385,844,,122,census2021-ts067-ward.csv,1157.0
2021,Prestatyn South West,W05001348,3143,642,308,545,245,554,,109,census2021-ts067-ward.csv,740.0
2021,Rhuddlan,W05001349,3219,587,278,516,223,506,,84,census2021-ts067-ward.csv,1025.0
2021,Rhyl East,W05001350,3981,1073,377,570,299,578,,166,census2021-ts067-ward.csv,918.0
2021,Rhyl South,W05001351,2928,659,276,496,232,436,,85,census2021-ts067-ward.csv,744.0
2021,Rhyl South West,W05001352,4092,1127,514,660,212,644,,129,census2021-ts067-ward.csv,806.0
2021,Rhyl Trellewelyn,W05001353,3201,675,349,541,185,599,,106,census2021-ts067-ward.csv,746.0
2021,Rhyl Ty Newydd,W05001354,3461,566,343,592,249,655,,81,census2021-ts067-ward.csv,975.0
2021,Rhyl West,W05001355,3761,1230,428,582,215,498,,143,census2021-ts067-ward.csv,665.0
2021,Ruthin,W05001356,4696,707,362,783,310,715,,116,census2021-ts067-ward.csv,1703.0
2021,St Asaph East,W05001357,1554,267,96,200,87,259,,36,census2021-ts067-ward.csv,609.0
2021,St Asaph West,W05001358,1382,328,153,181,93,208,,52,census2021-ts067-ward.csv,367.0
2021,Trefnant,W05001359,1596,347,135,211,88,230,,37,census2021-ts067-ward.csv,548.0
2021,Tremeirchion,W05001360,1394,178,100,173,79,232,,36,census2021-ts067-ward.csv,596.0
2021,Abersychan,W05001361,5337,1315,552,862,328,940,,141,census2021-ts067-ward.csv,1199.0
2021,Blaenavon,W05001362,4818,1169,501,751,289,865,,125,census2021-ts067-ward.csv,1118.0
2021,Coed Eva,W05001363,1973,409,194,308,108,307,,59,census2021-ts067-ward.csv,588.0
2021,Croesyceiliog,W05001364,4303,819,412,620,285,752,,120,census2021-ts067-ward.csv,1295.0
2021,Fairwater (Torfaen),W05001365,4085,891,467,604,249,689,,118,census2021-ts067-ward.csv,1067.0
2021,Greenmeadow,W05001366,2219,492,287,350,107,392,,67,census2021-ts067-ward.csv,524.0
2021,Llanfrechfa and Ponthir,W05001367,1746,208,130,228,88,276,,44,census2021-ts067-ward.csv,772.0
2021,Llantarnam,W05001368,5333,1118,493,738,277,872,,195,census2021-ts067-ward.csv,1640.0
2021,Llanyrafon,W05001369,2059,376,213,322,124,349,,60,census2021-ts067-ward.csv,615.0
2021,New Inn,W05001370,5015,841,485,743,323,795,,170,census2021-ts067-ward.csv,1658.0
2021,Panteg,W05001371,6196,1130,569,1003,372,1129,,150,census2021-ts067-ward.csv,1843.0
2021,Pontnewydd,W05001372,5816,1341,597,919,300,984,,168,census2021-ts067-ward.csv,1507.0
2021,Pontnewynydd and Snatchwood,W05001373,3113,670,305,522,184,566,,83,census2021-ts067-ward.csv,783.0
2021,Pontypool Fawr,W05001374,6118,1653,614,825,333,977,,183,census2021-ts067-ward.csv,1533.0
2021,St. Dials,W05001375,3486,803,429,554,206,576,,96,census2021-ts067-ward.csv,822.0
2021,Trevethin and Penygarn,W05001376,4047,1163,416,668,208,609,,86,census2021-ts067-ward.csv,897.0
2021,Two Locks,W05001377,4901,1003,477,700,300,910,,140,census2021-ts067-ward.csv,1371.0
2021,Upper Cwmbran,W05001378,4555,1229,556,743,233,749,,146,census2021-ts067-ward.csv,899.0
2021,Baruc,W05001379,7034,883,551,1020,354,1294,,137,census2021-ts067-ward.csv,2795.0
2021,Buttrills,W05001380,5026,1049,519,755,308,942,,168,census2021-ts067-ward.csv,1285.0
2021,Cadoc,W05001381,7893,1671,844,1236,438,1483,,177,census2021-ts067-ward.csv,2044.0
2021,Castleland,W05001382,3917,815,442,672,220,695,,100,census2021-ts067-ward.csv,973.0
2021,Cornerswell,W05001383,4279,669,312,608,227,731,,104,census2021-ts067-ward.csv,1628.0
2021,Court (Vale of Glamorgan),W05001384,3718,824,426,622,212,696,,111,census2021-ts067-ward.csv,827.0
2021,Cowbridge,W05001385,5442,593,307,659,215,689,,148,census2021-ts067-ward.csv,2831.0
2021,Dinas Powys,W05001386,6790,954,491,932,392,1009,,164,census2021-ts067-ward.csv,2848.0
2021,Dyfan,W05001387,4537,907,417,723,303,787,,147,census2021-ts067-ward.csv,1253.0
2021,Gibbonsdown,W05001388,4233,1072,422,739,257,662,,116,census2021-ts067-ward.csv,965.0
2021,Illtyd,W05001389,6541,1099,605,952,392,1244,,178,census2021-ts067-ward.csv,2071.0
2021,Llandough,W05001390,1713,268,132,216,95,230,,44,census2021-ts067-ward.csv,728.0
2021,Llandow,W05001391,1702,179,111,216,50,204,,33,census2021-ts067-ward.csv,909.0
2021,Llantwit Major,W05001392,8211,1119,705,1218,431,1518,,224,census2021-ts067-ward.csv,2996.0
2021,Peterston-super-Ely,W05001393,1580,155,86,189,62,182,,29,census2021-ts067-ward.csv,877.0
2021,Plymouth (Vale of Glamorgan),W05001394,4644,481,277,564,179,533,,172,census2021-ts067-ward.csv,2438.0
2021,Rhoose,W05001395,5601,869,483,843,333,1078,,174,census2021-ts067-ward.csv,1821.0
2021,St Athan,W05001396,3318,485,402,613,184,677,,79,census2021-ts067-ward.csv,878.0
2021,St Bride's Major,W05001397,3875,369,209,505,175,570,,120,census2021-ts067-ward.csv,1927.0
2021,St Nicholas and Llancarfan,W05001398,1836,177,100,250,80,298,,23,census2021-ts067-ward.csv,908.0
2021,St Augustine's,W05001399,5826,681,386,652,259,804,,108,census2021-ts067-ward.csv,2936.0
2021,Stanwell,W05001400,3510,507,260,461,171,536,,76,census2021-ts067-ward.csv,1499.0
2021,Sully,W05001401,3916,535,261,525,209,606,,120,census2021-ts067-ward.csv,1660.0
2021,Wenvoe,W05001402,2319,379,156,291,124,367,,37,census2021-ts067-ward.csv,965.0
2021,Betws-yn-Rhos,W05001403,1667,276,137,212,108,291,,37,census2021-ts067-ward.csv,606.0
2021,Betws-y-Coed and Trefriw,W05001404,1679,240,130,254,92,285,,31,census2021-ts067-ward.csv,647.0
2021,Bryn (Conwy),W05001405,1451,272,106,185,82,250,,37,census2021-ts067-ward.csv,519.0
2021,Caerhun,W05001406,2045,331,157,289,120,331,,53,census2021-ts067-ward.csv,764.0
2021,Colwyn,W05001407,3683,623,328,561,217,636,,99,census2021-ts067-ward.csv,1219.0
2021,Conwy,W05001408,3584,591,330,487,197,638,,106,census2021-ts067-ward.csv,1235.0
2021,Craig-y-don,W05001409,2951,516,253,393,170,441,,131,census2021-ts067-ward.csv,1047.0
2021,Deganwy,W05001410,3316,477,267,473,221,482,,117,census2021-ts067-ward.csv,1279.0
2021,Eglwys-bach a Llangernyw,W05001411,1658,290,119,226,94,266,,44,census2021-ts067-ward.csv,619.0
2021,Eirias,W05001412,2985,442,243,471,210,541,,69,census2021-ts067-ward.csv,1009.0
2021,Gele and Llanddulas,W05001413,5581,1072,469,766,381,865,,192,census2021-ts067-ward.csv,1836.0
2021,Glyn (Conwy),W05001414,3576,644,377,586,210,642,,106,census2021-ts067-ward.csv,1011.0
2021,Glyn y Marl,W05001415,6238,1011,553,942,408,1052,,169,census2021-ts067-ward.csv,2103.0
2021,Gogarth Mostyn,W05001416,6138,1379,518,881,359,945,,223,census2021-ts067-ward.csv,1833.0
2021,Kinmel Bay,W05001417,4892,1297,500,733,326,800,,150,census2021-ts067-ward.csv,1086.0
2021,Llandrillo-yn-Rhos,W05001418,6761,1181,499,925,438,1027,,214,census2021-ts067-ward.csv,2477.0
2021,Llanrwst a Llanddoged,W05001419,3102,644,251,446,202,544,,95,census2021-ts067-ward.csv,920.0
2021,Llansanffraid (Conwy),W05001420,1826,229,132,255,115,310,,45,census2021-ts067-ward.csv,740.0
2021,Llansannan,W05001421,1528,258,117,229,87,278,,28,census2021-ts067-ward.csv,531.0
2021,Llysfaen,W05001422,2079,399,209,332,139,415,,37,census2021-ts067-ward.csv,548.0
2021,Mochdre,W05001423,1569,321,153,258,99,268,,40,census2021-ts067-ward.csv,430.0
2021,Pandy,W05001424,1499,230,111,181,106,229,,46,census2021-ts067-ward.csv,596.0
2021,Penmaenmawr,W05001425,3619,629,299,521,239,639,,98,census2021-ts067-ward.csv,1194.0
2021,Penrhyn,W05001426,3947,555,286,587,273,650,,120,census2021-ts067-ward.csv,1476.0
2021,Pen-sarn Pentre Mawr,W05001427,5378,1303,539,740,415,796,,170,census2021-ts067-ward.csv,1415.0
2021,Rhiw,W05001428,5101,878,380,640,260,898,,137,census2021-ts067-ward.csv,1908.0
2021,Towyn,W05001429,1957,591,203,285,157,289,,78,census2021-ts067-ward.csv,354.0
2021,Tudno,W05001430,3856,854,430,655,245,655,,115,census2021-ts067-ward.csv,902.0
2021,Uwch Aled,W05001431,1455,292,116,207,72,262,,46,census2021-ts067-ward.csv,460.0
2021,Uwch Conwy,W05001432,1230,169,106,169,64,226,,28,census2021-ts067-ward.csv,468.0
2021,Amroth and Saundersfoot North,W05001433,1753,300,118,254,108,288,,46,census2021-ts067-ward.csv,639.0
2021,Boncath and Clydau,W05001434,1675,321,140,246,99,283,,50,census2021-ts067-ward.csv,536.0
2021,Burton (Pembrokeshire),W05001435,1575,217,119,210,92,250,,30,census2021-ts067-ward.csv,657.0
2021,Bro Gwaun,W05001436,1585,324,155,241,92,260,,42,census2021-ts067-ward.csv,471.0
2021,Camrose,W05001437,1599,264,128,195,103,260,,52,census2021-ts067-ward.csv,597.0
2021,Carew and Jeffreyston,W05001438,1694,269,144,249,119,272,,40,census2021-ts067-ward.csv,601.0
2021,Cilgerran and Eglwyswrw,W05001439,1952,299,145,308,139,332,,33,census2021-ts067-ward.csv,696.0
2021,Crymych and Mynachlog-ddu,W05001440,1967,355,169,280,110,346,,60,census2021-ts067-ward.csv,647.0
2021,East Williamston,W05001441,1587,332,137,231,100,242,,37,census2021-ts067-ward.csv,508.0
2021,Fishguard: North East,W05001442,1548,269,128,244,100,220,,46,census2021-ts067-ward.csv,541.0
2021,Fishguard: North West,W05001443,1334,291,111,245,92,214,,32,census2021-ts067-ward.csv,349.0
2021,Goodwick,W05001444,1679,329,154,250,96,316,,32,census2021-ts067-ward.csv,502.0
2021,Haverfordwest: Castle,W05001445,1919,382,205,306,98,358,,51,census2021-ts067-ward.csv,519.0
2021,Haverfordwest: Garth,W05001446,1891,397,235,324,90,361,,48,census2021-ts067-ward.csv,436.0
2021,Haverfordwest: Portfield,W05001447,1954,401,179,354,122,335,,51,census2021-ts067-ward.csv,512.0
2021,Haverfordwest: Prendergast,W05001448,1750,334,140,270,93,304,,57,census2021-ts067-ward.csv,552.0
2021,Haverfordwest: Priory,W05001449,2097,306,183,349,117,398,,54,census2021-ts067-ward.csv,690.0
2021,Hundleton,W05001450,1482,251,140,215,81,235,,29,census2021-ts067-ward.csv,531.0
2021,Johnston,W05001451,1765,353,153,298,133,304,,40,census2021-ts067-ward.csv,484.0
2021,Kilgetty and Begelly,W05001452,1971,397,183,301,140,314,,61,census2021-ts067-ward.csv,575.0
2021,Lampeter Velfrey,W05001453,1329,239,95,200,79,222,,31,census2021-ts067-ward.csv,463.0
2021,Lamphey,W05001454,1507,243,102,190,80,251,,39,census2021-ts067-ward.csv,602.0
2021,Letterston,W05001455,1966,329,184,325,124,336,,39,census2021-ts067-ward.csv,629.0
2021,Llangwm,W05001456,1911,249,151,273,133,335,,36,census2021-ts067-ward.csv,734.0
2021,Llanrhian,W05001457,1606,297,130,182,77,264,,33,census2021-ts067-ward.csv,623.0
2021,Maenclochog,W05001458,1776,291,136,260,101,311,,34,census2021-ts067-ward.csv,643.0
2021,Manorbier and Penally,W05001459,1797,337,164,279,104,243,,63,census2021-ts067-ward.csv,607.0
2021,Martletwy,W05001460,1647,276,130,222,89,280,,28,census2021-ts067-ward.csv,622.0
2021,Merlin's Bridge,W05001461,1778,375,189,331,102,310,,44,census2021-ts067-ward.csv,427.0
2021,Milford: Central,W05001462,1703,377,181,237,104,310,,50,census2021-ts067-ward.csv,444.0
2021,Milford: East,W05001463,2248,487,235,379,162,388,,66,census2021-ts067-ward.csv,531.0
2021,Milford: Hakin,W05001464,2182,451,245,332,185,356,,57,census2021-ts067-ward.csv,556.0
2021,Milford: Hubberston,W05001465,1984,409,248,341,152,352,,46,census2021-ts067-ward.csv,436.0
2021,Milford: North,W05001466,1983,402,186,339,150,333,,54,census2021-ts067-ward.csv,519.0
2021,Milford: West,W05001467,1773,435,187,313,126,281,,44,census2021-ts067-ward.csv,387.0
2021,Narberth: Urban,W05001468,2317,420,220,301,113,395,,56,census2021-ts067-ward.csv,812.0
2021,Narberth: Rural,W05001469,1096,177,96,144,82,185,,30,census2021-ts067-ward.csv,382.0
2021,Newport and Dinas,W05001470,1590,249,126,189,76,249,,43,census2021-ts067-ward.csv,658.0
2021,Neyland: East,W05001471,1823,371,179,295,152,307,,48,census2021-ts067-ward.csv,471.0
2021,Neyland: West,W05001472,1669,306,160,276,131,302,,38,census2021-ts067-ward.csv,456.0
2021,Pembroke Dock: Bufferland,W05001473,1361,300,146,228,73,258,,40,census2021-ts067-ward.csv,316.0
2021,Pembroke Dock: Bush,W05001474,1660,455,186,258,103,262,,61,census2021-ts067-ward.csv,335.0
2021,Pembroke Dock: Central,W05001475,1868,454,185,264,134,343,,55,census2021-ts067-ward.csv,433.0
2021,Pembroke Dock: Market,W05001476,1502,259,147,284,81,298,,28,census2021-ts067-ward.csv,405.0
2021,Pembroke Dock: Pennar,W05001477,1433,291,169,232,100,262,,29,census2021-ts067-ward.csv,350.0
2021,Pembroke: Monkton and St Mary South,W05001478,2938,693,309,433,185,471,,81,census2021-ts067-ward.csv,766.0
2021,Pembroke: St Mary North,W05001479,1899,390,185,300,121,383,,43,census2021-ts067-ward.csv,477.0
2021,Pembroke: St Michael,W05001480,1648,292,134,222,116,280,,52,census2021-ts067-ward.csv,552.0
2021,Rudbaxton and Spittal,W05001481,1440,185,114,205,84,282,,30,census2021-ts067-ward.csv,540.0
2021,Saundersfoot South,W05001482,1408,285,115,187,112,195,,34,census2021-ts067-ward.csv,480.0
2021,Solva,W05001483,1480,265,125,184,69,269,,25,census2021-ts067-ward.csv,543.0
2021,St David's (Pembrokeshire),W05001484,1537,234,105,207,88,249,,31,census2021-ts067-ward.csv,623.0
2021,St Dogmaels,W05001485,1753,254,121,241,83,293,,47,census2021-ts067-ward.csv,714.0
2021,St Florence and St Mary Out Liberty,W05001486,1421,277,121,225,73,233,,30,census2021-ts067-ward.csv,462.0
2021,St Ishmael's,W05001487,1928,346,168,288,103,337,,46,census2021-ts067-ward.csv,640.0
2021,Tenby: North,W05001488,1708,334,155,230,121,277,,55,census2021-ts067-ward.csv,536.0
2021,Tenby: South,W05001489,1807,406,176,265,105,292,,65,census2021-ts067-ward.csv,498.0
2021,The Havens,W05001490,1664,211,114,236,88,305,,26,census2021-ts067-ward.csv,684.0
2021,Wiston,W05001491,1633,243,141,268,88,265,,33,census2021-ts067-ward.csv,595.0
2021,Aethwy,W05001492,5476,752,337,698,281,912,,132,census2021-ts067-ward.csv,2364.0
2021,Bodowyr,W05001493,2901,467,216,418,195,536,,54,census2021-ts067-ward.csv,1015.0
2021,Bro Aberffraw,W05001494,3224,669,256,408,201,523,,101,census2021-ts067-ward.csv,1066.0
2021,Bro'r Llynnoedd,W05001495,4254,730,439,698,275,853,,99,census2021-ts067-ward.csv,1160.0
2021,Canolbarth Mon,W05001496,4369,780,378,698,298,748,,115,census2021-ts067-ward.csv,1352.0
2021,Cefni,W05001497,2529,418,169,379,162,381,,62,census2021-ts067-ward.csv,958.0
2021,Crigyll,W05001498,2820,545,226,381,176,505,,92,census2021-ts067-ward.csv,895.0
2021,Lligwy,W05001499,5043,881,428,686,364,800,,164,census2021-ts067-ward.csv,1720.0
2021,Parc a'r Mynydd,W05001500,2952,639,301,494,182,545,,59,census2021-ts067-ward.csv,732.0
2021,Seiriol,W05001501,4888,660,317,671,300,752,,90,census2021-ts067-ward.csv,2098.0
2021,Talybolion,W05001502,4270,783,361,629,265,783,,120,census2021-ts067-ward.csv,1329.0
2021,Tref Cybi,W05001503,3411,868,382,586,226,623,,83,census2021-ts067-ward.csv,643.0
2021,Twrcelyn,W05001504,6103,1035,551,963,487,1088,,167,census2021-ts067-ward.csv,1812.0
2021,Ynys Gybi,W05001505,4904,1043,468,745,340,880,,127,census2021-ts067-ward.csv,1301.0
2021,Aberdyfi,W05001506,927,138,72,141,38,159,,17,census2021-ts067-ward.csv,362.0
2021,Abererch,W05001507,1053,168,93,163,71,177,,33,census2021-ts067-ward.csv,348.0
2021,Abermaw,W05001508,1779,330,177,345,104,300,,58,census2021-ts067-ward.csv,465.0
2021,Abersoch gyda Llanengan,W05001509,996,165,70,168,56,165,,17,census2021-ts067-ward.csv,355.0
2021,Arllechwedd,W05001510,1648,216,113,195,96,248,,46,census2021-ts067-ward.csv,734.0
2021,Arthog a Llangelynnin,W05001511,1439,280,110,224,88,186,,51,census2021-ts067-ward.csv,500.0
2021,Bethel a'r Felinheli,W05001512,2996,395,174,405,166,445,,38,census2021-ts067-ward.csv,1373.0
2021,Bowydd a'r Rhiw,W05001513,1380,206,126,254,110,268,,29,census2021-ts067-ward.csv,387.0
2021,Brithdir and Llanfachreth/Ganllwyd/Llanelltyd,W05001514,1205,188,94,183,54,206,,34,census2021-ts067-ward.csv,446.0
2021,Bro Dysynni,W05001515,1050,182,85,168,58,167,,28,census2021-ts067-ward.csv,362.0
2021,Cadnant,W05001516,1291,330,111,202,76,214,,30,census2021-ts067-ward.csv,328.0
2021,Canol Bangor,W05001517,6291,449,211,421,136,3128,,111,census2021-ts067-ward.csv,1835.0
2021,Canol Bethesda,W05001518,1414,280,118,203,92,260,,36,census2021-ts067-ward.csv,425.0
2021,Canol Tref Caernarfon,W05001519,1580,284,117,292,100,221,,36,census2021-ts067-ward.csv,530.0
2021,Clynnog,W05001520,1087,156,67,189,78,152,,22,census2021-ts067-ward.csv,423.0
2021,Corris a Mawddwy,W05001521,1101,171,62,161,52,176,,31,census2021-ts067-ward.csv,448.0
2021,Criccieth,W05001522,1485,252,112,223,94,206,,42,census2021-ts067-ward.csv,556.0
2021,Cwm-y-glo,W05001523,1086,104,69,158,60,195,,15,census2021-ts067-ward.csv,485.0
2021,De Dolgellau,W05001524,1197,238,108,208,59,199,,23,census2021-ts067-ward.csv,362.0
2021,De Pwllheli,W05001525,1497,327,143,250,92,243,,32,census2021-ts067-ward.csv,410.0
2021,Deiniolen,W05001526,1523,228,136,249,91,234,,37,census2021-ts067-ward.csv,548.0
2021,Dewi,W05001527,1542,244,112,206,79,252,,43,census2021-ts067-ward.csv,606.0
2021,Diffwys a Maenofferen,W05001528,1338,270,138,247,91,201,,24,census2021-ts067-ward.csv,367.0
2021,Dolbenmaen,W05001529,986,154,80,129,56,144,,60,census2021-ts067-ward.csv,363.0
2021,Dwyrain Bangor,W05001530,3833,697,292,534,180,909,,122,census2021-ts067-ward.csv,1099.0
2021,Dwyrain Porthmadog,W05001531,1391,259,128,278,95,247,,57,census2021-ts067-ward.csv,327.0
2021,Dyffryn Ardudwy,W05001532,1265,256,108,179,111,207,,41,census2021-ts067-ward.csv,363.0
2021,Efailnewydd a Buan,W05001533,1086,186,73,164,71,200,,20,census2021-ts067-ward.csv,372.0
2021,Gerlan,W05001534,1326,177,90,166,74,236,,26,census2021-ts067-ward.csv,557.0
2021,Glaslyn,W05001535,1361,207,111,189,77,242,,41,census2021-ts067-ward.csv,494.0
2021,Glyder,W05001536,1377,171,88,169,68,287,,38,census2021-ts067-ward.csv,556.0
2021,Gogledd Dolgellau,W05001537,1025,147,79,181,54,157,,24,census2021-ts067-ward.csv,383.0
2021,Gogledd Pwllheli,W05001538,1762,398,180,275,128,287,,53,census2021-ts067-ward.csv,441.0
2021,Gorllewin Porthmadog,W05001539,1372,247,84,162,102,207,,44,census2021-ts067-ward.csv,526.0
2021,Gorllewin Tywyn,W05001540,1067,240,104,178,69,168,,25,census2021-ts067-ward.csv,283.0
2021,Harlech a Llanbedr,W05001541,2379,405,178,386,122,362,,57,census2021-ts067-ward.csv,869.0
2021,Hendre,W05001542,1463,300,144,237,96,237,,26,census2021-ts067-ward.csv,423.0
2021,Llanbedrog gyda Mynytho,W05001543,1176,211,100,164,67,190,,40,census2021-ts067-ward.csv,404.0
2021,Llanberis,W05001544,1678,238,124,263,100,253,,26,census2021-ts067-ward.csv,674.0
2021,Llandderfel,W05001545,1143,220,101,158,57,186,,39,census2021-ts067-ward.csv,382.0
2021,Llanllyfni,W05001546,1515,282,139,249,92,267,,29,census2021-ts067-ward.csv,457.0
2021,Llanrug,W05001547,1462,224,104,207,82,273,,38,census2021-ts067-ward.csv,534.0
2021,Llanuwchllyn,W05001548,844,119,58,116,53,154,,23,census2021-ts067-ward.csv,321.0
2021,Llanwnda,W05001549,1140,135,65,149,76,192,,31,census2021-ts067-ward.csv,492.0
2021,Llanystumdwy,W05001550,1622,216,130,276,105,259,,47,census2021-ts067-ward.csv,589.0
2021,Menai,W05001551,1693,219,108,206,97,202,,47,census2021-ts067-ward.csv,814.0
2021,Morfa Nefyn a Thudweiliog,W05001552,1729,330,115,247,120,294,,61,census2021-ts067-ward.csv,562.0
2021,Morfa Tywyn,W05001553,1634,340,154,311,123,262,,49,census2021-ts067-ward.csv,395.0
2021,Nefyn,W05001554,1068,208,90,166,81,145,,22,census2021-ts067-ward.csv,356.0
2021,Peblig,W05001555,2027,532,173,287,115,326,,50,census2021-ts067-ward.csv,544.0
2021,Pen draw Llyn,W05001556,1555,317,148,208,88,254,,24,census2021-ts067-ward.csv,516.0
2021,Penisa'r-waun,W05001557,1113,129,72,151,65,211,,6,census2021-ts067-ward.csv,479.0
2021,Penrhyndeudraeth,W05001558,1659,209,172,289,119,319,,32,census2021-ts067-ward.csv,519.0
2021,Pen-y-groes,W05001559,1456,309,105,212,105,238,,36,census2021-ts067-ward.csv,451.0
2021,Rachub,W05001560,984,140,87,133,72,156,,16,census2021-ts067-ward.csv,380.0
2021,Teigl,W05001561,1048,188,87,169,69,194,,18,census2021-ts067-ward.csv,323.0
2021,Trawsfynydd,W05001562,1210,228,121,190,86,195,,27,census2021-ts067-ward.csv,363.0
2021,Tre-garth a Mynydd Llandygai,W05001563,1747,195,106,244,93,278,,34,census2021-ts067-ward.csv,797.0
2021,Tryfan,W05001564,1211,191,111,196,79,220,,26,census2021-ts067-ward.csv,388.0
2021,Waunfawr,W05001565,1181,165,80,171,59,214,,24,census2021-ts067-ward.csv,468.0
2021,Y Bala,W05001566,1646,347,155,257,90,240,,58,census2021-ts067-ward.csv,499.0
2021,Y Bontnewydd,W05001567,1079,150,86,154,66,181,,30,census2021-ts067-ward.csv,412.0
2021,Y Faenol,W05001568,2065,228,116,235,114,337,,51,census2021-ts067-ward.csv,984.0
2021,Y Groeslon,W05001569,1401,182,78,197,96,239,,32,census2021-ts067-ward.csv,577.0
2021,Yr Eifl,W05001570,1293,239,86,213,101,206,,31,census2021-ts067-ward.csv,417.0
2021,Argoed and New Brighton,W05001571,4774,679,436,707,373,897,,159,census2021-ts067-ward.csv,1523.0
2021,Bagillt,W05001572,3307,840,377,497,247,603,,106,census2021-ts067-ward.csv,637.0
2021,Broughton North East,W05001573,1833,323,170,256,126,369,,43,census2021-ts067-ward.csv,546.0
2021,Broughton South,W05001574,3448,445,327,545,217,714,,75,census2021-ts067-ward.csv,1125.0
2021,Brynford and Halkyn,W05001575,3307,540,272,483,239,586,,99,census2021-ts067-ward.csv,1088.0
2021,Buckley: Bistre East,W05001576,3504,573,356,573,282,713,,70,census2021-ts067-ward.csv,937.0
2021,Buckley: Bistre West,W05001577,3418,728,394,625,243,539,,102,census2021-ts067-ward.csv,787.0
2021,Buckley: Mountain,W05001578,1966,288,213,308,149,392,,52,census2021-ts067-ward.csv,564.0
2021,Buckley: Pentrobin,W05001579,4359,590,398,666,330,862,,94,census2021-ts067-ward.csv,1419.0
2021,Caergwrle,W05001580,1327,283,126,242,87,197,,28,census2021-ts067-ward.csv,364.0
2021,Caerwys,W05001581,2133,303,166,324,134,351,,48,census2021-ts067-ward.csv,807.0
2021,Cilcain,W05001582,1554,184,118,202,87,250,,22,census2021-ts067-ward.csv,691.0
2021,Connah's Quay Central,W05001583,3768,973,482,588,309,557,,154,census2021-ts067-ward.csv,705.0
2021,Connah's Quay: Golftyn,W05001584,4243,793,478,761,247,824,,148,census2021-ts067-ward.csv,992.0
2021,Connah's Quay South,W05001585,3680,480,346,627,245,788,,102,census2021-ts067-ward.csv,1092.0
2021,Connah's Quay: Wepre,W05001586,1897,407,234,281,130,341,,79,census2021-ts067-ward.csv,425.0
2021,Flint: Castle,W05001587,2013,683,246,303,112,286,,71,census2021-ts067-ward.csv,312.0
2021,Flint: Coleshill and Trelawny,W05001588,6711,1477,723,1031,451,1199,,271,census2021-ts067-ward.csv,1559.0
2021,Flint: Oakenholt,W05001589,2446,428,254,389,141,502,,63,census2021-ts067-ward.csv,669.0
2021,Greenfield (Flintshire),W05001590,2200,509,255,389,127,352,,58,census2021-ts067-ward.csv,510.0
2021,Gwernaffield and Gwernymynydd,W05001591,3064,406,234,398,212,538,,71,census2021-ts067-ward.csv,1205.0
2021,Hawarden: Aston,W05001592,3499,538,318,552,287,609,,115,census2021-ts067-ward.csv,1080.0
2021,Hawarden: Ewloe,W05001593,4539,548,367,661,248,927,,117,census2021-ts067-ward.csv,1671.0
2021,Hawarden: Mancot,W05001594,3515,694,367,521,222,560,,111,census2021-ts067-ward.csv,1040.0
2021,Higher Kinnerton,W05001595,1430,139,112,189,80,262,,26,census2021-ts067-ward.csv,622.0
2021,Holywell Central,W05001596,1654,501,182,251,99,243,,68,census2021-ts067-ward.csv,310.0
2021,Holywell East,W05001597,1492,297,174,234,108,285,,40,census2021-ts067-ward.csv,354.0
2021,Holywell West,W05001598,1926,337,194,300,118,319,,47,census2021-ts067-ward.csv,611.0
2021,Hope,W05001599,2131,292,175,342,137,370,,42,census2021-ts067-ward.csv,773.0
2021,Leeswood,W05001600,1740,294,191,272,103,349,,49,census2021-ts067-ward.csv,482.0
2021,Llanasa and Trelawnyd,W05001601,4380,887,406,656,329,749,,114,census2021-ts067-ward.csv,1239.0
2021,Llanfynydd,W05001602,1576,180,120,226,92,294,,39,census2021-ts067-ward.csv,625.0
2021,Mold: Broncoed,W05001603,2264,421,223,327,115,376,,68,census2021-ts067-ward.csv,734.0
2021,Mold East,W05001604,1964,336,179,302,125,320,,63,census2021-ts067-ward.csv,639.0
2021,Mold South,W05001605,2344,213,156,287,113,394,,50,census2021-ts067-ward.csv,1131.0
2021,Mold West,W05001606,1753,447,207,272,103,279,,52,census2021-ts067-ward.csv,393.0
2021,Mostyn,W05001607,1554,396,184,252,87,250,,25,census2021-ts067-ward.csv,360.0
2021,Northop,W05001608,4074,472,355,537,246,775,,118,census2021-ts067-ward.csv,1571.0
2021,Pen-y-ffordd,W05001609,3768,408,299,565,227,745,,79,census2021-ts067-ward.csv,1445.0
2021,Queensferry and Sealand,W05001610,4239,1049,483,661,266,618,,160,census2021-ts067-ward.csv,1002.0
2021,Saltney Ferry,W05001611,4182,830,438,661,271,789,,122,census2021-ts067-ward.csv,1071.0
2021,Shotton East and Shotton Higher,W05001612,3503,1136,432,494,196,492,,134,census2021-ts067-ward.csv,619.0
2021,Shotton West,W05001613,1805,517,198,256,130,283,,72,census2021-ts067-ward.csv,349.0
2021,Treuddyn,W05001614,1394,227,111,189,92,271,,26,census2021-ts067-ward.csv,478.0
2021,Whitford,W05001615,1900,280,174,281,151,323,,37,census2021-ts067-ward.csv,654.0
2021,Bedlinog and Trelewis,W05001616,3012,768,314,454,166,503,,60,census2021-ts067-ward.csv,747.0
2021,Cyfarthfa,W05001617,5724,1345,450,824,329,913,,156,census2021-ts067-ward.csv,1707.0
2021,Dowlais and Pant,W05001618,5452,1696,514,777,315,841,,146,census2021-ts067-ward.csv,1163.0
2021,Gurnos,W05001619,4001,1466,431,553,207,469,,110,census2021-ts067-ward.csv,765.0
2021,Merthyr Vale,W05001620,3037,816,309,506,163,496,,83,census2021-ts067-ward.csv,664.0
2021,Park (Merthyr Tydfil),W05001621,3509,893,329,529,197,519,,82,census2021-ts067-ward.csv,960.0
2021,Penydarren,W05001622,4114,1226,420,616,222,587,,130,census2021-ts067-ward.csv,913.0
2021,Plymouth (Merthyr Tydfil),W05001623,4207,1156,401,595,251,662,,136,census2021-ts067-ward.csv,1006.0
2021,Town (Merthyr Tydfil),W05001624,6539,1543,636,896,393,1095,,189,census2021-ts067-ward.csv,1787.0
2021,Treharris,W05001625,5231,1247,506,759,305,933,,136,census2021-ts067-ward.csv,1345.0
2021,Vaynor,W05001626,2850,674,247,400,170,435,,70,census2021-ts067-ward.csv,854.0
2021,Allt-yr-yn,W05001627,7819,1246,580,989,329,1127,,201,census2021-ts067-ward.csv,3347.0
2021,Alway,W05001628,6688,1624,754,952,360,1103,,224,census2021-ts067-ward.csv,1671.0
2021,Beechwood,W05001629,6163,1377,579,943,395,1047,,180,census2021-ts067-ward.csv,1642.0
2021,Bettws,W05001630,6549,2029,750,1033,356,938,,209,census2021-ts067-ward.csv,1234.0
2021,Bishton and Langstone,W05001631,5660,983,474,777,288,870,,112,census2021-ts067-ward.csv,2156.0
2021,Caerleon,W05001632,6709,940,478,898,380,1062,,151,census2021-ts067-ward.csv,2800.0
2021,Gaer,W05001633,7211,1799,802,1125,404,1079,,214,census2021-ts067-ward.csv,1788.0
2021,Graig,W05001634,4254,447,351,579,201,672,,100,census2021-ts067-ward.csv,1904.0
2021,Lliswerry,W05001635,10593,2490,1124,1692,610,1734,,369,census2021-ts067-ward.csv,2574.0
2021,Llanwern,W05001636,2604,300,192,360,126,508,,62,census2021-ts067-ward.csv,1056.0
2021,Malpas (Newport),W05001637,6298,1401,619,1011,394,1013,,182,census2021-ts067-ward.csv,1678.0
2021,Pillgwenlly,W05001638,6091,2073,580,719,233,794,,239,census2021-ts067-ward.csv,1453.0
2021,Ringland,W05001639,6569,2195,753,976,334,894,,191,census2021-ts067-ward.csv,1226.0
2021,Rogerstone East,W05001640,2358,514,225,386,114,369,,64,census2021-ts067-ward.csv,686.0
2021,Rogerstone North,W05001641,2547,263,190,331,133,366,,77,census2021-ts067-ward.csv,1187.0
2021,Rogerstone West,W05001642,6094,628,405,823,225,1084,,99,census2021-ts067-ward.csv,2830.0
2021,Shaftesbury,W05001643,4242,1021,438,614,230,689,,141,census2021-ts067-ward.csv,1109.0
2021,St Julians,W05001644,7114,1424,669,1133,384,1240,,180,census2021-ts067-ward.csv,2084.0
2021,Stow Hill,W05001645,5477,1249,451,678,206,753,,193,census2021-ts067-ward.csv,1947.0
2021,Tredegar Park and Marshfield,W05001646,9237,1703,729,1295,433,1521,,281,census2021-ts067-ward.csv,3275.0
2021,Victoria (Newport),W05001647,7140,1984,597,872,365,1115,,312,census2021-ts067-ward.csv,1895.0
2021,Aber Valley,W05001648,5072,1387,539,853,289,892,,131,census2021-ts067-ward.csv,981.0
2021,Aberbargoed and Bargoed,W05001649,7885,2303,804,1292,435,1285,,209,census2021-ts067-ward.csv,1557.0
2021,Abercarn,W05001650,4424,960,469,683,233,829,,89,census2021-ts067-ward.csv,1161.0
2021,Argoed,W05001651,2188,556,235,343,129,338,,51,census2021-ts067-ward.csv,536.0
2021,Bedwas and Trethomas,W05001652,5309,1260,583,799,314,885,,143,census2021-ts067-ward.csv,1325.0
2021,Blackwood,W05001653,6775,1542,667,981,358,1203,,190,census2021-ts067-ward.csv,1834.0
2021,Cefn Fforest and Pengam,W05001654,6072,1722,621,984,309,958,,176,census2021-ts067-ward.csv,1302.0
2021,Crosskeys,W05001655,2688,601,293,426,174,446,,82,census2021-ts067-ward.csv,666.0
2021,Crumlin,W05001656,4732,1144,511,752,272,788,,132,census2021-ts067-ward.csv,1133.0
2021,Darran Valley,W05001657,2041,700,193,278,113,322,,51,census2021-ts067-ward.csv,384.0
2021,Gilfach,W05001658,1662,464,146,272,97,280,,46,census2021-ts067-ward.csv,357.0
2021,Hengoed (Caerphilly),W05001659,4381,1040,411,687,191,759,,117,census2021-ts067-ward.csv,1176.0
2021,Llanbradach,W05001660,3386,800,332,512,210,627,,95,census2021-ts067-ward.csv,810.0
2021,Machen and Rudry,W05001661,4057,748,375,553,208,621,,112,census2021-ts067-ward.csv,1440.0
2021,Maesycwmmer,W05001662,2024,393,184,282,111,364,,44,census2021-ts067-ward.csv,646.0
2021,Morgan Jones,W05001663,6070,1352,578,887,363,1122,,179,census2021-ts067-ward.csv,1589.0
2021,Moriah and Pontlottyn,W05001664,4484,1444,521,694,257,663,,123,census2021-ts067-ward.csv,782.0
2021,Nelson (Caerphilly),W05001665,3786,952,339,557,229,613,,99,census2021-ts067-ward.csv,997.0
2021,New Tredegar,W05001666,3740,1203,394,635,198,516,,103,census2021-ts067-ward.csv,691.0
2021,Newbridge (Caerphilly),W05001667,5121,1336,499,863,317,814,,150,census2021-ts067-ward.csv,1142.0
2021,Penmaen,W05001668,4561,918,434,700,242,813,,117,census2021-ts067-ward.csv,1337.0
2021,Penyrheol,W05001669,9785,2148,942,1515,485,1645,,230,census2021-ts067-ward.csv,2820.0
2021,Pontllanfraith,W05001670,6880,1646,698,1171,366,1120,,194,census2021-ts067-ward.csv,1685.0
2021,Risca East,W05001671,5033,1088,613,810,306,840,,158,census2021-ts067-ward.csv,1218.0
2021,Risca West,W05001672,4274,964,467,676,247,726,,137,census2021-ts067-ward.csv,1057.0
2021,St Cattwg,W05001673,6210,1618,591,932,339,1084,,179,census2021-ts067-ward.csv,1467.0
2021,St Martins (Caerphilly),W05001674,6974,1024,586,977,366,1236,,159,census2021-ts067-ward.csv,2626.0
2021,Twyn Carno,W05001675,2555,787,293,364,152,381,,77,census2021-ts067-ward.csv,501.0
2021,Van,W05001676,3708,1054,398,592,217,546,,109,census2021-ts067-ward.csv,792.0
2021,Ynysddu,W05001677,3236,730,342,524,158,608,,79,census2021-ts067-ward.csv,795.0
2021,Ystrad Mynach,W05001678,4376,743,373,652,207,822,,82,census2021-ts067-ward.csv,1497.0
2021,Aberavon,W05001679,4590,1355,451,686,286,716,,119,census2021-ts067-ward.csv,977.0
2021,Aberdulais,W05001680,1856,337,128,287,126,318,,54,census2021-ts067-ward.csv,606.0
2021,Allt-wen,W05001681,2224,345,180,318,138,364,,56,census2021-ts067-ward.csv,823.0
2021,Baglan,W05001682,5650,1013,477,772,373,997,,167,census2021-ts067-ward.csv,1851.0
2021,Blaengwrach and Glynneath West,W05001683,2519,728,260,373,157,366,,69,census2021-ts067-ward.csv,566.0
2021,Briton Ferry East,W05001684,2447,609,212,423,180,426,,67,census2021-ts067-ward.csv,530.0
2021,Briton Ferry West,W05001685,2289,678,273,346,140,302,,79,census2021-ts067-ward.csv,471.0
2021,Bryn and Cwmavon,W05001686,5419,1245,502,758,359,938,,164,census2021-ts067-ward.csv,1453.0
2021,Bryn-coch North,W05001687,1795,295,121,248,120,305,,33,census2021-ts067-ward.csv,673.0
2021,Bryn-coch South,W05001688,4525,867,372,611,271,764,,119,census2021-ts067-ward.csv,1521.0
2021,Cadoxton,W05001689,1404,234,104,217,101,237,,53,census2021-ts067-ward.csv,458.0
2021,Cimla and Pelenna,W05001690,4129,936,384,570,332,678,,130,census2021-ts067-ward.csv,1099.0
2021,Coedffranc Central,W05001691,4174,1039,392,638,304,668,,155,census2021-ts067-ward.csv,978.0
2021,Coedffranc North,W05001692,1901,396,188,294,139,357,,66,census2021-ts067-ward.csv,461.0
2021,Coedffranc West,W05001693,4515,355,163,366,149,2291,,50,census2021-ts067-ward.csv,1141.0
2021,"Crynant, Onllwyn and Seven Sisters",W05001694,4204,1035,381,665,286,681,,107,census2021-ts067-ward.csv,1049.0
2021,Cwmllynfell and Ystalyfera,W05001695,3259,769,351,498,231,542,,90,census2021-ts067-ward.csv,778.0
2021,Cymer and Glyncorrwg,W05001696,1811,623,180,244,128,241,,51,census2021-ts067-ward.csv,344.0
2021,Dyffryn,W05001697,2834,647,237,446,212,468,,82,census2021-ts067-ward.csv,742.0
2021,Glynneath Central and East,W05001698,1824,503,141,250,124,290,,52,census2021-ts067-ward.csv,464.0
2021,Godre'r Graig,W05001699,1606,291,146,254,99,298,,39,census2021-ts067-ward.csv,479.0
2021,Gwaun-Cae-Gurwen and Lower Brynamman,W05001700,3491,830,349,586,254,596,,88,census2021-ts067-ward.csv,788.0
2021,Gwynfi and Croeserw,W05001701,2072,771,239,309,118,235,,50,census2021-ts067-ward.csv,350.0
2021,Margam and Tai-bach,W05001702,6365,1526,621,959,371,1096,,169,census2021-ts067-ward.csv,1623.0
2021,Neath East,W05001703,4968,1403,529,796,310,733,,117,census2021-ts067-ward.csv,1080.0
2021,Neath North,W05001704,3204,900,300,476,219,417,,103,census2021-ts067-ward.csv,789.0
2021,Neath South,W05001705,3834,909,379,578,248,616,,84,census2021-ts067-ward.csv,1020.0
2021,Pontardawe,W05001706,4438,963,354,710,286,731,,106,census2021-ts067-ward.csv,1288.0
2021,Port Talbot,W05001707,4774,1059,473,749,287,831,,141,census2021-ts067-ward.csv,1234.0
2021,Resolven and Tonna,W05001708,4693,959,391,703,348,794,,145,census2021-ts067-ward.csv,1353.0
2021,Rhos (Neath Port Talbot),W05001709,2187,345,189,326,165,352,,53,census2021-ts067-ward.csv,757.0
2021,Sandfields East,W05001710,5420,1652,548,800,318,818,,143,census2021-ts067-ward.csv,1141.0
2021,Sandfields West,W05001711,5363,1830,519,871,287,740,,133,census2021-ts067-ward.csv,983.0
2021,Trebanos,W05001712,1411,276,130,236,91,236,,31,census2021-ts067-ward.csv,411.0
2021,Acrefair North,W05001713,1507,464,213,260,83,207,,42,census2021-ts067-ward.csv,238.0
2021,Acton and Maesydre,W05001714,4030,877,369,665,249,637,,110,census2021-ts067-ward.csv,1123.0
2021,Bangor Is-y-Coed,W05001715,1656,278,158,222,89,265,,37,census2021-ts067-ward.csv,607.0
2021,Borras Park,W05001716,1974,325,167,291,141,328,,52,census2021-ts067-ward.csv,670.0
2021,Bronington and Hanmer,W05001717,1501,280,120,215,93,251,,34,census2021-ts067-ward.csv,508.0
2021,Brymbo,W05001718,3313,556,303,536,159,589,,76,census2021-ts067-ward.csv,1094.0
2021,Bryn Cefn,W05001719,2167,419,232,339,128,402,,55,census2021-ts067-ward.csv,592.0
2021,Brynyffynnon,W05001720,3046,555,227,421,156,518,,127,census2021-ts067-ward.csv,1042.0
2021,Cartrefle,W05001721,1779,591,177,287,110,206,,81,census2021-ts067-ward.csv,327.0
2021,Cefn East,W05001722,1743,528,195,271,119,250,,44,census2021-ts067-ward.csv,336.0
2021,Cefn West,W05001723,2162,513,211,339,175,344,,52,census2021-ts067-ward.csv,528.0
2021,Chirk North,W05001724,1965,459,213,338,115,330,,52,census2021-ts067-ward.csv,458.0
2021,Chirk South,W05001725,1617,375,159,264,111,228,,37,census2021-ts067-ward.csv,443.0
2021,Coedpoeth,W05001726,3630,742,357,561,208,642,,98,census2021-ts067-ward.csv,1022.0
2021,Dyffryn Ceiriog,W05001727,1772,306,165,227,101,298,,48,census2021-ts067-ward.csv,627.0
2021,Erddig,W05001728,1710,369,93,242,95,222,,64,census2021-ts067-ward.csv,625.0
2021,Esclusham,W05001729,2239,481,230,375,151,369,,67,census2021-ts067-ward.csv,566.0
2021,Garden Village,W05001730,1694,253,128,288,116,278,,50,census2021-ts067-ward.csv,581.0
2021,Gresford East and West,W05001731,2453,377,178,355,168,385,,66,census2021-ts067-ward.csv,924.0
2021,Grosvenor,W05001732,2242,480,195,283,109,380,,87,census2021-ts067-ward.csv,708.0
2021,Gwenfro,W05001733,1911,470,218,328,103,315,,59,census2021-ts067-ward.csv,418.0
2021,Gwersyllt East,W05001734,1943,451,195,319,143,319,,49,census2021-ts067-ward.csv,467.0
2021,Gwersyllt North,W05001735,2196,510,219,320,132,407,,56,census2021-ts067-ward.csv,552.0
2021,Gwersyllt South,W05001736,1936,313,171,310,117,384,,29,census2021-ts067-ward.csv,612.0
2021,Gwersyllt West,W05001737,2513,590,246,384,134,439,,55,census2021-ts067-ward.csv,665.0
2021,Hermitage (Wrexham),W05001738,2043,484,221,291,114,288,,98,census2021-ts067-ward.csv,547.0
2021,Holt (Wrexham),W05001739,3968,806,362,733,278,570,,136,census2021-ts067-ward.csv,1083.0
2021,Little Acton,W05001740,1876,265,157,312,121,320,,53,census2021-ts067-ward.csv,648.0
2021,Llangollen Rural,W05001741,1691,233,136,286,137,311,,34,census2021-ts067-ward.csv,554.0
2021,Llay,W05001742,3866,818,373,668,252,636,,111,census2021-ts067-ward.csv,1008.0
2021,Marchwiel,W05001743,1850,309,159,264,99,306,,43,census2021-ts067-ward.csv,670.0
2021,Marford and Hoseley,W05001744,1839,163,138,228,112,282,,46,census2021-ts067-ward.csv,870.0
2021,Minera,W05001745,1953,286,152,284,119,331,,47,census2021-ts067-ward.csv,734.0
2021,New Broughton,W05001746,2000,352,161,329,131,345,,48,census2021-ts067-ward.csv,634.0
2021,Offa,W05001747,2458,507,245,329,161,357,,110,census2021-ts067-ward.csv,749.0
2021,Overton and Maelor South,W05001748,2224,363,199,328,105,363,,56,census2021-ts067-ward.csv,810.0
2021,Pant and Johnstown,W05001749,4427,1043,498,703,253,716,,125,census2021-ts067-ward.csv,1089.0
2021,Penycae,W05001750,1682,451,189,271,100,241,,53,census2021-ts067-ward.csv,377.0
2021,Penycae and Ruabon South,W05001751,2163,341,229,337,145,385,,56,census2021-ts067-ward.csv,670.0
2021,Ponciau,W05001752,2071,404,169,352,134,371,,40,census2021-ts067-ward.csv,601.0
2021,Queensway,W05001753,1758,624,250,282,80,221,,46,census2021-ts067-ward.csv,255.0
2021,Rhos (Wrexham),W05001754,1814,409,185,289,137,287,,53,census2021-ts067-ward.csv,454.0
2021,Rhosnesni,W05001755,2938,455,267,461,186,534,,60,census2021-ts067-ward.csv,975.0
2021,Rossett,W05001756,2740,345,204,371,145,408,,62,census2021-ts067-ward.csv,1205.0
2021,Ruabon,W05001757,2348,526,226,358,133,415,,56,census2021-ts067-ward.csv,634.0
2021,Smithfield,W05001758,2407,737,252,314,199,262,,129,census2021-ts067-ward.csv,514.0
2021,Stansty,W05001759,1804,394,171,272,140,273,,52,census2021-ts067-ward.csv,502.0
2021,Whitegate,W05001760,1886,475,197,269,136,292,,75,census2021-ts067-ward.csv,442.0
2021,Wynnstay,W05001761,1776,744,195,227,88,186,,58,census2021-ts067-ward.csv,278.0
2021,Bulwark and Thornwell,W05001762,4120,881,453,641,239,708,,106,census2021-ts067-ward.csv,1092.0
2021,Caerwent,W05001763,1760,233,129,244,86,292,,42,census2021-ts067-ward.csv,734.0
2021,Caldicot Castle,W05001764,1450,166,134,202,85,283,,35,census2021-ts067-ward.csv,545.0
2021,Caldicot Cross,W05001765,1337,250,142,191,93,229,,46,census2021-ts067-ward.csv,386.0
2021,Cantref,W05001766,1953,266,115,237,66,237,,45,census2021-ts067-ward.csv,987.0
2021,Chepstow Castle and Larkfield,W05001767,2704,442,235,367,140,446,,63,census2021-ts067-ward.csv,1011.0
2021,Croesonen,W05001768,1608,316,168,221,103,269,,45,census2021-ts067-ward.csv,486.0
2021,Crucorney,W05001769,1805,255,151,212,74,281,,44,census2021-ts067-ward.csv,788.0
2021,Devauden,W05001770,1203,115,77,172,35,182,,17,census2021-ts067-ward.csv,605.0
2021,Dewstow,W05001771,1787,414,247,299,106,312,,45,census2021-ts067-ward.csv,364.0
2021,Drybridge,W05001772,1938,276,171,308,99,304,,34,census2021-ts067-ward.csv,746.0
2021,Gobion Fawr,W05001773,1603,240,105,216,68,227,,40,census2021-ts067-ward.csv,707.0
2021,Goetre Fawr,W05001774,2006,315,147,267,118,293,,56,census2021-ts067-ward.csv,810.0
2021,Grofield,W05001775,1846,351,153,221,80,259,,52,census2021-ts067-ward.csv,730.0
2021,Lansdown (Monmouthshire),W05001776,1792,509,218,270,89,241,,56,census2021-ts067-ward.csv,409.0
2021,Llanbadoc and Usk,W05001777,3601,547,253,430,199,527,,104,census2021-ts067-ward.csv,1541.0
2021,Llanelly,W05001778,3479,528,246,461,200,512,,100,census2021-ts067-ward.csv,1432.0
2021,Llanfoist Fawr and Govilon,W05001779,3207,518,227,431,161,480,,93,census2021-ts067-ward.csv,1297.0
2021,Llangybi Fawr,W05001780,1582,188,110,179,81,216,,34,census2021-ts067-ward.csv,774.0
2021,Llantilio Crossenny,W05001781,1532,222,117,198,75,225,,28,census2021-ts067-ward.csv,667.0
2021,Magor East with Undy,W05001782,3427,366,263,495,171,638,,66,census2021-ts067-ward.csv,1428.0
2021,Magor West,W05001783,1525,216,126,225,60,226,,38,census2021-ts067-ward.csv,634.0
2021,Mardy,W05001784,1693,294,151,242,67,248,,32,census2021-ts067-ward.csv,659.0
2021,Mitchel Troy and Trellech United,W05001785,3123,358,191,352,124,482,,68,census2021-ts067-ward.csv,1548.0
2021,Mount Pleasant,W05001786,1463,128,85,189,58,248,,27,census2021-ts067-ward.csv,728.0
2021,Osbaston,W05001787,1916,159,104,215,54,253,,53,census2021-ts067-ward.csv,1078.0
2021,Overmonnow,W05001788,1750,291,190,255,78,310,,40,census2021-ts067-ward.csv,586.0
2021,Park (Monmouthshire),W05001789,1772,373,104,231,101,241,,37,census2021-ts067-ward.csv,685.0
2021,Pen Y Fal,W05001790,1642,230,112,180,70,214,,42,census2021-ts067-ward.csv,794.0
2021,Portskewett,W05001791,2100,291,193,307,161,386,,42,census2021-ts067-ward.csv,720.0
2021,Raglan,W05001792,2092,313,158,242,98,321,,71,census2021-ts067-ward.csv,889.0
2021,Rogiet,W05001793,1463,227,131,200,76,282,,36,census2021-ts067-ward.csv,511.0
2021,Severn (Monmouthshire),W05001794,1867,410,234,309,118,310,,40,census2021-ts067-ward.csv,446.0
2021,Shirenewton,W05001795,1836,178,122,210,95,279,,41,census2021-ts067-ward.csv,911.0
2021,St Arvans,W05001796,1521,193,94,169,62,227,,38,census2021-ts067-ward.csv,738.0
2021,St Kingsmark,W05001797,1637,181,116,194,75,245,,28,census2021-ts067-ward.csv,798.0
2021,Town (Monmouthshire),W05001798,1744,373,171,264,93,220,,57,census2021-ts067-ward.csv,566.0
2021,West End (Monmouthshire),W05001799,1570,320,168,262,96,275,,45,census2021-ts067-ward.csv,404.0
2021,Wyesham,W05001800,1782,380,152,280,107,243,,44,census2021-ts067-ward.csv,576.0
