Year,All marriages,Marriages of opposite-sex couples,Marriages of same-sex couples,year,All marriages of opposite-sex couples,Civil ceremonies All,Civil ceremonies Approved Premises,Religious ceremonies All,Religious ceremonies Church of England and Church in Wales,Religious ceremonies Roman Catholic and other Christian denominations,Religious ceremonies Roman Catholic,Religious ceremonies Other Christian denominations,Religious ceremonies Other,All marriages of same-sex couples,Male,Female,Religious ceremonies,Never married men who married Never married women,Never married men who married Widows,Never married men who married Divorced women,Never married men who married Women with previous legal partnership status not stated,Widowers who married Never married women,Widowers who married Widows,Widowers who married Divorced women,Widowers who married Women with previous legal partnership status not stated,Divorced men who married Never married women,Divorced men who married Widows,Divorced men who married Divorced women,Divorced men who married Women with previous legal partnership status not stated,Men with previous legal partnership status not stated who married Never married women,Men with previous legal partnership status not stated who married Widows,Men with previous legal partnership status not stated who married Divorced women,Men with previous legal partnership status not stated who married Women with previous legal partnership status not stated,Never married men who married Never married men,Never married men who married Widowers or Divorced men,Never married men who married Men with previous legal partnership status not stated,Widowers or Divorced men who married Widowers or Divorced men,Widowers or Divorced men who married Men with previous legal partnership status not stated,Men with previous legal partnership status not stated who married Men with previous legal partnership status not stated,Never married women who married Never married women,Never married women who married Widows or Divorced women,Never married women who married Women with previous legal partnership status not stated,Widows or Divorced women who married Widows or Divorced women,Widows or Divorced women who married Women with previous legal partnership status not stated,Women with previous legal partnership status not stated who married Women with previous legal partnership status not stated,Legal partnership status,Men Total,Men Under 16,Men 16,Men 17,Men 18,Men 19,Men Under 20,Men 20 to 24,Men 30 to 34,Men 35 to 39,Men 40 to 44,Men 45 to 49,Men 50 to 54,Men 55 to 59,Men 60 to 69,Men 70 to 79,Men 80 and over,Men Age not stated,Women Total,Women Under 16,Women 16,Women 17,Women 18,Women 19,Women Under 20,Women 20 to 24,Women 25 to 29,Women 30 to 34,Women 35 to 39,Women 40 to 44,Women 45 to 49,Women 50 to 54,Women 55 to 59,Women 60 to 69,Women 70 to 79,Women 80 and over,Women Age not stated,Men Ages 16 and over,Men 60 to 64,Men 65 and over,Women Ages 16 and over,Women 60 to 64,Women 65 and over,Men Ages 16 and over Reliability indicator,Men Under 20 Reliability indicator,Men 20 to 24 Reliability indicator,Men 25 to 29 Reliability indicator,Men 30 to 34 Reliability indicator,Men 35 to 39 Reliability indicator,Men 40 to 44 Reliability indicator,Men 45 to 49 Reliability indicator,Men 50 to 54 Reliability indicator,Men 55 to 59 Reliability indicator,Men 60 to 64 Reliability indicator,Men 65 and over Reliability indicator,Women Ages 16 and over 65 and over Reliability indicator,Women Under 20 Reliability indicator,Women 20 to 24 Reliability indicator,Women 25 to 29 Reliability indicator,Women 30 to 34 Reliability indicator,Women 35 to 39 Reliability indicator,Women 40 to 44 Reliability indicator,Women 45 to 49 Reliability indicator,Women 50 to 54 Reliability indicator,Women 55 to 59 Reliability indicator,Women 60 to 64 Reliability indicator,Women 65 and over Reliability indicator,All men,All never married men,All widowers,All divorced men,All women,All never married women,All widows,All divorced women,Never married women who married Never married men,Never married women who married Widowers,Never married women who married Divorced men,Widows who married Never married men,Widows who married Widowers,Widows who married Divorced men,Divorced women who married Never married men,Divorced women who married Widows,Divorced women who married Divorced men,Marriage Type,Day,Total,January,Five occurrences of the day January,February,Five occurrences of the day February,March,Five occurrences of the day March,April,Five occurrences of the day April,May,Five occurrences of the day May,June,Five occurrences of the day June,July,Five occurrences of the day July,August,Five occurrences of the day August,September,Five occurrences of the day September,October,Five occurrences of the day October,November,Five occurrences of the day November,December,Five occurrences of the day December,Date,2022,2021,2020.0,2019,2018,2017,2016.0,2015,2014,2013,2012.0,2011,2010,2009,2008.0,2007,2006,2005,2004.0,2003,2002,2001,2000.0,1999,"All marriages Persons marrying per 1,000 population of all ages","All marriages Number of men marrying per 1,000 unmarried men aged 16 and over Men","All marriages Number of women marrying per 1,000 unmarried women aged 16 and over Women","First marriages Number of men marrying per 1,000 never married population aged 16 and over Men","First marriages Number of women marrying per 1,000 never married population aged 16 and over Women","Remarriages Number of men marrying per 1,000 widowed or divorced population Men","Remarriages Number of women marrying per 1,000 widowed or divorced population Women","All marriages Men marrying per 1,000 unmarried men aged 16 and over Men","All marriages Women marrying per 1,000 unmarried women aged 16 and over Women",Age,Percentage of men cohabiting prior to marriage All marriages,Percentage of men cohabiting prior to marriage Civil marriages,Percentage of men cohabiting prior to marriage Religious marriages,Percentage of women cohabiting prior to marriage All marriages,Percentage of women cohabiting prior to marriage Civil marriages,Percentage of women cohabiting prior to marriage Religious marriages,Area code,Area name,Geography,Total 2021,Total 2022,Male 2021,Female 2021,Male 2022,Female 2022,All conversions,Number of male conversions,Males Ages 16 and over,Males Under 20,Males 20 to 24,Males 25 to 29,Males 30 to 34,Males 35 to 39,Males 40 to 44,Males 45 to 49,Males 50 to 54,Males 55 to 59,Males 60 to 64,Males 65 and over,Number of female conversions,Females Ages 16 and over,Females Under 20,Females 20 to 24,Females 25 to 29,Females 30 to 34,Females 35 to 39,Females 40 to 44,Females 45 to 49,Females 50 to 54,Females 55 to 59,Females 60 to 64,Females 65 and over,Year of birth,Exact age (years) 17,Exact age (years) 18,Exact age (years) 19,Exact age (years) 20,Exact age (years) 21,Exact age (years) 22,Exact age (years) 23,Exact age (years) 24,Exact age (years) 25,Exact age (years) 26,Exact age (years) 27,Exact age (years) 28,Exact age (years) 29,Exact age (years) 30,Exact age (years) 31,Exact age (years) 32,Exact age (years) 33,Exact age (years) 34,Exact age (years) 35,Exact age (years) 36,Exact age (years) 37,Exact age (years) 38,Exact age (years) 39,Exact age (years) 40,Exact age (years) 41,Exact age (years) 42,Exact age (years) 43,Exact age (years) 44,Exact age (years) 45,Exact age (years) 46,Exact age (years) 47,Exact age (years) 48,Exact age (years) 49,Exact age (years) 50,Exact age (years) 51,Exact age (years) 52,Exact age (years) 53,Exact age (years) 54,Exact age (years) 55,Exact age (years) 56,Exact age (years) 57,Exact age (years) 58,Exact age (years) 59,Exact age (years) 60,Exact age (years) 61,Exact age (years) 62,Exact age (years) 63,Exact age (years) 64,Exact age (years) 65,Exact age (years) 66,Exact age (years) 67,Exact age (years) 68,Exact age (years) 69,Exact age (years) 70,Exact age (years) 71,Exact age (years) 72,Exact age (years) 73,Exact age (years) 74,Exact age (years) 75,Exact age (years) 76,Exact age (years) 77,Exact age (years) 78,Exact age (years) 79,Exact age (years) 80,Year (selected years only prior to 19621),"Marital status1,2,3",Year1,Exact age (years),"birth cohort, 1940-1990, England and Wales",Proportions of men and women ever married by,"birth cohort, 1930-1980, England and Wales",Proportions of men and women who ever remarried by,Total Marriages,2016,1998,1997,1996.0,Conversions of civil partnerships,Other,Single men who married Single women,Single men who married Widows,Single men who married Divorced women,Single men who married Women with previous marital status not stated,Widowers who married Single women,Widowers who married Women with previous marital status not stated,Divorced men who married Single women,Divorced men who married Women with previous marital status not stated,Men with previous marital status not stated Single women,Men with previous marital status not stated Widows,Men with previous marital status not stated Divorced women,Men with previous marital status not stated Women with previous marital status not stated,Single men,Widowers,Divorced men,Men with previous marital status not stated,Single women,Widows,Divorced women,Women with previous marital status not stated,Marital status,Men Ages 16 and over Unreliable count Not true 0,Men Under 20 Unreliable count Not true 0,Men 20 to 24 Unreliable count Not true 0,Men 25 to 29 Unreliable count Not true 0,Men 30 to 3 Unreliable count Not true 0,Men 35 to 39 Unreliable count Not true 0,Men 40 to 44 Unreliable count Not true 0,Men 45 to 49 Unreliable count Not true 0,Men 50 to 54 Unreliable count Not true 0,Men 55 to 59 Unreliable count Not true 0,Men 60 to 64 Unreliable count Not true 0,Men 65 and over Unreliable count Not true 0,Women Ages 16 and over 65 and over Unreliable count Not true 0,Women Under 20 Unreliable count Not true 0,Women 20 to 24 Unreliable count Not true 0,Women 25 to 29 Unreliable count Not true 0,Women 30 to 34 Unreliable count Not true 0,Women 35 to 39 Unreliable count Not true 0,Women 40 to 44 Unreliable count Not true 0,Women 45 to 49 Unreliable count Not true 0,Women 50 to 54 Unreliable count Not true 0,Women 55 to 59 Unreliable count Not true 0,Women 60 to 64 Unreliable count Not true 0,Women 65 and over Unreliable count Not true 0,All single men,All single women,Single women who married Single men,Single women who married Widowers,Single women who married Divorced men,Widows who married Single men,Divorced women who married Single men,"All marriages Men marrying per 1,000 unmarried men aged 16 and over","All marriages Women marrying per 1,000 unmarried women aged 16 and over","First marriages Number marrying per 1,000 single population aged 16 and over Men","First marriages Number marrying per 1,000 single population aged 16 and over Women","Remarriages Number marrying per 1,000 widowed or divorced population Men","Remarriages Number marrying per 1,000 widowed or divorced population Women",Marriage of opposite-sex couples,England and Wales,Proportions,Marriage of same-sex couples,2023,Total 2023,Male 2023,Female 2023,All civil partnership conversions,Number of male civil partnership conversions,Number of female civil partnership conversions,Year (selected years only prior to 19622),Marriages of opposite sex couples,Marriages of same sex couples,Marriage of opposite sex couples,Marriage of same sex couples,Marital status1,Marriages to opposite sex couples,actual,predicted
167,0,0,0,2025.0,0,0,0,0,0,0,0,0,0,,,,,0,0,0,,0,0,0,,0,0,0,,,,,,,,,,,,,,,,,,2,585,4,81,146,218,278,41,306,7,645,627,532,447,169,98,346,132,0,616,31,170,234,305,382,136,526,70,83,666,556,463,331,101,501,53,103,0,103,94,85,104,85,67,,0,,,,,,,,,,,,1,,,,,,,,,,,0,0,0,0,0,0,0,0,0,0,0,0,0,0,0,0,0,0,0,,,0,,0,,0,,0,0,0,,0,,0,0,0,,0,,0,,0,,0,0,0,0,,0,0,0,,0,0,0,,0,0,0,,0,0,0,,0,0,0,,0,,,,0,0,0,0,,,0,0,0,,0,0,,0,0,0,0,0,0,0,0,0,,,,,,,,,,,,,,,,,,,,,,,,,,,,0,,,,,,,,,,,,,,,,,,,,,,,,,,,0,,,,,,,,,,,,,,,,,,,,,,,,,,,,,,,,,,,,,,0,0,0,0,0,0,,0,,0,0,0,,0,0,0,0,0,,0,,0,,,,,,,,,,,,,,1,,0,,,,,,,,,,,,0,,,,,,,,,,0,0,0,0,0,0,0,0,,,0,0,0,0,0,0,,0,0,,,,,,,0,0,0,0,0,0,0,762.0,768.565
14,0,0,0,2019.0,0,0,0,0,0,0,0,0,0,,,,,0,0,0,,0,0,0,,0,0,0,,,,,,,,,,,,,,,,,,1,58,0,49,98,108,94,133,443,11,526,380,197,144,647,602,134,20,283,95,17,63,36,175,365,63,499,176,641,451,322,138,635,380,241,214,0,310,103,94,85,104,85,67,,0,,,,,,,,,,,,1,,,,,,,,,,,0,0,0,0,0,0,0,0,0,0,0,0,0,0,0,0,0,0,0,,,0,,0,,0,,0,0,0,,0,,0,0,0,,0,,0,,0,,0,0,0,0,,0,0,0,,0,0,0,,0,0,0,,0,0,0,,0,0,0,,0,,,,0,0,0,0,,,0,0,0,,0,0,,0,0,0,0,0,0,0,0,0,,,,,,,,,,,,,,,,,,,,,,,,,,,,0,,,,,,,,,,,,,,,,,,,,,,,,,,,0,,,,,,,,,,,,,,,,,,,,,,,,,,,,,,,,,,,,,,0,0,0,0,0,0,,0,,0,0,0,,0,0,0,0,0,,0,,0,,,,,,,,,,,,,,4,,0,,,,,,,,,,,,0,,,,,,,,,,0,0,0,0,0,0,0,0,,,0,0,0,0,0,0,,0,0,,,,,,,0,0,0,0,0,0,0,26626.0,26598.88
24,0,0,0,2025.0,0,0,0,0,0,0,0,0,0,,,,,0,0,0,,0,0,0,,0,0,0,,,,,,,,,,,,,,,,,,2,83,1,33,139,183,195,247,491,33,451,151,593,391,108,588,460,0,222,187,23,102,115,243,47,164,585,225,650,363,108,608,402,19,429,263,0,263,103,94,85,104,85,67,,0,,,,,,,,,,,,1,,,,,,,,,,,0,0,0,0,0,0,0,0,0,0,0,0,0,0,0,0,0,0,0,,,0,,0,,0,,0,0,0,,0,,0,0,0,,0,,0,,0,,0,0,0,0,,0,0,0,,0,0,0,,0,0,0,,0,0,0,,0,0,0,,0,,,,0,0,0,0,,,0,0,0,,0,0,,0,0,0,0,0,0,0,0,0,,,,,,,,,,,,,,,,,,,,,,,,,,,,0,,,,,,,,,,,,,,,,,,,,,,,,,,,0,,,,,,,,,,,,,,,,,,,,,,,,,,,,,,,,,,,,,,0,0,0,0,0,0,,0,,0,0,0,,0,0,0,0,0,,0,,0,,,,,,,,,,,,,,1,,0,,,,,,,,,,,,0,,,,,,,,,,0,0,0,0,0,0,0,0,,,0,0,0,0,0,0,,0,0,,,,,,,0,0,0,0,0,0,0,34324.0,34323.995
169,0,0,0,2025.0,0,0,0,0,0,0,0,0,0,,,,,0,0,0,,0,0,0,,0,0,0,,,,,,,,,,,,,,,,,,1,680,4,81,146,218,278,328,1,5,4,6,5,5,5,603,482,234,385,684,31,170,234,305,382,434,3,6,214,6,6,4,4,3,574,384,143,390,2,1,0,2,1,68,,1,,,,,,,,,,,,1,,,,,,,,,,,0,0,0,0,0,0,0,0,0,0,0,0,0,0,0,0,0,0,0,,,0,,0,,0,,0,0,0,,0,,0,0,0,,0,,0,,0,,0,0,0,0,,0,0,0,,0,0,0,,0,0,0,,0,0,0,,0,0,0,,0,,,,0,0,0,0,,,0,0,0,,0,0,,0,0,0,0,0,0,0,0,0,,,,,,,,,,,,,,,,,,,,,,,,,,,,0,,,,,,,,,,,,,,,,,,,,,,,,,,,0,,,,,,,,,,,,,,,,,,,,,,,,,,,,,,,,,,,,,,0,0,0,0,0,0,,0,,0,0,0,,0,0,0,0,0,,0,,0,,,,,,,,,,,,,,1,,0,,,,,,,,,,,,0,,,,,,,,,,0,0,0,0,0,0,0,0,,,0,0,0,0,0,0,,0,0,,,,,,,0,0,0,0,0,0,0,0.6,0.5784999999999986
151,0,0,0,2019.0,0,0,0,0,0,0,0,0,0,,,,,0,0,0,,0,0,0,,0,0,0,,,,,,,,,,,,,,,,,,1,635,0,0,0,0,0,0,358,94,269,344,514,637,624,128,75,87,0,624,0,0,0,1,0,5,298,44,387,453,548,589,643,490,99,328,25,0,103,94,85,104,85,67,,0,,,,,,,,,,,,1,,,,,,,,,,,0,0,0,0,0,0,0,0,0,0,0,0,0,0,0,0,0,0,0,,,0,,0,,0,,0,0,0,,0,,0,0,0,,0,,0,,0,,0,0,0,0,,0,0,0,,0,0,0,,0,0,0,,0,0,0,,0,0,0,,0,,,,0,0,0,0,,,0,0,0,,0,0,,0,0,0,0,0,0,0,0,0,,,,,,,,,,,,,,,,,,,,,,,,,,,,0,,,,,,,,,,,,,,,,,,,,,,,,,,,0,,,,,,,,,,,,,,,,,,,,,,,,,,,,,,,,,,,,,,0,0,0,0,0,0,,0,,0,0,0,,0,0,0,0,0,,0,,0,,,,,,,,,,,,,,5,,0,,,,,,,,,,,,0,,,,,,,,,,0,0,0,0,0,0,0,0,,,0,0,0,0,0,0,,0,0,,,,,,,0,0,0,0,0,0,0,44.0,43.747
173,0,0,0,2023.0,0,0,0,0,0,0,0,0,0,,,,,0,0,0,,0,0,0,,0,0,0,,,,,,,,,,,,,,,,,,1,680,4,81,146,218,278,141,500,598,343,154,66,40,652,603,482,234,385,684,31,170,234,305,382,402,54,435,544,262,92,39,19,542,574,384,143,390,9,85,68,16,46,49,,0,,,,,,,,,,,,1,,,,,,,,,,,0,0,0,0,0,0,0,0,0,0,0,0,0,0,0,0,0,0,0,,,0,,0,,0,,0,0,0,,0,,0,0,0,,0,,0,,0,,0,0,0,0,,0,0,0,,0,0,0,,0,0,0,,0,0,0,,0,0,0,,0,,,,0,0,0,0,,,0,0,0,,0,0,,0,0,0,0,0,0,0,0,0,,,,,,,,,,,,,,,,,,,,,,,,,,,,0,,,,,,,,,,,,,,,,,,,,,,,,,,,0,,,,,,,,,,,,,,,,,,,,,,,,,,,,,,,,,,,,,,0,0,0,0,0,0,,0,,0,0,0,,0,0,0,0,0,,0,,0,,,,,,,,,,,,,,1,,0,,,,,,,,,,,,0,,,,,,,,,,0,0,0,0,0,0,0,0,,,0,0,0,0,0,0,,0,0,,,,,,,0,0,0,0,0,0,0,42061.0,36938.86000000001
159,0,0,0,2025.0,0,0,0,0,0,0,0,0,0,,,,,0,0,0,,0,0,0,,0,0,0,,,,,,,,,,,,,,,,,,1,680,4,81,146,218,278,6,7,576,482,366,288,241,140,603,482,234,385,684,31,170,234,305,382,124,298,432,569,466,306,306,227,11,574,384,143,390,29,26,22,19,65,3,,0,,,,,,,,,,,,1,,,,,,,,,,,0,0,0,0,0,0,0,0,0,0,0,0,0,0,0,0,0,0,0,,,0,,0,,0,,0,0,0,,0,,0,0,0,,0,,0,,0,,0,0,0,0,,0,0,0,,0,0,0,,0,0,0,,0,0,0,,0,0,0,,0,,,,0,0,0,0,,,0,0,0,,0,0,,0,0,0,0,0,0,0,0,0,,,,,,,,,,,,,,,,,,,,,,,,,,,,0,,,,,,,,,,,,,,,,,,,,,,,,,,,0,,,,,,,,,,,,,,,,,,,,,,,,,,,,,,,,,,,,,,0,0,0,0,0,0,,0,,0,0,0,,0,0,0,0,0,,0,,0,,,,,,,,,,,,,,1,,0,,,,,,,,,,,,0,,,,,,,,,,0,0,0,0,0,0,0,0,,,0,0,0,0,0,0,,0,0,,,,,,,0,0,0,0,0,0,0,40.6,40.60250000000015
166,0,0,0,2020.0,0,0,0,0,0,0,0,0,0,,,,,0,0,0,,0,0,0,,0,0,0,,,,,,,,,,,,,,,,,,1,680,4,81,146,218,278,3,530,564,487,338,268,214,126,603,482,234,385,684,31,170,234,305,382,7,192,429,573,458,284,244,165,69,574,384,143,390,18,9,49,15,66,7,,0,,,,,,,,,,,,1,,,,,,,,,,,0,0,0,0,0,0,0,0,0,0,0,0,0,0,0,0,0,0,0,,,0,,0,,0,,0,0,0,,0,,0,0,0,,0,,0,,0,,0,0,0,0,,0,0,0,,0,0,0,,0,0,0,,0,0,0,,0,0,0,,0,,,,0,0,0,0,,,0,0,0,,0,0,,0,0,0,0,0,0,0,0,0,,,,,,,,,,,,,,,,,,,,,,,,,,,,0,,,,,,,,,,,,,,,,,,,,,,,,,,,0,,,,,,,,,,,,,,,,,,,,,,,,,,,,,,,,,,,,,,0,0,0,0,0,0,,0,,0,0,0,,0,0,0,0,0,,0,,0,,,,,,,,,,,,,,1,,0,,,,,,,,,,,,0,,,,,,,,,,0,0,0,0,0,0,0,0,,,0,0,0,0,0,0,,0,0,,,,,,,0,0,0,0,0,0,0,38.9,271.0685
24,0,0,0,2025.0,0,0,0,0,0,0,0,0,0,,,,,0,0,0,,0,0,0,,0,0,0,,,,,,,,,,,,,,,,,,5,166,1,33,139,183,195,247,494,82,598,469,312,244,68,72,230,34,263,257,23,102,115,244,48,165,588,242,12,537,416,264,123,496,383,274,72,289,103,94,85,104,85,67,,0,,,,,,,,,,,,1,,,,,,,,,,,0,0,0,0,0,0,0,0,0,0,0,0,0,0,0,0,0,0,0,,,0,,0,,0,,0,0,0,,0,,0,0,0,,0,,0,,0,,0,0,0,0,,0,0,0,,0,0,0,,0,0,0,,0,0,0,,0,0,0,,0,,,,0,0,0,0,,,0,0,0,,0,0,,0,0,0,0,0,0,0,0,0,,,,,,,,,,,,,,,,,,,,,,,,,,,,0,,,,,,,,,,,,,,,,,,,,,,,,,,,0,,,,,,,,,,,,,,,,,,,,,,,,,,,,,,,,,,,,,,0,0,0,0,0,0,,0,,0,0,0,,0,0,0,0,0,,0,,0,,,,,,,,,,,,,,1,,0,,,,,,,,,,,,0,,,,,,,,,,0,0,0,0,0,0,0,0,,,0,0,0,0,0,0,,0,0,,,,,,,0,0,0,0,0,0,0,36306.0,36333.435
163,0,0,0,2020.0,0,0,0,0,0,0,0,0,0,,,,,0,0,0,,0,0,0,,0,0,0,,,,,,,,,,,,,,,,,,5,293,0,4,102,54,230,310,259,608,408,232,144,36,540,564,175,173,322,342,0,169,118,288,160,250,389,604,529,320,186,107,649,418,353,14,67,24,103,94,85,104,85,67,,0,,,,,,,,,,,,1,,,,,,,,,,,0,0,0,0,0,0,0,0,0,0,0,0,0,0,0,0,0,0,0,,,0,,0,,0,,0,0,0,,0,,0,0,0,,0,,0,,0,,0,0,0,0,,0,0,0,,0,0,0,,0,0,0,,0,0,0,,0,0,0,,0,,,,0,0,0,0,,,0,0,0,,0,0,,0,0,0,0,0,0,0,0,0,,,,,,,,,,,,,,,,,,,,,,,,,,,,0,,,,,,,,,,,,,,,,,,,,,,,,,,,0,,,,,,,,,,,,,,,,,,,,,,,,,,,,,,,,,,,,,,0,0,0,0,0,0,,0,,0,0,0,,0,0,0,0,0,,0,,0,,,,,,,,,,,,,,1,,0,,,,,,,,,,,,0,,,,,,,,,,0,0,0,0,0,0,0,0,,,0,0,0,0,0,0,,0,0,,,,,,,0,0,0,0,0,0,0,62456.0,62408.42
163,0,0,0,2019.0,0,0,0,0,0,0,0,0,0,,,,,0,0,0,,0,0,0,,0,0,0,,,,,,,,,,,,,,,,,,1,680,4,81,146,218,278,5,4,575,489,326,246,215,98,603,482,234,385,684,31,170,234,305,382,121,268,443,577,445,285,220,164,37,574,384,143,390,19,7,24,18,62,5,,0,,,,,,,,,,,,1,,,,,,,,,,,0,0,0,0,0,0,0,0,0,0,0,0,0,0,0,0,0,0,0,,,0,,0,,0,,0,0,0,,0,,0,0,0,,0,,0,,0,,0,0,0,0,,0,0,0,,0,0,0,,0,0,0,,0,0,0,,0,0,0,,0,,,,0,0,0,0,,,0,0,0,,0,0,,0,0,0,0,0,0,0,0,0,,,,,,,,,,,,,,,,,,,,,,,,,,,,0,,,,,,,,,,,,,,,,,,,,,,,,,,,0,,,,,,,,,,,,,,,,,,,,,,,,,,,,,,,,,,,,,,0,0,0,0,0,0,,0,,0,0,0,,0,0,0,0,0,,0,,0,,,,,,,,,,,,,,1,,0,,,,,,,,,,,,0,,,,,,,,,,0,0,0,0,0,0,0,0,,,0,0,0,0,0,0,,0,0,,,,,,,0,0,0,0,0,0,0,40.8,40.70700000000012
116,0,0,0,2020.0,0,0,0,0,0,0,0,0,0,,,,,0,0,0,,0,0,0,,0,0,0,,,,,,,,,,,,,,,,,,0,216,0,0,0,0,1,9,440,490,458,381,221,184,39,551,13,205,386,294,0,0,0,1,331,367,252,395,475,382,370,182,80,463,297,214,0,391,103,94,85,104,85,67,,0,,,,,,,,,,,,1,,,,,,,,,,,0,0,0,0,0,0,0,0,0,0,0,0,0,0,0,0,0,0,0,,,0,,0,,0,,0,0,0,,0,,0,0,0,,0,,0,,0,,0,0,0,0,,0,0,0,,0,0,0,,0,0,0,,0,0,0,,0,0,0,,0,,,,0,0,0,0,,,0,0,0,,0,0,,0,0,0,0,0,0,0,0,0,,,,,,,,,,,,,,,,,,,,,,,,,,,,0,,,,,,,,,,,,,,,,,,,,,,,,,,,0,,,,,,,,,,,,,,,,,,,,,,,,,,,,,,,,,,,,,,0,0,0,0,0,0,,0,,0,0,0,,0,0,0,0,0,,0,,0,,,,,,,,,,,,,,1,,0,,,,,,,,,,,,0,,,,,,,,,,0,0,0,0,0,0,0,0,,,0,0,0,0,0,0,,0,0,,,,,,,0,0,0,0,0,0,0,3635.0,3616.605
164,0,0,0,2020.0,0,0,0,0,0,0,0,0,0,,,,,0,0,0,,0,0,0,,0,0,0,,,,,,,,,,,,,,,,,,1,680,4,81,146,218,278,4,6,618,499,356,267,230,127,603,482,234,385,684,31,170,234,305,382,122,270,469,599,486,345,246,202,41,574,384,143,390,30,10,44,23,70,6,,0,,,,,,,,,,,,1,,,,,,,,,,,0,0,0,0,0,0,0,0,0,0,0,0,0,0,0,0,0,0,0,,,0,,0,,0,,0,0,0,,0,,0,0,0,,0,,0,,0,,0,0,0,0,,0,0,0,,0,0,0,,0,0,0,,0,0,0,,0,0,0,,0,,,,0,0,0,0,,,0,0,0,,0,0,,0,0,0,0,0,0,0,0,0,,,,,,,,,,,,,,,,,,,,,,,,,,,,0,,,,,,,,,,,,,,,,,,,,,,,,,,,0,,,,,,,,,,,,,,,,,,,,,,,,,,,,,,,,,,,,,,0,0,0,0,0,0,,0,,0,0,0,,0,0,0,0,0,,0,,0,,,,,,,,,,,,,,1,,0,,,,,,,,,,,,0,,,,,,,,,,0,0,0,0,0,0,0,0,,,0,0,0,0,0,0,,0,0,,,,,,,0,0,0,0,0,0,0,43.0,42.92099999999999
171,0,0,0,2025.0,0,0,0,0,0,0,0,0,0,,,,,0,0,0,,0,0,0,,0,0,0,,,,,,,,,,,,,,,,,,6,552,0,0,0,0,0,0,0,141,589,43,201,417,435,50,35,149,0,555,0,0,0,0,0,0,0,97,678,186,218,435,458,437,33,340,59,0,103,94,85,104,85,67,,0,,,,,,,,,,,,1,,,,,,,,,,,0,0,0,0,0,0,0,0,0,0,0,0,0,0,0,0,0,0,0,,,0,,0,,0,,0,0,0,,0,,0,0,0,,0,,0,,0,,0,0,0,0,,0,0,0,,0,0,0,,0,0,0,,0,0,0,,0,0,0,,0,,,,0,0,0,0,,,0,0,0,,0,0,,0,0,0,0,0,0,0,0,0,,,,,,,,,,,,,,,,,,,,,,,,,,,,0,,,,,,,,,,,,,,,,,,,,,,,,,,,0,,,,,,,,,,,,,,,,,,,,,,,,,,,,,,,,,,,,,,0,0,0,0,0,0,,0,,0,0,0,,0,0,0,0,0,,0,,0,,,,,,,,,,,,,,1,,0,,,,,,,,,,,,0,,,,,,,,,,0,0,0,0,0,0,0,0,,,0,0,0,0,0,0,,0,0,,,,,,,0,0,0,0,0,0,0,4.0,11.44
30,0,0,0,2023.0,0,0,0,0,0,0,0,0,0,,,,,0,0,0,,0,0,0,,0,0,0,,,,,,,,,,,,,,,,,,6,334,0,0,0,44,77,189,402,291,349,263,219,194,71,75,245,32,324,210,0,0,1,0,269,299,543,164,302,274,206,125,38,496,352,245,90,256,103,94,85,104,85,67,,0,,,,,,,,,,,,1,,,,,,,,,,,0,0,0,0,0,0,0,0,0,0,0,0,0,0,0,0,0,0,0,,,0,,0,,0,,0,0,0,,0,,0,0,0,,0,,0,,0,,0,0,0,0,,0,0,0,,0,0,0,,0,0,0,,0,0,0,,0,0,0,,0,,,,0,0,0,0,,,0,0,0,,0,0,,0,0,0,0,0,0,0,0,0,,,,,,,,,,,,,,,,,,,,,,,,,,,,0,,,,,,,,,,,,,,,,,,,,,,,,,,,0,,,,,,,,,,,,,,,,,,,,,,,,,,,,,,,,,,,,,,0,0,0,0,0,0,,0,,0,0,0,,0,0,0,0,0,,0,,0,,,,,,,,,,,,,,1,,0,,,,,,,,,,,,0,,,,,,,,,,0,0,0,0,0,0,0,0,,,0,0,0,0,0,0,,0,0,,,,,,,0,0,0,0,0,0,0,1969.0,1970.06
108,0,0,0,2020.0,0,0,0,0,0,0,0,0,0,,,,,0,0,0,,0,0,0,,0,0,0,,,,,,,,,,,,,,,,,,2,450,0,7,2,97,262,43,184,289,49,529,348,158,613,435,71,2,214,461,0,86,222,71,242,370,225,368,94,583,440,349,200,614,508,22,1,322,103,94,85,104,85,67,,0,,,,,,,,,,,,1,,,,,,,,,,,0,0,0,0,0,0,0,0,0,0,0,0,0,0,0,0,0,0,0,,,0,,0,,0,,0,0,0,,0,,0,0,0,,0,,0,,0,,0,0,0,0,,0,0,0,,0,0,0,,0,0,0,,0,0,0,,0,0,0,,0,,,,0,0,0,0,,,0,0,0,,0,0,,0,0,0,0,0,0,0,0,0,,,,,,,,,,,,,,,,,,,,,,,,,,,,0,,,,,,,,,,,,,,,,,,,,,,,,,,,0,,,,,,,,,,,,,,,,,,,,,,,,,,,,,,,,,,,,,,0,0,0,0,0,0,,0,,0,0,0,,0,0,0,0,0,,0,,0,,,,,,,,,,,,,,1,,0,,,,,,,,,,,,0,,,,,,,,,,0,0,0,0,0,0,0,0,,,0,0,0,0,0,0,,0,0,,,,,,,0,0,0,0,0,0,0,89418.0,89096.81
161,0,0,0,2023.0,0,0,0,0,0,0,0,0,0,,,,,0,0,0,,0,0,0,,0,0,0,,,,,,,,,,,,,,,,,,1,680,4,81,146,218,278,320,241,554,403,218,124,17,527,603,482,234,385,684,31,170,234,305,382,260,380,551,491,311,172,89,615,393,574,384,143,390,22,70,31,27,29,25,,0,,,,,,,,,,,,1,,,,,,,,,,,0,0,0,0,0,0,0,0,0,0,0,0,0,0,0,0,0,0,0,,,0,,0,,0,,0,0,0,,0,,0,0,0,,0,,0,,0,,0,0,0,0,,0,0,0,,0,0,0,,0,0,0,,0,0,0,,0,0,0,,0,,,,0,0,0,0,,,0,0,0,,0,0,,0,0,0,0,0,0,0,0,0,,,,,,,,,,,,,,,,,,,,,,,,,,,,0,,,,,,,,,,,,,,,,,,,,,,,,,,,0,,,,,,,,,,,,,,,,,,,,,,,,,,,,,,,,,,,,,,0,0,0,0,0,0,,0,,0,0,0,,0,0,0,0,0,,0,,0,,,,,,,,,,,,,,1,,0,,,,,,,,,,,,0,,,,,,,,,,0,0,0,0,0,0,0,0,,,0,0,0,0,0,0,,0,0,,,,,,,0,0,0,0,0,0,0,58199.0,58148.185
167,0,0,0,2023.0,0,0,0,0,0,0,0,0,0,,,,,0,0,0,,0,0,0,,0,0,0,,,,,,,,,,,,,,,,,,3,0,4,81,146,218,278,0,0,0,0,0,0,0,0,0,0,0,0,0,31,170,234,305,382,0,0,0,0,0,0,0,0,0,0,0,0,0,103,94,85,104,85,67,,0,,,,,,,,,,,,1,,,,,,,,,,,0,0,0,0,0,0,0,0,0,0,0,0,0,0,0,0,0,0,0,,,0,,0,,0,,0,0,0,,0,,0,0,0,,0,,0,,0,,0,0,0,0,,0,0,0,,0,0,0,,0,0,0,,0,0,0,,0,0,0,,0,,,,0,0,0,0,,,0,0,0,,0,0,,0,0,0,0,0,0,0,0,0,,,,,,,,,,,,,,,,,,,,,,,,,,,,0,,,,,,,,,,,,,,,,,,,,,,,,,,,0,,,,,,,,,,,,,,,,,,,,,,,,,,,,,,,,,,,,,,0,0,0,0,0,0,,0,,0,0,0,,0,0,0,0,0,,0,,0,,,,,,,,,,,,,,1,,0,,,,,,,,,,,,0,,,,,,,,,,0,0,0,0,0,0,0,0,,,0,0,0,0,0,0,,0,0,,,,,,,0,0,0,0,0,0,0,0.0,0.0
123,0,0,0,2020.0,0,0,0,0,0,0,0,0,0,,,,,0,0,0,,0,0,0,,0,0,0,,,,,,,,,,,,,,,,,,1,680,4,81,146,218,278,162,276,260,114,699,641,568,490,603,482,234,385,684,31,170,234,305,382,26,266,375,147,708,624,599,532,396,574,384,143,390,78,73,74,80,41,47,,0,,,,,,,,,,,,1,,,,,,,,,,,0,0,0,0,0,0,0,0,0,0,0,0,0,0,0,0,0,0,0,,,0,,0,,0,,0,0,0,,0,,0,0,0,,0,,0,,0,,0,0,0,0,,0,0,0,,0,0,0,,0,0,0,,0,0,0,,0,0,0,,0,,,,0,0,0,0,,,0,0,0,,0,0,,0,0,0,0,0,0,0,0,0,,,,,,,,,,,,,,,,,,,,,,,,,,,,0,,,,,,,,,,,,,,,,,,,,,,,,,,,0,,,,,,,,,,,,,,,,,,,,,,,,,,,,,,,,,,,,,,0,0,0,0,0,0,,0,,0,0,0,,0,0,0,0,0,,0,,0,,,,,,,,,,,,,,1,,0,,,,,,,,,,,,0,,,,,,,,,,0,0,0,0,0,0,0,0,,,0,0,0,0,0,0,,0,0,,,,,,,0,0,0,0,0,0,0,80349.0,78311.67450000001
167,0,0,0,2025.0,0,0,0,0,0,0,0,0,0,,,,,0,0,0,,0,0,0,,0,0,0,,,,,,,,,,,,,,,,,,0,623,4,81,146,218,278,0,2,532,547,652,48,37,620,450,164,40,0,20,31,170,234,305,382,5,485,403,108,220,252,303,262,31,429,360,1,0,103,94,85,104,85,67,,0,,,,,,,,,,,,1,,,,,,,,,,,0,0,0,0,0,0,0,0,0,0,0,0,0,0,0,0,0,0,0,,,0,,0,,0,,0,0,0,,0,,0,0,0,,0,,0,,0,,0,0,0,0,,0,0,0,,0,0,0,,0,0,0,,0,0,0,,0,0,0,,0,,,,0,0,0,0,,,0,0,0,,0,0,,0,0,0,0,0,0,0,0,0,,,,,,,,,,,,,,,,,,,,,,,,,,,,0,,,,,,,,,,,,,,,,,,,,,,,,,,,0,,,,,,,,,,,,,,,,,,,,,,,,,,,,,,,,,,,,,,0,0,0,0,0,0,,0,,0,0,0,,0,0,0,0,0,,0,,0,,,,,,,,,,,,,,1,,0,,,,,,,,,,,,0,,,,,,,,,,0,0,0,0,0,0,0,0,,,0,0,0,0,0,0,,0,0,,,,,,,0,0,0,0,0,0,0,16.0,19.860500000000002
67,0,0,0,2025.0,0,0,0,0,0,0,0,0,0,,,,,0,0,0,,0,0,0,,0,0,0,,,,,,,,,,,,,,,,,,2,471,1,78,128,164,152,205,104,485,209,628,384,80,440,226,364,40,73,479,10,52,56,258,128,207,194,707,406,68,487,278,656,347,125,168,72,94,103,94,85,104,85,67,,0,,,,,,,,,,,,1,,,,,,,,,,,0,0,0,0,0,0,0,0,0,0,0,0,0,0,0,0,0,0,0,,,0,,0,,0,,0,0,0,,0,,0,0,0,,0,,0,,0,,0,0,0,0,,0,0,0,,0,0,0,,0,0,0,,0,0,0,,0,0,0,,0,,,,0,0,0,0,,,0,0,0,,0,0,,0,0,0,0,0,0,0,0,0,,,,,,,,,,,,,,,,,,,,,,,,,,,,0,,,,,,,,,,,,,,,,,,,,,,,,,,,0,,,,,,,,,,,,,,,,,,,,,,,,,,,,,,,,,,,,,,0,0,0,0,0,0,,0,,0,0,0,,0,0,0,0,0,,0,,0,,,,,,,,,,,,,,1,,0,,,,,,,,,,,,0,,,,,,,,,,0,0,0,0,0,0,0,0,,,0,0,0,0,0,0,,0,0,,,,,,,0,0,0,0,0,0,0,123794.0,123386.4785
19,0,0,0,2025.0,0,0,0,0,0,0,0,0,0,,,,,0,0,0,,0,0,0,,0,0,0,,,,,,,,,,,,,,,,,,5,96,0,61,116,154,119,174,462,43,554,425,262,182,48,36,162,2,286,172,22,103,74,193,375,78,537,215,684,496,375,195,32,425,321,220,0,311,103,94,85,104,85,67,,0,,,,,,,,,,,,1,,,,,,,,,,,0,0,0,0,0,0,0,0,0,0,0,0,0,0,0,0,0,0,0,,,0,,0,,0,,0,0,0,,0,,0,0,0,,0,,0,,0,,0,0,0,0,,0,0,0,,0,0,0,,0,0,0,,0,0,0,,0,0,0,,0,,,,0,0,0,0,,,0,0,0,,0,0,,0,0,0,0,0,0,0,0,0,,,,,,,,,,,,,,,,,,,,,,,,,,,,0,,,,,,,,,,,,,,,,,,,,,,,,,,,0,,,,,,,,,,,,,,,,,,,,,,,,,,,,,,,,,,,,,,0,0,0,0,0,0,,0,,0,0,0,,0,0,0,0,0,,0,,0,,,,,,,,,,,,,,1,,0,,,,,,,,,,,,0,,,,,,,,,,0,0,0,0,0,0,0,0,,,0,0,0,0,0,0,,0,0,,,,,,,0,0,0,0,0,0,0,30656.0,30801.205
61,0,0,0,2023.0,0,0,0,0,0,0,0,0,0,,,,,0,0,0,,0,0,0,,0,0,0,,,,,,,,,,,,,,,,,,6,200,0,0,0,0,0,0,254,256,386,341,355,287,162,172,404,66,306,81,0,0,1,0,213,282,400,81,344,343,282,206,101,577,473,24,1,244,103,94,85,104,85,67,,0,,,,,,,,,,,,1,,,,,,,,,,,0,0,0,0,0,0,0,0,0,0,0,0,0,0,0,0,0,0,0,,,0,,0,,0,,0,0,0,,0,,0,0,0,,0,,0,,0,,0,0,0,0,,0,0,0,,0,0,0,,0,0,0,,0,0,0,,0,0,0,,0,,,,0,0,0,0,,,0,0,0,,0,0,,0,0,0,0,0,0,0,0,0,,,,,,,,,,,,,,,,,,,,,,,,,,,,0,,,,,,,,,,,,,,,,,,,,,,,,,,,0,,,,,,,,,,,,,,,,,,,,,,,,,,,,,,,,,,,,,,0,0,0,0,0,0,,0,,0,0,0,,0,0,0,0,0,,0,,0,,,,,,,,,,,,,,1,,0,,,,,,,,,,,,0,,,,,,,,,,0,0,0,0,0,0,0,0,,,0,0,0,0,0,0,,0,0,,,,,,,0,0,0,0,0,0,0,1313.0,1326.705
64,0,0,0,2019.0,0,0,0,0,0,0,0,0,0,,,,,0,0,0,,0,0,0,,0,0,0,,,,,,,,,,,,,,,,,,1,404,1,67,117,155,118,175,590,427,177,657,519,429,253,229,437,180,120,412,4,46,40,210,34,115,89,648,342,76,575,450,288,84,25,169,112,118,103,94,85,104,85,67,,0,,,,,,,,,,,,1,,,,,,,,,,,0,0,0,0,0,0,0,0,0,0,0,0,0,0,0,0,0,0,0,,,0,,0,,0,,0,0,0,,0,,0,0,0,,0,,0,,0,,0,0,0,0,,0,0,0,,0,0,0,,0,0,0,,0,0,0,,0,0,0,,0,,,,0,0,0,0,,,0,0,0,,0,0,,0,0,0,0,0,0,0,0,0,,,,,,,,,,,,,,,,,,,,,,,,,,,,0,,,,,,,,,,,,,,,,,,,,,,,,,,,0,,,,,,,,,,,,,,,,,,,,,,,,,,,,,,,,,,,,,,0,0,0,0,0,0,,0,,0,0,0,,0,0,0,0,0,,0,,0,,,,,,,,,,,,,,4,,0,,,,,,,,,,,,0,,,,,,,,,,0,0,0,0,0,0,0,0,,,0,0,0,0,0,0,,0,0,,,,,,,0,0,0,0,0,0,0,99985.0,99812.03
14,0,0,0,2025.0,0,0,0,0,0,0,0,0,0,,,,,0,0,0,,0,0,0,,0,0,0,,,,,,,,,,,,,,,,,,6,207,0,0,0,0,0,0,360,184,239,200,123,86,602,586,122,16,362,52,0,1,1,62,355,49,464,60,135,166,95,29,554,332,216,206,0,296,103,94,85,104,85,67,,0,,,,,,,,,,,,1,,,,,,,,,,,0,0,0,0,0,0,0,0,0,0,0,0,0,0,0,0,0,0,0,,,0,,0,,0,,0,0,0,,0,,0,0,0,,0,,0,,0,,0,0,0,0,,0,0,0,,0,0,0,,0,0,0,,0,0,0,,0,0,0,,0,,,,0,0,0,0,,,0,0,0,,0,0,,0,0,0,0,0,0,0,0,0,,,,,,,,,,,,,,,,,,,,,,,,,,,,0,,,,,,,,,,,,,,,,,,,,,,,,,,,0,,,,,,,,,,,,,,,,,,,,,,,,,,,,,,,,,,,,,,0,0,0,0,0,0,,0,,0,0,0,,0,0,0,0,0,,0,,0,,,,,,,,,,,,,,1,,0,,,,,,,,,,,,0,,,,,,,,,,0,0,0,0,0,0,0,0,,,0,0,0,0,0,0,,0,0,,,,,,,0,0,0,0,0,0,0,1467.0,1472.055
122,0,0,0,2023.0,0,0,0,0,0,0,0,0,0,,,,,0,0,0,,0,0,0,,0,0,0,,,,,,,,,,,,,,,,,,6,120,0,0,0,0,0,0,537,534,580,7,146,218,285,439,253,137,386,147,0,0,0,111,312,385,369,485,645,18,120,310,322,241,337,35,133,391,103,94,85,104,85,67,,0,,,,,,,,,,,,1,,,,,,,,,,,0,0,0,0,0,0,0,0,0,0,0,0,0,0,0,0,0,0,0,,,0,,0,,0,,0,0,0,,0,,0,0,0,,0,,0,,0,,0,0,0,0,,0,0,0,,0,0,0,,0,0,0,,0,0,0,,0,0,0,,0,,,,0,0,0,0,,,0,0,0,,0,0,,0,0,0,0,0,0,0,0,0,,,,,,,,,,,,,,,,,,,,,,,,,,,,0,,,,,,,,,,,,,,,,,,,,,,,,,,,0,,,,,,,,,,,,,,,,,,,,,,,,,,,,,,,,,,,,,,0,0,0,0,0,0,,0,,0,0,0,,0,0,0,0,0,,0,,0,,,,,,,,,,,,,,1,,0,,,,,,,,,,,,0,,,,,,,,,,0,0,0,0,0,0,0,0,,,0,0,0,0,0,0,,0,0,,,,,,,0,0,0,0,0,0,0,323.0,324.37
174,0,0,0,2023.0,0,0,0,0,0,0,0,0,0,,,,,0,0,0,,0,0,0,,0,0,0,,,,,,,,,,,,,,,,,,1,680,4,81,146,218,278,157,522,641,429,201,104,92,52,603,482,234,385,684,31,170,234,305,382,405,104,494,602,347,166,84,83,12,574,384,143,390,27,92,83,32,60,60,,0,,,,,,,,,,,,1,,,,,,,,,,,0,0,0,0,0,0,0,0,0,0,0,0,0,0,0,0,0,0,0,,,0,,0,,0,,0,0,0,,0,,0,0,0,,0,,0,,0,,0,0,0,0,,0,0,0,,0,0,0,,0,0,0,,0,0,0,,0,0,0,,0,,,,0,0,0,0,,,0,0,0,,0,0,,0,0,0,0,0,0,0,0,0,,,,,,,,,,,,,,,,,,,,,,,,,,,,0,,,,,,,,,,,,,,,,,,,,,,,,,,,0,,,,,,,,,,,,,,,,,,,,,,,,,,,,,,,,,,,,,,0,0,0,0,0,0,,0,,0,0,0,,0,0,0,0,0,,0,,0,,,,,,,,,,,,,,1,,0,,,,,,,,,,,,0,,,,,,,,,,0,0,0,0,0,0,0,0,,,0,0,0,0,0,0,,0,0,,,,,,,0,0,0,0,0,0,0,46573.0,41795.21600000001
13,0,0,0,2025.0,0,0,0,0,0,0,0,0,0,,,,,0,0,0,,0,0,0,,0,0,0,,,,,,,,,,,,,,,,,,2,26,0,2,97,102,92,126,439,672,351,127,537,296,29,436,423,40,231,55,24,61,37,176,358,60,487,153,579,279,80,533,309,466,299,156,1,281,103,94,85,104,85,67,,0,,,,,,,,,,,,1,,,,,,,,,,,0,0,0,0,0,0,0,0,0,0,0,0,0,0,0,0,0,0,0,,,0,,0,,0,,0,0,0,,0,,0,0,0,,0,,0,,0,,0,0,0,0,,0,0,0,,0,0,0,,0,0,0,,0,0,0,,0,0,0,,0,,,,0,0,0,0,,,0,0,0,,0,0,,0,0,0,0,0,0,0,0,0,,,,,,,,,,,,,,,,,,,,,,,,,,,,0,,,,,,,,,,,,,,,,,,,,,,,,,,,0,,,,,,,,,,,,,,,,,,,,,,,,,,,,,,,,,,,,,,0,0,0,0,0,0,,0,,0,0,0,,0,0,0,0,0,,0,,0,,,,,,,,,,,,,,1,,0,,,,,,,,,,,,0,,,,,,,,,,0,0,0,0,0,0,0,0,,,0,0,0,0,0,0,,0,0,,,,,,,0,0,0,0,0,0,0,24866.0,24922.555
131,0,0,0,2023.0,0,0,0,0,0,0,0,0,0,,,,,0,0,0,,0,0,0,,0,0,0,,,,,,,,,,,,,,,,,,6,34,0,0,0,0,0,0,457,518,571,640,42,160,224,322,238,101,386,54,0,0,1,111,269,385,304,405,655,655,64,155,253,204,294,75,10,391,103,94,85,104,85,67,,0,,,,,,,,,,,,1,,,,,,,,,,,0,0,0,0,0,0,0,0,0,0,0,0,0,0,0,0,0,0,0,,,0,,0,,0,,0,0,0,,0,,0,0,0,,0,,0,,0,,0,0,0,0,,0,0,0,,0,0,0,,0,0,0,,0,0,0,,0,0,0,,0,,,,0,0,0,0,,,0,0,0,,0,0,,0,0,0,0,0,0,0,0,0,,,,,,,,,,,,,,,,,,,,,,,,,,,,0,,,,,,,,,,,,,,,,,,,,,,,,,,,0,,,,,,,,,,,,,,,,,,,,,,,,,,,,,,,,,,,,,,0,0,0,0,0,0,,0,,0,0,0,,0,0,0,0,0,,0,,0,,,,,,,,,,,,,,1,,0,,,,,,,,,,,,0,,,,,,,,,,0,0,0,0,0,0,0,0,,,0,0,0,0,0,0,,0,0,,,,,,,0,0,0,0,0,0,0,271.0,268.365
162,0,0,0,2023.0,0,0,0,0,0,0,0,0,0,,,,,0,0,0,,0,0,0,,0,0,0,,,,,,,,,,,,,,,,,,5,277,0,49,81,59,231,305,249,591,412,228,139,25,530,555,142,140,0,333,0,149,84,283,154,230,393,596,512,324,179,105,630,398,344,380,48,0,103,94,85,104,85,67,,0,,,,,,,,,,,,1,,,,,,,,,,,0,0,0,0,0,0,0,0,0,0,0,0,0,0,0,0,0,0,0,,,0,,0,,0,,0,0,0,,0,,0,0,0,,0,,0,,0,,0,0,0,0,,0,0,0,,0,0,0,,0,0,0,,0,0,0,,0,0,0,,0,,,,0,0,0,0,,,0,0,0,,0,0,,0,0,0,0,0,0,0,0,0,,,,,,,,,,,,,,,,,,,,,,,,,,,,0,,,,,,,,,,,,,,,,,,,,,,,,,,,0,,,,,,,,,,,,,,,,,,,,,,,,,,,,,,,,,,,,,,0,0,0,0,0,0,,0,,0,0,0,,0,0,0,0,0,,0,,0,,,,,,,,,,,,,,1,,0,,,,,,,,,,,,0,,,,,,,,,,0,0,0,0,0,0,0,0,,,0,0,0,0,0,0,,0,0,,,,,,,0,0,0,0,0,0,0,61743.0,61795.42
143,0,0,0,2020.0,0,0,0,0,0,0,0,0,0,,,,,0,0,0,,0,0,0,,0,0,0,,,,,,,,,,,,,,,,,,0,649,0,0,0,0,77,72,578,100,117,104,670,535,331,200,326,160,386,646,0,0,1,214,183,259,378,65,142,97,40,606,416,131,546,110,49,391,103,94,85,104,85,67,,0,,,,,,,,,,,,1,,,,,,,,,,,0,0,0,0,0,0,0,0,0,0,0,0,0,0,0,0,0,0,0,,,0,,0,,0,,0,0,0,,0,,0,0,0,,0,,0,,0,,0,0,0,0,,0,0,0,,0,0,0,,0,0,0,,0,0,0,,0,0,0,,0,,,,0,0,0,0,,,0,0,0,,0,0,,0,0,0,0,0,0,0,0,0,,,,,,,,,,,,,,,,,,,,,,,,,,,,0,,,,,,,,,,,,,,,,,,,,,,,,,,,0,,,,,,,,,,,,,,,,,,,,,,,,,,,,,,,,,,,,,,0,0,0,0,0,0,,0,,0,0,0,,0,0,0,0,0,,0,,0,,,,,,,,,,,,,,1,,0,,,,,,,,,,,,0,,,,,,,,,,0,0,0,0,0,0,0,0,,,0,0,0,0,0,0,,0,0,,,,,,,0,0,0,0,0,0,0,9113.0,9134.22
175,0,0,0,2023.0,0,0,0,0,0,0,0,0,0,,,,,0,0,0,,0,0,0,,0,0,0,,,,,,,,,,,,,,,,,,1,680,4,81,146,218,278,328,1,5,4,4,3,4,4,603,482,234,385,684,31,170,234,305,382,434,3,5,215,7,6,4,4,4,574,384,143,390,2,2,0,3,1,68,,1,,,,,,,,,,,,1,,,,,,,,,,,0,0,0,0,0,0,0,0,0,0,0,0,0,0,0,0,0,0,0,,,0,,0,,0,,0,0,0,,0,,0,0,0,,0,,0,,0,,0,0,0,0,,0,0,0,,0,0,0,,0,0,0,,0,0,0,,0,0,0,,0,,,,0,0,0,0,,,0,0,0,,0,0,,0,0,0,0,0,0,0,0,0,,,,,,,,,,,,,,,,,,,,,,,,,,,,0,,,,,,,,,,,,,,,,,,,,,,,,,,,0,,,,,,,,,,,,,,,,,,,,,,,,,,,,,,,,,,,,,,0,0,0,0,0,0,,0,,0,0,0,,0,0,0,0,0,,0,,0,,,,,,,,,,,,,,1,,0,,,,,,,,,,,,0,,,,,,,,,,0,0,0,0,0,0,0,0,,,0,0,0,0,0,0,,0,0,,,,,,,0,0,0,0,0,0,0,0.5,0.7210000000000005
130,0,0,0,2019.0,0,0,0,0,0,0,0,0,0,,,,,0,0,0,,0,0,0,,0,0,0,,,,,,,,,,,,,,,,,,1,382,0,47,37,168,40,113,148,190,575,287,143,55,552,470,68,16,386,402,0,126,31,97,244,388,130,307,13,377,147,57,627,444,465,143,49,391,103,94,85,104,85,67,,0,,,,,,,,,,,,1,,,,,,,,,,,0,0,0,0,0,0,0,0,0,0,0,0,0,0,0,0,0,0,0,,,0,,0,,0,,0,0,0,,0,,0,0,0,,0,,0,,0,,0,0,0,0,,0,0,0,,0,0,0,,0,0,0,,0,0,0,,0,0,0,,0,,,,0,0,0,0,,,0,0,0,,0,0,,0,0,0,0,0,0,0,0,0,,,,,,,,,,,,,,,,,,,,,,,,,,,,0,,,,,,,,,,,,,,,,,,,,,,,,,,,0,,,,,,,,,,,,,,,,,,,,,,,,,,,,,,,,,,,,,,0,0,0,0,0,0,,0,,0,0,0,,0,0,0,0,0,,0,,0,,,,,,,,,,,,,,3,,0,,,,,,,,,,,,0,,,,,,,,,,0,0,0,0,0,0,0,0,,,0,0,0,0,0,0,,0,0,,,,,,,0,0,0,0,0,0,0,70205.0,70108.365
73,0,0,0,2020.0,0,0,0,0,0,0,0,0,0,,,,,0,0,0,,0,0,0,,0,0,0,,,,,,,,,,,,,,,,,,2,413,0,11,34,26,202,276,65,431,149,591,392,105,536,315,357,80,66,420,18,79,102,275,146,221,136,639,293,678,457,253,15,397,230,196,112,82,103,94,85,104,85,67,,0,,,,,,,,,,,,1,,,,,,,,,,,0,0,0,0,0,0,0,0,0,0,0,0,0,0,0,0,0,0,0,,,0,,0,,0,,0,0,0,,0,,0,0,0,,0,,0,,0,,0,0,0,0,,0,0,0,,0,0,0,,0,0,0,,0,0,0,,0,0,0,,0,,,,0,0,0,0,,,0,0,0,,0,0,,0,0,0,0,0,0,0,0,0,,,,,,,,,,,,,,,,,,,,,,,,,,,,0,,,,,,,,,,,,,,,,,,,,,,,,,,,0,,,,,,,,,,,,,,,,,,,,,,,,,,,,,,,,,,,,,,0,0,0,0,0,0,,0,,0,0,0,,0,0,0,0,0,,0,,0,,,,,,,,,,,,,,1,,0,,,,,,,,,,,,0,,,,,,,,,,0,0,0,0,0,0,0,0,,,0,0,0,0,0,0,,0,0,,,,,,,0,0,0,0,0,0,0,103772.0,103622.435
133,0,0,0,2020.0,0,0,0,0,0,0,0,0,0,,,,,0,0,0,,0,0,0,,0,0,0,,,,,,,,,,,,,,,,,,6,23,0,0,0,0,0,0,386,444,531,595,26,108,188,310,218,123,386,24,0,0,0,0,331,341,258,359,615,643,38,122,196,162,283,56,12,391,103,94,85,104,85,67,,0,,,,,,,,,,,,1,,,,,,,,,,,0,0,0,0,0,0,0,0,0,0,0,0,0,0,0,0,0,0,0,,,0,,0,,0,,0,0,0,,0,,0,0,0,,0,,0,,0,,0,0,0,0,,0,0,0,,0,0,0,,0,0,0,,0,0,0,,0,0,0,,0,,,,0,0,0,0,,,0,0,0,,0,0,,0,0,0,0,0,0,0,0,0,,,,,,,,,,,,,,,,,,,,,,,,,,,,0,,,,,,,,,,,,,,,,,,,,,,,,,,,0,,,,,,,,,,,,,,,,,,,,,,,,,,,,,,,,,,,,,,0,0,0,0,0,0,,0,,0,0,0,,0,0,0,0,0,,0,,0,,,,,,,,,,,,,,1,,0,,,,,,,,,,,,0,,,,,,,,,,0,0,0,0,0,0,0,0,,,0,0,0,0,0,0,,0,0,,,,,,,0,0,0,0,0,0,0,221.0,218.145
103,0,0,0,2020.0,0,0,0,0,0,0,0,0,0,,,,,0,0,0,,0,0,0,,0,0,0,,,,,,,,,,,,,,,,,,6,257,0,0,0,1,0,9,532,61,195,225,297,378,324,379,182,52,208,264,0,0,125,62,213,367,341,57,270,284,303,341,332,188,196,310,82,184,103,94,85,104,85,67,,0,,,,,,,,,,,,1,,,,,,,,,,,0,0,0,0,0,0,0,0,0,0,0,0,0,0,0,0,0,0,0,,,0,,0,,0,,0,0,0,,0,,0,0,0,,0,,0,,0,,0,0,0,0,,0,0,0,,0,0,0,,0,0,0,,0,0,0,,0,0,0,,0,,,,0,0,0,0,,,0,0,0,,0,0,,0,0,0,0,0,0,0,0,0,,,,,,,,,,,,,,,,,,,,,,,,,,,,0,,,,,,,,,,,,,,,,,,,,,,,,,,,0,,,,,,,,,,,,,,,,,,,,,,,,,,,,,,,,,,,,,,0,0,0,0,0,0,,0,,0,0,0,,0,0,0,0,0,,0,,0,,,,,,,,,,,,,,1,,0,,,,,,,,,,,,0,,,,,,,,,,0,0,0,0,0,0,0,0,,,0,0,0,0,0,0,,0,0,,,,,,,0,0,0,0,0,0,0,649.0,660.22
9,0,0,0,2019.0,0,0,0,0,0,0,0,0,0,,,,,0,0,0,,0,0,0,,0,0,0,,,,,,,,,,,,,,,,,,1,195,0,0,0,0,1,9,363,159,232,183,101,47,570,544,56,193,373,45,0,0,0,62,171,282,431,48,125,127,73,674,535,290,171,180,72,323,103,94,85,104,85,67,,0,,,,,,,,,,,,1,,,,,,,,,,,0,0,0,0,0,0,0,0,0,0,0,0,0,0,0,0,0,0,0,,,0,,0,,0,,0,0,0,,0,,0,0,0,,0,,0,,0,,0,0,0,0,,0,0,0,,0,0,0,,0,0,0,,0,0,0,,0,0,0,,0,,,,0,0,0,0,,,0,0,0,,0,0,,0,0,0,0,0,0,0,0,0,,,,,,,,,,,,,,,,,,,,,,,,,,,,0,,,,,,,,,,,,,,,,,,,,,,,,,,,0,,,,,,,,,,,,,,,,,,,,,,,,,,,,,,,,,,,,,,0,0,0,0,0,0,,0,,0,0,0,,0,0,0,0,0,,0,,0,,,,,,,,,,,,,,5,,0,,,,,,,,,,,,0,,,,,,,,,,0,0,0,0,0,0,0,0,,,0,0,0,0,0,0,,0,0,,,,,,,0,0,0,0,0,0,0,1421.0,1421.025
171,0,0,0,2023.0,0,0,0,0,0,0,0,0,0,,,,,0,0,0,,0,0,0,,0,0,0,,,,,,,,,,,,,,,,,,1,680,4,81,146,218,278,204,571,557,347,157,109,65,25,603,482,234,385,684,31,170,234,305,382,46,228,480,508,272,105,92,59,551,574,384,143,390,13,87,79,20,49,58,,0,,,,,,,,,,,,1,,,,,,,,,,,0,0,0,0,0,0,0,0,0,0,0,0,0,0,0,0,0,0,0,,,0,,0,,0,,0,0,0,,0,,0,0,0,,0,,0,,0,,0,0,0,0,,0,0,0,,0,0,0,,0,0,0,,0,0,0,,0,0,0,,0,,,,0,0,0,0,,,0,0,0,,0,0,,0,0,0,0,0,0,0,0,0,,,,,,,,,,,,,,,,,,,,,,,,,,,,0,,,,,,,,,,,,,,,,,,,,,,,,,,,0,,,,,,,,,,,,,,,,,,,,,,,,,,,,,,,,,,,,,,0,0,0,0,0,0,,0,,0,0,0,,0,0,0,0,0,,0,,0,,,,,,,,,,,,,,1,,0,,,,,,,,,,,,0,,,,,,,,,,0,0,0,0,0,0,0,0,,,0,0,0,0,0,0,,0,0,,,,,,,0,0,0,0,0,0,0,48529.0,48014.944
33,0,0,0,2023.0,0,0,0,0,0,0,0,0,0,,,,,0,0,0,,0,0,0,,0,0,0,,,,,,,,,,,,,,,,,,5,153,2,78,140,191,183,235,526,101,633,508,352,254,105,119,295,29,176,241,9,94,107,260,59,176,621,269,39,556,443,313,136,541,451,268,127,183,103,94,85,104,85,67,,0,,,,,,,,,,,,1,,,,,,,,,,,0,0,0,0,0,0,0,0,0,0,0,0,0,0,0,0,0,0,0,,,0,,0,,0,,0,0,0,,0,,0,0,0,,0,,0,,0,,0,0,0,0,,0,0,0,,0,0,0,,0,0,0,,0,0,0,,0,0,0,,0,,,,0,0,0,0,,,0,0,0,,0,0,,0,0,0,0,0,0,0,0,0,,,,,,,,,,,,,,,,,,,,,,,,,,,,0,,,,,,,,,,,,,,,,,,,,,,,,,,,0,,,,,,,,,,,,,,,,,,,,,,,,,,,,,,,,,,,,,,0,0,0,0,0,0,,0,,0,0,0,,0,0,0,0,0,,0,,0,,,,,,,,,,,,,,1,,0,,,,,,,,,,,,0,,,,,,,,,,0,0,0,0,0,0,0,0,,,0,0,0,0,0,0,,0,0,,,,,,,0,0,0,0,0,0,0,44019.0,44033.105
108,0,0,0,2020.0,0,0,0,0,0,0,0,0,0,,,,,0,0,0,,0,0,0,,0,0,0,,,,,,,,,,,,,,,,,,6,170,0,0,0,0,0,0,434,668,35,142,202,310,315,367,190,37,184,138,0,0,1,62,269,367,327,558,54,184,227,314,313,206,215,312,107,136,103,94,85,104,85,67,,0,,,,,,,,,,,,1,,,,,,,,,,,0,0,0,0,0,0,0,0,0,0,0,0,0,0,0,0,0,0,0,,,0,,0,,0,,0,0,0,,0,,0,0,0,,0,,0,,0,,0,0,0,0,,0,0,0,,0,0,0,,0,0,0,,0,0,0,,0,0,0,,0,,,,0,0,0,0,,,0,0,0,,0,0,,0,0,0,0,0,0,0,0,0,,,,,,,,,,,,,,,,,,,,,,,,,,,,0,,,,,,,,,,,,,,,,,,,,,,,,,,,0,,,,,,,,,,,,,,,,,,,,,,,,,,,,,,,,,,,,,,0,0,0,0,0,0,,0,,0,0,0,,0,0,0,0,0,,0,,0,,,,,,,,,,,,,,1,,0,,,,,,,,,,,,0,,,,,,,,,,0,0,0,0,0,0,0,0,,,0,0,0,0,0,0,,0,0,,,,,,,0,0,0,0,0,0,0,335.0,801.78
147,0,0,0,2019.0,0,0,0,0,0,0,0,0,0,,,,,0,0,0,,0,0,0,,0,0,0,,,,,,,,,,,,,,,,,,1,659,0,0,0,0,0,0,219,183,331,388,594,656,8,179,108,136,0,651,0,0,0,0,0,0,414,202,471,532,561,672,663,523,122,369,50,0,103,94,85,104,85,67,,0,,,,,,,,,,,,1,,,,,,,,,,,0,0,0,0,0,0,0,0,0,0,0,0,0,0,0,0,0,0,0,,,0,,0,,0,,0,0,0,,0,,0,0,0,,0,,0,,0,,0,0,0,0,,0,0,0,,0,0,0,,0,0,0,,0,0,0,,0,0,0,,0,,,,0,0,0,0,,,0,0,0,,0,0,,0,0,0,0,0,0,0,0,0,,,,,,,,,,,,,,,,,,,,,,,,,,,,0,,,,,,,,,,,,,,,,,,,,,,,,,,,0,,,,,,,,,,,,,,,,,,,,,,,,,,,,,,,,,,,,,,0,0,0,0,0,0,,0,,0,0,0,,0,0,0,0,0,,0,,0,,,,,,,,,,,,,,5,,0,,,,,,,,,,,,0,,,,,,,,,,0,0,0,0,0,0,0,0,,,0,0,0,0,0,0,,0,0,,,,,,,0,0,0,0,0,0,0,82.0,81.615
121,0,0,0,2020.0,0,0,0,0,0,0,0,0,0,,,,,0,0,0,,0,0,0,,0,0,0,,,,,,,,,,,,,,,,,,2,489,0,52,58,189,63,137,284,130,604,406,233,28,541,497,26,20,386,510,0,150,86,113,290,432,282,271,664,420,234,152,27,546,555,127,134,391,103,94,85,104,85,67,,0,,,,,,,,,,,,1,,,,,,,,,,,0,0,0,0,0,0,0,0,0,0,0,0,0,0,0,0,0,0,0,,,0,,0,,0,,0,0,0,,0,,0,0,0,,0,,0,,0,,0,0,0,0,,0,0,0,,0,0,0,,0,0,0,,0,0,0,,0,0,0,,0,,,,0,0,0,0,,,0,0,0,,0,0,,0,0,0,0,0,0,0,0,0,,,,,,,,,,,,,,,,,,,,,,,,,,,,0,,,,,,,,,,,,,,,,,,,,,,,,,,,0,,,,,,,,,,,,,,,,,,,,,,,,,,,,,,,,,,,,,,0,0,0,0,0,0,,0,,0,0,0,,0,0,0,0,0,,0,,0,,,,,,,,,,,,,,1,,0,,,,,,,,,,,,0,,,,,,,,,,0,0,0,0,0,0,0,0,,,0,0,0,0,0,0,,0,0,,,,,,,0,0,0,0,0,0,0,70923.0,71022.96
113,0,0,0,2025.0,0,0,0,0,0,0,0,0,0,,,,,0,0,0,,0,0,0,,0,0,0,,,,,,,,,,,,,,,,,,0,123,0,0,0,0,0,0,374,402,414,288,232,165,655,437,444,132,386,175,0,0,0,62,331,385,72,283,433,359,262,186,32,424,208,200,1,391,103,94,85,104,85,67,,0,,,,,,,,,,,,1,,,,,,,,,,,0,0,0,0,0,0,0,0,0,0,0,0,0,0,0,0,0,0,0,,,0,,0,,0,,0,0,0,,0,,0,0,0,,0,,0,,0,,0,0,0,0,,0,0,0,,0,0,0,,0,0,0,,0,0,0,,0,0,0,,0,,,,0,0,0,0,,,0,0,0,,0,0,,0,0,0,0,0,0,0,0,0,,,,,,,,,,,,,,,,,,,,,,,,,,,,0,,,,,,,,,,,,,,,,,,,,,,,,,,,0,,,,,,,,,,,,,,,,,,,,,,,,,,,,,,,,,,,,,,0,0,0,0,0,0,,0,,0,0,0,,0,0,0,0,0,,0,,0,,,,,,,,,,,,,,1,,0,,,,,,,,,,,,0,,,,,,,,,,0,0,0,0,0,0,0,0,,,0,0,0,0,0,0,,0,0,,,,,,,0,0,0,0,0,0,0,2368.0,2350.285
155,0,0,0,2023.0,0,0,0,0,0,0,0,0,0,,,,,0,0,0,,0,0,0,,0,0,0,,,,,,,,,,,,,,,,,,2,131,0,21,134,109,16,66,323,582,275,694,413,132,590,394,49,49,0,230,0,62,171,89,241,365,459,531,476,173,544,234,641,386,182,323,42,0,103,94,85,104,85,67,,0,,,,,,,,,,,,1,,,,,,,,,,,0,0,0,0,0,0,0,0,0,0,0,0,0,0,0,0,0,0,0,,,0,,0,,0,,0,0,0,,0,,0,0,0,,0,,0,,0,,0,0,0,0,,0,0,0,,0,0,0,,0,0,0,,0,0,0,,0,0,0,,0,,,,0,0,0,0,,,0,0,0,,0,0,,0,0,0,0,0,0,0,0,0,,,,,,,,,,,,,,,,,,,,,,,,,,,,0,,,,,,,,,,,,,,,,,,,,,,,,,,,0,,,,,,,,,,,,,,,,,,,,,,,,,,,,,,,,,,,,,,0,0,0,0,0,0,,0,,0,0,0,,0,0,0,0,0,,0,,0,,,,,,,,,,,,,,1,,0,,,,,,,,,,,,0,,,,,,,,,,0,0,0,0,0,0,0,0,,,0,0,0,0,0,0,,0,0,,,,,,,0,0,0,0,0,0,0,63301.0,63254.95
11,0,0,0,2019.0,0,0,0,0,0,0,0,0,0,,,,,0,0,0,,0,0,0,,0,0,0,,,,,,,,,,,,,,,,,,1,29,0,61,74,104,88,125,437,667,356,99,530,267,569,312,423,1,254,65,14,69,22,169,356,55,488,148,580,275,72,527,292,510,282,233,0,307,103,94,85,104,85,67,,0,,,,,,,,,,,,1,,,,,,,,,,,0,0,0,0,0,0,0,0,0,0,0,0,0,0,0,0,0,0,0,,,0,,0,,0,,0,0,0,,0,,0,0,0,,0,,0,,0,,0,0,0,0,,0,0,0,,0,0,0,,0,0,0,,0,0,0,,0,0,0,,0,,,,0,0,0,0,,,0,0,0,,0,0,,0,0,0,0,0,0,0,0,0,,,,,,,,,,,,,,,,,,,,,,,,,,,,0,,,,,,,,,,,,,,,,,,,,,,,,,,,0,,,,,,,,,,,,,,,,,,,,,,,,,,,,,,,,,,,,,,0,0,0,0,0,0,,0,,0,0,0,,0,0,0,0,0,,0,,0,,,,,,,,,,,,,,3,,0,,,,,,,,,,,,0,,,,,,,,,,0,0,0,0,0,0,0,0,,,0,0,0,0,0,0,,0,0,,,,,,,0,0,0,0,0,0,0,24866.0,24873.705
142,0,0,0,2023.0,0,0,0,0,0,0,0,0,0,,,,,0,0,0,,0,0,0,,0,0,0,,,,,,,,,,,,,,,,,,2,264,0,62,56,32,196,281,552,366,11,423,115,618,419,363,19,20,386,334,0,147,127,241,29,156,47,602,211,535,194,633,442,259,261,377,35,391,103,94,85,104,85,67,,0,,,,,,,,,,,,1,,,,,,,,,,,0,0,0,0,0,0,0,0,0,0,0,0,0,0,0,0,0,0,0,,,0,,0,,0,,0,0,0,,0,,0,0,0,,0,,0,,0,,0,0,0,0,,0,0,0,,0,0,0,,0,0,0,,0,0,0,,0,0,0,,0,,,,0,0,0,0,,,0,0,0,,0,0,,0,0,0,0,0,0,0,0,0,,,,,,,,,,,,,,,,,,,,,,,,,,,,0,,,,,,,,,,,,,,,,,,,,,,,,,,,0,,,,,,,,,,,,,,,,,,,,,,,,,,,,,,,,,,,,,,0,0,0,0,0,0,,0,,0,0,0,,0,0,0,0,0,,0,,0,,,,,,,,,,,,,,1,,0,,,,,,,,,,,,0,,,,,,,,,,0,0,0,0,0,0,0,0,,,0,0,0,0,0,0,,0,0,,,,,,,0,0,0,0,0,0,0,97492.0,97251.195
166,0,0,0,2025.0,0,0,0,0,0,0,0,0,0,,,,,0,0,0,,0,0,0,,0,0,0,,,,,,,,,,,,,,,,,,0,559,4,81,146,218,278,0,0,395,498,604,572,632,489,309,43,40,0,3,31,170,234,305,382,0,412,360,47,167,176,205,128,507,425,2,0,0,103,94,85,104,85,67,,0,,,,,,,,,,,,1,,,,,,,,,,,0,0,0,0,0,0,0,0,0,0,0,0,0,0,0,0,0,0,0,,,0,,0,,0,,0,0,0,,0,,0,0,0,,0,,0,,0,,0,0,0,0,,0,0,0,,0,0,0,,0,0,0,,0,0,0,,0,0,0,,0,,,,0,0,0,0,,,0,0,0,,0,0,,0,0,0,0,0,0,0,0,0,,,,,,,,,,,,,,,,,,,,,,,,,,,,0,,,,,,,,,,,,,,,,,,,,,,,,,,,0,,,,,,,,,,,,,,,,,,,,,,,,,,,,,,,,,,,,,,0,0,0,0,0,0,,0,,0,0,0,,0,0,0,0,0,,0,,0,,,,,,,,,,,,,,1,,0,,,,,,,,,,,,0,,,,,,,,,,0,0,0,0,0,0,0,0,,,0,0,0,0,0,0,,0,0,,,,,,,0,0,0,0,0,0,0,9.0,9.273
62,0,0,0,2020.0,0,0,0,0,0,0,0,0,0,,,,,0,0,0,,0,0,0,,0,0,0,,,,,,,,,,,,,,,,,,2,280,0,18,115,130,102,153,580,362,55,465,169,626,312,117,392,80,58,346,7,23,233,189,12,86,55,592,261,615,383,131,551,260,90,172,72,76,103,94,85,104,85,67,,0,,,,,,,,,,,,1,,,,,,,,,,,0,0,0,0,0,0,0,0,0,0,0,0,0,0,0,0,0,0,0,,,0,,0,,0,,0,0,0,,0,,0,0,0,,0,,0,,0,,0,0,0,0,,0,0,0,,0,0,0,,0,0,0,,0,0,0,,0,0,0,,0,,,,0,0,0,0,,,0,0,0,,0,0,,0,0,0,0,0,0,0,0,0,,,,,,,,,,,,,,,,,,,,,,,,,,,,0,,,,,,,,,,,,,,,,,,,,,,,,,,,0,,,,,,,,,,,,,,,,,,,,,,,,,,,,,,,,,,,,,,0,0,0,0,0,0,,0,,0,0,0,,0,0,0,0,0,,0,,0,,,,,,,,,,,,,,1,,0,,,,,,,,,,,,0,,,,,,,,,,0,0,0,0,0,0,0,0,,,0,0,0,0,0,0,,0,0,,,,,,,0,0,0,0,0,0,0,93247.0,93061.735
131,0,0,0,2020.0,0,0,0,0,0,0,0,0,0,,,,,0,0,0,,0,0,0,,0,0,0,,,,,,,,,,,,,,,,,,2,383,0,36,35,157,37,105,145,202,582,270,140,41,538,433,70,228,386,405,0,122,16,93,232,379,148,315,29,383,128,35,598,436,401,147,49,391,103,94,85,104,85,67,,0,,,,,,,,,,,,1,,,,,,,,,,,0,0,0,0,0,0,0,0,0,0,0,0,0,0,0,0,0,0,0,,,0,,0,,0,,0,0,0,,0,,0,0,0,,0,,0,,0,,0,0,0,0,,0,0,0,,0,0,0,,0,0,0,,0,0,0,,0,0,0,,0,,,,0,0,0,0,,,0,0,0,,0,0,,0,0,0,0,0,0,0,0,0,,,,,,,,,,,,,,,,,,,,,,,,,,,,0,,,,,,,,,,,,,,,,,,,,,,,,,,,0,,,,,,,,,,,,,,,,,,,,,,,,,,,,,,,,,,,,,,0,0,0,0,0,0,,0,,0,0,0,,0,0,0,0,0,,0,,0,,,,,,,,,,,,,,1,,0,,,,,,,,,,,,0,,,,,,,,,,0,0,0,0,0,0,0,0,,,0,0,0,0,0,0,,0,0,,,,,,,0,0,0,0,0,0,0,71491.0,71518.1
27,0,0,0,2019.0,0,0,0,0,0,0,0,0,0,,,,,0,0,0,,0,0,0,,0,0,0,,,,,,,,,,,,,,,,,,1,165,1,49,4,2,205,265,511,87,623,492,360,272,93,99,245,24,224,256,7,105,116,262,73,186,607,253,22,562,449,296,145,547,437,248,0,255,103,94,85,104,85,67,,0,,,,,,,,,,,,1,,,,,,,,,,,0,0,0,0,0,0,0,0,0,0,0,0,0,0,0,0,0,0,0,,,0,,0,,0,,0,0,0,,0,,0,0,0,,0,,0,,0,,0,0,0,0,,0,0,0,,0,0,0,,0,0,0,,0,0,0,,0,0,0,,0,,,,0,0,0,0,,,0,0,0,,0,0,,0,0,0,0,0,0,0,0,0,,,,,,,,,,,,,,,,,,,,,,,,,,,,0,,,,,,,,,,,,,,,,,,,,,,,,,,,0,,,,,,,,,,,,,,,,,,,,,,,,,,,,,,,,,,,,,,0,0,0,0,0,0,,0,,0,0,0,,0,0,0,0,0,,0,,0,,,,,,,,,,,,,,4,,0,,,,,,,,,,,,0,,,,,,,,,,0,0,0,0,0,0,0,0,,,0,0,0,0,0,0,,0,0,,,,,,,0,0,0,0,0,0,0,37498.0,37522.8
61,0,0,0,2023.0,0,0,0,0,0,0,0,0,0,,,,,0,0,0,,0,0,0,,0,0,0,,,,,,,,,,,,,,,,,,5,346,0,61,109,132,103,160,577,387,123,619,499,381,211,196,409,74,138,368,5,25,15,188,15,93,50,579,292,23,533,430,251,53,527,50,1,135,103,94,85,104,85,67,,0,,,,,,,,,,,,1,,,,,,,,,,,0,0,0,0,0,0,0,0,0,0,0,0,0,0,0,0,0,0,0,,,0,,0,,0,,0,0,0,,0,,0,0,0,,0,,0,,0,,0,0,0,0,,0,0,0,,0,0,0,,0,0,0,,0,0,0,,0,0,0,,0,,,,0,0,0,0,,,0,0,0,,0,0,,0,0,0,0,0,0,0,0,0,,,,,,,,,,,,,,,,,,,,,,,,,,,,0,,,,,,,,,,,,,,,,,,,,,,,,,,,0,,,,,,,,,,,,,,,,,,,,,,,,,,,,,,,,,,,,,,0,0,0,0,0,0,,0,,0,0,0,,0,0,0,0,0,,0,,0,,,,,,,,,,,,,,1,,0,,,,,,,,,,,,0,,,,,,,,,,0,0,0,0,0,0,0,0,,,0,0,0,0,0,0,,0,0,,,,,,,0,0,0,0,0,0,0,90366.0,90426.21
38,0,0,0,2025.0,0,0,0,0,0,0,0,0,0,,,,,0,0,0,,0,0,0,,0,0,0,,,,,,,,,,,,,,,,,,6,279,0,0,0,0,0,0,383,345,392,332,271,228,110,132,323,45,171,113,0,0,0,1,2,33,524,166,328,293,242,173,45,513,449,243,1,87,103,94,85,104,85,67,,0,,,,,,,,,,,,1,,,,,,,,,,,0,0,0,0,0,0,0,0,0,0,0,0,0,0,0,0,0,0,0,,,0,,0,,0,,0,0,0,,0,,0,0,0,,0,,0,,0,,0,0,0,0,,0,0,0,,0,0,0,,0,0,0,,0,0,0,,0,0,0,,0,,,,0,0,0,0,,,0,0,0,,0,0,,0,0,0,0,0,0,0,0,0,,,,,,,,,,,,,,,,,,,,,,,,,,,,0,,,,,,,,,,,,,,,,,,,,,,,,,,,0,,,,,,,,,,,,,,,,,,,,,,,,,,,,,,,,,,,,,,0,0,0,0,0,0,,0,,0,0,0,,0,0,0,0,0,,0,,0,,,,,,,,,,,,,,1,,0,,,,,,,,,,,,0,,,,,,,,,,0,0,0,0,0,0,0,0,,,0,0,0,0,0,0,,0,0,,,,,,,0,0,0,0,0,0,0,2113.0,2105.705
169,0,0,0,2019.0,0,0,0,0,0,0,0,0,0,,,,,0,0,0,,0,0,0,,0,0,0,,,,,,,,,,,,,,,,,,1,595,4,81,146,218,278,318,343,29,667,576,524,443,247,98,378,205,0,625,31,170,234,305,382,216,511,119,114,686,517,457,314,83,492,53,103,0,103,94,85,104,85,67,,0,,,,,,,,,,,,1,,,,,,,,,,,0,0,0,0,0,0,0,0,0,0,0,0,0,0,0,0,0,0,0,,,0,,0,,0,,0,0,0,,0,,0,0,0,,0,,0,,0,,0,0,0,0,,0,0,0,,0,0,0,,0,0,0,,0,0,0,,0,0,0,,0,,,,0,0,0,0,,,0,0,0,,0,0,,0,0,0,0,0,0,0,0,0,,,,,,,,,,,,,,,,,,,,,,,,,,,,0,,,,,,,,,,,,,,,,,,,,,,,,,,,0,,,,,,,,,,,,,,,,,,,,,,,,,,,,,,,,,,,,,,0,0,0,0,0,0,,0,,0,0,0,,0,0,0,0,0,,0,,0,,,,,,,,,,,,,,3,,0,,,,,,,,,,,,0,,,,,,,,,,0,0,0,0,0,0,0,0,,,0,0,0,0,0,0,,0,0,,,,,,,0,0,0,0,0,0,0,989.0,963.795
161,0,0,0,2023.0,0,0,0,0,0,0,0,0,0,,,,,0,0,0,,0,0,0,,0,0,0,,,,,,,,,,,,,,,,,,6,567,0,0,0,0,0,0,406,512,102,204,411,439,501,86,464,79,0,578,0,0,0,0,0,0,548,441,79,305,420,511,517,438,57,279,3,0,103,94,85,104,85,67,,0,,,,,,,,,,,,1,,,,,,,,,,,0,0,0,0,0,0,0,0,0,0,0,0,0,0,0,0,0,0,0,,,0,,0,,0,,0,0,0,,0,,0,0,0,,0,,0,,0,,0,0,0,0,,0,0,0,,0,0,0,,0,0,0,,0,0,0,,0,0,0,,0,,,,0,0,0,0,,,0,0,0,,0,0,,0,0,0,0,0,0,0,0,0,,,,,,,,,,,,,,,,,,,,,,,,,,,,0,,,,,,,,,,,,,,,,,,,,,,,,,,,0,,,,,,,,,,,,,,,,,,,,,,,,,,,,,,,,,,,,,,0,0,0,0,0,0,,0,,0,0,0,,0,0,0,0,0,,0,,0,,,,,,,,,,,,,,1,,0,,,,,,,,,,,,0,,,,,,,,,,0,0,0,0,0,0,0,0,,,0,0,0,0,0,0,,0,0,,,,,,,0,0,0,0,0,0,0,17.0,23.44
157,0,0,0,2020.0,0,0,0,0,0,0,0,0,0,,,,,0,0,0,,0,0,0,,0,0,0,,,,,,,,,,,,,,,,,,2,81,0,4,117,84,267,37,279,537,267,16,433,124,598,365,71,24,0,159,0,12,143,18,184,288,405,505,467,180,573,269,658,388,182,257,2,0,103,94,85,104,85,67,,0,,,,,,,,,,,,1,,,,,,,,,,,0,0,0,0,0,0,0,0,0,0,0,0,0,0,0,0,0,0,0,,,0,,0,,0,,0,0,0,,0,,0,0,0,,0,,0,,0,,0,0,0,0,,0,0,0,,0,0,0,,0,0,0,,0,0,0,,0,0,0,,0,,,,0,0,0,0,,,0,0,0,,0,0,,0,0,0,0,0,0,0,0,0,,,,,,,,,,,,,,,,,,,,,,,,,,,,0,,,,,,,,,,,,,,,,,,,,,,,,,,,0,,,,,,,,,,,,,,,,,,,,,,,,,,,,,,,,,,,,,,0,0,0,0,0,0,,0,,0,0,0,,0,0,0,0,0,,0,,0,,,,,,,,,,,,,,1,,0,,,,,,,,,,,,0,,,,,,,,,,0,0,0,0,0,0,0,0,,,0,0,0,0,0,0,,0,0,,,,,,,0,0,0,0,0,0,0,56523.0,56523.87
1,0,0,0,2025.0,0,0,0,0,0,0,0,0,0,,,,,0,0,0,,0,0,0,,0,0,0,,,,,,,,,,,,,,,,,,2,9,5,82,147,219,279,263,79,145,572,291,54,530,7,24,153,0,374,16,32,171,235,306,383,228,63,383,99,547,333,65,447,198,374,0,0,3,103,94,85,104,85,67,,0,,,,,,,,,,,,1,,,,,,,,,,,0,0,0,0,0,0,0,0,0,0,0,0,0,0,0,0,0,0,0,,,0,,0,,0,,0,0,0,,0,,0,0,0,,0,,0,,0,,0,0,0,0,,0,0,0,,0,0,0,,0,0,0,,0,0,0,,0,0,0,,0,,,,0,0,0,0,,,0,0,0,,0,0,,0,0,0,0,0,0,0,0,0,,,,,,,,,,,,,,,,,,,,,,,,,,,,0,,,,,,,,,,,,,,,,,,,,,,,,,,,0,,,,,,,,,,,,,,,,,,,,,,,,,,,,,,,,,,,,,,0,0,0,0,0,0,,0,,0,0,0,,0,0,0,0,0,,0,,0,,,,,,,,,,,,,,1,,0,,,,,,,,,,,,0,,,,,,,,,,0,0,0,0,0,0,0,0,,,0,0,0,0,0,0,,0,0,,,,,,,0,0,0,0,0,0,0,6266.0,6903.685
129,0,0,0,2025.0,0,0,0,0,0,0,0,0,0,,,,,0,0,0,,0,0,0,,0,0,0,,,,,,,,,,,,,,,,,,0,644,0,1,0,0,249,298,321,114,56,668,565,460,265,204,368,84,386,635,0,0,0,12,325,364,602,109,117,16,593,492,350,136,15,92,72,391,103,94,85,104,85,67,,0,,,,,,,,,,,,1,,,,,,,,,,,0,0,0,0,0,0,0,0,0,0,0,0,0,0,0,0,0,0,0,,,0,,0,,0,,0,0,0,,0,,0,0,0,,0,,0,,0,,0,0,0,0,,0,0,0,,0,0,0,,0,0,0,,0,0,0,,0,0,0,,0,,,,0,0,0,0,,,0,0,0,,0,0,,0,0,0,0,0,0,0,0,0,,,,,,,,,,,,,,,,,,,,,,,,,,,,0,,,,,,,,,,,,,,,,,,,,,,,,,,,0,,,,,,,,,,,,,,,,,,,,,,,,,,,,,,,,,,,,,,0,0,0,0,0,0,,0,,0,0,0,,0,0,0,0,0,,0,,0,,,,,,,,,,,,,,1,,0,,,,,,,,,,,,0,,,,,,,,,,0,0,0,0,0,0,0,0,,,0,0,0,0,0,0,,0,0,,,,,,,0,0,0,0,0,0,0,14527.0,38276.67
62,0,0,0,2023.0,0,0,0,0,0,0,0,0,0,,,,,0,0,0,,0,0,0,,0,0,0,,,,,,,,,,,,,,,,,,2,280,0,18,115,130,102,153,580,362,55,465,169,626,312,117,392,80,58,346,7,23,233,189,12,86,55,592,261,615,383,131,551,260,90,172,72,76,103,94,85,104,85,67,,0,,,,,,,,,,,,1,,,,,,,,,,,0,0,0,0,0,0,0,0,0,0,0,0,0,0,0,0,0,0,0,,,0,,0,,0,,0,0,0,,0,,0,0,0,,0,,0,,0,,0,0,0,0,,0,0,0,,0,0,0,,0,0,0,,0,0,0,,0,0,0,,0,,,,0,0,0,0,,,0,0,0,,0,0,,0,0,0,0,0,0,0,0,0,,,,,,,,,,,,,,,,,,,,,,,,,,,,0,,,,,,,,,,,,,,,,,,,,,,,,,,,0,,,,,,,,,,,,,,,,,,,,,,,,,,,,,,,,,,,,,,0,0,0,0,0,0,,0,,0,0,0,,0,0,0,0,0,,0,,0,,,,,,,,,,,,,,1,,0,,,,,,,,,,,,0,,,,,,,,,,0,0,0,0,0,0,0,0,,,0,0,0,0,0,0,,0,0,,,,,,,0,0,0,0,0,0,0,93247.0,93061.735
65,0,0,0,2020.0,0,0,0,0,0,0,0,0,0,,,,,0,0,0,,0,0,0,,0,0,0,,,,,,,,,,,,,,,,,,6,229,0,0,0,0,0,0,245,243,397,369,394,324,197,206,413,121,271,198,0,0,0,1,345,385,416,139,398,400,360,299,143,615,545,146,112,207,103,94,85,104,85,67,,0,,,,,,,,,,,,1,,,,,,,,,,,0,0,0,0,0,0,0,0,0,0,0,0,0,0,0,0,0,0,0,,,0,,0,,0,,0,0,0,,0,,0,0,0,,0,,0,,0,,0,0,0,0,,0,0,0,,0,0,0,,0,0,0,,0,0,0,,0,0,0,,0,,,,0,0,0,0,,,0,0,0,,0,0,,0,0,0,0,0,0,0,0,0,,,,,,,,,,,,,,,,,,,,,,,,,,,,0,,,,,,,,,,,,,,,,,,,,,,,,,,,0,,,,,,,,,,,,,,,,,,,,,,,,,,,,,,,,,,,,,,0,0,0,0,0,0,,0,,0,0,0,,0,0,0,0,0,,0,,0,,,,,,,,,,,,,,1,,0,,,,,,,,,,,,0,,,,,,,,,,0,0,0,0,0,0,0,0,,,0,0,0,0,0,0,,0,0,,,,,,,0,0,0,0,0,0,0,1174.0,1184.17
16,0,0,0,2023.0,0,0,0,0,0,0,0,0,0,,,,,0,0,0,,0,0,0,,0,0,0,,,,,,,,,,,,,,,,,,6,297,0,0,0,0,1,9,385,227,263,241,160,112,643,11,129,2,381,92,0,0,125,165,355,59,474,77,200,182,143,56,597,370,248,245,1,324,103,94,85,104,85,67,,0,,,,,,,,,,,,1,,,,,,,,,,,0,0,0,0,0,0,0,0,0,0,0,0,0,0,0,0,0,0,0,,,0,,0,,0,,0,0,0,,0,,0,0,0,,0,,0,,0,,0,0,0,0,,0,0,0,,0,0,0,,0,0,0,,0,0,0,,0,0,0,,0,,,,0,0,0,0,,,0,0,0,,0,0,,0,0,0,0,0,0,0,0,0,,,,,,,,,,,,,,,,,,,,,,,,,,,,0,,,,,,,,,,,,,,,,,,,,,,,,,,,0,,,,,,,,,,,,,,,,,,,,,,,,,,,,,,,,,,,,,,0,0,0,0,0,0,,0,,0,0,0,,0,0,0,0,0,,0,,0,,,,,,,,,,,,,,1,,0,,,,,,,,,,,,0,,,,,,,,,,0,0,0,0,0,0,0,0,,,0,0,0,0,0,0,,0,0,,,,,,,0,0,0,0,0,0,0,1749.0,1747.515
172,0,0,0,2020.0,0,0,0,0,0,0,0,0,0,,,,,0,0,0,,0,0,0,,0,0,0,,,,,,,,,,,,,,,,,,2,620,0,49,50,151,27,104,425,129,677,465,274,185,54,600,188,114,165,619,0,64,154,33,259,346,589,163,144,600,400,217,115,588,424,377,42,312,103,94,85,104,85,67,,0,,,,,,,,,,,,1,,,,,,,,,,,0,0,0,0,0,0,0,0,0,0,0,0,0,0,0,0,0,0,0,,,0,,0,,0,,0,0,0,,0,,0,0,0,,0,,0,,0,,0,0,0,0,,0,0,0,,0,0,0,,0,0,0,,0,0,0,,0,0,0,,0,,,,0,0,0,0,,,0,0,0,,0,0,,0,0,0,0,0,0,0,0,0,,,,,,,,,,,,,,,,,,,,,,,,,,,,0,,,,,,,,,,,,,,,,,,,,,,,,,,,0,,,,,,,,,,,,,,,,,,,,,,,,,,,,,,,,,,,,,,0,0,0,0,0,0,,0,,0,0,0,,0,0,0,0,0,,0,,0,,,,,,,,,,,,,,1,,0,,,,,,,,,,,,0,,,,,,,,,,0,0,0,0,0,0,0,0,,,0,0,0,0,0,0,,0,0,,,,,,,0,0,0,0,0,0,0,16436.0,17308.295
124,0,0,0,2025.0,0,0,0,0,0,0,0,0,0,,,,,0,0,0,,0,0,0,,0,0,0,,,,,,,,,,,,,,,,,,1,680,4,81,146,218,278,166,257,312,187,78,32,673,572,603,482,234,385,684,31,170,234,305,382,30,255,452,234,96,21,14,636,458,574,384,143,390,80,90,4,81,51,59,,0,,,,,,,,,,,,1,,,,,,,,,,,0,0,0,0,0,0,0,0,0,0,0,0,0,0,0,0,0,0,0,,,0,,0,,0,,0,0,0,,0,,0,0,0,,0,,0,,0,,0,0,0,0,,0,0,0,,0,0,0,,0,0,0,,0,0,0,,0,0,0,,0,,,,0,0,0,0,,,0,0,0,,0,0,,0,0,0,0,0,0,0,0,0,,,,,,,,,,,,,,,,,,,,,,,,,,,,0,,,,,,,,,,,,,,,,,,,,,,,,,,,0,,,,,,,,,,,,,,,,,,,,,,,,,,,,,,,,,,,,,,0,0,0,0,0,0,,0,,0,0,0,,0,0,0,0,0,,0,,0,,,,,,,,,,,,,,1,,0,,,,,,,,,,,,0,,,,,,,,,,0,0,0,0,0,0,0,0,,,0,0,0,0,0,0,,0,0,,,,,,,0,0,0,0,0,0,0,92125.0,91822.32
88,0,0,0,2025.0,0,0,0,0,0,0,0,0,0,,,,,0,0,0,,0,0,0,,0,0,0,,,,,,,,,,,,,,,,,,2,464,0,37,31,200,140,213,70,495,110,503,249,76,571,455,26,2,21,478,0,5,150,286,136,243,199,704,353,707,465,272,65,468,379,349,72,45,103,94,85,104,85,67,,0,,,,,,,,,,,,1,,,,,,,,,,,0,0,0,0,0,0,0,0,0,0,0,0,0,0,0,0,0,0,0,,,0,,0,,0,,0,0,0,,0,,0,0,0,,0,,0,,0,,0,0,0,0,,0,0,0,,0,0,0,,0,0,0,,0,0,0,,0,0,0,,0,,,,0,0,0,0,,,0,0,0,,0,0,,0,0,0,0,0,0,0,0,0,,,,,,,,,,,,,,,,,,,,,,,,,,,,0,,,,,,,,,,,,,,,,,,,,,,,,,,,0,,,,,,,,,,,,,,,,,,,,,,,,,,,,,,,,,,,,,,0,0,0,0,0,0,,0,,0,0,0,,0,0,0,0,0,,0,,0,,,,,,,,,,,,,,1,,0,,,,,,,,,,,,0,,,,,,,,,,0,0,0,0,0,0,0,0,,,0,0,0,0,0,0,,0,0,,,,,,,0,0,0,0,0,0,0,136965.0,136921.275
114,0,0,0,2019.0,0,0,0,0,0,0,0,0,0,,,,,0,0,0,,0,0,0,,0,0,0,,,,,,,,,,,,,,,,,,1,127,0,0,0,0,0,0,434,503,659,98,151,282,293,396,229,67,386,103,0,0,141,1,269,385,304,453,673,81,175,304,318,221,276,358,109,391,103,94,85,104,85,67,,0,,,,,,,,,,,,1,,,,,,,,,,,0,0,0,0,0,0,0,0,0,0,0,0,0,0,0,0,0,0,0,,,0,,0,,0,,0,0,0,,0,,0,0,0,,0,,0,,0,,0,0,0,0,,0,0,0,,0,0,0,,0,0,0,,0,0,0,,0,0,0,,0,,,,0,0,0,0,,,0,0,0,,0,0,,0,0,0,0,0,0,0,0,0,,,,,,,,,,,,,,,,,,,,,,,,,,,,0,,,,,,,,,,,,,,,,,,,,,,,,,,,0,,,,,,,,,,,,,,,,,,,,,,,,,,,,,,,,,,,,,,0,0,0,0,0,0,,0,,0,0,0,,0,0,0,0,0,,0,,0,,,,,,,,,,,,,,5,,0,,,,,,,,,,,,0,,,,,,,,,,0,0,0,0,0,0,0,0,,,0,0,0,0,0,0,,0,0,,,,,,,0,0,0,0,0,0,0,248.0,265.255
167,0,0,0,2019.0,0,0,0,0,0,0,0,0,0,,,,,0,0,0,,0,0,0,,0,0,0,,,,,,,,,,,,,,,,,,1,525,4,81,146,218,278,0,0,4,2,505,500,500,528,2,285,0,0,561,31,170,234,305,382,0,0,0,376,2,359,653,525,581,472,156,1,0,103,94,85,104,85,67,,0,,,,,,,,,,,,1,,,,,,,,,,,0,0,0,0,0,0,0,0,0,0,0,0,0,0,0,0,0,0,0,,,0,,0,,0,,0,0,0,,0,,0,0,0,,0,,0,,0,,0,0,0,0,,0,0,0,,0,0,0,,0,0,0,,0,0,0,,0,0,0,,0,,,,0,0,0,0,,,0,0,0,,0,0,,0,0,0,0,0,0,0,0,0,,,,,,,,,,,,,,,,,,,,,,,,,,,,0,,,,,,,,,,,,,,,,,,,,,,,,,,,0,,,,,,,,,,,,,,,,,,,,,,,,,,,,,,,,,,,,,,0,0,0,0,0,0,,0,,0,0,0,,0,0,0,0,0,,0,,0,,,,,,,,,,,,,,5,,0,,,,,,,,,,,,0,,,,,,,,,,0,0,0,0,0,0,0,0,,,0,0,0,0,0,0,,0,0,,,,,,,0,0,0,0,0,0,0,0.0,8.99
170,0,0,0,2025.0,0,0,0,0,0,0,0,0,0,,,,,0,0,0,,0,0,0,,0,0,0,,,,,,,,,,,,,,,,,,1,680,4,81,146,218,278,198,37,590,360,174,131,83,27,603,482,234,385,684,31,170,234,305,382,46,275,523,527,286,117,111,81,556,574,384,143,390,17,86,80,24,48,57,,0,,,,,,,,,,,,1,,,,,,,,,,,0,0,0,0,0,0,0,0,0,0,0,0,0,0,0,0,0,0,0,,,0,,0,,0,,0,0,0,,0,,0,0,0,,0,,0,,0,,0,0,0,0,,0,0,0,,0,0,0,,0,0,0,,0,0,0,,0,0,0,,0,,,,0,0,0,0,,,0,0,0,,0,0,,0,0,0,0,0,0,0,0,0,,,,,,,,,,,,,,,,,,,,,,,,,,,,0,,,,,,,,,,,,,,,,,,,,,,,,,,,0,,,,,,,,,,,,,,,,,,,,,,,,,,,,,,,,,,,,,,0,0,0,0,0,0,,0,,0,0,0,,0,0,0,0,0,,0,,0,,,,,,,,,,,,,,1,,0,,,,,,,,,,,,0,,,,,,,,,,0,0,0,0,0,0,0,0,,,0,0,0,0,0,0,,0,0,,,,,,,0,0,0,0,0,0,0,53062.0,53049.28
84,0,0,0,2025.0,0,0,0,0,0,0,0,0,0,,,,,0,0,0,,0,0,0,,0,0,0,,,,,,,,,,,,,,,,,,2,400,0,13,54,28,188,272,14,396,24,483,231,69,551,416,472,177,10,419,0,159,146,301,132,247,126,656,260,625,423,232,30,454,383,257,0,35,103,94,85,104,85,67,,0,,,,,,,,,,,,1,,,,,,,,,,,0,0,0,0,0,0,0,0,0,0,0,0,0,0,0,0,0,0,0,,,0,,0,,0,,0,0,0,,0,,0,0,0,,0,,0,,0,,0,0,0,0,,0,0,0,,0,0,0,,0,0,0,,0,0,0,,0,0,0,,0,,,,0,0,0,0,,,0,0,0,,0,0,,0,0,0,0,0,0,0,0,0,,,,,,,,,,,,,,,,,,,,,,,,,,,,0,,,,,,,,,,,,,,,,,,,,,,,,,,,0,,,,,,,,,,,,,,,,,,,,,,,,,,,,,,,,,,,,,,0,0,0,0,0,0,,0,,0,0,0,,0,0,0,0,0,,0,,0,,,,,,,,,,,,,,1,,0,,,,,,,,,,,,0,,,,,,,,,,0,0,0,0,0,0,0,0,,,0,0,0,0,0,0,,0,0,,,,,,,0,0,0,0,0,0,0,116247.0,116332.035
129,0,0,0,2023.0,0,0,0,0,0,0,0,0,0,,,,,0,0,0,,0,0,0,,0,0,0,,,,,,,,,,,,,,,,,,0,644,0,1,0,0,249,298,321,114,56,668,565,460,265,204,368,84,386,635,0,0,0,12,325,364,602,109,117,16,593,492,350,136,15,92,72,391,103,94,85,104,85,67,,0,,,,,,,,,,,,1,,,,,,,,,,,0,0,0,0,0,0,0,0,0,0,0,0,0,0,0,0,0,0,0,,,0,,0,,0,,0,0,0,,0,,0,0,0,,0,,0,,0,,0,0,0,0,,0,0,0,,0,0,0,,0,0,0,,0,0,0,,0,0,0,,0,,,,0,0,0,0,,,0,0,0,,0,0,,0,0,0,0,0,0,0,0,0,,,,,,,,,,,,,,,,,,,,,,,,,,,,0,,,,,,,,,,,,,,,,,,,,,,,,,,,0,,,,,,,,,,,,,,,,,,,,,,,,,,,,,,,,,,,,,,0,0,0,0,0,0,,0,,0,0,0,,0,0,0,0,0,,0,,0,,,,,,,,,,,,,,1,,0,,,,,,,,,,,,0,,,,,,,,,,0,0,0,0,0,0,0,0,,,0,0,0,0,0,0,,0,0,,,,,,,0,0,0,0,0,0,0,14527.0,38255.325
111,0,0,0,2023.0,0,0,0,0,0,0,0,0,0,,,,,0,0,0,,0,0,0,,0,0,0,,,,,,,,,,,,,,,,,,5,478,0,16,10,100,12,57,200,290,151,649,604,547,423,461,246,82,332,484,0,118,20,80,261,382,213,346,143,42,601,564,481,322,332,373,116,371,103,94,85,104,85,67,,0,,,,,,,,,,,,1,,,,,,,,,,,0,0,0,0,0,0,0,0,0,0,0,0,0,0,0,0,0,0,0,,,0,,0,,0,,0,0,0,,0,,0,0,0,,0,,0,,0,,0,0,0,0,,0,0,0,,0,0,0,,0,0,0,,0,0,0,,0,0,0,,0,,,,0,0,0,0,,,0,0,0,,0,0,,0,0,0,0,0,0,0,0,0,,,,,,,,,,,,,,,,,,,,,,,,,,,,0,,,,,,,,,,,,,,,,,,,,,,,,,,,0,,,,,,,,,,,,,,,,,,,,,,,,,,,,,,,,,,,,,,0,0,0,0,0,0,,0,,0,0,0,,0,0,0,0,0,,0,,0,,,,,,,,,,,,,,1,,0,,,,,,,,,,,,0,,,,,,,,,,0,0,0,0,0,0,0,0,,,0,0,0,0,0,0,,0,0,,,,,,,0,0,0,0,0,0,0,81460.0,81566.795
132,0,0,0,2025.0,0,0,0,0,0,0,0,0,0,,,,,0,0,0,,0,0,0,,0,0,0,,,,,,,,,,,,,,,,,,2,384,0,27,23,140,25,86,147,206,596,283,121,18,519,435,68,20,386,406,0,110,224,87,228,372,158,332,35,392,124,681,584,416,394,102,17,391,103,94,85,104,85,67,,0,,,,,,,,,,,,1,,,,,,,,,,,0,0,0,0,0,0,0,0,0,0,0,0,0,0,0,0,0,0,0,,,0,,0,,0,,0,0,0,,0,,0,0,0,,0,,0,,0,,0,0,0,0,,0,0,0,,0,0,0,,0,0,0,,0,0,0,,0,0,0,,0,,,,0,0,0,0,,,0,0,0,,0,0,,0,0,0,0,0,0,0,0,0,,,,,,,,,,,,,,,,,,,,,,,,,,,,0,,,,,,,,,,,,,,,,,,,,,,,,,,,0,,,,,,,,,,,,,,,,,,,,,,,,,,,,,,,,,,,,,,0,0,0,0,0,0,,0,,0,0,0,,0,0,0,0,0,,0,,0,,,,,,,,,,,,,,1,,0,,,,,,,,,,,,0,,,,,,,,,,0,0,0,0,0,0,0,0,,,0,0,0,0,0,0,,0,0,,,,,,,0,0,0,0,0,0,0,72727.0,72717.24
122,0,0,0,2025.0,0,0,0,0,0,0,0,0,0,,,,,0,0,0,,0,0,0,,0,0,0,,,,,,,,,,,,,,,,,,2,519,0,60,66,15,87,172,289,134,601,407,211,43,546,524,68,23,386,528,0,160,111,161,307,38,281,285,668,410,220,146,24,525,557,139,17,391,103,94,85,104,85,67,,0,,,,,,,,,,,,1,,,,,,,,,,,0,0,0,0,0,0,0,0,0,0,0,0,0,0,0,0,0,0,0,,,0,,0,,0,,0,0,0,,0,,0,0,0,,0,,0,,0,,0,0,0,0,,0,0,0,,0,0,0,,0,0,0,,0,0,0,,0,0,0,,0,,,,0,0,0,0,,,0,0,0,,0,0,,0,0,0,0,0,0,0,0,0,,,,,,,,,,,,,,,,,,,,,,,,,,,,0,,,,,,,,,,,,,,,,,,,,,,,,,,,0,,,,,,,,,,,,,,,,,,,,,,,,,,,,,,,,,,,,,,0,0,0,0,0,0,,0,,0,0,0,,0,0,0,0,0,,0,,0,,,,,,,,,,,,,,1,,0,,,,,,,,,,,,0,,,,,,,,,,0,0,0,0,0,0,0,0,,,0,0,0,0,0,0,,0,0,,,,,,,0,0,0,0,0,0,0,72416.0,72429.98
92,0,0,0,2019.0,0,0,0,0,0,0,0,0,0,,,,,0,0,0,,0,0,0,,0,0,0,,,,,,,,,,,,,,,,,,1,369,0,0,0,0,1,9,108,194,335,310,410,403,338,345,91,4,266,199,0,0,0,0,7,33,354,40,229,282,354,346,267,119,139,232,26,206,103,94,85,104,85,67,,0,,,,,,,,,,,,1,,,,,,,,,,,0,0,0,0,0,0,0,0,0,0,0,0,0,0,0,0,0,0,0,,,0,,0,,0,,0,0,0,,0,,0,0,0,,0,,0,,0,,0,0,0,0,,0,0,0,,0,0,0,,0,0,0,,0,0,0,,0,0,0,,0,,,,0,0,0,0,,,0,0,0,,0,0,,0,0,0,0,0,0,0,0,0,,,,,,,,,,,,,,,,,,,,,,,,,,,,0,,,,,,,,,,,,,,,,,,,,,,,,,,,0,,,,,,,,,,,,,,,,,,,,,,,,,,,,,,,,,,,,,,0,0,0,0,0,0,,0,,0,0,0,,0,0,0,0,0,,0,,0,,,,,,,,,,,,,,5,,0,,,,,,,,,,,,0,,,,,,,,,,0,0,0,0,0,0,0,0,,,0,0,0,0,0,0,,0,0,,,,,,,0,0,0,0,0,0,0,1104.0,1103.475
54,0,0,0,2020.0,0,0,0,0,0,0,0,0,0,,,,,0,0,0,,0,0,0,,0,0,0,,,,,,,,,,,,,,,,,,5,351,1,1,131,135,133,188,13,329,89,620,486,388,191,180,366,74,172,374,3,13,11,211,61,128,81,540,253,15,523,413,225,613,521,318,90,192,103,94,85,104,85,67,,0,,,,,,,,,,,,1,,,,,,,,,,,0,0,0,0,0,0,0,0,0,0,0,0,0,0,0,0,0,0,0,,,0,,0,,0,,0,0,0,,0,,0,0,0,,0,,0,,0,,0,0,0,0,,0,0,0,,0,0,0,,0,0,0,,0,0,0,,0,0,0,,0,,,,0,0,0,0,,,0,0,0,,0,0,,0,0,0,0,0,0,0,0,0,,,,,,,,,,,,,,,,,,,,,,,,,,,,0,,,,,,,,,,,,,,,,,,,,,,,,,,,0,,,,,,,,,,,,,,,,,,,,,,,,,,,,,,,,,,,,,,0,0,0,0,0,0,,0,,0,0,0,,0,0,0,0,0,,0,,0,,,,,,,,,,,,,,1,,0,,,,,,,,,,,,0,,,,,,,,,,0,0,0,0,0,0,0,0,,,0,0,0,0,0,0,,0,0,,,,,,,0,0,0,0,0,0,0,86672.0,86752.695
81,0,0,0,2020.0,0,0,0,0,0,0,0,0,0,,,,,0,0,0,,0,0,0,,0,0,0,,,,,,,,,,,,,,,,,,2,408,0,10,46,17,171,245,52,348,54,520,294,109,576,457,456,80,33,425,15,139,136,282,125,225,145,659,264,644,442,250,62,476,380,289,0,56,103,94,85,104,85,67,,0,,,,,,,,,,,,1,,,,,,,,,,,0,0,0,0,0,0,0,0,0,0,0,0,0,0,0,0,0,0,0,,,0,,0,,0,,0,0,0,,0,,0,0,0,,0,,0,,0,,0,0,0,0,,0,0,0,,0,0,0,,0,0,0,,0,0,0,,0,0,0,,0,,,,0,0,0,0,,,0,0,0,,0,0,,0,0,0,0,0,0,0,0,0,,,,,,,,,,,,,,,,,,,,,,,,,,,,0,,,,,,,,,,,,,,,,,,,,,,,,,,,0,,,,,,,,,,,,,,,,,,,,,,,,,,,,,,,,,,,,,,0,0,0,0,0,0,,0,,0,0,0,,0,0,0,0,0,,0,,0,,,,,,,,,,,,,,1,,0,,,,,,,,,,,,0,,,,,,,,,,0,0,0,0,0,0,0,0,,,0,0,0,0,0,0,,0,0,,,,,,,0,0,0,0,0,0,0,116603.0,116375.24
143,0,0,0,2025.0,0,0,0,0,0,0,0,0,0,,,,,0,0,0,,0,0,0,,0,0,0,,,,,,,,,,,,,,,,,,2,202,0,44,43,24,130,227,512,381,14,428,113,610,383,347,5,20,386,299,0,133,96,208,378,84,15,582,230,542,202,657,437,255,228,6,73,391,103,94,85,104,85,67,,0,,,,,,,,,,,,1,,,,,,,,,,,0,0,0,0,0,0,0,0,0,0,0,0,0,0,0,0,0,0,0,,,0,,0,,0,,0,0,0,,0,,0,0,0,,0,,0,,0,,0,0,0,0,,0,0,0,,0,0,0,,0,0,0,,0,0,0,,0,0,0,,0,,,,0,0,0,0,,,0,0,0,,0,0,,0,0,0,0,0,0,0,0,0,,,,,,,,,,,,,,,,,,,,,,,,,,,,0,,,,,,,,,,,,,,,,,,,,,,,,,,,0,,,,,,,,,,,,,,,,,,,,,,,,,,,,,,,,,,,,,,0,0,0,0,0,0,,0,,0,0,0,,0,0,0,0,0,,0,,0,,,,,,,,,,,,,,1,,0,,,,,,,,,,,,0,,,,,,,,,,0,0,0,0,0,0,0,0,,,0,0,0,0,0,0,,0,0,,,,,,,0,0,0,0,0,0,0,91675.0,91026.63
115,0,0,0,2025.0,0,0,0,0,0,0,0,0,0,,,,,0,0,0,,0,0,0,,0,0,0,,,,,,,,,,,,,,,,,,2,446,0,57,48,156,39,112,212,205,691,495,235,114,615,510,62,177,386,458,0,156,68,109,284,424,188,281,25,534,398,209,137,606,569,116,127,391,103,94,85,104,85,67,,0,,,,,,,,,,,,1,,,,,,,,,,,0,0,0,0,0,0,0,0,0,0,0,0,0,0,0,0,0,0,0,,,0,,0,,0,,0,0,0,,0,,0,0,0,,0,,0,,0,,0,0,0,0,,0,0,0,,0,0,0,,0,0,0,,0,0,0,,0,0,0,,0,,,,0,0,0,0,,,0,0,0,,0,0,,0,0,0,0,0,0,0,0,0,,,,,,,,,,,,,,,,,,,,,,,,,,,,0,,,,,,,,,,,,,,,,,,,,,,,,,,,0,,,,,,,,,,,,,,,,,,,,,,,,,,,,,,,,,,,,,,0,0,0,0,0,0,,0,,0,0,0,,0,0,0,0,0,,0,,0,,,,,,,,,,,,,,1,,0,,,,,,,,,,,,0,,,,,,,,,,0,0,0,0,0,0,0,0,,,0,0,0,0,0,0,,0,0,,,,,,,0,0,0,0,0,0,0,78085.0,78105.58
105,0,0,0,2019.0,0,0,0,0,0,0,0,0,0,,,,,0,0,0,,0,0,0,,0,0,0,,,,,,,,,,,,,,,,,,1,426,0,72,119,64,227,313,156,322,52,548,354,153,561,511,71,205,233,443,0,44,194,49,211,326,218,384,133,589,472,376,199,591,502,11,112,363,103,94,85,104,85,67,,0,,,,,,,,,,,,1,,,,,,,,,,,0,0,0,0,0,0,0,0,0,0,0,0,0,0,0,0,0,0,0,,,0,,0,,0,,0,0,0,,0,,0,0,0,,0,,0,,0,,0,0,0,0,,0,0,0,,0,0,0,,0,0,0,,0,0,0,,0,0,0,,0,,,,0,0,0,0,,,0,0,0,,0,0,,0,0,0,0,0,0,0,0,0,,,,,,,,,,,,,,,,,,,,,,,,,,,,0,,,,,,,,,,,,,,,,,,,,,,,,,,,0,,,,,,,,,,,,,,,,,,,,,,,,,,,,,,,,,,,,,,0,0,0,0,0,0,,0,,0,0,0,,0,0,0,0,0,,0,,0,,,,,,,,,,,,,,3,,0,,,,,,,,,,,,0,,,,,,,,,,0,0,0,0,0,0,0,0,,,0,0,0,0,0,0,,0,0,,,,,,,0,0,0,0,0,0,0,90396.0,90626.075
168,0,0,0,2023.0,0,0,0,0,0,0,0,0,0,,,,,0,0,0,,0,0,0,,0,0,0,,,,,,,,,,,,,,,,,,1,680,4,81,146,218,278,3,476,547,476,339,266,242,140,603,482,234,385,684,31,170,234,305,382,6,107,404,565,433,326,247,257,93,574,384,143,390,12,25,58,12,77,9,,0,,,,,,,,,,,,1,,,,,,,,,,,0,0,0,0,0,0,0,0,0,0,0,0,0,0,0,0,0,0,0,,,0,,0,,0,,0,0,0,,0,,0,0,0,,0,,0,,0,,0,0,0,0,,0,0,0,,0,0,0,,0,0,0,,0,0,0,,0,0,0,,0,,,,0,0,0,0,,,0,0,0,,0,0,,0,0,0,0,0,0,0,0,0,,,,,,,,,,,,,,,,,,,,,,,,,,,,0,,,,,,,,,,,,,,,,,,,,,,,,,,,0,,,,,,,,,,,,,,,,,,,,,,,,,,,,,,,,,,,,,,0,0,0,0,0,0,,0,,0,0,0,,0,0,0,0,0,,0,,0,,,,,,,,,,,,,,1,,0,,,,,,,,,,,,0,,,,,,,,,,0,0,0,0,0,0,0,0,,,0,0,0,0,0,0,,0,0,,,,,,,0,0,0,0,0,0,0,33.9,33.824999999999896
154,0,0,0,2020.0,0,0,0,0,0,0,0,0,0,,,,,0,0,0,,0,0,0,,0,0,0,,,,,,,,,,,,,,,,,,2,95,0,14,9,112,9,64,314,545,250,656,310,70,473,342,9,45,0,181,0,71,177,82,237,358,440,517,457,142,494,153,602,302,159,264,134,0,103,94,85,104,85,67,,0,,,,,,,,,,,,1,,,,,,,,,,,0,0,0,0,0,0,0,0,0,0,0,0,0,0,0,0,0,0,0,,,0,,0,,0,,0,0,0,,0,,0,0,0,,0,,0,,0,,0,0,0,0,,0,0,0,,0,0,0,,0,0,0,,0,0,0,,0,0,0,,0,,,,0,0,0,0,,,0,0,0,,0,0,,0,0,0,0,0,0,0,0,0,,,,,,,,,,,,,,,,,,,,,,,,,,,,0,,,,,,,,,,,,,,,,,,,,,,,,,,,0,,,,,,,,,,,,,,,,,,,,,,,,,,,,,,,,,,,,,,0,0,0,0,0,0,,0,,0,0,0,,0,0,0,0,0,,0,,0,,,,,,,,,,,,,,1,,0,,,,,,,,,,,,0,,,,,,,,,,0,0,0,0,0,0,0,0,,,0,0,0,0,0,0,,0,0,,,,,,,0,0,0,0,0,0,0,62229.0,62270.11
160,0,0,0,2020.0,0,0,0,0,0,0,0,0,0,,,,,0,0,0,,0,0,0,,0,0,0,,,,,,,,,,,,,,,,,,0,619,0,0,0,95,96,136,121,474,695,62,52,643,478,376,462,217,0,609,0,0,0,15,193,283,435,246,605,34,53,19,560,345,226,212,89,0,103,94,85,104,85,67,,0,,,,,,,,,,,,1,,,,,,,,,,,0,0,0,0,0,0,0,0,0,0,0,0,0,0,0,0,0,0,0,,,0,,0,,0,,0,0,0,,0,,0,0,0,,0,,0,,0,,0,0,0,0,,0,0,0,,0,0,0,,0,0,0,,0,0,0,,0,0,0,,0,,,,0,0,0,0,,,0,0,0,,0,0,,0,0,0,0,0,0,0,0,0,,,,,,,,,,,,,,,,,,,,,,,,,,,,0,,,,,,,,,,,,,,,,,,,,,,,,,,,0,,,,,,,,,,,,,,,,,,,,,,,,,,,,,,,,,,,,,,0,0,0,0,0,0,,0,,0,0,0,,0,0,0,0,0,,0,,0,,,,,,,,,,,,,,1,,0,,,,,,,,,,,,0,,,,,,,,,,0,0,0,0,0,0,0,0,,,0,0,0,0,0,0,,0,0,,,,,,,0,0,0,0,0,0,0,1179.0,1190.665
136,0,0,0,2020.0,0,0,0,0,0,0,0,0,0,,,,,0,0,0,,0,0,0,,0,0,0,,,,,,,,,,,,,,,,,,6,11,0,0,0,0,0,0,339,352,517,553,669,57,119,289,218,130,386,11,0,0,0,1,213,282,91,311,528,649,675,104,148,94,253,73,34,391,103,94,85,104,85,67,,0,,,,,,,,,,,,1,,,,,,,,,,,0,0,0,0,0,0,0,0,0,0,0,0,0,0,0,0,0,0,0,,,0,,0,,0,,0,0,0,,0,,0,0,0,,0,,0,,0,,0,0,0,0,,0,0,0,,0,0,0,,0,0,0,,0,0,0,,0,0,0,,0,,,,0,0,0,0,,,0,0,0,,0,0,,0,0,0,0,0,0,0,0,0,,,,,,,,,,,,,,,,,,,,,,,,,,,,0,,,,,,,,,,,,,,,,,,,,,,,,,,,0,,,,,,,,,,,,,,,,,,,,,,,,,,,,,,,,,,,,,,0,0,0,0,0,0,,0,,0,0,0,,0,0,0,0,0,,0,,0,,,,,,,,,,,,,,1,,0,,,,,,,,,,,,0,,,,,,,,,,0,0,0,0,0,0,0,0,,,0,0,0,0,0,0,,0,0,,,,,,,0,0,0,0,0,0,0,168.0,168.07
134,0,0,0,2025.0,0,0,0,0,0,0,0,0,0,,,,,0,0,0,,0,0,0,,0,0,0,,,,,,,,,,,,,,,,,,2,305,0,20,3,103,3,54,107,187,619,240,82,670,467,392,34,16,386,350,0,78,197,60,196,328,133,341,15,409,77,595,503,363,361,114,26,391,103,94,85,104,85,67,,0,,,,,,,,,,,,1,,,,,,,,,,,0,0,0,0,0,0,0,0,0,0,0,0,0,0,0,0,0,0,0,,,0,,0,,0,,0,0,0,,0,,0,0,0,,0,,0,,0,,0,0,0,0,,0,0,0,,0,0,0,,0,0,0,,0,0,0,,0,0,0,,0,,,,0,0,0,0,,,0,0,0,,0,0,,0,0,0,0,0,0,0,0,0,,,,,,,,,,,,,,,,,,,,,,,,,,,,0,,,,,,,,,,,,,,,,,,,,,,,,,,,0,,,,,,,,,,,,,,,,,,,,,,,,,,,,,,,,,,,,,,0,0,0,0,0,0,,0,,0,0,0,,0,0,0,0,0,,0,,0,,,,,,,,,,,,,,1,,0,,,,,,,,,,,,0,,,,,,,,,,0,0,0,0,0,0,0,0,,,0,0,0,0,0,0,,0,0,,,,,,,0,0,0,0,0,0,0,71734.0,71761.485
87,0,0,0,2023.0,0,0,0,0,0,0,0,0,0,,,,,0,0,0,,0,0,0,,0,0,0,,,,,,,,,,,,,,,,,,2,463,0,17,38,18,167,239,62,489,80,502,259,64,546,455,29,218,29,477,0,165,140,289,149,241,185,705,349,677,458,270,73,465,419,283,72,54,103,94,85,104,85,67,,0,,,,,,,,,,,,1,,,,,,,,,,,0,0,0,0,0,0,0,0,0,0,0,0,0,0,0,0,0,0,0,,,0,,0,,0,,0,0,0,,0,,0,0,0,,0,,0,,0,,0,0,0,0,,0,0,0,,0,0,0,,0,0,0,,0,0,0,,0,0,0,,0,,,,0,0,0,0,,,0,0,0,,0,0,,0,0,0,0,0,0,0,0,0,,,,,,,,,,,,,,,,,,,,,,,,,,,,0,,,,,,,,,,,,,,,,,,,,,,,,,,,0,,,,,,,,,,,,,,,,,,,,,,,,,,,,,,,,,,,,,,0,0,0,0,0,0,,0,,0,0,0,,0,0,0,0,0,,0,,0,,,,,,,,,,,,,,1,,0,,,,,,,,,,,,0,,,,,,,,,,0,0,0,0,0,0,0,0,,,0,0,0,0,0,0,,0,0,,,,,,,0,0,0,0,0,0,0,135524.0,135584.72
67,0,0,0,2020.0,0,0,0,0,0,0,0,0,0,,,,,0,0,0,,0,0,0,,0,0,0,,,,,,,,,,,,,,,,,,5,518,1,78,128,164,152,205,105,513,247,51,608,484,293,239,421,133,123,523,10,52,57,258,129,208,196,10,427,170,656,525,370,123,57,160,120,129,103,94,85,104,85,67,,0,,,,,,,,,,,,1,,,,,,,,,,,0,0,0,0,0,0,0,0,0,0,0,0,0,0,0,0,0,0,0,,,0,,0,,0,,0,0,0,,0,,0,0,0,,0,,0,,0,,0,0,0,0,,0,0,0,,0,0,0,,0,0,0,,0,0,0,,0,0,0,,0,,,,0,0,0,0,,,0,0,0,,0,0,,0,0,0,0,0,0,0,0,0,,,,,,,,,,,,,,,,,,,,,,,,,,,,0,,,,,,,,,,,,,,,,,,,,,,,,,,,0,,,,,,,,,,,,,,,,,,,,,,,,,,,,,,,,,,,,,,0,0,0,0,0,0,,0,,0,0,0,,0,0,0,0,0,,0,,0,,,,,,,,,,,,,,1,,0,,,,,,,,,,,,0,,,,,,,,,,0,0,0,0,0,0,0,0,,,0,0,0,0,0,0,,0,0,,,,,,,0,0,0,0,0,0,0,125115.0,120017.68699999999
69,0,0,0,2023.0,0,0,0,0,0,0,0,0,0,,,,,0,0,0,,0,0,0,,0,0,0,,,,,,,,,,,,,,,,,,2,230,1,32,83,34,120,240,539,356,128,625,437,117,502,247,388,1,64,312,16,54,39,185,10,88,34,500,247,684,466,241,634,350,147,144,72,77,103,94,85,104,85,67,,0,,,,,,,,,,,,1,,,,,,,,,,,0,0,0,0,0,0,0,0,0,0,0,0,0,0,0,0,0,0,0,,,0,,0,,0,,0,0,0,,0,,0,0,0,,0,,0,,0,,0,0,0,0,,0,0,0,,0,0,0,,0,0,0,,0,0,0,,0,0,0,,0,,,,0,0,0,0,,,0,0,0,,0,0,,0,0,0,0,0,0,0,0,0,,,,,,,,,,,,,,,,,,,,,,,,,,,,0,,,,,,,,,,,,,,,,,,,,,,,,,,,0,,,,,,,,,,,,,,,,,,,,,,,,,,,,,,,,,,,,,,0,0,0,0,0,0,,0,,0,0,0,,0,0,0,0,0,,0,,0,,,,,,,,,,,,,,1,,0,,,,,,,,,,,,0,,,,,,,,,,0,0,0,0,0,0,0,0,,,0,0,0,0,0,0,,0,0,,,,,,,0,0,0,0,0,0,0,81320.0,80589.005
170,0,0,0,2023.0,0,0,0,0,0,0,0,0,0,,,,,0,0,0,,0,0,0,,0,0,0,,,,,,,,,,,,,,,,,,5,614,4,81,146,218,278,41,319,50,694,588,584,524,332,227,417,12,0,670,31,170,234,305,382,105,516,127,162,83,620,577,466,288,125,209,90,0,103,94,85,104,85,67,,0,,,,,,,,,,,,1,,,,,,,,,,,0,0,0,0,0,0,0,0,0,0,0,0,0,0,0,0,0,0,0,,,0,,0,,0,,0,0,0,,0,,0,0,0,,0,,0,,0,,0,0,0,0,,0,0,0,,0,0,0,,0,0,0,,0,0,0,,0,0,0,,0,,,,0,0,0,0,,,0,0,0,,0,0,,0,0,0,0,0,0,0,0,0,,,,,,,,,,,,,,,,,,,,,,,,,,,,0,,,,,,,,,,,,,,,,,,,,,,,,,,,0,,,,,,,,,,,,,,,,,,,,,,,,,,,,,,,,,,,,,,0,0,0,0,0,0,,0,,0,0,0,,0,0,0,0,0,,0,,0,,,,,,,,,,,,,,1,,0,,,,,,,,,,,,0,,,,,,,,,,0,0,0,0,0,0,0,0,,,0,0,0,0,0,0,,0,0,,,,,,,0,0,0,0,0,0,0,898.0,896.68
171,0,0,0,2020.0,0,0,0,0,0,0,0,0,0,,,,,0,0,0,,0,0,0,,0,0,0,,,,,,,,,,,,,,,,,,6,552,0,0,0,0,0,0,0,141,589,43,201,417,435,50,35,149,0,555,0,0,0,0,0,0,0,97,678,186,218,435,458,437,33,340,59,0,103,94,85,104,85,67,,0,,,,,,,,,,,,1,,,,,,,,,,,0,0,0,0,0,0,0,0,0,0,0,0,0,0,0,0,0,0,0,,,0,,0,,0,,0,0,0,,0,,0,0,0,,0,,0,,0,,0,0,0,0,,0,0,0,,0,0,0,,0,0,0,,0,0,0,,0,0,0,,0,,,,0,0,0,0,,,0,0,0,,0,0,,0,0,0,0,0,0,0,0,0,,,,,,,,,,,,,,,,,,,,,,,,,,,,0,,,,,,,,,,,,,,,,,,,,,,,,,,,0,,,,,,,,,,,,,,,,,,,,,,,,,,,,,,,,,,,,,,0,0,0,0,0,0,,0,,0,0,0,,0,0,0,0,0,,0,,0,,,,,,,,,,,,,,1,,0,,,,,,,,,,,,0,,,,,,,,,,0,0,0,0,0,0,0,0,,,0,0,0,0,0,0,,0,0,,,,,,,0,0,0,0,0,0,0,4.0,11.435
142,0,0,0,2025.0,0,0,0,0,0,0,0,0,0,,,,,0,0,0,,0,0,0,,0,0,0,,,,,,,,,,,,,,,,,,6,679,0,0,0,0,0,0,134,178,427,553,592,15,51,240,131,131,386,682,0,0,0,0,171,120,544,234,480,553,655,55,54,620,178,27,38,391,103,94,85,104,85,67,,0,,,,,,,,,,,,1,,,,,,,,,,,0,0,0,0,0,0,0,0,0,0,0,0,0,0,0,0,0,0,0,,,0,,0,,0,,0,0,0,,0,,0,0,0,,0,,0,,0,,0,0,0,0,,0,0,0,,0,0,0,,0,0,0,,0,0,0,,0,0,0,,0,,,,0,0,0,0,,,0,0,0,,0,0,,0,0,0,0,0,0,0,0,0,,,,,,,,,,,,,,,,,,,,,,,,,,,,0,,,,,,,,,,,,,,,,,,,,,,,,,,,0,,,,,,,,,,,,,,,,,,,,,,,,,,,,,,,,,,,,,,0,0,0,0,0,0,,0,,0,0,0,,0,0,0,0,0,,0,,0,,,,,,,,,,,,,,1,,0,,,,,,,,,,,,0,,,,,,,,,,0,0,0,0,0,0,0,0,,,0,0,0,0,0,0,,0,0,,,,,,,0,0,0,0,0,0,0,90.0,100.63
126,0,0,0,2020.0,0,0,0,0,0,0,0,0,0,,,,,0,0,0,,0,0,0,,0,0,0,,,,,,,,,,,,,,,,,,6,101,0,0,0,0,1,9,499,438,573,661,108,266,234,430,264,156,386,186,0,0,1,182,369,66,357,528,638,696,123,273,363,228,356,84,4,391,103,94,85,104,85,67,,0,,,,,,,,,,,,1,,,,,,,,,,,0,0,0,0,0,0,0,0,0,0,0,0,0,0,0,0,0,0,0,,,0,,0,,0,,0,0,0,,0,,0,0,0,,0,,0,,0,,0,0,0,0,,0,0,0,,0,0,0,,0,0,0,,0,0,0,,0,0,0,,0,,,,0,0,0,0,,,0,0,0,,0,0,,0,0,0,0,0,0,0,0,0,,,,,,,,,,,,,,,,,,,,,,,,,,,,0,,,,,,,,,,,,,,,,,,,,,,,,,,,0,,,,,,,,,,,,,,,,,,,,,,,,,,,,,,,,,,,,,,0,0,0,0,0,0,,0,,0,0,0,,0,0,0,0,0,,0,,0,,,,,,,,,,,,,,1,,0,,,,,,,,,,,,0,,,,,,,,,,0,0,0,0,0,0,0,0,,,0,0,0,0,0,0,,0,0,,,,,,,0,0,0,0,0,0,0,251.0,262.025
151,0,0,0,2025.0,0,0,0,0,0,0,0,0,0,,,,,0,0,0,,0,0,0,,0,0,0,,,,,,,,,,,,,,,,,,2,112,0,34,144,143,35,94,344,525,212,551,208,39,424,307,472,29,0,205,0,84,207,103,278,394,479,600,429,55,411,73,527,258,135,299,42,0,103,94,85,104,85,67,,0,,,,,,,,,,,,1,,,,,,,,,,,0,0,0,0,0,0,0,0,0,0,0,0,0,0,0,0,0,0,0,,,0,,0,,0,,0,0,0,,0,,0,0,0,,0,,0,,0,,0,0,0,0,,0,0,0,,0,0,0,,0,0,0,,0,0,0,,0,0,0,,0,,,,0,0,0,0,,,0,0,0,,0,0,,0,0,0,0,0,0,0,0,0,,,,,,,,,,,,,,,,,,,,,,,,,,,,0,,,,,,,,,,,,,,,,,,,,,,,,,,,0,,,,,,,,,,,,,,,,,,,,,,,,,,,,,,,,,,,,,,0,0,0,0,0,0,,0,,0,0,0,,0,0,0,0,0,,0,,0,,,,,,,,,,,,,,1,,0,,,,,,,,,,,,0,,,,,,,,,,0,0,0,0,0,0,0,0,,,0,0,0,0,0,0,,0,0,,,,,,,0,0,0,0,0,0,0,74172.0,74239.825
22,0,0,0,2020.0,0,0,0,0,0,0,0,0,0,,,,,0,0,0,,0,0,0,,0,0,0,,,,,,,,,,,,,,,,,,5,104,0,71,113,160,147,201,479,59,564,419,263,203,44,46,184,10,251,189,25,95,82,213,9,104,562,223,697,501,387,203,60,429,312,217,1,283,103,94,85,104,85,67,,0,,,,,,,,,,,,1,,,,,,,,,,,0,0,0,0,0,0,0,0,0,0,0,0,0,0,0,0,0,0,0,,,0,,0,,0,,0,0,0,,0,,0,0,0,,0,,0,,0,,0,0,0,0,,0,0,0,,0,0,0,,0,0,0,,0,0,0,,0,0,0,,0,,,,0,0,0,0,,,0,0,0,,0,0,,0,0,0,0,0,0,0,0,0,,,,,,,,,,,,,,,,,,,,,,,,,,,,0,,,,,,,,,,,,,,,,,,,,,,,,,,,0,,,,,,,,,,,,,,,,,,,,,,,,,,,,,,,,,,,,,,0,0,0,0,0,0,,0,,0,0,0,,0,0,0,0,0,,0,,0,,,,,,,,,,,,,,1,,0,,,,,,,,,,,,0,,,,,,,,,,0,0,0,0,0,0,0,0,,,0,0,0,0,0,0,,0,0,,,,,,,0,0,0,0,0,0,0,32883.0,32846.485
170,0,0,0,2019.0,0,0,0,0,0,0,0,0,0,,,,,0,0,0,,0,0,0,,0,0,0,,,,,,,,,,,,,,,,,,1,589,4,81,146,218,278,41,319,35,664,552,522,444,200,137,324,2,0,628,31,170,234,305,382,105,515,111,113,704,527,456,359,150,571,338,72,0,103,94,85,104,85,67,,0,,,,,,,,,,,,1,,,,,,,,,,,0,0,0,0,0,0,0,0,0,0,0,0,0,0,0,0,0,0,0,,,0,,0,,0,,0,0,0,,0,,0,0,0,,0,,0,,0,,0,0,0,0,,0,0,0,,0,0,0,,0,0,0,,0,0,0,,0,0,0,,0,,,,0,0,0,0,,,0,0,0,,0,0,,0,0,0,0,0,0,0,0,0,,,,,,,,,,,,,,,,,,,,,,,,,,,,0,,,,,,,,,,,,,,,,,,,,,,,,,,,0,,,,,,,,,,,,,,,,,,,,,,,,,,,,,,,,,,,,,,0,0,0,0,0,0,,0,,0,0,0,,0,0,0,0,0,,0,,0,,,,,,,,,,,,,,3,,0,,,,,,,,,,,,0,,,,,,,,,,0,0,0,0,0,0,0,0,,,0,0,0,0,0,0,,0,0,,,,,,,0,0,0,0,0,0,0,886.0,884.02
69,0,0,0,2019.0,0,0,0,0,0,0,0,0,0,,,,,0,0,0,,0,0,0,,0,0,0,,,,,,,,,,,,,,,,,,1,230,1,32,83,34,120,240,539,356,128,625,437,117,502,247,388,1,64,312,16,54,39,185,10,88,34,500,247,684,466,241,634,350,147,144,72,77,103,94,85,104,85,67,,0,,,,,,,,,,,,1,,,,,,,,,,,0,0,0,0,0,0,0,0,0,0,0,0,0,0,0,0,0,0,0,,,0,,0,,0,,0,0,0,,0,,0,0,0,,0,,0,,0,,0,0,0,0,,0,0,0,,0,0,0,,0,0,0,,0,0,0,,0,0,0,,0,,,,0,0,0,0,,,0,0,0,,0,0,,0,0,0,0,0,0,0,0,0,,,,,,,,,,,,,,,,,,,,,,,,,,,,0,,,,,,,,,,,,,,,,,,,,,,,,,,,0,,,,,,,,,,,,,,,,,,,,,,,,,,,,,,,,,,,,,,0,0,0,0,0,0,,0,,0,0,0,,0,0,0,0,0,,0,,0,,,,,,,,,,,,,,3,,0,,,,,,,,,,,,0,,,,,,,,,,0,0,0,0,0,0,0,0,,,0,0,0,0,0,0,,0,0,,,,,,,0,0,0,0,0,0,0,81320.0,80527.695
164,0,0,0,2025.0,0,0,0,0,0,0,0,0,0,,,,,0,0,0,,0,0,0,,0,0,0,,,,,,,,,,,,,,,,,,6,578,0,0,0,0,0,0,2,512,30,220,378,473,495,97,481,103,0,583,0,0,0,0,0,0,617,396,112,233,437,524,531,454,55,282,142,0,103,94,85,104,85,67,,0,,,,,,,,,,,,1,,,,,,,,,,,0,0,0,0,0,0,0,0,0,0,0,0,0,0,0,0,0,0,0,,,0,,0,,0,,0,0,0,,0,,0,0,0,,0,,0,,0,,0,0,0,0,,0,0,0,,0,0,0,,0,0,0,,0,0,0,,0,0,0,,0,,,,0,0,0,0,,,0,0,0,,0,0,,0,0,0,0,0,0,0,0,0,,,,,,,,,,,,,,,,,,,,,,,,,,,,0,,,,,,,,,,,,,,,,,,,,,,,,,,,0,,,,,,,,,,,,,,,,,,,,,,,,,,,,,,,,,,,,,,0,0,0,0,0,0,,0,,0,0,0,,0,0,0,0,0,,0,,0,,,,,,,,,,,,,,1,,0,,,,,,,,,,,,0,,,,,,,,,,0,0,0,0,0,0,0,0,,,0,0,0,0,0,0,,0,0,,,,,,,0,0,0,0,0,0,0,13.0,17.47
32,0,0,0,2025.0,0,0,0,0,0,0,0,0,0,,,,,0,0,0,,0,0,0,,0,0,0,,,,,,,,,,,,,,,,,,2,62,1,49,141,178,173,223,513,53,478,184,616,398,58,579,86,0,159,146,17,89,93,235,31,142,614,251,661,388,127,617,398,125,381,311,0,168,103,94,85,104,85,67,,0,,,,,,,,,,,,1,,,,,,,,,,,0,0,0,0,0,0,0,0,0,0,0,0,0,0,0,0,0,0,0,,,0,,0,,0,,0,0,0,,0,,0,0,0,,0,,0,,0,,0,0,0,0,,0,0,0,,0,0,0,,0,0,0,,0,0,0,,0,0,0,,0,,,,0,0,0,0,,,0,0,0,,0,0,,0,0,0,0,0,0,0,0,0,,,,,,,,,,,,,,,,,,,,,,,,,,,,0,,,,,,,,,,,,,,,,,,,,,,,,,,,0,,,,,,,,,,,,,,,,,,,,,,,,,,,,,,,,,,,,,,0,0,0,0,0,0,,0,,0,0,0,,0,0,0,0,0,,0,,0,,,,,,,,,,,,,,1,,0,,,,,,,,,,,,0,,,,,,,,,,0,0,0,0,0,0,0,0,,,0,0,0,0,0,0,,0,0,,,,,,,0,0,0,0,0,0,0,39395.0,39397.84
161,0,0,0,2025.0,0,0,0,0,0,0,0,0,0,,,,,0,0,0,,0,0,0,,0,0,0,,,,,,,,,,,,,,,,,,6,567,0,0,0,0,0,0,406,512,102,204,411,439,501,86,464,79,0,578,0,0,0,0,0,0,548,441,79,305,420,511,517,438,57,279,3,0,103,94,85,104,85,67,,0,,,,,,,,,,,,1,,,,,,,,,,,0,0,0,0,0,0,0,0,0,0,0,0,0,0,0,0,0,0,0,,,0,,0,,0,,0,0,0,,0,,0,0,0,,0,,0,,0,,0,0,0,0,,0,0,0,,0,0,0,,0,0,0,,0,0,0,,0,0,0,,0,,,,0,0,0,0,,,0,0,0,,0,0,,0,0,0,0,0,0,0,0,0,,,,,,,,,,,,,,,,,,,,,,,,,,,,0,,,,,,,,,,,,,,,,,,,,,,,,,,,0,,,,,,,,,,,,,,,,,,,,,,,,,,,,,,,,,,,,,,0,0,0,0,0,0,,0,,0,0,0,,0,0,0,0,0,,0,,0,,,,,,,,,,,,,,1,,0,,,,,,,,,,,,0,,,,,,,,,,0,0,0,0,0,0,0,0,,,0,0,0,0,0,0,,0,0,,,,,,,0,0,0,0,0,0,0,17.0,23.44
123,0,0,0,2025.0,0,0,0,0,0,0,0,0,0,,,,,0,0,0,,0,0,0,,0,0,0,,,,,,,,,,,,,,,,,,2,485,0,65,73,10,79,161,275,116,591,411,225,63,591,566,28,24,386,502,0,164,113,159,292,25,264,293,669,415,243,163,98,617,35,171,69,391,103,94,85,104,85,67,,0,,,,,,,,,,,,1,,,,,,,,,,,0,0,0,0,0,0,0,0,0,0,0,0,0,0,0,0,0,0,0,,,0,,0,,0,,0,0,0,,0,,0,0,0,,0,,0,,0,,0,0,0,0,,0,0,0,,0,0,0,,0,0,0,,0,0,0,,0,0,0,,0,,,,0,0,0,0,,,0,0,0,,0,0,,0,0,0,0,0,0,0,0,0,,,,,,,,,,,,,,,,,,,,,,,,,,,,0,,,,,,,,,,,,,,,,,,,,,,,,,,,0,,,,,,,,,,,,,,,,,,,,,,,,,,,,,,,,,,,,,,0,0,0,0,0,0,,0,,0,0,0,,0,0,0,0,0,,0,,0,,,,,,,,,,,,,,1,,0,,,,,,,,,,,,0,,,,,,,,,,0,0,0,0,0,0,0,0,,,0,0,0,0,0,0,,0,0,,,,,,,0,0,0,0,0,0,0,72152.0,72151.8
150,0,0,0,2025.0,0,0,0,0,0,0,0,0,0,,,,,0,0,0,,0,0,0,,0,0,0,,,,,,,,,,,,,,,,,,1,680,4,81,146,218,278,14,281,628,506,390,327,279,140,603,482,234,385,684,31,170,234,305,382,368,415,605,587,477,385,307,206,583,574,384,143,390,59,13,23,47,55,2,,0,,,,,,,,,,,,1,,,,,,,,,,,0,0,0,0,0,0,0,0,0,0,0,0,0,0,0,0,0,0,0,,,0,,0,,0,,0,0,0,,0,,0,0,0,,0,,0,,0,,0,0,0,0,,0,0,0,,0,0,0,,0,0,0,,0,0,0,,0,0,0,,0,,,,0,0,0,0,,,0,0,0,,0,0,,0,0,0,0,0,0,0,0,0,,,,,,,,,,,,,,,,,,,,,,,,,,,,0,,,,,,,,,,,,,,,,,,,,,,,,,,,0,,,,,,,,,,,,,,,,,,,,,,,,,,,,,,,,,,,,,,0,0,0,0,0,0,,0,,0,0,0,,0,0,0,0,0,,0,,0,,,,,,,,,,,,,,1,,0,,,,,,,,,,,,0,,,,,,,,,,0,0,0,0,0,0,0,0,,,0,0,0,0,0,0,,0,0,,,,,,,0,0,0,0,0,0,0,61.2,61.12900000000016
91,0,0,0,2025.0,0,0,0,0,0,0,0,0,0,,,,,0,0,0,,0,0,0,,0,0,0,,,,,,,,,,,,,,,,,,6,349,0,0,0,0,0,0,123,213,330,298,363,385,330,334,74,13,262,119,0,0,0,165,2,59,366,33,209,260,288,313,245,113,108,258,138,191,103,94,85,104,85,67,,0,,,,,,,,,,,,1,,,,,,,,,,,0,0,0,0,0,0,0,0,0,0,0,0,0,0,0,0,0,0,0,,,0,,0,,0,,0,0,0,,0,,0,0,0,,0,,0,,0,,0,0,0,0,,0,0,0,,0,0,0,,0,0,0,,0,0,0,,0,0,0,,0,,,,0,0,0,0,,,0,0,0,,0,0,,0,0,0,0,0,0,0,0,0,,,,,,,,,,,,,,,,,,,,,,,,,,,,0,,,,,,,,,,,,,,,,,,,,,,,,,,,0,,,,,,,,,,,,,,,,,,,,,,,,,,,,,,,,,,,,,,0,0,0,0,0,0,,0,,0,0,0,,0,0,0,0,0,,0,,0,,,,,,,,,,,,,,1,,0,,,,,,,,,,,,0,,,,,,,,,,0,0,0,0,0,0,0,0,,,0,0,0,0,0,0,,0,0,,,,,,,0,0,0,0,0,0,0,1102.0,1100.87
17,0,0,0,2023.0,0,0,0,0,0,0,0,0,0,,,,,0,0,0,,0,0,0,,0,0,0,,,,,,,,,,,,,,,,,,5,115,0,61,93,111,113,164,470,37,559,432,256,188,37,40,125,23,311,206,27,84,72,186,377,76,546,216,680,493,388,187,28,415,311,234,72,342,103,94,85,104,85,67,,0,,,,,,,,,,,,1,,,,,,,,,,,0,0,0,0,0,0,0,0,0,0,0,0,0,0,0,0,0,0,0,,,0,,0,,0,,0,0,0,,0,,0,0,0,,0,,0,,0,,0,0,0,0,,0,0,0,,0,0,0,,0,0,0,,0,0,0,,0,0,0,,0,,,,0,0,0,0,,,0,0,0,,0,0,,0,0,0,0,0,0,0,0,0,,,,,,,,,,,,,,,,,,,,,,,,,,,,0,,,,,,,,,,,,,,,,,,,,,,,,,,,0,,,,,,,,,,,,,,,,,,,,,,,,,,,,,,,,,,,,,,0,0,0,0,0,0,,0,,0,0,0,,0,0,0,0,0,,0,,0,,,,,,,,,,,,,,1,,0,,,,,,,,,,,,0,,,,,,,,,,0,0,0,0,0,0,0,0,,,0,0,0,0,0,0,,0,0,,,,,,,0,0,0,0,0,0,0,30564.0,30544.98
169,0,0,0,2019.0,0,0,0,0,0,0,0,0,0,,,,,0,0,0,,0,0,0,,0,0,0,,,,,,,,,,,,,,,,,,1,460,4,81,146,218,278,0,0,0,2,191,5,334,528,507,460,40,0,582,31,170,234,305,382,0,0,3,214,331,359,7,90,494,374,1,0,0,103,94,85,104,85,67,,0,,,,,,,,,,,,1,,,,,,,,,,,0,0,0,0,0,0,0,0,0,0,0,0,0,0,0,0,0,0,0,,,0,,0,,0,,0,0,0,,0,,0,0,0,,0,,0,,0,,0,0,0,0,,0,0,0,,0,0,0,,0,0,0,,0,0,0,,0,0,0,,0,,,,0,0,0,0,,,0,0,0,,0,0,,0,0,0,0,0,0,0,0,0,,,,,,,,,,,,,,,,,,,,,,,,,,,,0,,,,,,,,,,,,,,,,,,,,,,,,,,,0,,,,,,,,,,,,,,,,,,,,,,,,,,,,,,,,,,,,,,0,0,0,0,0,0,,0,,0,0,0,,0,0,0,0,0,,0,,0,,,,,,,,,,,,,,5,,0,,,,,,,,,,,,0,,,,,,,,,,0,0,0,0,0,0,0,0,,,0,0,0,0,0,0,,0,0,,,,,,,0,0,0,0,0,0,0,0.0,210.511
135,0,0,0,2019.0,0,0,0,0,0,0,0,0,0,,,,,0,0,0,,0,0,0,,0,0,0,,,,,,,,,,,,,,,,,,1,13,0,0,0,0,0,0,303,378,532,556,653,73,144,304,216,119,386,14,0,0,0,0,171,120,44,323,551,613,679,95,153,122,262,63,20,391,103,94,85,104,85,67,,0,,,,,,,,,,,,1,,,,,,,,,,,0,0,0,0,0,0,0,0,0,0,0,0,0,0,0,0,0,0,0,,,0,,0,,0,,0,0,0,,0,,0,0,0,,0,,0,,0,,0,0,0,0,,0,0,0,,0,0,0,,0,0,0,,0,0,0,,0,0,0,,0,,,,0,0,0,0,,,0,0,0,,0,0,,0,0,0,0,0,0,0,0,0,,,,,,,,,,,,,,,,,,,,,,,,,,,,0,,,,,,,,,,,,,,,,,,,,,,,,,,,0,,,,,,,,,,,,,,,,,,,,,,,,,,,,,,,,,,,,,,0,0,0,0,0,0,,0,,0,0,0,,0,0,0,0,0,,0,,0,,,,,,,,,,,,,,5,,0,,,,,,,,,,,,0,,,,,,,,,,0,0,0,0,0,0,0,0,,,0,0,0,0,0,0,,0,0,,,,,,,0,0,0,0,0,0,0,162.0,163.23
164,0,0,0,2025.0,0,0,0,0,0,0,0,0,0,,,,,0,0,0,,0,0,0,,0,0,0,,,,,,,,,,,,,,,,,,0,616,0,0,0,0,0,0,497,456,629,31,53,676,504,466,27,19,228,610,0,0,0,1,0,5,381,235,604,640,29,41,604,385,289,277,102,264,103,94,85,104,85,67,,0,,,,,,,,,,,,1,,,,,,,,,,,0,0,0,0,0,0,0,0,0,0,0,0,0,0,0,0,0,0,0,,,0,,0,,0,,0,0,0,,0,,0,0,0,,0,,0,,0,,0,0,0,0,,0,0,0,,0,0,0,,0,0,0,,0,0,0,,0,0,0,,0,,,,0,0,0,0,,,0,0,0,,0,0,,0,0,0,0,0,0,0,0,0,,,,,,,,,,,,,,,,,,,,,,,,,,,,0,,,,,,,,,,,,,,,,,,,,,,,,,,,0,,,,,,,,,,,,,,,,,,,,,,,,,,,,,,,,,,,,,,0,0,0,0,0,0,,0,,0,0,0,,0,0,0,0,0,,0,,0,,,,,,,,,,,,,,1,,0,,,,,,,,,,,,0,,,,,,,,,,0,0,0,0,0,0,0,0,,,0,0,0,0,0,0,,0,0,,,,,,,0,0,0,0,0,0,0,1093.0,1056.65
98,0,0,0,2025.0,0,0,0,0,0,0,0,0,0,,,,,0,0,0,,0,0,0,,0,0,0,,,,,,,,,,,,,,,,,,2,476,0,77,114,67,229,314,113,482,208,646,428,147,629,563,103,16,56,487,0,24,167,21,191,297,241,548,291,77,562,427,211,604,486,34,103,62,103,94,85,104,85,67,,0,,,,,,,,,,,,1,,,,,,,,,,,0,0,0,0,0,0,0,0,0,0,0,0,0,0,0,0,0,0,0,,,0,,0,,0,,0,0,0,,0,,0,0,0,,0,,0,,0,,0,0,0,0,,0,0,0,,0,0,0,,0,0,0,,0,0,0,,0,0,0,,0,,,,0,0,0,0,,,0,0,0,,0,0,,0,0,0,0,0,0,0,0,0,,,,,,,,,,,,,,,,,,,,,,,,,,,,0,,,,,,,,,,,,,,,,,,,,,,,,,,,0,,,,,,,,,,,,,,,,,,,,,,,,,,,,,,,,,,,,,,0,0,0,0,0,0,,0,,0,0,0,,0,0,0,0,0,,0,,0,,,,,,,,,,,,,,1,,0,,,,,,,,,,,,0,,,,,,,,,,0,0,0,0,0,0,0,0,,,0,0,0,0,0,0,,0,0,,,,,,,0,0,0,0,0,0,0,118748.0,118787.655
128,0,0,0,2025.0,0,0,0,0,0,0,0,0,0,,,,,0,0,0,,0,0,0,,0,0,0,,,,,,,,,,,,,,,,,,2,385,0,38,42,179,48,123,152,136,565,295,173,74,549,533,93,12,386,404,0,128,41,116,253,400,121,309,692,387,174,97,39,488,497,166,82,391,103,94,85,104,85,67,,0,,,,,,,,,,,,1,,,,,,,,,,,0,0,0,0,0,0,0,0,0,0,0,0,0,0,0,0,0,0,0,,,0,,0,,0,,0,0,0,,0,,0,0,0,,0,,0,,0,,0,0,0,0,,0,0,0,,0,0,0,,0,0,0,,0,0,0,,0,0,0,,0,,,,0,0,0,0,,,0,0,0,,0,0,,0,0,0,0,0,0,0,0,0,,,,,,,,,,,,,,,,,,,,,,,,,,,,0,,,,,,,,,,,,,,,,,,,,,,,,,,,0,,,,,,,,,,,,,,,,,,,,,,,,,,,,,,,,,,,,,,0,0,0,0,0,0,,0,,0,0,0,,0,0,0,0,0,,0,,0,,,,,,,,,,,,,,1,,0,,,,,,,,,,,,0,,,,,,,,,,0,0,0,0,0,0,0,0,,,0,0,0,0,0,0,,0,0,,,,,,,0,0,0,0,0,0,0,70569.0,70719.645
166,0,0,0,2019.0,0,0,0,0,0,0,0,0,0,,,,,0,0,0,,0,0,0,,0,0,0,,,,,,,,,,,,,,,,,,1,680,4,81,146,218,278,275,192,615,377,216,153,68,610,603,482,234,385,684,31,170,234,305,382,147,350,606,541,287,180,128,36,477,574,384,143,390,36,80,65,37,37,42,,0,,,,,,,,,,,,1,,,,,,,,,,,0,0,0,0,0,0,0,0,0,0,0,0,0,0,0,0,0,0,0,,,0,,0,,0,,0,0,0,,0,,0,0,0,,0,,0,,0,,0,0,0,0,,0,0,0,,0,0,0,,0,0,0,,0,0,0,,0,0,0,,0,,,,0,0,0,0,,,0,0,0,,0,0,,0,0,0,0,0,0,0,0,0,,,,,,,,,,,,,,,,,,,,,,,,,,,,0,,,,,,,,,,,,,,,,,,,,,,,,,,,0,,,,,,,,,,,,,,,,,,,,,,,,,,,,,,,,,,,,,,0,0,0,0,0,0,,0,,0,0,0,,0,0,0,0,0,,0,,0,,,,,,,,,,,,,,1,,0,,,,,,,,,,,,0,,,,,,,,,,0,0,0,0,0,0,0,0,,,0,0,0,0,0,0,,0,0,,,,,,,0,0,0,0,0,0,0,62025.0,61922.705
102,0,0,0,2025.0,0,0,0,0,0,0,0,0,0,,,,,0,0,0,,0,0,0,,0,0,0,,,,,,,,,,,,,,,,,,6,265,0,0,0,0,0,0,55,76,223,229,314,366,314,366,170,38,205,285,0,0,153,0,213,367,391,145,317,328,296,340,316,190,181,284,87,159,103,94,85,104,85,67,,0,,,,,,,,,,,,1,,,,,,,,,,,0,0,0,0,0,0,0,0,0,0,0,0,0,0,0,0,0,0,0,,,0,,0,,0,,0,0,0,,0,,0,0,0,,0,,0,,0,,0,0,0,0,,0,0,0,,0,0,0,,0,0,0,,0,0,0,,0,0,0,,0,,,,0,0,0,0,,,0,0,0,,0,0,,0,0,0,0,0,0,0,0,0,,,,,,,,,,,,,,,,,,,,,,,,,,,,0,,,,,,,,,,,,,,,,,,,,,,,,,,,0,,,,,,,,,,,,,,,,,,,,,,,,,,,,,,,,,,,,,,0,0,0,0,0,0,,0,,0,0,0,,0,0,0,0,0,,0,,0,,,,,,,,,,,,,,1,,0,,,,,,,,,,,,0,,,,,,,,,,0,0,0,0,0,0,0,0,,,0,0,0,0,0,0,,0,0,,,,,,,0,0,0,0,0,0,0,833.0,833.77
96,0,0,0,2025.0,0,0,0,0,0,0,0,0,0,,,,,0,0,0,,0,0,0,,0,0,0,,,,,,,,,,,,,,,,,,5,432,0,70,101,72,256,20,118,374,188,23,579,523,387,428,124,17,78,438,0,11,162,26,190,296,164,371,238,88,632,531,423,250,197,267,42,55,103,94,85,104,85,67,,0,,,,,,,,,,,,1,,,,,,,,,,,0,0,0,0,0,0,0,0,0,0,0,0,0,0,0,0,0,0,0,,,0,,0,,0,,0,0,0,,0,,0,0,0,,0,,0,,0,,0,0,0,0,,0,0,0,,0,0,0,,0,0,0,,0,0,0,,0,0,0,,0,,,,0,0,0,0,,,0,0,0,,0,0,,0,0,0,0,0,0,0,0,0,,,,,,,,,,,,,,,,,,,,,,,,,,,,0,,,,,,,,,,,,,,,,,,,,,,,,,,,0,,,,,,,,,,,,,,,,,,,,,,,,,,,,,,,,,,,,,,0,0,0,0,0,0,,0,,0,0,0,,0,0,0,0,0,,0,,0,,,,,,,,,,,,,,1,,0,,,,,,,,,,,,0,,,,,,,,,,0,0,0,0,0,0,0,0,,,0,0,0,0,0,0,,0,0,,,,,,,0,0,0,0,0,0,0,71028.0,74001.565
117,0,0,0,2025.0,0,0,0,0,0,0,0,0,0,,,,,0,0,0,,0,0,0,,0,0,0,,,,,,,,,,,,,,,,,,0,275,0,0,0,0,0,0,461,528,474,396,244,206,35,553,478,193,386,314,0,0,0,62,28,59,292,445,487,406,366,211,95,473,305,214,1,391,103,94,85,104,85,67,,0,,,,,,,,,,,,1,,,,,,,,,,,0,0,0,0,0,0,0,0,0,0,0,0,0,0,0,0,0,0,0,,,0,,0,,0,,0,0,0,,0,,0,0,0,,0,,0,,0,,0,0,0,0,,0,0,0,,0,0,0,,0,0,0,,0,0,0,,0,0,0,,0,,,,0,0,0,0,,,0,0,0,,0,0,,0,0,0,0,0,0,0,0,0,,,,,,,,,,,,,,,,,,,,,,,,,,,,0,,,,,,,,,,,,,,,,,,,,,,,,,,,0,,,,,,,,,,,,,,,,,,,,,,,,,,,,,,,,,,,,,,0,0,0,0,0,0,,0,,0,0,0,,0,0,0,0,0,,0,,0,,,,,,,,,,,,,,1,,0,,,,,,,,,,,,0,,,,,,,,,,0,0,0,0,0,0,0,0,,,0,0,0,0,0,0,,0,0,,,,,,,0,0,0,0,0,0,0,4033.0,3965.77
92,0,0,0,2020.0,0,0,0,0,0,0,0,0,0,,,,,0,0,0,,0,0,0,,0,0,0,,,,,,,,,,,,,,,,,,0,600,0,0,0,0,0,0,134,28,84,40,628,446,178,64,154,0,200,591,0,0,0,0,1,5,630,674,69,63,614,443,260,455,335,233,0,11,103,94,85,104,85,67,,0,,,,,,,,,,,,1,,,,,,,,,,,0,0,0,0,0,0,0,0,0,0,0,0,0,0,0,0,0,0,0,,,0,,0,,0,,0,0,0,,0,,0,0,0,,0,,0,,0,,0,0,0,0,,0,0,0,,0,0,0,,0,0,0,,0,0,0,,0,0,0,,0,,,,0,0,0,0,,,0,0,0,,0,0,,0,0,0,0,0,0,0,0,0,,,,,,,,,,,,,,,,,,,,,,,,,,,,0,,,,,,,,,,,,,,,,,,,,,,,,,,,0,,,,,,,,,,,,,,,,,,,,,,,,,,,,,,,,,,,,,,0,0,0,0,0,0,,0,,0,0,0,,0,0,0,0,0,,0,,0,,,,,,,,,,,,,,1,,0,,,,,,,,,,,,0,,,,,,,,,,0,0,0,0,0,0,0,0,,,0,0,0,0,0,0,,0,0,,,,,,,0,0,0,0,0,0,0,348.0,350.865
159,0,0,0,2025.0,0,0,0,0,0,0,0,0,0,,,,,0,0,0,,0,0,0,,0,0,0,,,,,,,,,,,,,,,,,,2,67,0,9,93,76,247,17,244,504,276,36,456,166,631,435,82,57,0,131,0,158,130,8,173,269,385,506,453,183,589,343,46,392,248,314,65,0,103,94,85,104,85,67,,0,,,,,,,,,,,,1,,,,,,,,,,,0,0,0,0,0,0,0,0,0,0,0,0,0,0,0,0,0,0,0,,,0,,0,,0,,0,0,0,,0,,0,0,0,,0,,0,,0,,0,0,0,0,,0,0,0,,0,0,0,,0,0,0,,0,0,0,,0,0,0,,0,,,,0,0,0,0,,,0,0,0,,0,0,,0,0,0,0,0,0,0,0,0,,,,,,,,,,,,,,,,,,,,,,,,,,,,0,,,,,,,,,,,,,,,,,,,,,,,,,,,0,,,,,,,,,,,,,,,,,,,,,,,,,,,,,,,,,,,,,,0,0,0,0,0,0,,0,,0,0,0,,0,0,0,0,0,,0,,0,,,,,,,,,,,,,,1,,0,,,,,,,,,,,,0,,,,,,,,,,0,0,0,0,0,0,0,0,,,0,0,0,0,0,0,,0,0,,,,,,,0,0,0,0,0,0,0,55862.0,55907.14
166,0,0,0,2025.0,0,0,0,0,0,0,0,0,0,,,,,0,0,0,,0,0,0,,0,0,0,,,,,,,,,,,,,,,,,,3,1,0,0,0,0,0,0,0,4,0,0,5,0,6,0,1,0,0,681,0,0,0,0,0,0,4,257,214,0,0,4,0,197,0,0,0,0,103,94,85,104,85,67,,0,,,,,,,,,,,,1,,,,,,,,,,,0,0,0,0,0,0,0,0,0,0,0,0,0,0,0,0,0,0,0,,,0,,0,,0,,0,0,0,,0,,0,0,0,,0,,0,,0,,0,0,0,0,,0,0,0,,0,0,0,,0,0,0,,0,0,0,,0,0,0,,0,,,,0,0,0,0,,,0,0,0,,0,0,,0,0,0,0,0,0,0,0,0,,,,,,,,,,,,,,,,,,,,,,,,,,,,0,,,,,,,,,,,,,,,,,,,,,,,,,,,0,,,,,,,,,,,,,,,,,,,,,,,,,,,,,,,,,,,,,,0,0,0,0,0,0,,0,,0,0,0,,0,0,0,0,0,,0,,0,,,,,,,,,,,,,,1,,0,,,,,,,,,,,,0,,,,,,,,,,0,0,0,0,0,0,0,0,,,0,0,0,0,0,0,,0,0,,,,,,,0,0,0,0,0,0,0,6.0,6.225
110,0,0,0,2023.0,0,0,0,0,0,0,0,0,0,,,,,0,0,0,,0,0,0,,0,0,0,,,,,,,,,,,,,,,,,,2,433,0,12,7,101,6,56,189,246,28,478,292,158,617,452,51,16,196,446,0,107,9,84,262,377,204,322,61,571,391,304,185,616,518,26,35,266,103,94,85,104,85,67,,0,,,,,,,,,,,,1,,,,,,,,,,,0,0,0,0,0,0,0,0,0,0,0,0,0,0,0,0,0,0,0,,,0,,0,,0,,0,0,0,,0,,0,0,0,,0,,0,,0,,0,0,0,0,,0,0,0,,0,0,0,,0,0,0,,0,0,0,,0,0,0,,0,,,,0,0,0,0,,,0,0,0,,0,0,,0,0,0,0,0,0,0,0,0,,,,,,,,,,,,,,,,,,,,,,,,,,,,0,,,,,,,,,,,,,,,,,,,,,,,,,,,0,,,,,,,,,,,,,,,,,,,,,,,,,,,,,,,,,,,,,,0,0,0,0,0,0,,0,,0,0,0,,0,0,0,0,0,,0,,0,,,,,,,,,,,,,,1,,0,,,,,,,,,,,,0,,,,,,,,,,0,0,0,0,0,0,0,0,,,0,0,0,0,0,0,,0,0,,,,,,,0,0,0,0,0,0,0,81089.0,81052.085
138,0,0,0,2020.0,0,0,0,0,0,0,0,0,0,,,,,0,0,0,,0,0,0,,0,0,0,,,,,,,,,,,,,,,,,,6,7,0,0,0,0,0,0,250,271,488,544,650,49,103,280,171,144,386,8,0,0,0,0,1,5,650,300,559,614,10,71,100,78,229,61,39,391,103,94,85,104,85,67,,0,,,,,,,,,,,,1,,,,,,,,,,,0,0,0,0,0,0,0,0,0,0,0,0,0,0,0,0,0,0,0,,,0,,0,,0,,0,0,0,,0,,0,0,0,,0,,0,,0,,0,0,0,0,,0,0,0,,0,0,0,,0,0,0,,0,0,0,,0,0,0,,0,,,,0,0,0,0,,,0,0,0,,0,0,,0,0,0,0,0,0,0,0,0,,,,,,,,,,,,,,,,,,,,,,,,,,,,0,,,,,,,,,,,,,,,,,,,,,,,,,,,0,,,,,,,,,,,,,,,,,,,,,,,,,,,,,,,,,,,,,,0,0,0,0,0,0,,0,,0,0,0,,0,0,0,0,0,,0,,0,,,,,,,,,,,,,,1,,0,,,,,,,,,,,,0,,,,,,,,,,0,0,0,0,0,0,0,0,,,0,0,0,0,0,0,,0,0,,,,,,,0,0,0,0,0,0,0,124.0,128.835
8,0,0,0,2020.0,0,0,0,0,0,0,0,0,0,,,,,0,0,0,,0,0,0,,0,0,0,,,,,,,,,,,,,,,,,,5,49,1,18,88,93,67,99,415,698,503,333,176,81,596,570,42,228,318,79,5,57,221,155,342,41,456,134,627,432,257,96,632,332,198,172,0,352,103,94,85,104,85,67,,0,,,,,,,,,,,,1,,,,,,,,,,,0,0,0,0,0,0,0,0,0,0,0,0,0,0,0,0,0,0,0,,,0,,0,,0,,0,0,0,,0,,0,0,0,,0,,0,,0,,0,0,0,0,,0,0,0,,0,0,0,,0,0,0,,0,0,0,,0,0,0,,0,,,,0,0,0,0,,,0,0,0,,0,0,,0,0,0,0,0,0,0,0,0,,,,,,,,,,,,,,,,,,,,,,,,,,,,0,,,,,,,,,,,,,,,,,,,,,,,,,,,0,,,,,,,,,,,,,,,,,,,,,,,,,,,,,,,,,,,,,,0,0,0,0,0,0,,0,,0,0,0,,0,0,0,0,0,,0,,0,,,,,,,,,,,,,,1,,0,,,,,,,,,,,,0,,,,,,,,,,0,0,0,0,0,0,0,0,,,0,0,0,0,0,0,,0,0,,,,,,,0,0,0,0,0,0,0,24244.0,24192.03
166,0,0,0,2023.0,0,0,0,0,0,0,0,0,0,,,,,0,0,0,,0,0,0,,0,0,0,,,,,,,,,,,,,,,,,,5,555,4,81,146,218,278,32,335,663,600,535,502,426,128,101,321,2,0,606,31,170,234,305,382,105,428,26,52,634,567,522,400,144,12,136,1,0,103,94,85,104,85,67,,0,,,,,,,,,,,,1,,,,,,,,,,,0,0,0,0,0,0,0,0,0,0,0,0,0,0,0,0,0,0,0,,,0,,0,,0,,0,0,0,,0,,0,0,0,,0,,0,,0,,0,0,0,0,,0,0,0,,0,0,0,,0,0,0,,0,0,0,,0,0,0,,0,,,,0,0,0,0,,,0,0,0,,0,0,,0,0,0,0,0,0,0,0,0,,,,,,,,,,,,,,,,,,,,,,,,,,,,0,,,,,,,,,,,,,,,,,,,,,,,,,,,0,,,,,,,,,,,,,,,,,,,,,,,,,,,,,,,,,,,,,,0,0,0,0,0,0,,0,,0,0,0,,0,0,0,0,0,,0,,0,,,,,,,,,,,,,,1,,0,,,,,,,,,,,,0,,,,,,,,,,0,0,0,0,0,0,0,0,,,0,0,0,0,0,0,,0,0,,,,,,,0,0,0,0,0,0,0,649.0,652.91
169,0,0,0,2019.0,0,0,0,0,0,0,0,0,0,,,,,0,0,0,,0,0,0,,0,0,0,,,,,,,,,,,,,,,,,,1,568,0,0,0,0,0,0,0,395,610,138,301,449,468,71,33,139,1,573,0,0,0,0,0,0,361,152,705,176,208,451,524,502,46,316,56,0,103,94,85,104,85,67,,0,,,,,,,,,,,,1,,,,,,,,,,,0,0,0,0,0,0,0,0,0,0,0,0,0,0,0,0,0,0,0,,,0,,0,,0,,0,0,0,,0,,0,0,0,,0,,0,,0,,0,0,0,0,,0,0,0,,0,0,0,,0,0,0,,0,0,0,,0,0,0,,0,,,,0,0,0,0,,,0,0,0,,0,0,,0,0,0,0,0,0,0,0,0,,,,,,,,,,,,,,,,,,,,,,,,,,,,0,,,,,,,,,,,,,,,,,,,,,,,,,,,0,,,,,,,,,,,,,,,,,,,,,,,,,,,,,,,,,,,,,,0,0,0,0,0,0,,0,,0,0,0,,0,0,0,0,0,,0,,0,,,,,,,,,,,,,,5,,0,,,,,,,,,,,,0,,,,,,,,,,0,0,0,0,0,0,0,0,,,0,0,0,0,0,0,,0,0,,,,,,,0,0,0,0,0,0,0,5.0,14.68
155,0,0,0,2020.0,0,0,0,0,0,0,0,0,0,,,,,0,0,0,,0,0,0,,0,0,0,,,,,,,,,,,,,,,,,,6,628,0,0,0,0,0,0,445,72,255,351,479,583,10,120,38,109,0,614,0,0,0,1,0,5,316,703,338,446,515,586,596,559,86,295,18,0,103,94,85,104,85,67,,0,,,,,,,,,,,,1,,,,,,,,,,,0,0,0,0,0,0,0,0,0,0,0,0,0,0,0,0,0,0,0,,,0,,0,,0,,0,0,0,,0,,0,0,0,,0,,0,,0,,0,0,0,0,,0,0,0,,0,0,0,,0,0,0,,0,0,0,,0,0,0,,0,,,,0,0,0,0,,,0,0,0,,0,0,,0,0,0,0,0,0,0,0,0,,,,,,,,,,,,,,,,,,,,,,,,,,,,0,,,,,,,,,,,,,,,,,,,,,,,,,,,0,,,,,,,,,,,,,,,,,,,,,,,,,,,,,,,,,,,,,,0,0,0,0,0,0,,0,,0,0,0,,0,0,0,0,0,,0,,0,,,,,,,,,,,,,,1,,0,,,,,,,,,,,,0,,,,,,,,,,0,0,0,0,0,0,0,0,,,0,0,0,0,0,0,,0,0,,,,,,,0,0,0,0,0,0,0,50.0,268.13849999999996
123,0,0,0,2020.0,0,0,0,0,0,0,0,0,0,,,,,0,0,0,,0,0,0,,0,0,0,,,,,,,,,,,,,,,,,,5,545,0,65,73,11,80,162,276,260,114,699,641,568,490,587,308,170,386,558,0,164,113,160,293,26,266,375,147,708,624,599,532,396,454,120,13,391,103,94,85,104,85,67,,0,,,,,,,,,,,,1,,,,,,,,,,,0,0,0,0,0,0,0,0,0,0,0,0,0,0,0,0,0,0,0,,,0,,0,,0,,0,0,0,,0,,0,0,0,,0,,0,,0,,0,0,0,0,,0,0,0,,0,0,0,,0,0,0,,0,0,0,,0,0,0,,0,,,,0,0,0,0,,,0,0,0,,0,0,,0,0,0,0,0,0,0,0,0,,,,,,,,,,,,,,,,,,,,,,,,,,,,0,,,,,,,,,,,,,,,,,,,,,,,,,,,0,,,,,,,,,,,,,,,,,,,,,,,,,,,,,,,,,,,,,,0,0,0,0,0,0,,0,,0,0,0,,0,0,0,0,0,,0,,0,,,,,,,,,,,,,,1,,0,,,,,,,,,,,,0,,,,,,,,,,0,0,0,0,0,0,0,0,,,0,0,0,0,0,0,,0,0,,,,,,,0,0,0,0,0,0,0,80349.0,80491.4
114,0,0,0,2025.0,0,0,0,0,0,0,0,0,0,,,,,0,0,0,,0,0,0,,0,0,0,,,,,,,,,,,,,,,,,,6,127,0,0,0,0,0,0,434,503,659,98,151,282,293,396,229,67,386,103,0,0,141,1,269,385,304,453,673,81,175,304,318,221,276,358,109,391,103,94,85,104,85,67,,0,,,,,,,,,,,,1,,,,,,,,,,,0,0,0,0,0,0,0,0,0,0,0,0,0,0,0,0,0,0,0,,,0,,0,,0,,0,0,0,,0,,0,0,0,,0,,0,,0,,0,0,0,0,,0,0,0,,0,0,0,,0,0,0,,0,0,0,,0,0,0,,0,,,,0,0,0,0,,,0,0,0,,0,0,,0,0,0,0,0,0,0,0,0,,,,,,,,,,,,,,,,,,,,,,,,,,,,0,,,,,,,,,,,,,,,,,,,,,,,,,,,0,,,,,,,,,,,,,,,,,,,,,,,,,,,,,,,,,,,,,,0,0,0,0,0,0,,0,,0,0,0,,0,0,0,0,0,,0,,0,,,,,,,,,,,,,,1,,0,,,,,,,,,,,,0,,,,,,,,,,0,0,0,0,0,0,0,0,,,0,0,0,0,0,0,,0,0,,,,,,,0,0,0,0,0,0,0,248.0,265.18
69,0,0,0,2023.0,0,0,0,0,0,0,0,0,0,,,,,0,0,0,,0,0,0,,0,0,0,,,,,,,,,,,,,,,,,,0,558,0,0,0,0,0,0,445,671,693,676,617,335,49,349,1,0,112,526,0,0,0,0,0,0,548,576,708,669,511,199,605,5,1,0,0,2,103,94,85,104,85,67,,0,,,,,,,,,,,,1,,,,,,,,,,,0,0,0,0,0,0,0,0,0,0,0,0,0,0,0,0,0,0,0,,,0,,0,,0,,0,0,0,,0,,0,0,0,,0,,0,,0,,0,0,0,0,,0,0,0,,0,0,0,,0,0,0,,0,0,0,,0,0,0,,0,,,,0,0,0,0,,,0,0,0,,0,0,,0,0,0,0,0,0,0,0,0,,,,,,,,,,,,,,,,,,,,,,,,,,,,0,,,,,,,,,,,,,,,,,,,,,,,,,,,0,,,,,,,,,,,,,,,,,,,,,,,,,,,,,,,,,,,,,,0,0,0,0,0,0,,0,,0,0,0,,0,0,0,0,0,,0,,0,,,,,,,,,,,,,,1,,0,,,,,,,,,,,,0,,,,,,,,,,0,0,0,0,0,0,0,0,,,0,0,0,0,0,0,,0,0,,,,,,,0,0,0,0,0,0,0,28.0,87.665
118,0,0,0,2023.0,0,0,0,0,0,0,0,0,0,,,,,0,0,0,,0,0,0,,0,0,0,,,,,,,,,,,,,,,,,,5,536,0,53,61,207,86,152,258,263,108,697,573,543,432,527,260,127,386,542,0,144,83,136,321,37,256,312,95,10,616,559,487,349,392,43,137,391,103,94,85,104,85,67,,0,,,,,,,,,,,,1,,,,,,,,,,,0,0,0,0,0,0,0,0,0,0,0,0,0,0,0,0,0,0,0,,,0,,0,,0,,0,0,0,,0,,0,0,0,,0,,0,,0,,0,0,0,0,,0,0,0,,0,0,0,,0,0,0,,0,0,0,,0,0,0,,0,,,,0,0,0,0,,,0,0,0,,0,0,,0,0,0,0,0,0,0,0,0,,,,,,,,,,,,,,,,,,,,,,,,,,,,0,,,,,,,,,,,,,,,,,,,,,,,,,,,0,,,,,,,,,,,,,,,,,,,,,,,,,,,,,,,,,,,,,,0,0,0,0,0,0,,0,,0,0,0,,0,0,0,0,0,,0,,0,,,,,,,,,,,,,,1,,0,,,,,,,,,,,,0,,,,,,,,,,0,0,0,0,0,0,0,0,,,0,0,0,0,0,0,,0,0,,,,,,,0,0,0,0,0,0,0,78886.0,80759.41
143,0,0,0,2023.0,0,0,0,0,0,0,0,0,0,,,,,0,0,0,,0,0,0,,0,0,0,,,,,,,,,,,,,,,,,,1,680,4,81,146,218,278,135,419,652,540,453,416,326,174,603,482,234,385,684,31,170,234,305,382,59,597,695,624,516,422,381,208,537,574,384,143,390,75,17,48,67,52,4,,0,,,,,,,,,,,,1,,,,,,,,,,,0,0,0,0,0,0,0,0,0,0,0,0,0,0,0,0,0,0,0,,,0,,0,,0,,0,0,0,,0,,0,0,0,,0,,0,,0,,0,0,0,0,,0,0,0,,0,0,0,,0,0,0,,0,0,0,,0,0,0,,0,,,,0,0,0,0,,,0,0,0,,0,0,,0,0,0,0,0,0,0,0,0,,,,,,,,,,,,,,,,,,,,,,,,,,,,0,,,,,,,,,,,,,,,,,,,,,,,,,,,0,,,,,,,,,,,,,,,,,,,,,,,,,,,,,,,,,,,,,,0,0,0,0,0,0,,0,,0,0,0,,0,0,0,0,0,,0,,0,,,,,,,,,,,,,,1,,0,,,,,,,,,,,,0,,,,,,,,,,0,0,0,0,0,0,0,0,,,0,0,0,0,0,0,,0,0,,,,,,,0,0,0,0,0,0,0,83.0,84.164
90,0,0,0,2025.0,0,0,0,0,0,0,0,0,0,,,,,0,0,0,,0,0,0,,0,0,0,,,,,,,,,,,,,,,,,,2,470,0,46,78,37,158,273,68,507,156,521,281,97,586,458,19,177,20,485,0,14,163,20,155,277,182,697,368,24,478,322,93,492,442,339,1,38,103,94,85,104,85,67,,0,,,,,,,,,,,,1,,,,,,,,,,,0,0,0,0,0,0,0,0,0,0,0,0,0,0,0,0,0,0,0,,,0,,0,,0,,0,0,0,,0,,0,0,0,,0,,0,,0,,0,0,0,0,,0,0,0,,0,0,0,,0,0,0,,0,0,0,,0,0,0,,0,,,,0,0,0,0,,,0,0,0,,0,0,,0,0,0,0,0,0,0,0,0,,,,,,,,,,,,,,,,,,,,,,,,,,,,0,,,,,,,,,,,,,,,,,,,,,,,,,,,0,,,,,,,,,,,,,,,,,,,,,,,,,,,,,,,,,,,,,,0,0,0,0,0,0,,0,,0,0,0,,0,0,0,0,0,,0,,0,,,,,,,,,,,,,,1,,0,,,,,,,,,,,,0,,,,,,,,,,0,0,0,0,0,0,0,0,,,0,0,0,0,0,0,,0,0,,,,,,,0,0,0,0,0,0,0,137197.0,137120.025
168,0,0,0,2023.0,0,0,0,0,0,0,0,0,0,,,,,0,0,0,,0,0,0,,0,0,0,,,,,,,,,,,,,,,,,,0,638,4,81,146,218,278,0,2,351,586,692,63,58,654,13,100,132,0,51,31,170,234,305,382,0,548,396,165,235,226,372,301,111,554,157,1,0,103,94,85,104,85,67,,0,,,,,,,,,,,,1,,,,,,,,,,,0,0,0,0,0,0,0,0,0,0,0,0,0,0,0,0,0,0,0,,,0,,0,,0,,0,0,0,,0,,0,0,0,,0,,0,,0,,0,0,0,0,,0,0,0,,0,0,0,,0,0,0,,0,0,0,,0,0,0,,0,,,,0,0,0,0,,,0,0,0,,0,0,,0,0,0,0,0,0,0,0,0,,,,,,,,,,,,,,,,,,,,,,,,,,,,0,,,,,,,,,,,,,,,,,,,,,,,,,,,0,,,,,,,,,,,,,,,,,,,,,,,,,,,,,,,,,,,,,,0,0,0,0,0,0,,0,,0,0,0,,0,0,0,0,0,,0,,0,,,,,,,,,,,,,,1,,0,,,,,,,,,,,,0,,,,,,,,,,0,0,0,0,0,0,0,0,,,0,0,0,0,0,0,,0,0,,,,,,,0,0,0,0,0,0,0,9.0,222.8955
54,0,0,0,2025.0,0,0,0,0,0,0,0,0,0,,,,,0,0,0,,0,0,0,,0,0,0,,,,,,,,,,,,,,,,,,2,248,1,1,131,135,133,188,12,286,696,398,117,566,223,22,178,1,114,332,3,13,10,211,60,127,75,513,204,588,324,76,493,163,549,286,0,137,103,94,85,104,85,67,,0,,,,,,,,,,,,1,,,,,,,,,,,0,0,0,0,0,0,0,0,0,0,0,0,0,0,0,0,0,0,0,,,0,,0,,0,,0,0,0,,0,,0,0,0,,0,,0,,0,,0,0,0,0,,0,0,0,,0,0,0,,0,0,0,,0,0,0,,0,0,0,,0,,,,0,0,0,0,,,0,0,0,,0,0,,0,0,0,0,0,0,0,0,0,,,,,,,,,,,,,,,,,,,,,,,,,,,,0,,,,,,,,,,,,,,,,,,,,,,,,,,,0,,,,,,,,,,,,,,,,,,,,,,,,,,,,,,,,,,,,,,0,0,0,0,0,0,,0,,0,0,0,,0,0,0,0,0,,0,,0,,,,,,,,,,,,,,1,,0,,,,,,,,,,,,0,,,,,,,,,,0,0,0,0,0,0,0,0,,,0,0,0,0,0,0,,0,0,,,,,,,0,0,0,0,0,0,0,85051.0,84593.88
7,0,0,0,2020.0,0,0,0,0,0,0,0,0,0,,,,,0,0,0,,0,0,0,,0,0,0,,,,,,,,,,,,,,,,,,6,196,0,0,0,0,1,9,379,166,236,176,100,45,543,517,51,177,379,40,0,0,1,1,345,412,432,43,118,118,71,655,523,294,159,78,1,337,103,94,85,104,85,67,,0,,,,,,,,,,,,1,,,,,,,,,,,0,0,0,0,0,0,0,0,0,0,0,0,0,0,0,0,0,0,0,,,0,,0,,0,,0,0,0,,0,,0,0,0,,0,,0,,0,,0,0,0,0,,0,0,0,,0,0,0,,0,0,0,,0,0,0,,0,0,0,,0,,,,0,0,0,0,,,0,0,0,,0,0,,0,0,0,0,0,0,0,0,0,,,,,,,,,,,,,,,,,,,,,,,,,,,,0,,,,,,,,,,,,,,,,,,,,,,,,,,,0,,,,,,,,,,,,,,,,,,,,,,,,,,,,,,,,,,,,,,0,0,0,0,0,0,,0,,0,0,0,,0,0,0,0,0,,0,,0,,,,,,,,,,,,,,1,,0,,,,,,,,,,,,0,,,,,,,,,,0,0,0,0,0,0,0,0,,,0,0,0,0,0,0,,0,0,,,,,,,0,0,0,0,0,0,0,1385.0,1392.265
9,0,0,0,2025.0,0,0,0,0,0,0,0,0,0,,,,,0,0,0,,0,0,0,,0,0,0,,,,,,,,,,,,,,,,,,5,47,0,33,93,94,69,103,427,695,519,329,179,94,619,561,63,205,313,77,4,46,5,151,344,43,465,142,636,429,267,112,611,334,188,188,72,344,103,94,85,104,85,67,,0,,,,,,,,,,,,1,,,,,,,,,,,0,0,0,0,0,0,0,0,0,0,0,0,0,0,0,0,0,0,0,,,0,,0,,0,,0,0,0,,0,,0,0,0,,0,,0,,0,,0,0,0,0,,0,0,0,,0,0,0,,0,0,0,,0,0,0,,0,0,0,,0,,,,0,0,0,0,,,0,0,0,,0,0,,0,0,0,0,0,0,0,0,0,,,,,,,,,,,,,,,,,,,,,,,,,,,,0,,,,,,,,,,,,,,,,,,,,,,,,,,,0,,,,,,,,,,,,,,,,,,,,,,,,,,,,,,,,,,,,,,0,0,0,0,0,0,,0,,0,0,0,,0,0,0,0,0,,0,,0,,,,,,,,,,,,,,1,,0,,,,,,,,,,,,0,,,,,,,,,,0,0,0,0,0,0,0,0,,,0,0,0,0,0,0,,0,0,,,,,,,0,0,0,0,0,0,0,24297.0,24256.09
153,0,0,0,2020.0,0,0,0,0,0,0,0,0,0,,,,,0,0,0,,0,0,0,,0,0,0,,,,,,,,,,,,,,,,,,2,86,0,17,143,120,19,70,308,530,231,605,249,50,420,285,53,23,0,169,0,82,186,74,247,360,442,538,440,102,461,108,555,276,133,280,127,0,103,94,85,104,85,67,,0,,,,,,,,,,,,1,,,,,,,,,,,0,0,0,0,0,0,0,0,0,0,0,0,0,0,0,0,0,0,0,,,0,,0,,0,,0,0,0,,0,,0,0,0,,0,,0,,0,,0,0,0,0,,0,0,0,,0,0,0,,0,0,0,,0,0,0,,0,0,0,,0,,,,0,0,0,0,,,0,0,0,,0,0,,0,0,0,0,0,0,0,0,0,,,,,,,,,,,,,,,,,,,,,,,,,,,,0,,,,,,,,,,,,,,,,,,,,,,,,,,,0,,,,,,,,,,,,,,,,,,,,,,,,,,,,,,,,,,,,,,0,0,0,0,0,0,,0,,0,0,0,,0,0,0,0,0,,0,,0,,,,,,,,,,,,,,1,,0,,,,,,,,,,,,0,,,,,,,,,,0,0,0,0,0,0,0,0,,,0,0,0,0,0,0,,0,0,,,,,,,0,0,0,0,0,0,0,65202.0,65214.88
104,0,0,0,2025.0,0,0,0,0,0,0,0,0,0,,,,,0,0,0,,0,0,0,,0,0,0,,,,,,,,,,,,,,,,,,5,498,0,73,110,52,225,303,140,425,213,85,665,586,412,474,206,64,368,508,0,39,189,35,201,314,220,460,294,129,11,614,498,309,279,345,100,6,103,94,85,104,85,67,,0,,,,,,,,,,,,1,,,,,,,,,,,0,0,0,0,0,0,0,0,0,0,0,0,0,0,0,0,0,0,0,,,0,,0,,0,,0,0,0,,0,,0,0,0,,0,,0,,0,,0,0,0,0,,0,0,0,,0,0,0,,0,0,0,,0,0,0,,0,0,0,,0,,,,0,0,0,0,,,0,0,0,,0,0,,0,0,0,0,0,0,0,0,0,,,,,,,,,,,,,,,,,,,,,,,,,,,,0,,,,,,,,,,,,,,,,,,,,,,,,,,,0,,,,,,,,,,,,,,,,,,,,,,,,,,,,,,,,,,,,,,0,0,0,0,0,0,,0,,0,0,0,,0,0,0,0,0,,0,,0,,,,,,,,,,,,,,1,,0,,,,,,,,,,,,0,,,,,,,,,,0,0,0,0,0,0,0,0,,,0,0,0,0,0,0,,0,0,,,,,,,0,0,0,0,0,0,0,97714.0,98004.92
63,0,0,0,2025.0,0,0,0,0,0,0,0,0,0,,,,,0,0,0,,0,0,0,,0,0,0,,,,,,,,,,,,,,,,,,5,388,1,61,103,154,110,171,585,409,159,639,513,404,222,216,436,180,126,397,2,36,23,196,23,100,64,632,319,48,557,449,266,80,8,184,90,123,103,94,85,104,85,67,,0,,,,,,,,,,,,1,,,,,,,,,,,0,0,0,0,0,0,0,0,0,0,0,0,0,0,0,0,0,0,0,,,0,,0,,0,,0,0,0,,0,,0,0,0,,0,,0,,0,,0,0,0,0,,0,0,0,,0,0,0,,0,0,0,,0,0,0,,0,0,0,,0,,,,0,0,0,0,,,0,0,0,,0,0,,0,0,0,0,0,0,0,0,0,,,,,,,,,,,,,,,,,,,,,,,,,,,,0,,,,,,,,,,,,,,,,,,,,,,,,,,,0,,,,,,,,,,,,,,,,,,,,,,,,,,,,,,,,,,,,,,0,0,0,0,0,0,,0,,0,0,0,,0,0,0,0,0,,0,,0,,,,,,,,,,,,,,1,,0,,,,,,,,,,,,0,,,,,,,,,,0,0,0,0,0,0,0,0,,,0,0,0,0,0,0,,0,0,,,,,,,0,0,0,0,0,0,0,97177.0,96945.435
118,0,0,0,2020.0,0,0,0,0,0,0,0,0,0,,,,,0,0,0,,0,0,0,,0,0,0,,,,,,,,,,,,,,,,,,5,536,0,53,61,207,86,152,258,263,108,697,573,543,432,527,260,127,386,542,0,144,83,136,321,37,256,312,95,10,616,559,487,349,392,43,137,391,103,94,85,104,85,67,,0,,,,,,,,,,,,1,,,,,,,,,,,0,0,0,0,0,0,0,0,0,0,0,0,0,0,0,0,0,0,0,,,0,,0,,0,,0,0,0,,0,,0,0,0,,0,,0,,0,,0,0,0,0,,0,0,0,,0,0,0,,0,0,0,,0,0,0,,0,0,0,,0,,,,0,0,0,0,,,0,0,0,,0,0,,0,0,0,0,0,0,0,0,0,,,,,,,,,,,,,,,,,,,,,,,,,,,,0,,,,,,,,,,,,,,,,,,,,,,,,,,,0,,,,,,,,,,,,,,,,,,,,,,,,,,,,,,,,,,,,,,0,0,0,0,0,0,,0,,0,0,0,,0,0,0,0,0,,0,,0,,,,,,,,,,,,,,1,,0,,,,,,,,,,,,0,,,,,,,,,,0,0,0,0,0,0,0,0,,,0,0,0,0,0,0,,0,0,,,,,,,0,0,0,0,0,0,0,78886.0,80759.41
59,0,0,0,2025.0,0,0,0,0,0,0,0,0,0,,,,,0,0,0,,0,0,0,,0,0,0,,,,,,,,,,,,,,,,,,2,314,0,67,122,127,111,169,22,349,36,438,154,608,279,98,244,0,86,365,4,15,19,200,39,108,106,583,241,607,368,109,521,251,60,53,0,105,103,94,85,104,85,67,,0,,,,,,,,,,,,1,,,,,,,,,,,0,0,0,0,0,0,0,0,0,0,0,0,0,0,0,0,0,0,0,,,0,,0,,0,,0,0,0,,0,,0,0,0,,0,,0,,0,,0,0,0,0,,0,0,0,,0,0,0,,0,0,0,,0,0,0,,0,0,0,,0,,,,0,0,0,0,,,0,0,0,,0,0,,0,0,0,0,0,0,0,0,0,,,,,,,,,,,,,,,,,,,,,,,,,,,,0,,,,,,,,,,,,,,,,,,,,,,,,,,,0,,,,,,,,,,,,,,,,,,,,,,,,,,,,,,,,,,,,,,0,0,0,0,0,0,,0,,0,0,0,,0,0,0,0,0,,0,,0,,,,,,,,,,,,,,1,,0,,,,,,,,,,,,0,,,,,,,,,,0,0,0,0,0,0,0,0,,,0,0,0,0,0,0,,0,0,,,,,,,0,0,0,0,0,0,0,93178.0,93128.385
44,0,0,0,2025.0,0,0,0,0,0,0,0,0,0,,,,,0,0,0,,0,0,0,,0,0,0,,,,,,,,,,,,,,,,,,5,215,0,18,118,153,159,207,572,230,48,585,467,383,185,190,382,34,302,305,3,48,48,240,108,182,28,408,163,635,506,416,241,34,535,281,120,333,103,94,85,104,85,67,,0,,,,,,,,,,,,1,,,,,,,,,,,0,0,0,0,0,0,0,0,0,0,0,0,0,0,0,0,0,0,0,,,0,,0,,0,,0,0,0,,0,,0,0,0,,0,,0,,0,,0,0,0,0,,0,0,0,,0,0,0,,0,0,0,,0,0,0,,0,0,0,,0,,,,0,0,0,0,,,0,0,0,,0,0,,0,0,0,0,0,0,0,0,0,,,,,,,,,,,,,,,,,,,,,,,,,,,,0,,,,,,,,,,,,,,,,,,,,,,,,,,,0,,,,,,,,,,,,,,,,,,,,,,,,,,,,,,,,,,,,,,0,0,0,0,0,0,,0,,0,0,0,,0,0,0,0,0,,0,,0,,,,,,,,,,,,,,1,,0,,,,,,,,,,,,0,,,,,,,,,,0,0,0,0,0,0,0,0,,,0,0,0,0,0,0,,0,0,,,,,,,0,0,0,0,0,0,0,68052.0,68162.305
67,0,0,0,2025.0,0,0,0,0,0,0,0,0,0,,,,,0,0,0,,0,0,0,,0,0,0,,,,,,,,,,,,,,,,,,6,344,0,0,0,0,0,0,214,270,441,434,443,384,229,222,412,121,249,318,0,0,125,0,171,282,518,214,450,485,463,403,263,49,23,139,103,215,103,94,85,104,85,67,,0,,,,,,,,,,,,1,,,,,,,,,,,0,0,0,0,0,0,0,0,0,0,0,0,0,0,0,0,0,0,0,,,0,,0,,0,,0,0,0,,0,,0,0,0,,0,,0,,0,,0,0,0,0,,0,0,0,,0,0,0,,0,0,0,,0,0,0,,0,0,0,,0,,,,0,0,0,0,,,0,0,0,,0,0,,0,0,0,0,0,0,0,0,0,,,,,,,,,,,,,,,,,,,,,,,,,,,,0,,,,,,,,,,,,,,,,,,,,,,,,,,,0,,,,,,,,,,,,,,,,,,,,,,,,,,,,,,,,,,,,,,0,0,0,0,0,0,,0,,0,0,0,,0,0,0,0,0,,0,,0,,,,,,,,,,,,,,1,,0,,,,,,,,,,,,0,,,,,,,,,,0,0,0,0,0,0,0,0,,,0,0,0,0,0,0,,0,0,,,,,,,0,0,0,0,0,0,0,1296.0,1300.4
68,0,0,0,2023.0,0,0,0,0,0,0,0,0,0,,,,,0,0,0,,0,0,0,,0,0,0,,,,,,,,,,,,,,,,,,6,329,0,0,0,1,0,9,170,223,379,450,450,390,250,231,427,88,269,317,0,0,0,0,7,33,9,250,443,469,445,384,250,61,573,142,72,220,103,94,85,104,85,67,,0,,,,,,,,,,,,1,,,,,,,,,,,0,0,0,0,0,0,0,0,0,0,0,0,0,0,0,0,0,0,0,,,0,,0,,0,,0,0,0,,0,,0,0,0,,0,,0,,0,,0,0,0,0,,0,0,0,,0,0,0,,0,0,0,,0,0,0,,0,0,0,,0,,,,0,0,0,0,,,0,0,0,,0,0,,0,0,0,0,0,0,0,0,0,,,,,,,,,,,,,,,,,,,,,,,,,,,,0,,,,,,,,,,,,,,,,,,,,,,,,,,,0,,,,,,,,,,,,,,,,,,,,,,,,,,,,,,,,,,,,,,0,0,0,0,0,0,,0,,0,0,0,,0,0,0,0,0,,0,,0,,,,,,,,,,,,,,1,,0,,,,,,,,,,,,0,,,,,,,,,,0,0,0,0,0,0,0,0,,,0,0,0,0,0,0,,0,0,,,,,,,0,0,0,0,0,0,0,1100.0,1105.875
73,0,0,0,2025.0,0,0,0,0,0,0,0,0,0,,,,,0,0,0,,0,0,0,,0,0,0,,,,,,,,,,,,,,,,,,0,48,0,0,0,0,0,0,172,447,433,320,119,588,204,63,1,0,200,20,0,0,0,0,0,0,613,276,444,265,109,498,289,404,136,0,0,312,103,94,85,104,85,67,,0,,,,,,,,,,,,1,,,,,,,,,,,0,0,0,0,0,0,0,0,0,0,0,0,0,0,0,0,0,0,0,,,0,,0,,0,,0,0,0,,0,,0,0,0,,0,,0,,0,,0,0,0,0,,0,0,0,,0,0,0,,0,0,0,,0,0,0,,0,0,0,,0,,,,0,0,0,0,,,0,0,0,,0,0,,0,0,0,0,0,0,0,0,0,,,,,,,,,,,,,,,,,,,,,,,,,,,,0,,,,,,,,,,,,,,,,,,,,,,,,,,,0,,,,,,,,,,,,,,,,,,,,,,,,,,,,,,,,,,,,,,0,0,0,0,0,0,,0,,0,0,0,,0,0,0,0,0,,0,,0,,,,,,,,,,,,,,1,,0,,,,,,,,,,,,0,,,,,,,,,,0,0,0,0,0,0,0,0,,,0,0,0,0,0,0,,0,0,,,,,,,0,0,0,0,0,0,0,202.0,199.315
96,0,0,0,2023.0,0,0,0,0,0,0,0,0,0,,,,,0,0,0,,0,0,0,,0,0,0,,,,,,,,,,,,,,,,,,5,432,0,70,101,72,256,20,118,374,188,23,579,523,387,428,124,17,78,438,0,11,162,26,190,296,164,371,238,88,632,531,423,250,197,267,42,55,103,94,85,104,85,67,,0,,,,,,,,,,,,1,,,,,,,,,,,0,0,0,0,0,0,0,0,0,0,0,0,0,0,0,0,0,0,0,,,0,,0,,0,,0,0,0,,0,,0,0,0,,0,,0,,0,,0,0,0,0,,0,0,0,,0,0,0,,0,0,0,,0,0,0,,0,0,0,,0,,,,0,0,0,0,,,0,0,0,,0,0,,0,0,0,0,0,0,0,0,0,,,,,,,,,,,,,,,,,,,,,,,,,,,,0,,,,,,,,,,,,,,,,,,,,,,,,,,,0,,,,,,,,,,,,,,,,,,,,,,,,,,,,,,,,,,,,,,0,0,0,0,0,0,,0,,0,0,0,,0,0,0,0,0,,0,,0,,,,,,,,,,,,,,1,,0,,,,,,,,,,,,0,,,,,,,,,,0,0,0,0,0,0,0,0,,,0,0,0,0,0,0,,0,0,,,,,,,0,0,0,0,0,0,0,71028.0,74001.565
168,0,0,0,2019.0,0,0,0,0,0,0,0,0,0,,,,,0,0,0,,0,0,0,,0,0,0,,,,,,,,,,,,,,,,,,1,599,4,81,146,218,278,298,340,22,683,611,553,491,199,154,346,228,0,625,31,170,234,305,382,126,521,74,107,675,564,485,379,140,563,53,112,0,103,94,85,104,85,67,,0,,,,,,,,,,,,1,,,,,,,,,,,0,0,0,0,0,0,0,0,0,0,0,0,0,0,0,0,0,0,0,,,0,,0,,0,,0,0,0,,0,,0,0,0,,0,,0,,0,,0,0,0,0,,0,0,0,,0,0,0,,0,0,0,,0,0,0,,0,0,0,,0,,,,0,0,0,0,,,0,0,0,,0,0,,0,0,0,0,0,0,0,0,0,,,,,,,,,,,,,,,,,,,,,,,,,,,,0,,,,,,,,,,,,,,,,,,,,,,,,,,,0,,,,,,,,,,,,,,,,,,,,,,,,,,,,,,,,,,,,,,0,0,0,0,0,0,,0,,0,0,0,,0,0,0,0,0,,0,,0,,,,,,,,,,,,,,3,,0,,,,,,,,,,,,0,,,,,,,,,,0,0,0,0,0,0,0,0,,,0,0,0,0,0,0,,0,0,,,,,,,0,0,0,0,0,0,0,870.0,866.525
127,0,0,0,2023.0,0,0,0,0,0,0,0,0,0,,,,,0,0,0,,0,0,0,,0,0,0,,,,,,,,,,,,,,,,,,6,88,0,0,0,0,0,0,466,470,558,673,107,245,214,426,276,135,386,168,0,1,0,111,2,59,329,510,652,699,93,264,343,220,365,82,9,391,103,94,85,104,85,67,,0,,,,,,,,,,,,1,,,,,,,,,,,0,0,0,0,0,0,0,0,0,0,0,0,0,0,0,0,0,0,0,,,0,,0,,0,,0,0,0,,0,,0,0,0,,0,,0,,0,,0,0,0,0,,0,0,0,,0,0,0,,0,0,0,,0,0,0,,0,0,0,,0,,,,0,0,0,0,,,0,0,0,,0,0,,0,0,0,0,0,0,0,0,0,,,,,,,,,,,,,,,,,,,,,,,,,,,,0,,,,,,,,,,,,,,,,,,,,,,,,,,,0,,,,,,,,,,,,,,,,,,,,,,,,,,,,,,,,,,,,,,0,0,0,0,0,0,,0,,0,0,0,,0,0,0,0,0,,0,,0,,,,,,,,,,,,,,1,,0,,,,,,,,,,,,0,,,,,,,,,,0,0,0,0,0,0,0,0,,,0,0,0,0,0,0,,0,0,,,,,,,0,0,0,0,0,0,0,247.0,250.405
96,0,0,0,2025.0,0,0,0,0,0,0,0,0,0,,,,,0,0,0,,0,0,0,,0,0,0,,,,,,,,,,,,,,,,,,2,374,0,70,101,72,255,19,117,316,83,568,311,119,507,424,29,132,380,401,0,11,162,25,189,295,159,352,167,665,488,359,139,516,414,318,1,21,103,94,85,104,85,67,,0,,,,,,,,,,,,1,,,,,,,,,,,0,0,0,0,0,0,0,0,0,0,0,0,0,0,0,0,0,0,0,,,0,,0,,0,,0,0,0,,0,,0,0,0,,0,,0,,0,,0,0,0,0,,0,0,0,,0,0,0,,0,0,0,,0,0,0,,0,0,0,,0,,,,0,0,0,0,,,0,0,0,,0,0,,0,0,0,0,0,0,0,0,0,,,,,,,,,,,,,,,,,,,,,,,,,,,,0,,,,,,,,,,,,,,,,,,,,,,,,,,,0,,,,,,,,,,,,,,,,,,,,,,,,,,,,,,,,,,,,,,0,0,0,0,0,0,,0,,0,0,0,,0,0,0,0,0,,0,,0,,,,,,,,,,,,,,1,,0,,,,,,,,,,,,0,,,,,,,,,,0,0,0,0,0,0,0,0,,,0,0,0,0,0,0,,0,0,,,,,,,0,0,0,0,0,0,0,69549.0,70200.155
108,0,0,0,2023.0,0,0,0,0,0,0,0,0,0,,,,,0,0,0,,0,0,0,,0,0,0,,,,,,,,,,,,,,,,,,6,170,0,0,0,0,0,0,434,668,35,142,202,310,315,367,190,37,184,138,0,0,1,62,269,367,327,558,54,184,227,314,313,206,215,312,107,136,103,94,85,104,85,67,,0,,,,,,,,,,,,1,,,,,,,,,,,0,0,0,0,0,0,0,0,0,0,0,0,0,0,0,0,0,0,0,,,0,,0,,0,,0,0,0,,0,,0,0,0,,0,,0,,0,,0,0,0,0,,0,0,0,,0,0,0,,0,0,0,,0,0,0,,0,0,0,,0,,,,0,0,0,0,,,0,0,0,,0,0,,0,0,0,0,0,0,0,0,0,,,,,,,,,,,,,,,,,,,,,,,,,,,,0,,,,,,,,,,,,,,,,,,,,,,,,,,,0,,,,,,,,,,,,,,,,,,,,,,,,,,,,,,,,,,,,,,0,0,0,0,0,0,,0,,0,0,0,,0,0,0,0,0,,0,,0,,,,,,,,,,,,,,1,,0,,,,,,,,,,,,0,,,,,,,,,,0,0,0,0,0,0,0,0,,,0,0,0,0,0,0,,0,0,,,,,,,0,0,0,0,0,0,0,335.0,801.78
124,0,0,0,2025.0,0,0,0,0,0,0,0,0,0,,,,,0,0,0,,0,0,0,,0,0,0,,,,,,,,,,,,,,,,,,6,159,0,0,0,0,122,134,527,458,563,10,148,268,297,476,289,161,386,254,0,0,0,165,369,54,347,522,677,44,164,329,380,271,382,98,8,391,103,94,85,104,85,67,,0,,,,,,,,,,,,1,,,,,,,,,,,0,0,0,0,0,0,0,0,0,0,0,0,0,0,0,0,0,0,0,,,0,,0,,0,,0,0,0,,0,,0,0,0,,0,,0,,0,,0,0,0,0,,0,0,0,,0,0,0,,0,0,0,,0,0,0,,0,0,0,,0,,,,0,0,0,0,,,0,0,0,,0,0,,0,0,0,0,0,0,0,0,0,,,,,,,,,,,,,,,,,,,,,,,,,,,,0,,,,,,,,,,,,,,,,,,,,,,,,,,,0,,,,,,,,,,,,,,,,,,,,,,,,,,,,,,,,,,,,,,0,0,0,0,0,0,,0,,0,0,0,,0,0,0,0,0,,0,,0,,,,,,,,,,,,,,1,,0,,,,,,,,,,,,0,,,,,,,,,,0,0,0,0,0,0,0,0,,,0,0,0,0,0,0,,0,0,,,,,,,0,0,0,0,0,0,0,289.0,390.289
167,0,0,0,2020.0,0,0,0,0,0,0,0,0,0,,,,,0,0,0,,0,0,0,,0,0,0,,,,,,,,,,,,,,,,,,0,598,0,0,0,0,0,0,434,357,561,658,21,7,532,495,94,35,322,598,0,0,0,0,1,5,172,121,520,598,647,18,638,426,325,346,119,370,103,94,85,104,85,67,,0,,,,,,,,,,,,1,,,,,,,,,,,0,0,0,0,0,0,0,0,0,0,0,0,0,0,0,0,0,0,0,,,0,,0,,0,,0,0,0,,0,,0,0,0,,0,,0,,0,,0,0,0,0,,0,0,0,,0,0,0,,0,0,0,,0,0,0,,0,0,0,,0,,,,0,0,0,0,,,0,0,0,,0,0,,0,0,0,0,0,0,0,0,0,,,,,,,,,,,,,,,,,,,,,,,,,,,,0,,,,,,,,,,,,,,,,,,,,,,,,,,,0,,,,,,,,,,,,,,,,,,,,,,,,,,,,,,,,,,,,,,0,0,0,0,0,0,,0,,0,0,0,,0,0,0,0,0,,0,,0,,,,,,,,,,,,,,1,,0,,,,,,,,,,,,0,,,,,,,,,,0,0,0,0,0,0,0,0,,,0,0,0,0,0,0,,0,0,,,,,,,0,0,0,0,0,0,0,706.0,698.475
158,0,0,0,2025.0,0,0,0,0,0,0,0,0,0,,,,,0,0,0,,0,0,0,,0,0,0,,,,,,,,,,,,,,,,,,0,634,0,0,0,0,0,0,55,594,61,109,49,649,508,341,439,220,0,621,0,0,1,165,2,66,472,266,671,93,68,11,559,357,186,194,82,0,103,94,85,104,85,67,,0,,,,,,,,,,,,1,,,,,,,,,,,0,0,0,0,0,0,0,0,0,0,0,0,0,0,0,0,0,0,0,,,0,,0,,0,,0,0,0,,0,,0,0,0,,0,,0,,0,,0,0,0,0,,0,0,0,,0,0,0,,0,0,0,,0,0,0,,0,0,0,,0,,,,0,0,0,0,,,0,0,0,,0,0,,0,0,0,0,0,0,0,0,0,,,,,,,,,,,,,,,,,,,,,,,,,,,,0,,,,,,,,,,,,,,,,,,,,,,,,,,,0,,,,,,,,,,,,,,,,,,,,,,,,,,,,,,,,,,,,,,0,0,0,0,0,0,,0,,0,0,0,,0,0,0,0,0,,0,,0,,,,,,,,,,,,,,1,,0,,,,,,,,,,,,0,,,,,,,,,,0,0,0,0,0,0,0,0,,,0,0,0,0,0,0,,0,0,,,,,,,0,0,0,0,0,0,0,1292.0,1296.285
88,0,0,0,2020.0,0,0,0,0,0,0,0,0,0,,,,,0,0,0,,0,0,0,,0,0,0,,,,,,,,,,,,,,,,,,6,258,0,0,0,1,1,72,161,188,314,262,307,351,280,297,59,230,274,61,0,0,1,165,171,367,353,15,174,251,233,233,173,73,100,221,26,144,103,94,85,104,85,67,,0,,,,,,,,,,,,1,,,,,,,,,,,0,0,0,0,0,0,0,0,0,0,0,0,0,0,0,0,0,0,0,,,0,,0,,0,,0,0,0,,0,,0,0,0,,0,,0,,0,,0,0,0,0,,0,0,0,,0,0,0,,0,0,0,,0,0,0,,0,0,0,,0,,,,0,0,0,0,,,0,0,0,,0,0,,0,0,0,0,0,0,0,0,0,,,,,,,,,,,,,,,,,,,,,,,,,,,,0,,,,,,,,,,,,,,,,,,,,,,,,,,,0,,,,,,,,,,,,,,,,,,,,,,,,,,,,,,,,,,,,,,0,0,0,0,0,0,,0,,0,0,0,,0,0,0,0,0,,0,,0,,,,,,,,,,,,,,1,,0,,,,,,,,,,,,0,,,,,,,,,,0,0,0,0,0,0,0,0,,,0,0,0,0,0,0,,0,0,,,,,,,0,0,0,0,0,0,0,1056.0,2703.2
170,0,0,0,2023.0,0,0,0,0,0,0,0,0,0,,,,,0,0,0,,0,0,0,,0,0,0,,,,,,,,,,,,,,,,,,3,583,0,0,0,0,0,0,0,0,2,4,183,0,0,0,0,0,0,2,0,0,0,0,0,0,0,257,0,2,359,4,254,0,0,0,0,0,103,94,85,104,85,67,,0,,,,,,,,,,,,1,,,,,,,,,,,0,0,0,0,0,0,0,0,0,0,0,0,0,0,0,0,0,0,0,,,0,,0,,0,,0,0,0,,0,,0,0,0,,0,,0,,0,,0,0,0,0,,0,0,0,,0,0,0,,0,0,0,,0,0,0,,0,0,0,,0,,,,0,0,0,0,,,0,0,0,,0,0,,0,0,0,0,0,0,0,0,0,,,,,,,,,,,,,,,,,,,,,,,,,,,,0,,,,,,,,,,,,,,,,,,,,,,,,,,,0,,,,,,,,,,,,,,,,,,,,,,,,,,,,,,,,,,,,,,0,0,0,0,0,0,,0,,0,0,0,,0,0,0,0,0,,0,,0,,,,,,,,,,,,,,1,,0,,,,,,,,,,,,0,,,,,,,,,,0,0,0,0,0,0,0,0,,,0,0,0,0,0,0,,0,0,,,,,,,0,0,0,0,0,0,0,1.0,1.15
10,0,0,0,2025.0,0,0,0,0,0,0,0,0,0,,,,,0,0,0,,0,0,0,,0,0,0,,,,,,,,,,,,,,,,,,2,18,0,1,76,98,70,107,421,655,332,60,512,247,632,450,460,0,245,36,15,59,4,157,346,47,448,101,548,258,58,491,258,540,254,1,0,297,103,94,85,104,85,67,,0,,,,,,,,,,,,1,,,,,,,,,,,0,0,0,0,0,0,0,0,0,0,0,0,0,0,0,0,0,0,0,,,0,,0,,0,,0,0,0,,0,,0,0,0,,0,,0,,0,,0,0,0,0,,0,0,0,,0,0,0,,0,0,0,,0,0,0,,0,0,0,,0,,,,0,0,0,0,,,0,0,0,,0,0,,0,0,0,0,0,0,0,0,0,,,,,,,,,,,,,,,,,,,,,,,,,,,,0,,,,,,,,,,,,,,,,,,,,,,,,,,,0,,,,,,,,,,,,,,,,,,,,,,,,,,,,,,,,,,,,,,0,0,0,0,0,0,,0,,0,0,0,,0,0,0,0,0,,0,,0,,,,,,,,,,,,,,1,,0,,,,,,,,,,,,0,,,,,,,,,,0,0,0,0,0,0,0,0,,,0,0,0,0,0,0,,0,0,,,,,,,0,0,0,0,0,0,0,22212.0,22212.605
141,0,0,0,2025.0,0,0,0,0,0,0,0,0,0,,,,,0,0,0,,0,0,0,,0,0,0,,,,,,,,,,,,,,,,,,0,674,0,0,0,1,240,288,125,118,163,137,684,564,348,211,314,74,386,675,0,0,0,6,227,290,439,95,171,134,70,612,426,137,9,115,49,391,103,94,85,104,85,67,,0,,,,,,,,,,,,1,,,,,,,,,,,0,0,0,0,0,0,0,0,0,0,0,0,0,0,0,0,0,0,0,,,0,,0,,0,,0,0,0,,0,,0,0,0,,0,,0,,0,,0,0,0,0,,0,0,0,,0,0,0,,0,0,0,,0,0,0,,0,0,0,,0,,,,0,0,0,0,,,0,0,0,,0,0,,0,0,0,0,0,0,0,0,0,,,,,,,,,,,,,,,,,,,,,,,,,,,,0,,,,,,,,,,,,,,,,,,,,,,,,,,,0,,,,,,,,,,,,,,,,,,,,,,,,,,,,,,,,,,,,,,0,0,0,0,0,0,,0,,0,0,0,,0,0,0,0,0,,0,,0,,,,,,,,,,,,,,1,,0,,,,,,,,,,,,0,,,,,,,,,,0,0,0,0,0,0,0,0,,,0,0,0,0,0,0,,0,0,,,,,,,0,0,0,0,0,0,0,10982.0,10967.29
27,0,0,0,2023.0,0,0,0,0,0,0,0,0,0,,,,,0,0,0,,0,0,0,,0,0,0,,,,,,,,,,,,,,,,,,6,403,0,0,0,0,1,9,449,320,367,303,233,223,73,86,217,24,346,269,0,0,0,1,355,412,592,203,335,294,235,140,56,489,408,230,0,292,103,94,85,104,85,67,,0,,,,,,,,,,,,1,,,,,,,,,,,0,0,0,0,0,0,0,0,0,0,0,0,0,0,0,0,0,0,0,,,0,,0,,0,,0,0,0,,0,,0,0,0,,0,,0,,0,,0,0,0,0,,0,0,0,,0,0,0,,0,0,0,,0,0,0,,0,0,0,,0,,,,0,0,0,0,,,0,0,0,,0,0,,0,0,0,0,0,0,0,0,0,,,,,,,,,,,,,,,,,,,,,,,,,,,,0,,,,,,,,,,,,,,,,,,,,,,,,,,,0,,,,,,,,,,,,,,,,,,,,,,,,,,,,,,,,,,,,,,0,0,0,0,0,0,,0,,0,0,0,,0,0,0,0,0,,0,,0,,,,,,,,,,,,,,1,,0,,,,,,,,,,,,0,,,,,,,,,,0,0,0,0,0,0,0,0,,,0,0,0,0,0,0,,0,0,,,,,,,0,0,0,0,0,0,0,2030.0,2031.32
120,0,0,0,2023.0,0,0,0,0,0,0,0,0,0,,,,,0,0,0,,0,0,0,,0,0,0,,,,,,,,,,,,,,,,,,6,138,0,0,0,1,77,134,161,518,611,22,161,239,307,420,247,116,386,137,0,0,0,111,102,79,372,489,634,32,149,320,327,232,320,19,133,391,103,94,85,104,85,67,,0,,,,,,,,,,,,1,,,,,,,,,,,0,0,0,0,0,0,0,0,0,0,0,0,0,0,0,0,0,0,0,,,0,,0,,0,,0,0,0,,0,,0,0,0,,0,,0,,0,,0,0,0,0,,0,0,0,,0,0,0,,0,0,0,,0,0,0,,0,0,0,,0,,,,0,0,0,0,,,0,0,0,,0,0,,0,0,0,0,0,0,0,0,0,,,,,,,,,,,,,,,,,,,,,,,,,,,,0,,,,,,,,,,,,,,,,,,,,,,,,,,,0,,,,,,,,,,,,,,,,,,,,,,,,,,,,,,,,,,,,,,0,0,0,0,0,0,,0,,0,0,0,,0,0,0,0,0,,0,,0,,,,,,,,,,,,,,1,,0,,,,,,,,,,,,0,,,,,,,,,,0,0,0,0,0,0,0,0,,,0,0,0,0,0,0,,0,0,,,,,,,0,0,0,0,0,0,0,408.0,409.695
35,0,0,0,2019.0,0,0,0,0,0,0,0,0,0,,,,,0,0,0,,0,0,0,,0,0,0,,,,,,,,,,,,,,,,,,1,103,1,67,144,208,191,252,538,80,512,215,642,436,67,8,43,1,140,220,16,104,121,267,94,203,627,275,704,425,155,631,412,132,516,286,72,141,103,94,85,104,85,67,,0,,,,,,,,,,,,1,,,,,,,,,,,0,0,0,0,0,0,0,0,0,0,0,0,0,0,0,0,0,0,0,,,0,,0,,0,,0,0,0,,0,,0,0,0,,0,,0,,0,,0,0,0,0,,0,0,0,,0,0,0,,0,0,0,,0,0,0,,0,0,0,,0,,,,0,0,0,0,,,0,0,0,,0,0,,0,0,0,0,0,0,0,0,0,,,,,,,,,,,,,,,,,,,,,,,,,,,,0,,,,,,,,,,,,,,,,,,,,,,,,,,,0,,,,,,,,,,,,,,,,,,,,,,,,,,,,,,,,,,,,,,0,0,0,0,0,0,,0,,0,0,0,,0,0,0,0,0,,0,,0,,,,,,,,,,,,,,3,,0,,,,,,,,,,,,0,,,,,,,,,,0,0,0,0,0,0,0,0,,,0,0,0,0,0,0,,0,0,,,,,,,0,0,0,0,0,0,0,46133.0,46310.7
170,0,0,0,2019.0,0,0,0,0,0,0,0,0,0,,,,,0,0,0,,0,0,0,,0,0,0,,,,,,,,,,,,,,,,,,1,218,0,49,52,5,109,198,37,590,360,174,131,83,27,14,317,210,43,306,0,125,201,152,350,46,275,523,527,286,117,111,81,556,479,167,92,173,103,94,85,104,85,67,,0,,,,,,,,,,,,1,,,,,,,,,,,0,0,0,0,0,0,0,0,0,0,0,0,0,0,0,0,0,0,0,,,0,,0,,0,,0,0,0,,0,,0,0,0,,0,,0,,0,,0,0,0,0,,0,0,0,,0,0,0,,0,0,0,,0,0,0,,0,0,0,,0,,,,0,0,0,0,,,0,0,0,,0,0,,0,0,0,0,0,0,0,0,0,,,,,,,,,,,,,,,,,,,,,,,,,,,,0,,,,,,,,,,,,,,,,,,,,,,,,,,,0,,,,,,,,,,,,,,,,,,,,,,,,,,,,,,,,,,,,,,0,0,0,0,0,0,,0,,0,0,0,,0,0,0,0,0,,0,,0,,,,,,,,,,,,,,4,,0,,,,,,,,,,,,0,,,,,,,,,,0,0,0,0,0,0,0,0,,,0,0,0,0,0,0,,0,0,,,,,,,0,0,0,0,0,0,0,53062.0,52999.465
170,0,0,0,2019.0,0,0,0,0,0,0,0,0,0,,,,,0,0,0,,0,0,0,,0,0,0,,,,,,,,,,,,,,,,,,1,584,0,0,0,0,1,9,297,255,523,558,654,671,565,530,179,75,1,589,0,0,0,0,1,5,613,24,462,564,571,644,628,453,368,46,16,227,103,94,85,104,85,67,,0,,,,,,,,,,,,1,,,,,,,,,,,0,0,0,0,0,0,0,0,0,0,0,0,0,0,0,0,0,0,0,,,0,,0,,0,,0,0,0,,0,,0,0,0,,0,,0,,0,,0,0,0,0,,0,0,0,,0,0,0,,0,0,0,,0,0,0,,0,0,0,,0,,,,0,0,0,0,,,0,0,0,,0,0,,0,0,0,0,0,0,0,0,0,,,,,,,,,,,,,,,,,,,,,,,,,,,,0,,,,,,,,,,,,,,,,,,,,,,,,,,,0,,,,,,,,,,,,,,,,,,,,,,,,,,,,,,,,,,,,,,0,0,0,0,0,0,,0,,0,0,0,,0,0,0,0,0,,0,,0,,,,,,,,,,,,,,0,,0,,,,,,,,,,,,0,,,,,,,,,,0,0,0,0,0,0,0,0,,,0,0,0,0,0,0,,0,0,,,,,,,0,0,0,0,0,0,0,500.0,498.045
93,0,0,0,2019.0,0,0,0,0,0,0,0,0,0,,,,,0,0,0,,0,0,0,,0,0,0,,,,,,,,,,,,,,,,,,1,362,0,0,0,0,77,72,135,161,305,310,393,416,341,361,85,7,264,237,0,0,0,111,163,136,505,54,235,271,380,386,283,149,146,241,26,204,103,94,85,104,85,67,,0,,,,,,,,,,,,1,,,,,,,,,,,0,0,0,0,0,0,0,0,0,0,0,0,0,0,0,0,0,0,0,,,0,,0,,0,,0,0,0,,0,,0,0,0,,0,,0,,0,,0,0,0,0,,0,0,0,,0,0,0,,0,0,0,,0,0,0,,0,0,0,,0,,,,0,0,0,0,,,0,0,0,,0,0,,0,0,0,0,0,0,0,0,0,,,,,,,,,,,,,,,,,,,,,,,,,,,,0,,,,,,,,,,,,,,,,,,,,,,,,,,,0,,,,,,,,,,,,,,,,,,,,,,,,,,,,,,,,,,,,,,0,0,0,0,0,0,,0,,0,0,0,,0,0,0,0,0,,0,,0,,,,,,,,,,,,,,5,,0,,,,,,,,,,,,0,,,,,,,,,,0,0,0,0,0,0,0,0,,,0,0,0,0,0,0,,0,0,,,,,,,0,0,0,0,0,0,0,931.0,990.665
2,0,0,0,2019.0,0,0,0,0,0,0,0,0,0,,,,,0,0,0,,0,0,0,,0,0,0,,,,,,,,,,,,,,,,,,1,135,5,82,147,219,279,9,112,666,628,608,518,452,218,195,384,1,57,15,32,171,235,306,383,5,179,378,546,545,473,396,272,587,523,2,0,383,103,94,85,104,85,67,,0,,,,,,,,,,,,1,,,,,,,,,,,0,0,0,0,0,0,0,0,0,0,0,0,0,0,0,0,0,0,0,,,0,,0,,0,,0,0,0,,0,,0,0,0,,0,,0,,0,,0,0,0,0,,0,0,0,,0,0,0,,0,0,0,,0,0,0,,0,0,0,,0,,,,0,0,0,0,,,0,0,0,,0,0,,0,0,0,0,0,0,0,0,0,,,,,,,,,,,,,,,,,,,,,,,,,,,,0,,,,,,,,,,,,,,,,,,,,,,,,,,,0,,,,,,,,,,,,,,,,,,,,,,,,,,,,,,,,,,,,,,0,0,0,0,0,0,,0,,0,0,0,,0,0,0,0,0,,0,,0,,,,,,,,,,,,,,5,,0,,,,,,,,,,,,0,,,,,,,,,,0,0,0,0,0,0,0,0,,,0,0,0,0,0,0,,0,0,,,,,,,0,0,0,0,0,0,0,638.0,683.0075
72,0,0,0,2020.0,0,0,0,0,0,0,0,0,0,,,,,0,0,0,,0,0,0,,0,0,0,,,,,,,,,,,,,,,,,,6,506,0,0,0,0,0,0,379,476,524,504,483,445,337,269,446,184,347,557,0,0,0,1,2,33,325,684,686,569,470,409,268,120,78,171,2,335,103,94,85,104,85,67,,0,,,,,,,,,,,,1,,,,,,,,,,,0,0,0,0,0,0,0,0,0,0,0,0,0,0,0,0,0,0,0,,,0,,0,,0,,0,0,0,,0,,0,0,0,,0,,0,,0,,0,0,0,0,,0,0,0,,0,0,0,,0,0,0,,0,0,0,,0,0,0,,0,,,,0,0,0,0,,,0,0,0,,0,0,,0,0,0,0,0,0,0,0,0,,,,,,,,,,,,,,,,,,,,,,,,,,,,0,,,,,,,,,,,,,,,,,,,,,,,,,,,0,,,,,,,,,,,,,,,,,,,,,,,,,,,,,,,,,,,,,,0,0,0,0,0,0,,0,,0,0,0,,0,0,0,0,0,,0,,0,,,,,,,,,,,,,,1,,0,,,,,,,,,,,,0,,,,,,,,,,0,0,0,0,0,0,0,0,,,0,0,0,0,0,0,,0,0,,,,,,,0,0,0,0,0,0,0,2426.0,2435.635
139,0,0,0,2025.0,0,0,0,0,0,0,0,0,0,,,,,0,0,0,,0,0,0,,0,0,0,,,,,,,,,,,,,,,,,,0,670,0,0,0,95,77,280,228,121,175,108,648,532,308,188,311,34,386,667,0,0,1,59,334,398,514,103,149,125,45,557,392,106,559,81,35,391,103,94,85,104,85,67,,0,,,,,,,,,,,,1,,,,,,,,,,,0,0,0,0,0,0,0,0,0,0,0,0,0,0,0,0,0,0,0,,,0,,0,,0,,0,0,0,,0,,0,0,0,,0,,0,,0,,0,0,0,0,,0,0,0,,0,0,0,,0,0,0,,0,0,0,,0,0,0,,0,,,,0,0,0,0,,,0,0,0,,0,0,,0,0,0,0,0,0,0,0,0,,,,,,,,,,,,,,,,,,,,,,,,,,,,0,,,,,,,,,,,,,,,,,,,,,,,,,,,0,,,,,,,,,,,,,,,,,,,,,,,,,,,,,,,,,,,,,,0,0,0,0,0,0,,0,,0,0,0,,0,0,0,0,0,,0,,0,,,,,,,,,,,,,,1,,0,,,,,,,,,,,,0,,,,,,,,,,0,0,0,0,0,0,0,0,,,0,0,0,0,0,0,,0,0,,,,,,,0,0,0,0,0,0,0,12462.0,12161.83
170,0,0,0,2023.0,0,0,0,0,0,0,0,0,0,,,,,0,0,0,,0,0,0,,0,0,0,,,,,,,,,,,,,,,,,,6,604,4,81,146,218,278,0,0,4,340,191,61,620,528,54,423,40,0,565,31,170,234,305,382,0,0,0,376,331,597,497,605,448,472,201,0,0,103,94,85,104,85,67,,0,,,,,,,,,,,,1,,,,,,,,,,,0,0,0,0,0,0,0,0,0,0,0,0,0,0,0,0,0,0,0,,,0,,0,,0,,0,0,0,,0,,0,0,0,,0,,0,,0,,0,0,0,0,,0,0,0,,0,0,0,,0,0,0,,0,0,0,,0,0,0,,0,,,,0,0,0,0,,,0,0,0,,0,0,,0,0,0,0,0,0,0,0,0,,,,,,,,,,,,,,,,,,,,,,,,,,,,0,,,,,,,,,,,,,,,,,,,,,,,,,,,0,,,,,,,,,,,,,,,,,,,,,,,,,,,,,,,,,,,,,,0,0,0,0,0,0,,0,,0,0,0,,0,0,0,0,0,,0,,0,,,,,,,,,,,,,,1,,0,,,,,,,,,,,,0,,,,,,,,,,0,0,0,0,0,0,0,0,,,0,0,0,0,0,0,,0,0,,,,,,,0,0,0,0,0,0,0,1.0,408.028
154,0,0,0,2019.0,0,0,0,0,0,0,0,0,0,,,,,0,0,0,,0,0,0,,0,0,0,,,,,,,,,,,,,,,,,,1,617,0,0,0,0,0,0,2,17,245,311,465,591,633,110,37,89,0,608,0,0,0,1,1,120,316,694,343,459,528,560,593,504,65,304,33,0,103,94,85,104,85,67,,0,,,,,,,,,,,,1,,,,,,,,,,,0,0,0,0,0,0,0,0,0,0,0,0,0,0,0,0,0,0,0,,,0,,0,,0,,0,0,0,,0,,0,0,0,,0,,0,,0,,0,0,0,0,,0,0,0,,0,0,0,,0,0,0,,0,0,0,,0,0,0,,0,,,,0,0,0,0,,,0,0,0,,0,0,,0,0,0,0,0,0,0,0,0,,,,,,,,,,,,,,,,,,,,,,,,,,,,0,,,,,,,,,,,,,,,,,,,,,,,,,,,0,,,,,,,,,,,,,,,,,,,,,,,,,,,,,,,,,,,,,,0,0,0,0,0,0,,0,,0,0,0,,0,0,0,0,0,,0,,0,,,,,,,,,,,,,,5,,0,,,,,,,,,,,,0,,,,,,,,,,0,0,0,0,0,0,0,0,,,0,0,0,0,0,0,,0,0,,,,,,,0,0,0,0,0,0,0,29.0,30.715
75,0,0,0,2023.0,0,0,0,0,0,0,0,0,0,,,,,0,0,0,,0,0,0,,0,0,0,,,,,,,,,,,,,,,,,,6,292,0,0,0,1,0,9,282,269,396,345,397,348,227,250,450,216,289,278,0,0,1,0,0,5,478,230,464,421,347,281,169,46,30,182,120,223,103,94,85,104,85,67,,0,,,,,,,,,,,,1,,,,,,,,,,,0,0,0,0,0,0,0,0,0,0,0,0,0,0,0,0,0,0,0,,,0,,0,,0,,0,0,0,,0,,0,0,0,,0,,0,,0,,0,0,0,0,,0,0,0,,0,0,0,,0,0,0,,0,0,0,,0,0,0,,0,,,,0,0,0,0,,,0,0,0,,0,0,,0,0,0,0,0,0,0,0,0,,,,,,,,,,,,,,,,,,,,,,,,,,,,0,,,,,,,,,,,,,,,,,,,,,,,,,,,0,,,,,,,,,,,,,,,,,,,,,,,,,,,,,,,,,,,,,,0,0,0,0,0,0,,0,,0,0,0,,0,0,0,0,0,,0,,0,,,,,,,,,,,,,,1,,0,,,,,,,,,,,,0,,,,,,,,,,0,0,0,0,0,0,0,0,,,0,0,0,0,0,0,,0,0,,,,,,,0,0,0,0,0,0,0,1360.0,1354.215
124,0,0,0,2019.0,0,0,0,0,0,0,0,0,0,,,,,0,0,0,,0,0,0,,0,0,0,,,,,,,,,,,,,,,,,,1,629,0,0,0,0,122,134,265,52,684,621,549,505,368,331,18,206,386,611,0,0,0,277,188,268,534,68,21,611,558,502,410,208,97,133,72,391,103,94,85,104,85,67,,0,,,,,,,,,,,,1,,,,,,,,,,,0,0,0,0,0,0,0,0,0,0,0,0,0,0,0,0,0,0,0,,,0,,0,,0,,0,0,0,,0,,0,0,0,,0,,0,,0,,0,0,0,0,,0,0,0,,0,0,0,,0,0,0,,0,0,0,,0,0,0,,0,,,,0,0,0,0,,,0,0,0,,0,0,,0,0,0,0,0,0,0,0,0,,,,,,,,,,,,,,,,,,,,,,,,,,,,0,,,,,,,,,,,,,,,,,,,,,,,,,,,0,,,,,,,,,,,,,,,,,,,,,,,,,,,,,,,,,,,,,,0,0,0,0,0,0,,0,,0,0,0,,0,0,0,0,0,,0,,0,,,,,,,,,,,,,,0,,0,,,,,,,,,,,,0,,,,,,,,,,0,0,0,0,0,0,0,0,,,0,0,0,0,0,0,,0,0,,,,,,,0,0,0,0,0,0,0,11250.0,10863.7
174,0,0,0,2025.0,0,0,0,0,0,0,0,0,0,,,,,0,0,0,,0,0,0,,0,0,0,,,,,,,,,,,,,,,,,,5,255,0,18,32,194,89,157,522,641,429,201,104,92,52,44,332,215,0,323,0,80,161,92,319,405,104,494,602,347,166,84,83,12,530,176,97,0,103,94,85,104,85,67,,0,,,,,,,,,,,,1,,,,,,,,,,,0,0,0,0,0,0,0,0,0,0,0,0,0,0,0,0,0,0,0,,,0,,0,,0,,0,0,0,,0,,0,0,0,,0,,0,,0,,0,0,0,0,,0,0,0,,0,0,0,,0,0,0,,0,0,0,,0,0,0,,0,,,,0,0,0,0,,,0,0,0,,0,0,,0,0,0,0,0,0,0,0,0,,,,,,,,,,,,,,,,,,,,,,,,,,,,0,,,,,,,,,,,,,,,,,,,,,,,,,,,0,,,,,,,,,,,,,,,,,,,,,,,,,,,,,,,,,,,,,,0,0,0,0,0,0,,0,,0,0,0,,0,0,0,0,0,,0,,0,,,,,,,,,,,,,,1,,0,,,,,,,,,,,,0,,,,,,,,,,0,0,0,0,0,0,0,0,,,0,0,0,0,0,0,,0,0,,,,,,,0,0,0,0,0,0,0,46573.0,56230.45
136,0,0,0,2023.0,0,0,0,0,0,0,0,0,0,,,,,0,0,0,,0,0,0,,0,0,0,,,,,,,,,,,,,,,,,,2,323,0,25,129,85,263,35,95,219,653,277,88,614,474,377,42,45,386,367,0,55,169,23,181,291,155,393,53,443,86,610,488,333,334,83,35,391,103,94,85,104,85,67,,0,,,,,,,,,,,,1,,,,,,,,,,,0,0,0,0,0,0,0,0,0,0,0,0,0,0,0,0,0,0,0,,,0,,0,,0,,0,0,0,,0,,0,0,0,,0,,0,,0,,0,0,0,0,,0,0,0,,0,0,0,,0,0,0,,0,0,0,,0,0,0,,0,,,,0,0,0,0,,,0,0,0,,0,0,,0,0,0,0,0,0,0,0,0,,,,,,,,,,,,,,,,,,,,,,,,,,,,0,,,,,,,,,,,,,,,,,,,,,,,,,,,0,,,,,,,,,,,,,,,,,,,,,,,,,,,,,,,,,,,,,,0,0,0,0,0,0,,0,,0,0,0,,0,0,0,0,0,,0,,0,,,,,,,,,,,,,,1,,0,,,,,,,,,,,,0,,,,,,,,,,0,0,0,0,0,0,0,0,,,0,0,0,0,0,0,,0,0,,,,,,,0,0,0,0,0,0,0,80191.0,80494.355
136,0,0,0,2019.0,0,0,0,0,0,0,0,0,0,,,,,0,0,0,,0,0,0,,0,0,0,,,,,,,,,,,,,,,,,,1,323,0,25,129,85,263,35,95,219,653,277,88,614,474,377,42,45,386,367,0,55,169,23,181,291,155,393,53,443,86,610,488,333,334,83,35,391,103,94,85,104,85,67,,0,,,,,,,,,,,,1,,,,,,,,,,,0,0,0,0,0,0,0,0,0,0,0,0,0,0,0,0,0,0,0,,,0,,0,,0,,0,0,0,,0,,0,0,0,,0,,0,,0,,0,0,0,0,,0,0,0,,0,0,0,,0,0,0,,0,0,0,,0,0,0,,0,,,,0,0,0,0,,,0,0,0,,0,0,,0,0,0,0,0,0,0,0,0,,,,,,,,,,,,,,,,,,,,,,,,,,,,0,,,,,,,,,,,,,,,,,,,,,,,,,,,0,,,,,,,,,,,,,,,,,,,,,,,,,,,,,,,,,,,,,,0,0,0,0,0,0,,0,,0,0,0,,0,0,0,0,0,,0,,0,,,,,,,,,,,,,,3,,0,,,,,,,,,,,,0,,,,,,,,,,0,0,0,0,0,0,0,0,,,0,0,0,0,0,0,,0,0,,,,,,,0,0,0,0,0,0,0,80191.0,80490.575
109,0,0,0,2025.0,0,0,0,0,0,0,0,0,0,,,,,0,0,0,,0,0,0,,0,0,0,,,,,,,,,,,,,,,,,,2,441,0,8,8,99,274,49,183,272,38,515,313,148,616,447,49,228,203,452,0,97,231,75,257,374,212,350,80,573,418,334,179,610,517,37,127,276,103,94,85,104,85,67,,0,,,,,,,,,,,,1,,,,,,,,,,,0,0,0,0,0,0,0,0,0,0,0,0,0,0,0,0,0,0,0,,,0,,0,,0,,0,0,0,,0,,0,0,0,,0,,0,,0,,0,0,0,0,,0,0,0,,0,0,0,,0,0,0,,0,0,0,,0,0,0,,0,,,,0,0,0,0,,,0,0,0,,0,0,,0,0,0,0,0,0,0,0,0,,,,,,,,,,,,,,,,,,,,,,,,,,,,0,,,,,,,,,,,,,,,,,,,,,,,,,,,0,,,,,,,,,,,,,,,,,,,,,,,,,,,,,,,,,,,,,,0,0,0,0,0,0,,0,,0,0,0,,0,0,0,0,0,,0,,0,,,,,,,,,,,,,,1,,0,,,,,,,,,,,,0,,,,,,,,,,0,0,0,0,0,0,0,0,,,0,0,0,0,0,0,,0,0,,,,,,,0,0,0,0,0,0,0,85865.0,85729.935
68,0,0,0,2025.0,0,0,0,0,0,0,0,0,0,,,,,0,0,0,,0,0,0,,0,0,0,,,,,,,,,,,,,,,,,,5,395,0,10,28,205,107,186,564,430,218,58,631,492,317,244,434,99,115,408,4,57,25,197,21,102,56,597,366,138,646,508,349,139,49,161,72,108,103,94,85,104,85,67,,0,,,,,,,,,,,,1,,,,,,,,,,,0,0,0,0,0,0,0,0,0,0,0,0,0,0,0,0,0,0,0,,,0,,0,,0,,0,0,0,,0,,0,0,0,,0,,0,,0,,0,0,0,0,,0,0,0,,0,0,0,,0,0,0,,0,0,0,,0,0,0,,0,,,,0,0,0,0,,,0,0,0,,0,0,,0,0,0,0,0,0,0,0,0,,,,,,,,,,,,,,,,,,,,,,,,,,,,0,,,,,,,,,,,,,,,,,,,,,,,,,,,0,,,,,,,,,,,,,,,,,,,,,,,,,,,,,,,,,,,,,,0,0,0,0,0,0,,0,,0,0,0,,0,0,0,0,0,,0,,0,,,,,,,,,,,,,,1,,0,,,,,,,,,,,,0,,,,,,,,,,0,0,0,0,0,0,0,0,,,0,0,0,0,0,0,,0,0,,,,,,,0,0,0,0,0,0,0,91501.0,91329.185
104,0,0,0,2025.0,0,0,0,0,0,0,0,0,0,,,,,0,0,0,,0,0,0,,0,0,0,,,,,,,,,,,,,,,,,,6,235,0,0,0,0,0,0,489,48,169,213,280,372,321,386,181,56,201,242,0,0,0,1,331,367,342,21,245,252,270,357,339,194,206,315,95,164,103,94,85,104,85,67,,0,,,,,,,,,,,,1,,,,,,,,,,,0,0,0,0,0,0,0,0,0,0,0,0,0,0,0,0,0,0,0,,,0,,0,,0,,0,0,0,,0,,0,0,0,,0,,0,,0,,0,0,0,0,,0,0,0,,0,0,0,,0,0,0,,0,0,0,,0,0,0,,0,,,,0,0,0,0,,,0,0,0,,0,0,,0,0,0,0,0,0,0,0,0,,,,,,,,,,,,,,,,,,,,,,,,,,,,0,,,,,,,,,,,,,,,,,,,,,,,,,,,0,,,,,,,,,,,,,,,,,,,,,,,,,,,,,,,,,,,,,,0,0,0,0,0,0,,0,,0,0,0,,0,0,0,0,0,,0,,0,,,,,,,,,,,,,,1,,0,,,,,,,,,,,,0,,,,,,,,,,0,0,0,0,0,0,0,0,,,0,0,0,0,0,0,,0,0,,,,,,,0,0,0,0,0,0,0,565.0,566.77
43,0,0,0,2020.0,0,0,0,0,0,0,0,0,0,,,,,0,0,0,,0,0,0,,0,0,0,,,,,,,,,,,,,,,,,,6,332,0,0,0,0,0,0,355,370,448,397,388,298,130,152,369,45,109,196,0,0,0,0,355,385,515,184,386,375,323,256,126,555,460,318,0,22,103,94,85,104,85,67,,0,,,,,,,,,,,,1,,,,,,,,,,,0,0,0,0,0,0,0,0,0,0,0,0,0,0,0,0,0,0,0,,,0,,0,,0,,0,0,0,,0,,0,0,0,,0,,0,,0,,0,0,0,0,,0,0,0,,0,0,0,,0,0,0,,0,0,0,,0,0,0,,0,,,,0,0,0,0,,,0,0,0,,0,0,,0,0,0,0,0,0,0,0,0,,,,,,,,,,,,,,,,,,,,,,,,,,,,0,,,,,,,,,,,,,,,,,,,,,,,,,,,0,,,,,,,,,,,,,,,,,,,,,,,,,,,,,,,,,,,,,,0,0,0,0,0,0,,0,,0,0,0,,0,0,0,0,0,,0,,0,,,,,,,,,,,,,,1,,0,,,,,,,,,,,,0,,,,,,,,,,0,0,0,0,0,0,0,0,,,0,0,0,0,0,0,,0,0,,,,,,,0,0,0,0,0,0,0,1981.0,1977.605
103,0,0,0,2019.0,0,0,0,0,0,0,0,0,0,,,,,0,0,0,,0,0,0,,0,0,0,,,,,,,,,,,,,,,,,,1,517,0,63,95,56,235,312,154,437,230,90,666,573,414,468,210,62,17,522,0,32,185,37,210,319,238,490,300,150,18,593,472,305,272,337,96,16,103,94,85,104,85,67,,0,,,,,,,,,,,,1,,,,,,,,,,,0,0,0,0,0,0,0,0,0,0,0,0,0,0,0,0,0,0,0,,,0,,0,,0,,0,0,0,,0,,0,0,0,,0,,0,,0,,0,0,0,0,,0,0,0,,0,0,0,,0,0,0,,0,0,0,,0,0,0,,0,,,,0,0,0,0,,,0,0,0,,0,0,,0,0,0,0,0,0,0,0,0,,,,,,,,,,,,,,,,,,,,,,,,,,,,0,,,,,,,,,,,,,,,,,,,,,,,,,,,0,,,,,,,,,,,,,,,,,,,,,,,,,,,,,,,,,,,,,,0,0,0,0,0,0,,0,,0,0,0,,0,0,0,0,0,,0,,0,,,,,,,,,,,,,,4,,0,,,,,,,,,,,,0,,,,,,,,,,0,0,0,0,0,0,0,0,,,0,0,0,0,0,0,,0,0,,,,,,,0,0,0,0,0,0,0,102313.0,102659.355
141,0,0,0,2023.0,0,0,0,0,0,0,0,0,0,,,,,0,0,0,,0,0,0,,0,0,0,,,,,,,,,,,,,,,,,,6,2,0,0,0,0,0,0,231,209,409,565,607,26,69,260,147,129,386,4,0,0,0,0,269,282,500,245,515,570,9,66,77,32,212,30,66,391,103,94,85,104,85,67,,0,,,,,,,,,,,,1,,,,,,,,,,,0,0,0,0,0,0,0,0,0,0,0,0,0,0,0,0,0,0,0,,,0,,0,,0,,0,0,0,,0,,0,0,0,,0,,0,,0,,0,0,0,0,,0,0,0,,0,0,0,,0,0,0,,0,0,0,,0,0,0,,0,,,,0,0,0,0,,,0,0,0,,0,0,,0,0,0,0,0,0,0,0,0,,,,,,,,,,,,,,,,,,,,,,,,,,,,0,,,,,,,,,,,,,,,,,,,,,,,,,,,0,,,,,,,,,,,,,,,,,,,,,,,,,,,,,,,,,,,,,,0,0,0,0,0,0,,0,,0,0,0,,0,0,0,0,0,,0,,0,,,,,,,,,,,,,,1,,0,,,,,,,,,,,,0,,,,,,,,,,0,0,0,0,0,0,0,0,,,0,0,0,0,0,0,,0,0,,,,,,,0,0,0,0,0,0,0,96.0,95.52
168,0,0,0,2025.0,0,0,0,0,0,0,0,0,0,,,,,0,0,0,,0,0,0,,0,0,0,,,,,,,,,,,,,,,,,,6,574,0,0,0,0,0,0,2,156,630,150,250,461,516,88,21,129,0,579,0,0,0,0,0,0,283,296,675,195,294,453,549,485,56,333,22,1,103,94,85,104,85,67,,0,,,,,,,,,,,,1,,,,,,,,,,,0,0,0,0,0,0,0,0,0,0,0,0,0,0,0,0,0,0,0,,,0,,0,,0,,0,0,0,,0,,0,0,0,,0,,0,,0,,0,0,0,0,,0,0,0,,0,0,0,,0,0,0,,0,0,0,,0,0,0,,0,,,,0,0,0,0,,,0,0,0,,0,0,,0,0,0,0,0,0,0,0,0,,,,,,,,,,,,,,,,,,,,,,,,,,,,0,,,,,,,,,,,,,,,,,,,,,,,,,,,0,,,,,,,,,,,,,,,,,,,,,,,,,,,,,,,,,,,,,,0,0,0,0,0,0,,0,,0,0,0,,0,0,0,0,0,,0,,0,,,,,,,,,,,,,,1,,0,,,,,,,,,,,,0,,,,,,,,,,0,0,0,0,0,0,0,0,,,0,0,0,0,0,0,,0,0,,,,,,,0,0,0,0,0,0,0,7.0,7.89
157,0,0,0,2019.0,0,0,0,0,0,0,0,0,0,,,,,0,0,0,,0,0,0,,0,0,0,,,,,,,,,,,,,,,,,,1,609,0,0,0,0,0,0,406,678,155,297,461,550,638,111,14,110,0,604,0,0,0,0,0,0,5,566,198,355,482,551,585,522,81,297,23,0,103,94,85,104,85,67,,0,,,,,,,,,,,,1,,,,,,,,,,,0,0,0,0,0,0,0,0,0,0,0,0,0,0,0,0,0,0,0,,,0,,0,,0,,0,0,0,,0,,0,0,0,,0,,0,,0,,0,0,0,0,,0,0,0,,0,0,0,,0,0,0,,0,0,0,,0,0,0,,0,,,,0,0,0,0,,,0,0,0,,0,0,,0,0,0,0,0,0,0,0,0,,,,,,,,,,,,,,,,,,,,,,,,,,,,0,,,,,,,,,,,,,,,,,,,,,,,,,,,0,,,,,,,,,,,,,,,,,,,,,,,,,,,,,,,,,,,,,,0,0,0,0,0,0,,0,,0,0,0,,0,0,0,0,0,,0,,0,,,,,,,,,,,,,,5,,0,,,,,,,,,,,,0,,,,,,,,,,0,0,0,0,0,0,0,0,,,0,0,0,0,0,0,,0,0,,,,,,,0,0,0,0,0,0,0,17.0,20.22
125,0,0,0,2023.0,0,0,0,0,0,0,0,0,0,,,,,0,0,0,,0,0,0,,0,0,0,,,,,,,,,,,,,,,,,,5,543,0,66,71,9,74,156,227,321,193,64,17,661,520,12,322,165,386,554,0,162,104,149,280,16,206,455,239,98,677,652,607,413,494,137,23,391,103,94,85,104,85,67,,0,,,,,,,,,,,,1,,,,,,,,,,,0,0,0,0,0,0,0,0,0,0,0,0,0,0,0,0,0,0,0,,,0,,0,,0,,0,0,0,,0,,0,0,0,,0,,0,,0,,0,0,0,0,,0,0,0,,0,0,0,,0,0,0,,0,0,0,,0,0,0,,0,,,,0,0,0,0,,,0,0,0,,0,0,,0,0,0,0,0,0,0,0,0,,,,,,,,,,,,,,,,,,,,,,,,,,,,0,,,,,,,,,,,,,,,,,,,,,,,,,,,0,,,,,,,,,,,,,,,,,,,,,,,,,,,,,,,,,,,,,,0,0,0,0,0,0,,0,,0,0,0,,0,0,0,0,0,,0,,0,,,,,,,,,,,,,,1,,0,,,,,,,,,,,,0,,,,,,,,,,0,0,0,0,0,0,0,0,,,0,0,0,0,0,0,,0,0,,,,,,,0,0,0,0,0,0,0,90582.0,90724.8
172,0,0,0,2025.0,0,0,0,0,0,0,0,0,0,,,,,0,0,0,,0,0,0,,0,0,0,,,,,,,,,,,,,,,,,,3,0,0,0,0,0,0,0,0,0,0,0,0,0,0,0,0,0,0,436,0,0,0,0,0,0,4,3,0,0,0,4,0,0,0,0,0,0,103,94,85,104,85,67,,0,,,,,,,,,,,,1,,,,,,,,,,,0,0,0,0,0,0,0,0,0,0,0,0,0,0,0,0,0,0,0,,,0,,0,,0,,0,0,0,,0,,0,0,0,,0,,0,,0,,0,0,0,0,,0,0,0,,0,0,0,,0,0,0,,0,0,0,,0,0,0,,0,,,,0,0,0,0,,,0,0,0,,0,0,,0,0,0,0,0,0,0,0,0,,,,,,,,,,,,,,,,,,,,,,,,,,,,0,,,,,,,,,,,,,,,,,,,,,,,,,,,0,,,,,,,,,,,,,,,,,,,,,,,,,,,,,,,,,,,,,,0,0,0,0,0,0,,0,,0,0,0,,0,0,0,0,0,,0,,0,,,,,,,,,,,,,,1,,0,,,,,,,,,,,,0,,,,,,,,,,0,0,0,0,0,0,0,0,,,0,0,0,0,0,0,,0,0,,,,,,,0,0,0,0,0,0,0,0.0,0.03
153,0,0,0,2025.0,0,0,0,0,0,0,0,0,0,,,,,0,0,0,,0,0,0,,0,0,0,,,,,,,,,,,,,,,,,,5,295,0,17,143,121,21,71,312,619,416,193,73,10,481,378,128,122,0,344,0,82,187,78,248,363,451,594,513,325,144,27,589,328,227,356,46,0,103,94,85,104,85,67,,0,,,,,,,,,,,,1,,,,,,,,,,,0,0,0,0,0,0,0,0,0,0,0,0,0,0,0,0,0,0,0,,,0,,0,,0,,0,0,0,,0,,0,0,0,,0,,0,,0,,0,0,0,0,,0,0,0,,0,0,0,,0,0,0,,0,0,0,,0,0,0,,0,,,,0,0,0,0,,,0,0,0,,0,0,,0,0,0,0,0,0,0,0,0,,,,,,,,,,,,,,,,,,,,,,,,,,,,0,,,,,,,,,,,,,,,,,,,,,,,,,,,0,,,,,,,,,,,,,,,,,,,,,,,,,,,,,,,,,,,,,,0,0,0,0,0,0,,0,,0,0,0,,0,0,0,0,0,,0,,0,,,,,,,,,,,,,,1,,0,,,,,,,,,,,,0,,,,,,,,,,0,0,0,0,0,0,0,0,,,0,0,0,0,0,0,,0,0,,,,,,,0,0,0,0,0,0,0,67934.0,67993.765
172,0,0,0,2023.0,0,0,0,0,0,0,0,0,0,,,,,0,0,0,,0,0,0,,0,0,0,,,,,,,,,,,,,,,,,,2,180,4,81,146,218,278,189,165,477,361,212,187,162,32,28,244,1,0,338,31,170,234,305,382,9,293,573,575,403,192,100,662,474,398,286,103,0,103,94,85,104,85,67,,0,,,,,,,,,,,,1,,,,,,,,,,,0,0,0,0,0,0,0,0,0,0,0,0,0,0,0,0,0,0,0,,,0,,0,,0,,0,0,0,,0,,0,0,0,,0,,0,,0,,0,0,0,0,,0,0,0,,0,0,0,,0,0,0,,0,0,0,,0,0,0,,0,,,,0,0,0,0,,,0,0,0,,0,0,,0,0,0,0,0,0,0,0,0,,,,,,,,,,,,,,,,,,,,,,,,,,,,0,,,,,,,,,,,,,,,,,,,,,,,,,,,0,,,,,,,,,,,,,,,,,,,,,,,,,,,,,,,,,,,,,,0,0,0,0,0,0,,0,,0,0,0,,0,0,0,0,0,,0,,0,,,,,,,,,,,,,,1,,0,,,,,,,,,,,,0,,,,,,,,,,0,0,0,0,0,0,0,0,,,0,0,0,0,0,0,,0,0,,,,,,,0,0,0,0,0,0,0,333.0,10086.859
85,0,0,0,2025.0,0,0,0,0,0,0,0,0,0,,,,,0,0,0,,0,0,0,,0,0,0,,,,,,,,,,,,,,,,,,0,387,0,0,0,0,0,0,3,632,590,509,403,191,569,387,336,0,165,310,0,0,0,0,0,0,624,380,621,523,275,115,601,224,75,1,0,24,103,94,85,104,85,67,,0,,,,,,,,,,,,1,,,,,,,,,,,0,0,0,0,0,0,0,0,0,0,0,0,0,0,0,0,0,0,0,,,0,,0,,0,,0,0,0,,0,,0,0,0,,0,,0,,0,,0,0,0,0,,0,0,0,,0,0,0,,0,0,0,,0,0,0,,0,0,0,,0,,,,0,0,0,0,,,0,0,0,,0,0,,0,0,0,0,0,0,0,0,0,,,,,,,,,,,,,,,,,,,,,,,,,,,,0,,,,,,,,,,,,,,,,,,,,,,,,,,,0,,,,,,,,,,,,,,,,,,,,,,,,,,,,,,,,,,,,,,0,0,0,0,0,0,,0,,0,0,0,,0,0,0,0,0,,0,,0,,,,,,,,,,,,,,1,,0,,,,,,,,,,,,0,,,,,,,,,,0,0,0,0,0,0,0,0,,,0,0,0,0,0,0,,0,0,,,,,,,0,0,0,0,0,0,0,227.0,218.455
140,0,0,0,2019.0,0,0,0,0,0,0,0,0,0,,,,,0,0,0,,0,0,0,,0,0,0,,,,,,,,,,,,,,,,,,1,675,0,0,0,0,269,318,178,122,179,135,672,555,342,199,319,84,386,674,0,0,0,12,349,398,484,100,169,137,63,601,408,121,5,89,138,391,103,94,85,104,85,67,,0,,,,,,,,,,,,1,,,,,,,,,,,0,0,0,0,0,0,0,0,0,0,0,0,0,0,0,0,0,0,0,,,0,,0,,0,,0,0,0,,0,,0,0,0,,0,,0,,0,,0,0,0,0,,0,0,0,,0,0,0,,0,0,0,,0,0,0,,0,0,0,,0,,,,0,0,0,0,,,0,0,0,,0,0,,0,0,0,0,0,0,0,0,0,,,,,,,,,,,,,,,,,,,,,,,,,,,,0,,,,,,,,,,,,,,,,,,,,,,,,,,,0,,,,,,,,,,,,,,,,,,,,,,,,,,,,,,,,,,,,,,0,0,0,0,0,0,,0,,0,0,0,,0,0,0,0,0,,0,,0,,,,,,,,,,,,,,0,,0,,,,,,,,,,,,0,,,,,,,,,,0,0,0,0,0,0,0,0,,,0,0,0,0,0,0,,0,0,,,,,,,0,0,0,0,0,0,0,11717.0,11675.885
151,0,0,0,2023.0,0,0,0,0,0,0,0,0,0,,,,,0,0,0,,0,0,0,,0,0,0,,,,,,,,,,,,,,,,,,1,680,4,81,146,218,278,95,348,629,404,180,78,20,477,603,482,234,385,684,31,170,234,305,382,399,483,655,521,310,132,32,594,317,574,384,143,390,42,53,27,48,14,19,,0,,,,,,,,,,,,1,,,,,,,,,,,0,0,0,0,0,0,0,0,0,0,0,0,0,0,0,0,0,0,0,,,0,,0,,0,,0,0,0,,0,,0,0,0,,0,,0,,0,,0,0,0,0,,0,0,0,,0,0,0,,0,0,0,,0,0,0,,0,0,0,,0,,,,0,0,0,0,,,0,0,0,,0,0,,0,0,0,0,0,0,0,0,0,,,,,,,,,,,,,,,,,,,,,,,,,,,,0,,,,,,,,,,,,,,,,,,,,,,,,,,,0,,,,,,,,,,,,,,,,,,,,,,,,,,,,,,,,,,,,,,0,0,0,0,0,0,,0,,0,0,0,,0,0,0,0,0,,0,,0,,,,,,,,,,,,,,1,,0,,,,,,,,,,,,0,,,,,,,,,,0,0,0,0,0,0,0,0,,,0,0,0,0,0,0,,0,0,,,,,,,0,0,0,0,0,0,0,78364.0,78351.715
139,0,0,0,2025.0,0,0,0,0,0,0,0,0,0,,,,,0,0,0,,0,0,0,,0,0,0,,,,,,,,,,,,,,,,,,5,503,0,79,90,61,238,317,80,481,286,163,25,603,439,451,228,134,386,512,0,5,149,7,164,267,165,644,410,211,91,642,470,281,310,93,61,391,103,94,85,104,85,67,,0,,,,,,,,,,,,1,,,,,,,,,,,0,0,0,0,0,0,0,0,0,0,0,0,0,0,0,0,0,0,0,,,0,,0,,0,,0,0,0,,0,,0,0,0,,0,,0,,0,,0,0,0,0,,0,0,0,,0,0,0,,0,0,0,,0,0,0,,0,0,0,,0,,,,0,0,0,0,,,0,0,0,,0,0,,0,0,0,0,0,0,0,0,0,,,,,,,,,,,,,,,,,,,,,,,,,,,,0,,,,,,,,,,,,,,,,,,,,,,,,,,,0,,,,,,,,,,,,,,,,,,,,,,,,,,,,,,,,,,,,,,0,0,0,0,0,0,,0,,0,0,0,,0,0,0,0,0,,0,,0,,,,,,,,,,,,,,1,,0,,,,,,,,,,,,0,,,,,,,,,,0,0,0,0,0,0,0,0,,,0,0,0,0,0,0,,0,0,,,,,,,0,0,0,0,0,0,0,105458.0,107274.68
169,0,0,0,2020.0,0,0,0,0,0,0,0,0,0,,,,,0,0,0,,0,0,0,,0,0,0,,,,,,,,,,,,,,,,,,5,242,0,78,76,12,106,210,74,599,380,188,147,96,26,15,307,203,63,316,0,137,211,147,353,53,291,545,533,304,148,126,84,553,475,159,88,152,103,94,85,104,85,67,,0,,,,,,,,,,,,1,,,,,,,,,,,0,0,0,0,0,0,0,0,0,0,0,0,0,0,0,0,0,0,0,,,0,,0,,0,,0,0,0,,0,,0,0,0,,0,,0,,0,,0,0,0,0,,0,0,0,,0,0,0,,0,0,0,,0,0,0,,0,0,0,,0,,,,0,0,0,0,,,0,0,0,,0,0,,0,0,0,0,0,0,0,0,0,,,,,,,,,,,,,,,,,,,,,,,,,,,,0,,,,,,,,,,,,,,,,,,,,,,,,,,,0,,,,,,,,,,,,,,,,,,,,,,,,,,,,,,,,,,,,,,0,0,0,0,0,0,,0,,0,0,0,,0,0,0,0,0,,0,,0,,,,,,,,,,,,,,1,,0,,,,,,,,,,,,0,,,,,,,,,,0,0,0,0,0,0,0,0,,,0,0,0,0,0,0,,0,0,,,,,,,0,0,0,0,0,0,0,55313.0,55238.405
112,0,0,0,2025.0,0,0,0,0,0,0,0,0,0,,,,,0,0,0,,0,0,0,,0,0,0,,,,,,,,,,,,,,,,,,5,486,0,30,25,107,8,63,207,278,136,660,606,553,437,481,239,69,298,492,0,131,46,91,255,392,216,337,132,31,610,569,473,331,340,383,113,361,103,94,85,104,85,67,,0,,,,,,,,,,,,1,,,,,,,,,,,0,0,0,0,0,0,0,0,0,0,0,0,0,0,0,0,0,0,0,,,0,,0,,0,,0,0,0,,0,,0,0,0,,0,,0,,0,,0,0,0,0,,0,0,0,,0,0,0,,0,0,0,,0,0,0,,0,0,0,,0,,,,0,0,0,0,,,0,0,0,,0,0,,0,0,0,0,0,0,0,0,0,,,,,,,,,,,,,,,,,,,,,,,,,,,,0,,,,,,,,,,,,,,,,,,,,,,,,,,,0,,,,,,,,,,,,,,,,,,,,,,,,,,,,,,,,,,,,,,0,0,0,0,0,0,,0,,0,0,0,,0,0,0,0,0,,0,,0,,,,,,,,,,,,,,1,,0,,,,,,,,,,,,0,,,,,,,,,,0,0,0,0,0,0,0,0,,,0,0,0,0,0,0,,0,0,,,,,,,0,0,0,0,0,0,0,81400.0,81435.69
92,0,0,0,2023.0,0,0,0,0,0,0,0,0,0,,,,,0,0,0,,0,0,0,,0,0,0,,,,,,,,,,,,,,,,,,2,561,0,19,60,38,257,326,215,592,216,597,390,175,641,512,79,193,90,581,0,19,180,56,251,347,300,22,417,95,529,373,146,521,447,309,103,93,103,94,85,104,85,67,,0,,,,,,,,,,,,1,,,,,,,,,,,0,0,0,0,0,0,0,0,0,0,0,0,0,0,0,0,0,0,0,,,0,,0,,0,,0,0,0,,0,,0,0,0,,0,,0,,0,,0,0,0,0,,0,0,0,,0,0,0,,0,0,0,,0,0,0,,0,0,0,,0,,,,0,0,0,0,,,0,0,0,,0,0,,0,0,0,0,0,0,0,0,0,,,,,,,,,,,,,,,,,,,,,,,,,,,,0,,,,,,,,,,,,,,,,,,,,,,,,,,,0,,,,,,,,,,,,,,,,,,,,,,,,,,,,,,,,,,,,,,0,0,0,0,0,0,,0,,0,0,0,,0,0,0,0,0,,0,,0,,,,,,,,,,,,,,1,,0,,,,,,,,,,,,0,,,,,,,,,,0,0,0,0,0,0,0,0,,,0,0,0,0,0,0,,0,0,,,,,,,0,0,0,0,0,0,0,168899.0,168012.18
131,0,0,0,2025.0,0,0,0,0,0,0,0,0,0,,,,,0,0,0,,0,0,0,,0,0,0,,,,,,,,,,,,,,,,,,0,665,0,0,1,44,215,298,338,152,93,15,602,475,289,171,359,66,386,655,0,0,141,292,317,353,612,149,195,64,633,507,355,133,562,81,103,391,103,94,85,104,85,67,,0,,,,,,,,,,,,1,,,,,,,,,,,0,0,0,0,0,0,0,0,0,0,0,0,0,0,0,0,0,0,0,,,0,,0,,0,,0,0,0,,0,,0,0,0,,0,,0,,0,,0,0,0,0,,0,0,0,,0,0,0,,0,0,0,,0,0,0,,0,0,0,,0,,,,0,0,0,0,,,0,0,0,,0,0,,0,0,0,0,0,0,0,0,0,,,,,,,,,,,,,,,,,,,,,,,,,,,,0,,,,,,,,,,,,,,,,,,,,,,,,,,,0,,,,,,,,,,,,,,,,,,,,,,,,,,,,,,,,,,,,,,0,0,0,0,0,0,,0,,0,0,0,,0,0,0,0,0,,0,,0,,,,,,,,,,,,,,1,,0,,,,,,,,,,,,0,,,,,,,,,,0,0,0,0,0,0,0,0,,,0,0,0,0,0,0,,0,0,,,,,,,0,0,0,0,0,0,0,15220.0,15196.93
163,0,0,0,2020.0,0,0,0,0,0,0,0,0,0,,,,,0,0,0,,0,0,0,,0,0,0,,,,,,,,,,,,,,,,,,2,125,0,4,102,54,230,310,256,569,309,95,529,251,20,574,115,70,228,229,0,169,118,288,159,249,386,578,489,203,640,437,159,492,312,365,127,381,103,94,85,104,85,67,,0,,,,,,,,,,,,1,,,,,,,,,,,0,0,0,0,0,0,0,0,0,0,0,0,0,0,0,0,0,0,0,,,0,,0,,0,,0,0,0,,0,,0,0,0,,0,,0,,0,,0,0,0,0,,0,0,0,,0,0,0,,0,0,0,,0,0,0,,0,0,0,,0,,,,0,0,0,0,,,0,0,0,,0,0,,0,0,0,0,0,0,0,0,0,,,,,,,,,,,,,,,,,,,,,,,,,,,,0,,,,,,,,,,,,,,,,,,,,,,,,,,,0,,,,,,,,,,,,,,,,,,,,,,,,,,,,,,,,,,,,,,0,0,0,0,0,0,,0,,0,0,0,,0,0,0,0,0,,0,,0,,,,,,,,,,,,,,1,,0,,,,,,,,,,,,0,,,,,,,,,,0,0,0,0,0,0,0,0,,,0,0,0,0,0,0,,0,0,,,,,,,0,0,0,0,0,0,0,61391.0,61348.085
114,0,0,0,2023.0,0,0,0,0,0,0,0,0,0,,,,,0,0,0,,0,0,0,,0,0,0,,,,,,,,,,,,,,,,,,0,149,0,0,0,0,0,0,376,419,407,314,223,183,11,500,443,80,386,224,0,0,0,0,312,299,124,324,432,370,314,179,47,432,251,188,1,391,103,94,85,104,85,67,,0,,,,,,,,,,,,1,,,,,,,,,,,0,0,0,0,0,0,0,0,0,0,0,0,0,0,0,0,0,0,0,,,0,,0,,0,,0,0,0,,0,,0,0,0,,0,,0,,0,,0,0,0,0,,0,0,0,,0,0,0,,0,0,0,,0,0,0,,0,0,0,,0,,,,0,0,0,0,,,0,0,0,,0,0,,0,0,0,0,0,0,0,0,0,,,,,,,,,,,,,,,,,,,,,,,,,,,,0,,,,,,,,,,,,,,,,,,,,,,,,,,,0,,,,,,,,,,,,,,,,,,,,,,,,,,,,,,,,,,,,,,0,0,0,0,0,0,,0,,0,0,0,,0,0,0,0,0,,0,,0,,,,,,,,,,,,,,1,,0,,,,,,,,,,,,0,,,,,,,,,,0,0,0,0,0,0,0,0,,,0,0,0,0,0,0,,0,0,,,,,,,0,0,0,0,0,0,0,2576.0,2580.685
107,0,0,0,2019.0,0,0,0,0,0,0,0,0,0,,,,,0,0,0,,0,0,0,,0,0,0,,,,,,,,,,,,,,,,,,1,511,0,5,145,89,251,29,181,398,172,53,657,580,426,472,209,59,344,517,0,76,215,66,235,357,236,417,262,82,673,607,506,324,296,353,107,384,103,94,85,104,85,67,,0,,,,,,,,,,,,1,,,,,,,,,,,0,0,0,0,0,0,0,0,0,0,0,0,0,0,0,0,0,0,0,,,0,,0,,0,,0,0,0,,0,,0,0,0,,0,,0,,0,,0,0,0,0,,0,0,0,,0,0,0,,0,0,0,,0,0,0,,0,0,0,,0,,,,0,0,0,0,,,0,0,0,,0,0,,0,0,0,0,0,0,0,0,0,,,,,,,,,,,,,,,,,,,,,,,,,,,,0,,,,,,,,,,,,,,,,,,,,,,,,,,,0,,,,,,,,,,,,,,,,,,,,,,,,,,,,,,,,,,,,,,0,0,0,0,0,0,,0,,0,0,0,,0,0,0,0,0,,0,,0,,,,,,,,,,,,,,4,,0,,,,,,,,,,,,0,,,,,,,,,,0,0,0,0,0,0,0,0,,,0,0,0,0,0,0,,0,0,,,,,,,0,0,0,0,0,0,0,95266.0,95112.385
138,0,0,0,2020.0,0,0,0,0,0,0,0,0,0,,,,,0,0,0,,0,0,0,,0,0,0,,,,,,,,,,,,,,,,,,2,316,0,80,94,69,243,323,77,254,668,317,81,612,461,371,9,24,386,357,0,21,152,10,167,271,140,454,77,481,134,623,461,307,302,65,58,391,103,94,85,104,85,67,,0,,,,,,,,,,,,1,,,,,,,,,,,0,0,0,0,0,0,0,0,0,0,0,0,0,0,0,0,0,0,0,,,0,,0,,0,,0,0,0,,0,,0,0,0,,0,,0,,0,,0,0,0,0,,0,0,0,,0,0,0,,0,0,0,,0,0,0,,0,0,0,,0,,,,0,0,0,0,,,0,0,0,,0,0,,0,0,0,0,0,0,0,0,0,,,,,,,,,,,,,,,,,,,,,,,,,,,,0,,,,,,,,,,,,,,,,,,,,,,,,,,,0,,,,,,,,,,,,,,,,,,,,,,,,,,,,,,,,,,,,,,0,0,0,0,0,0,,0,,0,0,0,,0,0,0,0,0,,0,,0,,,,,,,,,,,,,,1,,0,,,,,,,,,,,,0,,,,,,,,,,0,0,0,0,0,0,0,0,,,0,0,0,0,0,0,,0,0,,,,,,,0,0,0,0,0,0,0,87707.0,87915.245
66,0,0,0,2025.0,0,0,0,0,0,0,0,0,0,,,,,0,0,0,,0,0,0,,0,0,0,,,,,,,,,,,,,,,,,,6,243,0,0,0,0,0,0,218,245,400,380,402,332,203,207,416,146,260,239,0,0,0,1,213,282,422,129,415,428,407,327,172,13,553,163,103,217,103,94,85,104,85,67,,0,,,,,,,,,,,,1,,,,,,,,,,,0,0,0,0,0,0,0,0,0,0,0,0,0,0,0,0,0,0,0,,,0,,0,,0,,0,0,0,,0,,0,0,0,,0,,0,,0,,0,0,0,0,,0,0,0,,0,0,0,,0,0,0,,0,0,0,,0,0,0,,0,,,,0,0,0,0,,,0,0,0,,0,0,,0,0,0,0,0,0,0,0,0,,,,,,,,,,,,,,,,,,,,,,,,,,,,0,,,,,,,,,,,,,,,,,,,,,,,,,,,0,,,,,,,,,,,,,,,,,,,,,,,,,,,,,,,,,,,,,,0,0,0,0,0,0,,0,,0,0,0,,0,0,0,0,0,,0,,0,,,,,,,,,,,,,,1,,0,,,,,,,,,,,,0,,,,,,,,,,0,0,0,0,0,0,0,0,,,0,0,0,0,0,0,,0,0,,,,,,,0,0,0,0,0,0,0,1228.0,1232.23
82,0,0,0,2020.0,0,0,0,0,0,0,0,0,0,,,,,0,0,0,,0,0,0,,0,0,0,,,,,,,,,,,,,,,,,,6,274,0,0,0,0,0,0,98,186,308,294,366,368,273,291,40,213,260,87,0,0,0,0,171,120,309,36,249,298,276,262,188,77,73,213,17,180,103,94,85,104,85,67,,0,,,,,,,,,,,,1,,,,,,,,,,,0,0,0,0,0,0,0,0,0,0,0,0,0,0,0,0,0,0,0,,,0,,0,,0,,0,0,0,,0,,0,0,0,,0,,0,,0,,0,0,0,0,,0,0,0,,0,0,0,,0,0,0,,0,0,0,,0,0,0,,0,,,,0,0,0,0,,,0,0,0,,0,0,,0,0,0,0,0,0,0,0,0,,,,,,,,,,,,,,,,,,,,,,,,,,,,0,,,,,,,,,,,,,,,,,,,,,,,,,,,0,,,,,,,,,,,,,,,,,,,,,,,,,,,,,,,,,,,,,,0,0,0,0,0,0,,0,,0,0,0,,0,0,0,0,0,,0,,0,,,,,,,,,,,,,,1,,0,,,,,,,,,,,,0,,,,,,,,,,0,0,0,0,0,0,0,0,,,0,0,0,0,0,0,,0,0,,,,,,,0,0,0,0,0,0,0,1117.0,1115.21
82,0,0,0,2020.0,0,0,0,0,0,0,0,0,0,,,,,0,0,0,,0,0,0,,0,0,0,,,,,,,,,,,,,,,,,,5,454,0,23,53,23,179,261,53,404,126,659,554,497,367,336,69,219,85,460,0,152,145,291,131,232,152,673,313,58,584,478,367,187,130,231,17,78,103,94,85,104,85,67,,0,,,,,,,,,,,,1,,,,,,,,,,,0,0,0,0,0,0,0,0,0,0,0,0,0,0,0,0,0,0,0,,,0,,0,,0,,0,0,0,,0,,0,0,0,,0,,0,,0,,0,0,0,0,,0,0,0,,0,0,0,,0,0,0,,0,0,0,,0,0,0,,0,,,,0,0,0,0,,,0,0,0,,0,0,,0,0,0,0,0,0,0,0,0,,,,,,,,,,,,,,,,,,,,,,,,,,,,0,,,,,,,,,,,,,,,,,,,,,,,,,,,0,,,,,,,,,,,,,,,,,,,,,,,,,,,,,,,,,,,,,,0,0,0,0,0,0,,0,,0,0,0,,0,0,0,0,0,,0,,0,,,,,,,,,,,,,,1,,0,,,,,,,,,,,,0,,,,,,,,,,0,0,0,0,0,0,0,0,,,0,0,0,0,0,0,,0,0,,,,,,,0,0,0,0,0,0,0,119484.0,119404.53
118,0,0,0,2019.0,0,0,0,0,0,0,0,0,0,,,,,0,0,0,,0,0,0,,0,0,0,,,,,,,,,,,,,,,,,,1,536,0,53,61,207,86,152,258,263,108,697,573,543,432,527,260,127,215,542,0,144,83,136,321,37,256,312,95,10,616,559,487,349,392,43,137,267,103,94,85,104,85,67,,0,,,,,,,,,,,,1,,,,,,,,,,,0,0,0,0,0,0,0,0,0,0,0,0,0,0,0,0,0,0,0,,,0,,0,,0,,0,0,0,,0,,0,0,0,,0,,0,,0,,0,0,0,0,,0,0,0,,0,0,0,,0,0,0,,0,0,0,,0,0,0,,0,,,,0,0,0,0,,,0,0,0,,0,0,,0,0,0,0,0,0,0,0,0,,,,,,,,,,,,,,,,,,,,,,,,,,,,0,,,,,,,,,,,,,,,,,,,,,,,,,,,0,,,,,,,,,,,,,,,,,,,,,,,,,,,,,,,,,,,,,,0,0,0,0,0,0,,0,,0,0,0,,0,0,0,0,0,,0,,0,,,,,,,,,,,,,,4,,0,,,,,,,,,,,,0,,,,,,,,,,0,0,0,0,0,0,0,0,,,0,0,0,0,0,0,,0,0,,,,,,,0,0,0,0,0,0,0,78886.0,80754.965
47,0,0,0,2023.0,0,0,0,0,0,0,0,0,0,,,,,0,0,0,,0,0,0,,0,0,0,,,,,,,,,,,,,,,,,,2,171,0,67,122,116,127,176,565,195,620,279,68,506,187,62,118,1,194,287,4,15,30,212,54,131,36,409,98,530,231,28,439,205,523,39,0,238,103,94,85,104,85,67,,0,,,,,,,,,,,,1,,,,,,,,,,,0,0,0,0,0,0,0,0,0,0,0,0,0,0,0,0,0,0,0,,,0,,0,,0,,0,0,0,,0,,0,0,0,,0,,0,,0,,0,0,0,0,,0,0,0,,0,0,0,,0,0,0,,0,0,0,,0,0,0,,0,,,,0,0,0,0,,,0,0,0,,0,0,,0,0,0,0,0,0,0,0,0,,,,,,,,,,,,,,,,,,,,,,,,,,,,0,,,,,,,,,,,,,,,,,,,,,,,,,,,0,,,,,,,,,,,,,,,,,,,,,,,,,,,,,,,,,,,,,,0,0,0,0,0,0,,0,,0,0,0,,0,0,0,0,0,,0,,0,,,,,,,,,,,,,,1,,0,,,,,,,,,,,,0,,,,,,,,,,0,0,0,0,0,0,0,0,,,0,0,0,0,0,0,,0,0,,,,,,,0,0,0,0,0,0,0,69047.0,68998.655
168,0,0,0,2019.0,0,0,0,0,0,0,0,0,0,,,,,0,0,0,,0,0,0,,0,0,0,,,,,,,,,,,,,,,,,,1,466,4,81,146,218,278,0,0,0,0,546,589,334,488,578,153,0,0,582,31,170,234,305,382,0,0,0,214,2,495,653,639,535,515,156,1,0,103,94,85,104,85,67,,0,,,,,,,,,,,,1,,,,,,,,,,,0,0,0,0,0,0,0,0,0,0,0,0,0,0,0,0,0,0,0,,,0,,0,,0,,0,0,0,,0,,0,0,0,,0,,0,,0,,0,0,0,0,,0,0,0,,0,0,0,,0,0,0,,0,0,0,,0,0,0,,0,,,,0,0,0,0,,,0,0,0,,0,0,,0,0,0,0,0,0,0,0,0,,,,,,,,,,,,,,,,,,,,,,,,,,,,0,,,,,,,,,,,,,,,,,,,,,,,,,,,0,,,,,,,,,,,,,,,,,,,,,,,,,,,,,,,,,,,,,,0,0,0,0,0,0,,0,,0,0,0,,0,0,0,0,0,,0,,0,,,,,,,,,,,,,,5,,0,,,,,,,,,,,,0,,,,,,,,,,0,0,0,0,0,0,0,0,,,0,0,0,0,0,0,,0,0,,,,,,,0,0,0,0,0,0,0,0.0,13.73
3,0,0,0,2023.0,0,0,0,0,0,0,0,0,0,,,,,0,0,0,,0,0,0,,0,0,0,,,,,,,,,,,,,,,,,,6,188,0,0,0,0,0,0,305,91,90,69,656,589,362,276,398,193,50,30,0,1,0,1,213,299,374,643,37,681,626,519,396,176,3,2,72,376,103,94,85,104,85,67,,0,,,,,,,,,,,,1,,,,,,,,,,,0,0,0,0,0,0,0,0,0,0,0,0,0,0,0,0,0,0,0,,,0,,0,,0,,0,0,0,,0,,0,0,0,,0,,0,,0,,0,0,0,0,,0,0,0,,0,0,0,,0,0,0,,0,0,0,,0,0,0,,0,,,,0,0,0,0,,,0,0,0,,0,0,,0,0,0,0,0,0,0,0,0,,,,,,,,,,,,,,,,,,,,,,,,,,,,0,,,,,,,,,,,,,,,,,,,,,,,,,,,0,,,,,,,,,,,,,,,,,,,,,,,,,,,,,,,,,,,,,,0,0,0,0,0,0,,0,,0,0,0,,0,0,0,0,0,,0,,0,,,,,,,,,,,,,,1,,0,,,,,,,,,,,,0,,,,,,,,,,0,0,0,0,0,0,0,0,,,0,0,0,0,0,0,,0,0,,,,,,,0,0,0,0,0,0,0,1072.0,1195.785
99,0,0,0,2019.0,0,0,0,0,0,0,0,0,0,,,,,0,0,0,,0,0,0,,0,0,0,,,,,,,,,,,,,,,,,,1,397,0,0,0,0,0,0,199,173,328,306,404,400,343,380,165,26,294,410,0,1,125,0,28,66,168,412,483,404,339,369,312,171,161,278,89,218,103,94,85,104,85,67,,0,,,,,,,,,,,,1,,,,,,,,,,,0,0,0,0,0,0,0,0,0,0,0,0,0,0,0,0,0,0,0,,,0,,0,,0,,0,0,0,,0,,0,0,0,,0,,0,,0,,0,0,0,0,,0,0,0,,0,0,0,,0,0,0,,0,0,0,,0,0,0,,0,,,,0,0,0,0,,,0,0,0,,0,0,,0,0,0,0,0,0,0,0,0,,,,,,,,,,,,,,,,,,,,,,,,,,,,0,,,,,,,,,,,,,,,,,,,,,,,,,,,0,,,,,,,,,,,,,,,,,,,,,,,,,,,,,,,,,,,,,,0,0,0,0,0,0,,0,,0,0,0,,0,0,0,0,0,,0,,0,,,,,,,,,,,,,,5,,0,,,,,,,,,,,,0,,,,,,,,,,0,0,0,0,0,0,0,0,,,0,0,0,0,0,0,,0,0,,,,,,,0,0,0,0,0,0,0,1063.0,1059.39
162,0,0,0,2019.0,0,0,0,0,0,0,0,0,0,,,,,0,0,0,,0,0,0,,0,0,0,,,,,,,,,,,,,,,,,,1,680,4,81,146,218,278,5,5,605,480,337,265,229,100,603,482,234,385,684,31,170,234,305,382,120,286,450,597,435,269,224,164,10,574,384,143,390,21,8,20,18,62,4,,0,,,,,,,,,,,,1,,,,,,,,,,,0,0,0,0,0,0,0,0,0,0,0,0,0,0,0,0,0,0,0,,,0,,0,,0,,0,0,0,,0,,0,0,0,,0,,0,,0,,0,0,0,0,,0,0,0,,0,0,0,,0,0,0,,0,0,0,,0,0,0,,0,,,,0,0,0,0,,,0,0,0,,0,0,,0,0,0,0,0,0,0,0,0,,,,,,,,,,,,,,,,,,,,,,,,,,,,0,,,,,,,,,,,,,,,,,,,,,,,,,,,0,,,,,,,,,,,,,,,,,,,,,,,,,,,,,,,,,,,,,,0,0,0,0,0,0,,0,,0,0,0,,0,0,0,0,0,,0,,0,,,,,,,,,,,,,,1,,0,,,,,,,,,,,,0,,,,,,,,,,0,0,0,0,0,0,0,0,,,0,0,0,0,0,0,,0,0,,,,,,,0,0,0,0,0,0,0,41.3,41.241000000000106
46,0,0,0,2025.0,0,0,0,0,0,0,0,0,0,,,,,0,0,0,,0,0,0,,0,0,0,,,,,,,,,,,,,,,,,,5,212,0,1,89,126,148,192,566,244,44,583,457,356,164,166,348,88,244,303,8,26,43,218,92,146,31,419,166,630,502,394,201,20,512,330,72,278,103,94,85,104,85,67,,0,,,,,,,,,,,,1,,,,,,,,,,,0,0,0,0,0,0,0,0,0,0,0,0,0,0,0,0,0,0,0,,,0,,0,,0,,0,0,0,,0,,0,0,0,,0,,0,,0,,0,0,0,0,,0,0,0,,0,0,0,,0,0,0,,0,0,0,,0,0,0,,0,,,,0,0,0,0,,,0,0,0,,0,0,,0,0,0,0,0,0,0,0,0,,,,,,,,,,,,,,,,,,,,,,,,,,,,0,,,,,,,,,,,,,,,,,,,,,,,,,,,0,,,,,,,,,,,,,,,,,,,,,,,,,,,,,,,,,,,,,,0,0,0,0,0,0,,0,,0,0,0,,0,0,0,0,0,,0,,0,,,,,,,,,,,,,,1,,0,,,,,,,,,,,,0,,,,,,,,,,0,0,0,0,0,0,0,0,,,0,0,0,0,0,0,,0,0,,,,,,,0,0,0,0,0,0,0,69564.0,69521.395
100,0,0,0,2020.0,0,0,0,0,0,0,0,0,0,,,,,0,0,0,,0,0,0,,0,0,0,,,,,,,,,,,,,,,,,,2,473,0,75,106,47,218,294,143,423,184,623,432,146,616,568,103,20,16,493,0,37,190,41,204,315,247,544,221,29,547,416,216,601,490,26,134,23,103,94,85,104,85,67,,0,,,,,,,,,,,,1,,,,,,,,,,,0,0,0,0,0,0,0,0,0,0,0,0,0,0,0,0,0,0,0,,,0,,0,,0,,0,0,0,,0,,0,0,0,,0,,0,,0,,0,0,0,0,,0,0,0,,0,0,0,,0,0,0,,0,0,0,,0,0,0,,0,,,,0,0,0,0,,,0,0,0,,0,0,,0,0,0,0,0,0,0,0,0,,,,,,,,,,,,,,,,,,,,,,,,,,,,0,,,,,,,,,,,,,,,,,,,,,,,,,,,0,,,,,,,,,,,,,,,,,,,,,,,,,,,,,,,,,,,,,,0,0,0,0,0,0,,0,,0,0,0,,0,0,0,0,0,,0,,0,,,,,,,,,,,,,,1,,0,,,,,,,,,,,,0,,,,,,,,,,0,0,0,0,0,0,0,0,,,0,0,0,0,0,0,,0,0,,,,,,,0,0,0,0,0,0,0,116492.0,116359.265
122,0,0,0,2023.0,0,0,0,0,0,0,0,0,0,,,,,0,0,0,,0,0,0,,0,0,0,,,,,,,,,,,,,,,,,,5,551,0,60,66,15,87,172,291,266,99,682,625,526,446,559,279,150,386,562,0,160,111,162,308,39,287,365,121,674,599,573,479,356,427,86,141,391,103,94,85,104,85,67,,0,,,,,,,,,,,,1,,,,,,,,,,,0,0,0,0,0,0,0,0,0,0,0,0,0,0,0,0,0,0,0,,,0,,0,,0,,0,0,0,,0,,0,0,0,,0,,0,,0,,0,0,0,0,,0,0,0,,0,0,0,,0,0,0,,0,0,0,,0,0,0,,0,,,,0,0,0,0,,,0,0,0,,0,0,,0,0,0,0,0,0,0,0,0,,,,,,,,,,,,,,,,,,,,,,,,,,,,0,,,,,,,,,,,,,,,,,,,,,,,,,,,0,,,,,,,,,,,,,,,,,,,,,,,,,,,,,,,,,,,,,,0,0,0,0,0,0,,0,,0,0,0,,0,0,0,0,0,,0,,0,,,,,,,,,,,,,,1,,0,,,,,,,,,,,,0,,,,,,,,,,0,0,0,0,0,0,0,0,,,0,0,0,0,0,0,,0,0,,,,,,,0,0,0,0,0,0,0,79784.0,79731.525
101,0,0,0,2020.0,0,0,0,0,0,0,0,0,0,,,,,0,0,0,,0,0,0,,0,0,0,,,,,,,,,,,,,,,,,,5,528,0,73,108,63,222,307,139,451,257,120,675,567,407,459,201,39,52,537,0,43,192,46,208,321,239,593,314,180,27,611,449,283,247,321,99,34,103,94,85,104,85,67,,0,,,,,,,,,,,,1,,,,,,,,,,,0,0,0,0,0,0,0,0,0,0,0,0,0,0,0,0,0,0,0,,,0,,0,,0,,0,0,0,,0,,0,0,0,,0,,0,,0,,0,0,0,0,,0,0,0,,0,0,0,,0,0,0,,0,0,0,,0,0,0,,0,,,,0,0,0,0,,,0,0,0,,0,0,,0,0,0,0,0,0,0,0,0,,,,,,,,,,,,,,,,,,,,,,,,,,,,0,,,,,,,,,,,,,,,,,,,,,,,,,,,0,,,,,,,,,,,,,,,,,,,,,,,,,,,,,,,,,,,,,,0,0,0,0,0,0,,0,,0,0,0,,0,0,0,0,0,,0,,0,,,,,,,,,,,,,,1,,0,,,,,,,,,,,,0,,,,,,,,,,0,0,0,0,0,0,0,0,,,0,0,0,0,0,0,,0,0,,,,,,,0,0,0,0,0,0,0,114031.0,113459.25
126,0,0,0,2025.0,0,0,0,0,0,0,0,0,0,,,,,0,0,0,,0,0,0,,0,0,0,,,,,,,,,,,,,,,,,,6,101,0,0,0,0,1,9,499,438,573,661,108,266,234,430,264,156,386,186,0,0,1,182,369,66,357,528,638,696,123,273,363,228,356,84,4,391,103,94,85,104,85,67,,0,,,,,,,,,,,,1,,,,,,,,,,,0,0,0,0,0,0,0,0,0,0,0,0,0,0,0,0,0,0,0,,,0,,0,,0,,0,0,0,,0,,0,0,0,,0,,0,,0,,0,0,0,0,,0,0,0,,0,0,0,,0,0,0,,0,0,0,,0,0,0,,0,,,,0,0,0,0,,,0,0,0,,0,0,,0,0,0,0,0,0,0,0,0,,,,,,,,,,,,,,,,,,,,,,,,,,,,0,,,,,,,,,,,,,,,,,,,,,,,,,,,0,,,,,,,,,,,,,,,,,,,,,,,,,,,,,,,,,,,,,,0,0,0,0,0,0,,0,,0,0,0,,0,0,0,0,0,,0,,0,,,,,,,,,,,,,,1,,0,,,,,,,,,,,,0,,,,,,,,,,0,0,0,0,0,0,0,0,,,0,0,0,0,0,0,,0,0,,,,,,,0,0,0,0,0,0,0,251.0,261.905
124,0,0,0,2023.0,0,0,0,0,0,0,0,0,0,,,,,0,0,0,,0,0,0,,0,0,0,,,,,,,,,,,,,,,,,,6,159,0,0,0,0,122,134,527,458,563,10,148,268,297,476,289,161,386,254,0,0,0,165,369,54,347,522,677,44,164,329,380,271,382,98,8,391,103,94,85,104,85,67,,0,,,,,,,,,,,,1,,,,,,,,,,,0,0,0,0,0,0,0,0,0,0,0,0,0,0,0,0,0,0,0,,,0,,0,,0,,0,0,0,,0,,0,0,0,,0,,0,,0,,0,0,0,0,,0,0,0,,0,0,0,,0,0,0,,0,0,0,,0,0,0,,0,,,,0,0,0,0,,,0,0,0,,0,0,,0,0,0,0,0,0,0,0,0,,,,,,,,,,,,,,,,,,,,,,,,,,,,0,,,,,,,,,,,,,,,,,,,,,,,,,,,0,,,,,,,,,,,,,,,,,,,,,,,,,,,,,,,,,,,,,,0,0,0,0,0,0,,0,,0,0,0,,0,0,0,0,0,,0,,0,,,,,,,,,,,,,,1,,0,,,,,,,,,,,,0,,,,,,,,,,0,0,0,0,0,0,0,0,,,0,0,0,0,0,0,,0,0,,,,,,,0,0,0,0,0,0,0,289.0,390.289
133,0,0,0,2025.0,0,0,0,0,0,0,0,0,0,,,,,0,0,0,,0,0,0,,0,0,0,,,,,,,,,,,,,,,,,,2,341,0,24,13,113,14,68,119,192,606,254,98,678,516,427,28,20,386,378,0,87,206,67,217,349,142,333,27,391,96,636,558,374,377,97,11,391,103,94,85,104,85,67,,0,,,,,,,,,,,,1,,,,,,,,,,,0,0,0,0,0,0,0,0,0,0,0,0,0,0,0,0,0,0,0,,,0,,0,,0,,0,0,0,,0,,0,0,0,,0,,0,,0,,0,0,0,0,,0,0,0,,0,0,0,,0,0,0,,0,0,0,,0,0,0,,0,,,,0,0,0,0,,,0,0,0,,0,0,,0,0,0,0,0,0,0,0,0,,,,,,,,,,,,,,,,,,,,,,,,,,,,0,,,,,,,,,,,,,,,,,,,,,,,,,,,0,,,,,,,,,,,,,,,,,,,,,,,,,,,,,,,,,,,,,,0,0,0,0,0,0,,0,,0,0,0,,0,0,0,0,0,,0,,0,,,,,,,,,,,,,,1,,0,,,,,,,,,,,,0,,,,,,,,,,0,0,0,0,0,0,0,0,,,0,0,0,0,0,0,,0,0,,,,,,,0,0,0,0,0,0,0,70978.0,71511.19
20,0,0,0,2019.0,0,0,0,0,0,0,0,0,0,,,,,0,0,0,,0,0,0,,0,0,0,,,,,,,,,,,,,,,,,,1,291,0,0,0,0,0,0,389,233,266,223,167,120,22,25,141,23,370,108,0,0,0,165,355,49,496,90,210,193,135,59,617,389,259,202,1,317,103,94,85,104,85,67,,0,,,,,,,,,,,,1,,,,,,,,,,,0,0,0,0,0,0,0,0,0,0,0,0,0,0,0,0,0,0,0,,,0,,0,,0,,0,0,0,,0,,0,0,0,,0,,0,,0,,0,0,0,0,,0,0,0,,0,0,0,,0,0,0,,0,0,0,,0,0,0,,0,,,,0,0,0,0,,,0,0,0,,0,0,,0,0,0,0,0,0,0,0,0,,,,,,,,,,,,,,,,,,,,,,,,,,,,0,,,,,,,,,,,,,,,,,,,,,,,,,,,0,,,,,,,,,,,,,,,,,,,,,,,,,,,,,,,,,,,,,,0,0,0,0,0,0,,0,,0,0,0,,0,0,0,0,0,,0,,0,,,,,,,,,,,,,,5,,0,,,,,,,,,,,,0,,,,,,,,,,0,0,0,0,0,0,0,0,,,0,0,0,0,0,0,,0,0,,,,,,,0,0,0,0,0,0,0,1824.0,1802.675
54,0,0,0,2025.0,0,0,0,0,0,0,0,0,0,,,,,0,0,0,,0,0,0,,0,0,0,,,,,,,,,,,,,,,,,,6,253,0,0,0,0,0,0,296,324,422,393,371,309,149,162,351,70,345,170,0,0,1,0,213,282,495,207,409,388,318,214,104,543,490,305,90,295,103,94,85,104,85,67,,0,,,,,,,,,,,,1,,,,,,,,,,,0,0,0,0,0,0,0,0,0,0,0,0,0,0,0,0,0,0,0,,,0,,0,,0,,0,0,0,,0,,0,0,0,,0,,0,,0,,0,0,0,0,,0,0,0,,0,0,0,,0,0,0,,0,0,0,,0,0,0,,0,,,,0,0,0,0,,,0,0,0,,0,0,,0,0,0,0,0,0,0,0,0,,,,,,,,,,,,,,,,,,,,,,,,,,,,0,,,,,,,,,,,,,,,,,,,,,,,,,,,0,,,,,,,,,,,,,,,,,,,,,,,,,,,,,,,,,,,,,,0,0,0,0,0,0,,0,,0,0,0,,0,0,0,0,0,,0,,0,,,,,,,,,,,,,,1,,0,,,,,,,,,,,,0,,,,,,,,,,0,0,0,0,0,0,0,0,,,0,0,0,0,0,0,,0,0,,,,,,,0,0,0,0,0,0,0,1621.0,1622.485
147,0,0,0,2025.0,0,0,0,0,0,0,0,0,0,,,,,0,0,0,,0,0,0,,0,0,0,,,,,,,,,,,,,,,,,,0,655,0,0,1,44,17,51,486,102,154,74,46,585,366,232,361,121,0,657,0,0,1,81,334,403,306,37,187,146,40,665,456,172,40,131,79,0,103,94,85,104,85,67,,0,,,,,,,,,,,,1,,,,,,,,,,,0,0,0,0,0,0,0,0,0,0,0,0,0,0,0,0,0,0,0,,,0,,0,,0,,0,0,0,,0,,0,0,0,,0,,0,,0,,0,0,0,0,,0,0,0,,0,0,0,,0,0,0,,0,0,0,,0,0,0,,0,,,,0,0,0,0,,,0,0,0,,0,0,,0,0,0,0,0,0,0,0,0,,,,,,,,,,,,,,,,,,,,,,,,,,,,0,,,,,,,,,,,,,,,,,,,,,,,,,,,0,,,,,,,,,,,,,,,,,,,,,,,,,,,,,,,,,,,,,,0,0,0,0,0,0,,0,,0,0,0,,0,0,0,0,0,,0,,0,,,,,,,,,,,,,,1,,0,,,,,,,,,,,,0,,,,,,,,,,0,0,0,0,0,0,0,0,,,0,0,0,0,0,0,,0,0,,,,,,,0,0,0,0,0,0,0,6693.0,6771.58
133,0,0,0,2019.0,0,0,0,0,0,0,0,0,0,,,,,0,0,0,,0,0,0,,0,0,0,,,,,,,,,,,,,,,,,,1,341,0,24,13,113,14,68,119,192,606,254,98,678,516,427,28,20,386,378,0,87,206,67,217,349,142,333,27,391,96,636,558,374,377,97,11,391,103,94,85,104,85,67,,0,,,,,,,,,,,,1,,,,,,,,,,,0,0,0,0,0,0,0,0,0,0,0,0,0,0,0,0,0,0,0,,,0,,0,,0,,0,0,0,,0,,0,0,0,,0,,0,,0,,0,0,0,0,,0,0,0,,0,0,0,,0,0,0,,0,0,0,,0,0,0,,0,,,,0,0,0,0,,,0,0,0,,0,0,,0,0,0,0,0,0,0,0,0,,,,,,,,,,,,,,,,,,,,,,,,,,,,0,,,,,,,,,,,,,,,,,,,,,,,,,,,0,,,,,,,,,,,,,,,,,,,,,,,,,,,,,,,,,,,,,,0,0,0,0,0,0,,0,,0,0,0,,0,0,0,0,0,,0,,0,,,,,,,,,,,,,,3,,0,,,,,,,,,,,,0,,,,,,,,,,0,0,0,0,0,0,0,0,,,0,0,0,0,0,0,,0,0,,,,,,,0,0,0,0,0,0,0,70978.0,71520.435
43,0,0,0,2025.0,0,0,0,0,0,0,0,0,0,,,,,0,0,0,,0,0,0,,0,0,0,,,,,,,,,,,,,,,,,,2,162,0,33,125,171,162,212,576,165,607,272,69,512,152,52,118,0,212,279,3,40,60,247,119,195,27,387,76,512,219,51,454,178,563,286,0,268,103,94,85,104,85,67,,0,,,,,,,,,,,,1,,,,,,,,,,,0,0,0,0,0,0,0,0,0,0,0,0,0,0,0,0,0,0,0,,,0,,0,,0,,0,0,0,,0,,0,0,0,,0,,0,,0,,0,0,0,0,,0,0,0,,0,0,0,,0,0,0,,0,0,0,,0,0,0,,0,,,,0,0,0,0,,,0,0,0,,0,0,,0,0,0,0,0,0,0,0,0,,,,,,,,,,,,,,,,,,,,,,,,,,,,0,,,,,,,,,,,,,,,,,,,,,,,,,,,0,,,,,,,,,,,,,,,,,,,,,,,,,,,,,,,,,,,,,,0,0,0,0,0,0,,0,,0,0,0,,0,0,0,0,0,,0,,0,,,,,,,,,,,,,,1,,0,,,,,,,,,,,,0,,,,,,,,,,0,0,0,0,0,0,0,0,,,0,0,0,0,0,0,,0,0,,,,,,,0,0,0,0,0,0,0,65378.0,65342.19
45,0,0,0,2025.0,0,0,0,0,0,0,0,0,0,,,,,0,0,0,,0,0,0,,0,0,0,,,,,,,,,,,,,,,,,,6,290,0,0,0,0,0,0,356,334,432,389,362,292,147,167,344,23,77,150,0,0,0,0,269,282,450,169,383,333,310,209,124,561,471,299,103,10,103,94,85,104,85,67,,0,,,,,,,,,,,,1,,,,,,,,,,,0,0,0,0,0,0,0,0,0,0,0,0,0,0,0,0,0,0,0,,,0,,0,,0,,0,0,0,,0,,0,0,0,,0,,0,,0,,0,0,0,0,,0,0,0,,0,0,0,,0,0,0,,0,0,0,,0,0,0,,0,,,,0,0,0,0,,,0,0,0,,0,0,,0,0,0,0,0,0,0,0,0,,,,,,,,,,,,,,,,,,,,,,,,,,,,0,,,,,,,,,,,,,,,,,,,,,,,,,,,0,,,,,,,,,,,,,,,,,,,,,,,,,,,,,,,,,,,,,,0,0,0,0,0,0,,0,,0,0,0,,0,0,0,0,0,,0,,0,,,,,,,,,,,,,,1,,0,,,,,,,,,,,,0,,,,,,,,,,0,0,0,0,0,0,0,0,,,0,0,0,0,0,0,,0,0,,,,,,,0,0,0,0,0,0,0,1826.0,1824.34
20,0,0,0,2019.0,0,0,0,0,0,0,0,0,0,,,,,0,0,0,,0,0,0,,0,0,0,,,,,,,,,,,,,,,,,,1,89,1,71,123,149,129,182,463,34,550,399,240,181,36,35,148,23,277,163,20,92,80,202,4,83,535,213,674,489,355,175,42,433,290,214,1,304,103,94,85,104,85,67,,0,,,,,,,,,,,,1,,,,,,,,,,,0,0,0,0,0,0,0,0,0,0,0,0,0,0,0,0,0,0,0,,,0,,0,,0,,0,0,0,,0,,0,0,0,,0,,0,,0,,0,0,0,0,,0,0,0,,0,0,0,,0,0,0,,0,0,0,,0,0,0,,0,,,,0,0,0,0,,,0,0,0,,0,0,,0,0,0,0,0,0,0,0,0,,,,,,,,,,,,,,,,,,,,,,,,,,,,0,,,,,,,,,,,,,,,,,,,,,,,,,,,0,,,,,,,,,,,,,,,,,,,,,,,,,,,,,,,,,,,,,,0,0,0,0,0,0,,0,,0,0,0,,0,0,0,0,0,,0,,0,,,,,,,,,,,,,,4,,0,,,,,,,,,,,,0,,,,,,,,,,0,0,0,0,0,0,0,0,,,0,0,0,0,0,0,,0,0,,,,,,,0,0,0,0,0,0,0,30524.0,30296.87
23,0,0,0,2025.0,0,0,0,0,0,0,0,0,0,,,,,0,0,0,,0,0,0,,0,0,0,,,,,,,,,,,,,,,,,,6,356,0,0,0,0,1,9,387,288,322,248,196,176,45,53,168,218,360,200,0,0,0,0,331,341,554,133,286,234,177,99,644,422,300,200,0,325,103,94,85,104,85,67,,0,,,,,,,,,,,,1,,,,,,,,,,,0,0,0,0,0,0,0,0,0,0,0,0,0,0,0,0,0,0,0,,,0,,0,,0,,0,0,0,,0,,0,0,0,,0,,0,,0,,0,0,0,0,,0,0,0,,0,0,0,,0,0,0,,0,0,0,,0,0,0,,0,,,,0,0,0,0,,,0,0,0,,0,0,,0,0,0,0,0,0,0,0,0,,,,,,,,,,,,,,,,,,,,,,,,,,,,0,,,,,,,,,,,,,,,,,,,,,,,,,,,0,,,,,,,,,,,,,,,,,,,,,,,,,,,,,,,,,,,,,,0,0,0,0,0,0,,0,,0,0,0,,0,0,0,0,0,,0,,0,,,,,,,,,,,,,,1,,0,,,,,,,,,,,,0,,,,,,,,,,0,0,0,0,0,0,0,0,,,0,0,0,0,0,0,,0,0,,,,,,,0,0,0,0,0,0,0,1935.0,1924.435
102,0,0,0,2025.0,0,0,0,0,0,0,0,0,0,,,,,0,0,0,,0,0,0,,0,0,0,,,,,,,,,,,,,,,,,,2,444,0,59,99,53,216,296,129,364,122,592,418,156,581,549,77,16,321,459,0,22,181,31,202,310,214,465,155,663,504,399,179,578,474,371,134,380,103,94,85,104,85,67,,0,,,,,,,,,,,,1,,,,,,,,,,,0,0,0,0,0,0,0,0,0,0,0,0,0,0,0,0,0,0,0,,,0,,0,,0,,0,0,0,,0,,0,0,0,,0,,0,,0,,0,0,0,0,,0,0,0,,0,0,0,,0,0,0,,0,0,0,,0,0,0,,0,,,,0,0,0,0,,,0,0,0,,0,0,,0,0,0,0,0,0,0,0,0,,,,,,,,,,,,,,,,,,,,,,,,,,,,0,,,,,,,,,,,,,,,,,,,,,,,,,,,0,,,,,,,,,,,,,,,,,,,,,,,,,,,,,,,,,,,,,,0,0,0,0,0,0,,0,,0,0,0,,0,0,0,0,0,,0,,0,,,,,,,,,,,,,,1,,0,,,,,,,,,,,,0,,,,,,,,,,0,0,0,0,0,0,0,0,,,0,0,0,0,0,0,,0,0,,,,,,,0,0,0,0,0,0,0,100886.0,100994.255
148,0,0,0,2020.0,0,0,0,0,0,0,0,0,0,,,,,0,0,0,,0,0,0,,0,0,0,,,,,,,,,,,,,,,,,,1,680,4,81,146,218,278,14,317,640,521,430,381,302,160,603,482,234,385,684,31,170,234,305,382,386,461,642,600,492,413,351,229,582,574,384,143,390,62,15,42,57,56,3,,0,,,,,,,,,,,,1,,,,,,,,,,,0,0,0,0,0,0,0,0,0,0,0,0,0,0,0,0,0,0,0,,,0,,0,,0,,0,0,0,,0,,0,0,0,,0,,0,,0,,0,0,0,0,,0,0,0,,0,0,0,,0,0,0,,0,0,0,,0,0,0,,0,,,,0,0,0,0,,,0,0,0,,0,0,,0,0,0,0,0,0,0,0,0,,,,,,,,,,,,,,,,,,,,,,,,,,,,0,,,,,,,,,,,,,,,,,,,,,,,,,,,0,,,,,,,,,,,,,,,,,,,,,,,,,,,,,,,,,,,,,,0,0,0,0,0,0,,0,,0,0,0,,0,0,0,0,0,,0,,0,,,,,,,,,,,,,,1,,0,,,,,,,,,,,,0,,,,,,,,,,0,0,0,0,0,0,0,0,,,0,0,0,0,0,0,,0,0,,,,,,,0,0,0,0,0,0,0,66.9,66.6484999999998
130,0,0,0,2025.0,0,0,0,0,0,0,0,0,0,,,,,0,0,0,,0,0,0,,0,0,0,,,,,,,,,,,,,,,,,,0,661,0,0,0,0,189,189,347,143,85,8,600,482,298,203,385,63,386,654,0,0,0,277,315,344,618,141,185,53,625,509,373,151,7,95,103,391,103,94,85,104,85,67,,0,,,,,,,,,,,,1,,,,,,,,,,,0,0,0,0,0,0,0,0,0,0,0,0,0,0,0,0,0,0,0,,,0,,0,,0,,0,0,0,,0,,0,0,0,,0,,0,,0,,0,0,0,0,,0,0,0,,0,0,0,,0,0,0,,0,0,0,,0,0,0,,0,,,,0,0,0,0,,,0,0,0,,0,0,,0,0,0,0,0,0,0,0,0,,,,,,,,,,,,,,,,,,,,,,,,,,,,0,,,,,,,,,,,,,,,,,,,,,,,,,,,0,,,,,,,,,,,,,,,,,,,,,,,,,,,,,,,,,,,,,,0,0,0,0,0,0,,0,,0,0,0,,0,0,0,0,0,,0,,0,,,,,,,,,,,,,,1,,0,,,,,,,,,,,,0,,,,,,,,,,0,0,0,0,0,0,0,0,,,0,0,0,0,0,0,,0,0,,,,,,,0,0,0,0,0,0,0,15215.0,15192.45
64,0,0,0,2019.0,0,0,0,0,0,0,0,0,0,,,,,0,0,0,,0,0,0,,0,0,0,,,,,,,,,,,,,,,,,,1,345,1,67,117,155,118,175,589,400,82,510,205,682,395,210,378,0,28,383,4,46,40,210,33,114,88,633,297,657,415,159,595,314,124,183,0,44,103,94,85,104,85,67,,0,,,,,,,,,,,,1,,,,,,,,,,,0,0,0,0,0,0,0,0,0,0,0,0,0,0,0,0,0,0,0,,,0,,0,,0,,0,0,0,,0,,0,0,0,,0,,0,,0,,0,0,0,0,,0,0,0,,0,0,0,,0,0,0,,0,0,0,,0,0,0,,0,,,,0,0,0,0,,,0,0,0,,0,0,,0,0,0,0,0,0,0,0,0,,,,,,,,,,,,,,,,,,,,,,,,,,,,0,,,,,,,,,,,,,,,,,,,,,,,,,,,0,,,,,,,,,,,,,,,,,,,,,,,,,,,,,,,,,,,,,,0,0,0,0,0,0,,0,,0,0,0,,0,0,0,0,0,,0,,0,,,,,,,,,,,,,,3,,0,,,,,,,,,,,,0,,,,,,,,,,0,0,0,0,0,0,0,0,,,0,0,0,0,0,0,,0,0,,,,,,,0,0,0,0,0,0,0,98724.0,98633.69
71,0,0,0,2025.0,0,0,0,0,0,0,0,0,0,,,,,0,0,0,,0,0,0,,0,0,0,,,,,,,,,,,,,,,,,,6,530,0,0,0,1,0,9,365,484,551,536,516,468,345,268,455,192,361,585,0,0,1,246,274,302,418,16,696,599,489,436,296,135,68,174,134,364,103,94,85,104,85,67,,0,,,,,,,,,,,,1,,,,,,,,,,,0,0,0,0,0,0,0,0,0,0,0,0,0,0,0,0,0,0,0,,,0,,0,,0,,0,0,0,,0,,0,0,0,,0,,0,,0,,0,0,0,0,,0,0,0,,0,0,0,,0,0,0,,0,0,0,,0,0,0,,0,,,,0,0,0,0,,,0,0,0,,0,0,,0,0,0,0,0,0,0,0,0,,,,,,,,,,,,,,,,,,,,,,,,,,,,0,,,,,,,,,,,,,,,,,,,,,,,,,,,0,,,,,,,,,,,,,,,,,,,,,,,,,,,,,,,,,,,,,,0,0,0,0,0,0,,0,,0,0,0,,0,0,0,0,0,,0,,0,,,,,,,,,,,,,,1,,0,,,,,,,,,,,,0,,,,,,,,,,0,0,0,0,0,0,0,0,,,0,0,0,0,0,0,,0,0,,,,,,,0,0,0,0,0,0,0,2354.0,2410.645
20,0,0,0,2023.0,0,0,0,0,0,0,0,0,0,,,,,0,0,0,,0,0,0,,0,0,0,,,,,,,,,,,,,,,,,,6,291,0,0,0,0,0,0,389,233,266,223,167,120,22,25,141,23,370,108,0,0,0,165,355,49,496,90,210,193,135,59,617,389,259,202,1,317,103,94,85,104,85,67,,0,,,,,,,,,,,,1,,,,,,,,,,,0,0,0,0,0,0,0,0,0,0,0,0,0,0,0,0,0,0,0,,,0,,0,,0,,0,0,0,,0,,0,0,0,,0,,0,,0,,0,0,0,0,,0,0,0,,0,0,0,,0,0,0,,0,0,0,,0,0,0,,0,,,,0,0,0,0,,,0,0,0,,0,0,,0,0,0,0,0,0,0,0,0,,,,,,,,,,,,,,,,,,,,,,,,,,,,0,,,,,,,,,,,,,,,,,,,,,,,,,,,0,,,,,,,,,,,,,,,,,,,,,,,,,,,,,,,,,,,,,,0,0,0,0,0,0,,0,,0,0,0,,0,0,0,0,0,,0,,0,,,,,,,,,,,,,,1,,0,,,,,,,,,,,,0,,,,,,,,,,0,0,0,0,0,0,0,0,,,0,0,0,0,0,0,,0,0,,,,,,,0,0,0,0,0,0,0,1824.0,1802.275
14,0,0,0,2025.0,0,0,0,0,0,0,0,0,0,,,,,0,0,0,,0,0,0,,0,0,0,,,,,,,,,,,,,,,,,,2,27,0,49,98,108,94,133,442,670,345,131,523,295,13,407,460,1,230,58,17,62,33,174,364,62,497,151,566,266,78,527,287,557,232,156,0,280,103,94,85,104,85,67,,0,,,,,,,,,,,,1,,,,,,,,,,,0,0,0,0,0,0,0,0,0,0,0,0,0,0,0,0,0,0,0,,,0,,0,,0,,0,0,0,,0,,0,0,0,,0,,0,,0,,0,0,0,0,,0,0,0,,0,0,0,,0,0,0,,0,0,0,,0,0,0,,0,,,,0,0,0,0,,,0,0,0,,0,0,,0,0,0,0,0,0,0,0,0,,,,,,,,,,,,,,,,,,,,,,,,,,,,0,,,,,,,,,,,,,,,,,,,,,,,,,,,0,,,,,,,,,,,,,,,,,,,,,,,,,,,,,,,,,,,,,,0,0,0,0,0,0,,0,,0,0,0,,0,0,0,0,0,,0,,0,,,,,,,,,,,,,,1,,0,,,,,,,,,,,,0,,,,,,,,,,0,0,0,0,0,0,0,0,,,0,0,0,0,0,0,,0,0,,,,,,,0,0,0,0,0,0,0,25159.0,25182.265
2,0,0,0,2019.0,0,0,0,0,0,0,0,0,0,,,,,0,0,0,,0,0,0,,0,0,0,,,,,,,,,,,,,,,,,,1,10,5,82,147,219,279,299,174,264,666,414,97,530,124,126,1,1,358,18,32,171,235,306,383,274,224,509,233,618,424,148,541,124,432,1,0,385,103,94,85,104,85,67,,0,,,,,,,,,,,,1,,,,,,,,,,,0,0,0,0,0,0,0,0,0,0,0,0,0,0,0,0,0,0,0,,,0,,0,,0,,0,0,0,,0,,0,0,0,,0,,0,,0,,0,0,0,0,,0,0,0,,0,0,0,,0,0,0,,0,0,0,,0,0,0,,0,,,,0,0,0,0,,,0,0,0,,0,0,,0,0,0,0,0,0,0,0,0,,,,,,,,,,,,,,,,,,,,,,,,,,,,0,,,,,,,,,,,,,,,,,,,,,,,,,,,0,,,,,,,,,,,,,,,,,,,,,,,,,,,,,,,,,,,,,,0,0,0,0,0,0,,0,,0,0,0,,0,0,0,0,0,,0,,0,,,,,,,,,,,,,,3,,0,,,,,,,,,,,,0,,,,,,,,,,0,0,0,0,0,0,0,0,,,0,0,0,0,0,0,,0,0,,,,,,,0,0,0,0,0,0,0,8416.0,10995.815499999999
170,0,0,0,2020.0,0,0,0,0,0,0,0,0,0,,,,,0,0,0,,0,0,0,,0,0,0,,,,,,,,,,,,,,,,,,5,218,0,49,52,5,109,198,37,590,360,174,131,83,27,14,317,210,43,306,0,125,201,152,350,46,275,523,527,286,117,111,81,556,479,167,92,173,103,94,85,104,85,67,,0,,,,,,,,,,,,1,,,,,,,,,,,0,0,0,0,0,0,0,0,0,0,0,0,0,0,0,0,0,0,0,,,0,,0,,0,,0,0,0,,0,,0,0,0,,0,,0,,0,,0,0,0,0,,0,0,0,,0,0,0,,0,0,0,,0,0,0,,0,0,0,,0,,,,0,0,0,0,,,0,0,0,,0,0,,0,0,0,0,0,0,0,0,0,,,,,,,,,,,,,,,,,,,,,,,,,,,,0,,,,,,,,,,,,,,,,,,,,,,,,,,,0,,,,,,,,,,,,,,,,,,,,,,,,,,,,,,,,,,,,,,0,0,0,0,0,0,,0,,0,0,0,,0,0,0,0,0,,0,,0,,,,,,,,,,,,,,1,,0,,,,,,,,,,,,0,,,,,,,,,,0,0,0,0,0,0,0,0,,,0,0,0,0,0,0,,0,0,,,,,,,0,0,0,0,0,0,0,53062.0,53013.215
150,0,0,0,2020.0,0,0,0,0,0,0,0,0,0,,,,,0,0,0,,0,0,0,,0,0,0,,,,,,,,,,,,,,,,,,6,641,0,0,0,0,0,0,406,93,317,408,508,640,623,139,95,98,0,631,0,0,0,1,1,120,234,58,418,515,549,604,655,509,104,334,12,0,103,94,85,104,85,67,,0,,,,,,,,,,,,1,,,,,,,,,,,0,0,0,0,0,0,0,0,0,0,0,0,0,0,0,0,0,0,0,,,0,,0,,0,,0,0,0,,0,,0,0,0,,0,,0,,0,,0,0,0,0,,0,0,0,,0,0,0,,0,0,0,,0,0,0,,0,0,0,,0,,,,0,0,0,0,,,0,0,0,,0,0,,0,0,0,0,0,0,0,0,0,,,,,,,,,,,,,,,,,,,,,,,,,,,,0,,,,,,,,,,,,,,,,,,,,,,,,,,,0,,,,,,,,,,,,,,,,,,,,,,,,,,,,,,,,,,,,,,0,0,0,0,0,0,,0,,0,0,0,,0,0,0,0,0,,0,,0,,,,,,,,,,,,,,1,,0,,,,,,,,,,,,0,,,,,,,,,,0,0,0,0,0,0,0,0,,,0,0,0,0,0,0,,0,0,,,,,,,0,0,0,0,0,0,0,37.0,43.745
32,0,0,0,2023.0,0,0,0,0,0,0,0,0,0,,,,,0,0,0,,0,0,0,,0,0,0,,,,,,,,,,,,,,,,,,6,310,0,0,0,0,122,134,392,284,365,290,210,189,66,97,269,24,295,193,0,0,0,1,345,385,547,185,289,263,217,150,25,470,369,239,0,243,103,94,85,104,85,67,,0,,,,,,,,,,,,1,,,,,,,,,,,0,0,0,0,0,0,0,0,0,0,0,0,0,0,0,0,0,0,0,,,0,,0,,0,,0,0,0,,0,,0,0,0,,0,,0,,0,,0,0,0,0,,0,0,0,,0,0,0,,0,0,0,,0,0,0,,0,0,0,,0,,,,0,0,0,0,,,0,0,0,,0,0,,0,0,0,0,0,0,0,0,0,,,,,,,,,,,,,,,,,,,,,,,,,,,,0,,,,,,,,,,,,,,,,,,,,,,,,,,,0,,,,,,,,,,,,,,,,,,,,,,,,,,,,,,,,,,,,,,0,0,0,0,0,0,,0,,0,0,0,,0,0,0,0,0,,0,,0,,,,,,,,,,,,,,1,,0,,,,,,,,,,,,0,,,,,,,,,,0,0,0,0,0,0,0,0,,,0,0,0,0,0,0,,0,0,,,,,,,0,0,0,0,0,0,0,1969.0,1976.34
94,0,0,0,2023.0,0,0,0,0,0,0,0,0,0,,,,,0,0,0,,0,0,0,,0,0,0,,,,,,,,,,,,,,,,,,5,524,0,64,87,74,277,40,176,459,229,45,605,537,397,417,112,227,133,534,0,20,173,52,231,337,260,491,315,133,661,552,413,248,193,255,65,113,103,94,85,104,85,67,,0,,,,,,,,,,,,1,,,,,,,,,,,0,0,0,0,0,0,0,0,0,0,0,0,0,0,0,0,0,0,0,,,0,,0,,0,,0,0,0,,0,,0,0,0,,0,,0,,0,,0,0,0,0,,0,0,0,,0,0,0,,0,0,0,,0,0,0,,0,0,0,,0,,,,0,0,0,0,,,0,0,0,,0,0,,0,0,0,0,0,0,0,0,0,,,,,,,,,,,,,,,,,,,,,,,,,,,,0,,,,,,,,,,,,,,,,,,,,,,,,,,,0,,,,,,,,,,,,,,,,,,,,,,,,,,,,,,,,,,,,,,0,0,0,0,0,0,,0,,0,0,0,,0,0,0,0,0,,0,,0,,,,,,,,,,,,,,1,,0,,,,,,,,,,,,0,,,,,,,,,,0,0,0,0,0,0,0,0,,,0,0,0,0,0,0,,0,0,,,,,,,0,0,0,0,0,0,0,99539.0,99341.235
127,0,0,0,2019.0,0,0,0,0,0,0,0,0,0,,,,,0,0,0,,0,0,0,,0,0,0,,,,,,,,,,,,,,,,,,1,420,0,45,51,203,59,131,188,138,585,334,193,101,568,535,113,228,386,433,0,134,54,140,270,422,156,327,701,401,196,120,58,508,547,147,79,391,103,94,85,104,85,67,,0,,,,,,,,,,,,1,,,,,,,,,,,0,0,0,0,0,0,0,0,0,0,0,0,0,0,0,0,0,0,0,,,0,,0,,0,,0,0,0,,0,,0,0,0,,0,,0,,0,,0,0,0,0,,0,0,0,,0,0,0,,0,0,0,,0,0,0,,0,0,0,,0,,,,0,0,0,0,,,0,0,0,,0,0,,0,0,0,0,0,0,0,0,0,,,,,,,,,,,,,,,,,,,,,,,,,,,,0,,,,,,,,,,,,,,,,,,,,,,,,,,,0,,,,,,,,,,,,,,,,,,,,,,,,,,,,,,,,,,,,,,0,0,0,0,0,0,,0,,0,0,0,,0,0,0,0,0,,0,,0,,,,,,,,,,,,,,3,,0,,,,,,,,,,,,0,,,,,,,,,,0,0,0,0,0,0,0,0,,,0,0,0,0,0,0,,0,0,,,,,,,0,0,0,0,0,0,0,75159.0,74920.035
138,0,0,0,2023.0,0,0,0,0,0,0,0,0,0,,,,,0,0,0,,0,0,0,,0,0,0,,,,,,,,,,,,,,,,,,0,672,0,0,0,1,215,280,262,119,199,83,661,533,299,175,327,121,386,672,0,0,0,40,354,420,553,112,151,149,32,566,394,103,552,101,127,391,103,94,85,104,85,67,,0,,,,,,,,,,,,1,,,,,,,,,,,0,0,0,0,0,0,0,0,0,0,0,0,0,0,0,0,0,0,0,,,0,,0,,0,,0,0,0,,0,,0,0,0,,0,,0,,0,,0,0,0,0,,0,0,0,,0,0,0,,0,0,0,,0,0,0,,0,0,0,,0,,,,0,0,0,0,,,0,0,0,,0,0,,0,0,0,0,0,0,0,0,0,,,,,,,,,,,,,,,,,,,,,,,,,,,,0,,,,,,,,,,,,,,,,,,,,,,,,,,,0,,,,,,,,,,,,,,,,,,,,,,,,,,,,,,,,,,,,,,0,0,0,0,0,0,,0,,0,0,0,,0,0,0,0,0,,0,,0,,,,,,,,,,,,,,1,,0,,,,,,,,,,,,0,,,,,,,,,,0,0,0,0,0,0,0,0,,,0,0,0,0,0,0,,0,0,,,,,,,0,0,0,0,0,0,0,12529.0,12516.375
91,0,0,0,2023.0,0,0,0,0,0,0,0,0,0,,,,,0,0,0,,0,0,0,,0,0,0,,,,,,,,,,,,,,,,,,2,549,0,32,63,36,242,301,168,562,205,560,296,129,625,494,23,132,55,563,0,17,175,38,221,323,277,27,414,70,507,355,132,499,441,330,1,70,103,94,85,104,85,67,,0,,,,,,,,,,,,1,,,,,,,,,,,0,0,0,0,0,0,0,0,0,0,0,0,0,0,0,0,0,0,0,,,0,,0,,0,,0,0,0,,0,,0,0,0,,0,,0,,0,,0,0,0,0,,0,0,0,,0,0,0,,0,0,0,,0,0,0,,0,0,0,,0,,,,0,0,0,0,,,0,0,0,,0,0,,0,0,0,0,0,0,0,0,0,,,,,,,,,,,,,,,,,,,,,,,,,,,,0,,,,,,,,,,,,,,,,,,,,,,,,,,,0,,,,,,,,,,,,,,,,,,,,,,,,,,,,,,,,,,,,,,0,0,0,0,0,0,,0,,0,0,0,,0,0,0,0,0,,0,,0,,,,,,,,,,,,,,1,,0,,,,,,,,,,,,0,,,,,,,,,,0,0,0,0,0,0,0,0,,,0,0,0,0,0,0,,0,0,,,,,,,0,0,0,0,0,0,0,164601.0,162684.135
117,0,0,0,2023.0,0,0,0,0,0,0,0,0,0,,,,,0,0,0,,0,0,0,,0,0,0,,,,,,,,,,,,,,,,,,2,465,0,55,68,210,50,128,233,169,673,487,215,91,578,502,56,228,386,476,0,145,100,153,288,17,240,274,703,507,374,164,106,589,564,147,127,391,103,94,85,104,85,67,,0,,,,,,,,,,,,1,,,,,,,,,,,0,0,0,0,0,0,0,0,0,0,0,0,0,0,0,0,0,0,0,,,0,,0,,0,,0,0,0,,0,,0,0,0,,0,,0,,0,,0,0,0,0,,0,0,0,,0,0,0,,0,0,0,,0,0,0,,0,0,0,,0,,,,0,0,0,0,,,0,0,0,,0,0,,0,0,0,0,0,0,0,0,0,,,,,,,,,,,,,,,,,,,,,,,,,,,,0,,,,,,,,,,,,,,,,,,,,,,,,,,,0,,,,,,,,,,,,,,,,,,,,,,,,,,,,,,,,,,,,,,0,0,0,0,0,0,,0,,0,0,0,,0,0,0,0,0,,0,,0,,,,,,,,,,,,,,1,,0,,,,,,,,,,,,0,,,,,,,,,,0,0,0,0,0,0,0,0,,,0,0,0,0,0,0,,0,0,,,,,,,0,0,0,0,0,0,0,78055.0,77871.835
74,0,0,0,2025.0,0,0,0,0,0,0,0,0,0,,,,,0,0,0,,0,0,0,,0,0,0,,,,,,,,,,,,,,,,,,6,336,0,0,0,0,0,0,290,299,421,374,423,352,243,243,442,198,292,319,0,0,0,0,269,282,555,290,506,475,390,290,187,56,28,155,90,242,103,94,85,104,85,67,,0,,,,,,,,,,,,1,,,,,,,,,,,0,0,0,0,0,0,0,0,0,0,0,0,0,0,0,0,0,0,0,,,0,,0,,0,,0,0,0,,0,,0,0,0,,0,,0,,0,,0,0,0,0,,0,0,0,,0,0,0,,0,0,0,,0,0,0,,0,0,0,,0,,,,0,0,0,0,,,0,0,0,,0,0,,0,0,0,0,0,0,0,0,0,,,,,,,,,,,,,,,,,,,,,,,,,,,,0,,,,,,,,,,,,,,,,,,,,,,,,,,,0,,,,,,,,,,,,,,,,,,,,,,,,,,,,,,,,,,,,,,0,0,0,0,0,0,,0,,0,0,0,,0,0,0,0,0,,0,,0,,,,,,,,,,,,,,1,,0,,,,,,,,,,,,0,,,,,,,,,,0,0,0,0,0,0,0,0,,,0,0,0,0,0,0,,0,0,,,,,,,0,0,0,0,0,0,0,1432.0,1432.78
136,0,0,0,2019.0,0,0,0,0,0,0,0,0,0,,,,,0,0,0,,0,0,0,,0,0,0,,,,,,,,,,,,,,,,,,1,669,0,0,0,44,122,243,243,127,192,49,646,510,269,176,304,46,386,658,0,0,0,111,206,263,551,113,145,143,672,545,369,82,550,94,112,391,103,94,85,104,85,67,,0,,,,,,,,,,,,1,,,,,,,,,,,0,0,0,0,0,0,0,0,0,0,0,0,0,0,0,0,0,0,0,,,0,,0,,0,,0,0,0,,0,,0,0,0,,0,,0,,0,,0,0,0,0,,0,0,0,,0,0,0,,0,0,0,,0,0,0,,0,0,0,,0,,,,0,0,0,0,,,0,0,0,,0,0,,0,0,0,0,0,0,0,0,0,,,,,,,,,,,,,,,,,,,,,,,,,,,,0,,,,,,,,,,,,,,,,,,,,,,,,,,,0,,,,,,,,,,,,,,,,,,,,,,,,,,,,,,,,,,,,,,0,0,0,0,0,0,,0,,0,0,0,,0,0,0,0,0,,0,,0,,,,,,,,,,,,,,0,,0,,,,,,,,,,,,0,,,,,,,,,,0,0,0,0,0,0,0,0,,,0,0,0,0,0,0,,0,0,,,,,,,0,0,0,0,0,0,0,12868.0,12861.44
166,0,0,0,2019.0,0,0,0,0,0,0,0,0,0,,,,,0,0,0,,0,0,0,,0,0,0,,,,,,,,,,,,,,,,,,1,343,4,81,146,218,278,0,2,0,221,191,442,334,283,557,153,1,0,474,31,170,234,305,382,0,0,0,2,213,448,446,7,448,374,1,0,0,103,94,85,104,85,67,,0,,,,,,,,,,,,1,,,,,,,,,,,0,0,0,0,0,0,0,0,0,0,0,0,0,0,0,0,0,0,0,,,0,,0,,0,,0,0,0,,0,,0,0,0,,0,,0,,0,,0,0,0,0,,0,0,0,,0,0,0,,0,0,0,,0,0,0,,0,0,0,,0,,,,0,0,0,0,,,0,0,0,,0,0,,0,0,0,0,0,0,0,0,0,,,,,,,,,,,,,,,,,,,,,,,,,,,,0,,,,,,,,,,,,,,,,,,,,,,,,,,,0,,,,,,,,,,,,,,,,,,,,,,,,,,,,,,,,,,,,,,0,0,0,0,0,0,,0,,0,0,0,,0,0,0,0,0,,0,,0,,,,,,,,,,,,,,5,,0,,,,,,,,,,,,0,,,,,,,,,,0,0,0,0,0,0,0,0,,,0,0,0,0,0,0,,0,0,,,,,,,0,0,0,0,0,0,0,0.0,3.54
52,0,0,0,2019.0,0,0,0,0,0,0,0,0,0,,,,,0,0,0,,0,0,0,,0,0,0,,,,,,,,,,,,,,,,,,1,270,0,0,0,0,0,0,299,311,431,387,412,307,172,163,347,74,357,155,0,0,0,62,213,299,453,160,385,376,330,263,105,575,488,264,0,305,103,94,85,104,85,67,,0,,,,,,,,,,,,1,,,,,,,,,,,0,0,0,0,0,0,0,0,0,0,0,0,0,0,0,0,0,0,0,,,0,,0,,0,,0,0,0,,0,,0,0,0,,0,,0,,0,,0,0,0,0,,0,0,0,,0,0,0,,0,0,0,,0,0,0,,0,0,0,,0,,,,0,0,0,0,,,0,0,0,,0,0,,0,0,0,0,0,0,0,0,0,,,,,,,,,,,,,,,,,,,,,,,,,,,,0,,,,,,,,,,,,,,,,,,,,,,,,,,,0,,,,,,,,,,,,,,,,,,,,,,,,,,,,,,,,,,,,,,0,0,0,0,0,0,,0,,0,0,0,,0,0,0,0,0,,0,,0,,,,,,,,,,,,,,5,,0,,,,,,,,,,,,0,,,,,,,,,,0,0,0,0,0,0,0,0,,,0,0,0,0,0,0,,0,0,,,,,,,0,0,0,0,0,0,0,1700.0,1703.695
113,0,0,0,2025.0,0,0,0,0,0,0,0,0,0,,,,,0,0,0,,0,0,0,,0,0,0,,,,,,,,,,,,,,,,,,2,443,0,43,40,125,22,81,206,222,16,489,275,133,631,460,82,24,386,455,0,142,64,99,265,409,191,294,46,554,377,279,157,21,560,77,127,391,103,94,85,104,85,67,,0,,,,,,,,,,,,1,,,,,,,,,,,0,0,0,0,0,0,0,0,0,0,0,0,0,0,0,0,0,0,0,,,0,,0,,0,,0,0,0,,0,,0,0,0,,0,,0,,0,,0,0,0,0,,0,0,0,,0,0,0,,0,0,0,,0,0,0,,0,0,0,,0,,,,0,0,0,0,,,0,0,0,,0,0,,0,0,0,0,0,0,0,0,0,,,,,,,,,,,,,,,,,,,,,,,,,,,,0,,,,,,,,,,,,,,,,,,,,,,,,,,,0,,,,,,,,,,,,,,,,,,,,,,,,,,,,,,,,,,,,,,0,0,0,0,0,0,,0,,0,0,0,,0,0,0,0,0,,0,,0,,,,,,,,,,,,,,1,,0,,,,,,,,,,,,0,,,,,,,,,,0,0,0,0,0,0,0,0,,,0,0,0,0,0,0,,0,0,,,,,,,0,0,0,0,0,0,0,78815.0,78679.53
149,0,0,0,2025.0,0,0,0,0,0,0,0,0,0,,,,,0,0,0,,0,0,0,,0,0,0,,,,,,,,,,,,,,,,,,1,680,4,81,146,218,278,14,298,635,514,417,345,303,157,603,482,234,385,684,31,170,234,305,382,369,433,623,593,487,402,337,230,584,574,384,143,390,61,18,25,52,57,2,,0,,,,,,,,,,,,1,,,,,,,,,,,0,0,0,0,0,0,0,0,0,0,0,0,0,0,0,0,0,0,0,,,0,,0,,0,,0,0,0,,0,,0,0,0,,0,,0,,0,,0,0,0,0,,0,0,0,,0,0,0,,0,0,0,,0,0,0,,0,0,0,,0,,,,0,0,0,0,,,0,0,0,,0,0,,0,0,0,0,0,0,0,0,0,,,,,,,,,,,,,,,,,,,,,,,,,,,,0,,,,,,,,,,,,,,,,,,,,,,,,,,,0,,,,,,,,,,,,,,,,,,,,,,,,,,,,,,,,,,,,,,0,0,0,0,0,0,,0,,0,0,0,,0,0,0,0,0,,0,,0,,,,,,,,,,,,,,1,,0,,,,,,,,,,,,0,,,,,,,,,,0,0,0,0,0,0,0,0,,,0,0,0,0,0,0,,0,0,,,,,,,0,0,0,0,0,0,0,63.3,63.30149999999987
93,0,0,0,2023.0,0,0,0,0,0,0,0,0,0,,,,,0,0,0,,0,0,0,,0,0,0,,,,,,,,,,,,,,,,,,5,539,0,44,82,57,271,31,167,510,238,44,609,538,401,434,101,11,122,545,0,18,178,48,225,335,263,617,379,147,668,554,417,244,199,261,35,109,103,94,85,104,85,67,,0,,,,,,,,,,,,1,,,,,,,,,,,0,0,0,0,0,0,0,0,0,0,0,0,0,0,0,0,0,0,0,,,0,,0,,0,,0,0,0,,0,,0,0,0,,0,,0,,0,,0,0,0,0,,0,0,0,,0,0,0,,0,0,0,,0,0,0,,0,0,0,,0,,,,0,0,0,0,,,0,0,0,,0,0,,0,0,0,0,0,0,0,0,0,,,,,,,,,,,,,,,,,,,,,,,,,,,,0,,,,,,,,,,,,,,,,,,,,,,,,,,,0,,,,,,,,,,,,,,,,,,,,,,,,,,,,,,,,,,,,,,0,0,0,0,0,0,,0,,0,0,0,,0,0,0,0,0,,0,,0,,,,,,,,,,,,,,1,,0,,,,,,,,,,,,0,,,,,,,,,,0,0,0,0,0,0,0,0,,,0,0,0,0,0,0,,0,0,,,,,,,0,0,0,0,0,0,0,119255.0,119050.95
153,0,0,0,2019.0,0,0,0,0,0,0,0,0,0,,,,,0,0,0,,0,0,0,,0,0,0,,,,,,,,,,,,,,,,,,1,639,0,0,0,79,5,44,337,10,125,91,684,636,396,254,393,104,0,633,0,0,141,59,226,322,635,440,75,144,52,637,533,257,87,118,42,0,103,94,85,104,85,67,,0,,,,,,,,,,,,1,,,,,,,,,,,0,0,0,0,0,0,0,0,0,0,0,0,0,0,0,0,0,0,0,,,0,,0,,0,,0,0,0,,0,,0,0,0,,0,,0,,0,,0,0,0,0,,0,0,0,,0,0,0,,0,0,0,,0,0,0,,0,0,0,,0,,,,0,0,0,0,,,0,0,0,,0,0,,0,0,0,0,0,0,0,0,0,,,,,,,,,,,,,,,,,,,,,,,,,,,,0,,,,,,,,,,,,,,,,,,,,,,,,,,,0,,,,,,,,,,,,,,,,,,,,,,,,,,,,,,,,,,,,,,0,0,0,0,0,0,,0,,0,0,0,,0,0,0,0,0,,0,,0,,,,,,,,,,,,,,0,,0,,,,,,,,,,,,0,,,,,,,,,,0,0,0,0,0,0,0,0,,,0,0,0,0,0,0,,0,0,,,,,,,0,0,0,0,0,0,0,2700.0,2771.985
19,0,0,0,2020.0,0,0,0,0,0,0,0,0,0,,,,,0,0,0,,0,0,0,,0,0,0,,,,,,,,,,,,,,,,,,2,38,0,61,116,154,118,173,459,679,368,132,550,295,31,519,118,0,229,86,22,103,73,192,374,77,532,198,612,312,106,570,366,572,387,233,0,277,103,94,85,104,85,67,,0,,,,,,,,,,,,1,,,,,,,,,,,0,0,0,0,0,0,0,0,0,0,0,0,0,0,0,0,0,0,0,,,0,,0,,0,,0,0,0,,0,,0,0,0,,0,,0,,0,,0,0,0,0,,0,0,0,,0,0,0,,0,0,0,,0,0,0,,0,0,0,,0,,,,0,0,0,0,,,0,0,0,,0,0,,0,0,0,0,0,0,0,0,0,,,,,,,,,,,,,,,,,,,,,,,,,,,,0,,,,,,,,,,,,,,,,,,,,,,,,,,,0,,,,,,,,,,,,,,,,,,,,,,,,,,,,,,,,,,,,,,0,0,0,0,0,0,,0,,0,0,0,,0,0,0,0,0,,0,,0,,,,,,,,,,,,,,1,,0,,,,,,,,,,,,0,,,,,,,,,,0,0,0,0,0,0,0,0,,,0,0,0,0,0,0,,0,0,,,,,,,0,0,0,0,0,0,0,28874.0,29034.535
148,0,0,0,2020.0,0,0,0,0,0,0,0,0,0,,,,,0,0,0,,0,0,0,,0,0,0,,,,,,,,,,,,,,,,,,0,657,0,0,0,1,240,288,458,98,166,93,57,598,374,237,379,167,0,669,0,1,141,54,330,389,294,28,193,155,56,683,501,212,51,116,11,0,103,94,85,104,85,67,,0,,,,,,,,,,,,1,,,,,,,,,,,0,0,0,0,0,0,0,0,0,0,0,0,0,0,0,0,0,0,0,,,0,,0,,0,,0,0,0,,0,,0,0,0,,0,,0,,0,,0,0,0,0,,0,0,0,,0,0,0,,0,0,0,,0,0,0,,0,0,0,,0,,,,0,0,0,0,,,0,0,0,,0,0,,0,0,0,0,0,0,0,0,0,,,,,,,,,,,,,,,,,,,,,,,,,,,,0,,,,,,,,,,,,,,,,,,,,,,,,,,,0,,,,,,,,,,,,,,,,,,,,,,,,,,,,,,,,,,,,,,0,0,0,0,0,0,,0,,0,0,0,,0,0,0,0,0,,0,,0,,,,,,,,,,,,,,1,,0,,,,,,,,,,,,0,,,,,,,,,,0,0,0,0,0,0,0,0,,,0,0,0,0,0,0,,0,0,,,,,,,0,0,0,0,0,0,0,6154.0,6175.63
157,0,0,0,2019.0,0,0,0,0,0,0,0,0,0,,,,,0,0,0,,0,0,0,,0,0,0,,,,,,,,,,,,,,,,,,1,680,4,81,146,218,278,8,92,612,500,417,359,263,175,603,482,234,385,684,31,170,234,305,382,254,322,474,592,482,394,338,255,63,574,384,143,390,41,27,25,25,69,3,,0,,,,,,,,,,,,1,,,,,,,,,,,0,0,0,0,0,0,0,0,0,0,0,0,0,0,0,0,0,0,0,,,0,,0,,0,,0,0,0,,0,,0,0,0,,0,,0,,0,,0,0,0,0,,0,0,0,,0,0,0,,0,0,0,,0,0,0,,0,0,0,,0,,,,0,0,0,0,,,0,0,0,,0,0,,0,0,0,0,0,0,0,0,0,,,,,,,,,,,,,,,,,,,,,,,,,,,,0,,,,,,,,,,,,,,,,,,,,,,,,,,,0,,,,,,,,,,,,,,,,,,,,,,,,,,,,,,,,,,,,,,0,0,0,0,0,0,,0,,0,0,0,,0,0,0,0,0,,0,,0,,,,,,,,,,,,,,1,,0,,,,,,,,,,,,0,,,,,,,,,,0,0,0,0,0,0,0,0,,,0,0,0,0,0,0,,0,0,,,,,,,0,0,0,0,0,0,0,43.4,43.54599999999984
138,0,0,0,2025.0,0,0,0,0,0,0,0,0,0,,,,,0,0,0,,0,0,0,,0,0,0,,,,,,,,,,,,,,,,,,1,680,4,81,146,218,278,280,484,685,593,527,463,389,205,603,482,234,385,684,31,170,234,305,382,209,17,32,676,561,496,431,256,538,574,384,143,390,82,30,59,78,59,6,,0,,,,,,,,,,,,1,,,,,,,,,,,0,0,0,0,0,0,0,0,0,0,0,0,0,0,0,0,0,0,0,,,0,,0,,0,,0,0,0,,0,,0,0,0,,0,,0,,0,,0,0,0,0,,0,0,0,,0,0,0,,0,0,0,,0,0,0,,0,0,0,,0,,,,0,0,0,0,,,0,0,0,,0,0,,0,0,0,0,0,0,0,0,0,,,,,,,,,,,,,,,,,,,,,,,,,,,,0,,,,,,,,,,,,,,,,,,,,,,,,,,,0,,,,,,,,,,,,,,,,,,,,,,,,,,,,,,,,,,,,,,0,0,0,0,0,0,,0,,0,0,0,,0,0,0,0,0,,0,,0,,,,,,,,,,,,,,1,,0,,,,,,,,,,,,0,,,,,,,,,,0,0,0,0,0,0,0,0,,,0,0,0,0,0,0,,0,0,,,,,,,0,0,0,0,0,0,0,109.7,219.94349999999966
149,0,0,0,2023.0,0,0,0,0,0,0,0,0,0,,,,,0,0,0,,0,0,0,,0,0,0,,,,,,,,,,,,,,,,,,1,680,4,81,146,218,278,14,298,635,514,417,345,303,157,603,482,234,385,684,31,170,234,305,382,369,433,623,593,487,402,337,230,584,574,384,143,390,61,18,25,52,57,2,,0,,,,,,,,,,,,1,,,,,,,,,,,0,0,0,0,0,0,0,0,0,0,0,0,0,0,0,0,0,0,0,,,0,,0,,0,,0,0,0,,0,,0,0,0,,0,,0,,0,,0,0,0,0,,0,0,0,,0,0,0,,0,0,0,,0,0,0,,0,0,0,,0,,,,0,0,0,0,,,0,0,0,,0,0,,0,0,0,0,0,0,0,0,0,,,,,,,,,,,,,,,,,,,,,,,,,,,,0,,,,,,,,,,,,,,,,,,,,,,,,,,,0,,,,,,,,,,,,,,,,,,,,,,,,,,,,,,,,,,,,,,0,0,0,0,0,0,,0,,0,0,0,,0,0,0,0,0,,0,,0,,,,,,,,,,,,,,1,,0,,,,,,,,,,,,0,,,,,,,,,,0,0,0,0,0,0,0,0,,,0,0,0,0,0,0,,0,0,,,,,,,0,0,0,0,0,0,0,63.3,63.30149999999987
129,0,0,0,2020.0,0,0,0,0,0,0,0,0,0,,,,,0,0,0,,0,0,0,,0,0,0,,,,,,,,,,,,,,,,,,5,509,0,40,39,173,43,116,151,417,206,71,673,606,497,572,297,143,386,516,0,127,34,102,250,397,139,431,321,128,682,620,538,378,445,123,23,391,103,94,85,104,85,67,,0,,,,,,,,,,,,1,,,,,,,,,,,0,0,0,0,0,0,0,0,0,0,0,0,0,0,0,0,0,0,0,,,0,,0,,0,,0,0,0,,0,,0,0,0,,0,,0,,0,,0,0,0,0,,0,0,0,,0,0,0,,0,0,0,,0,0,0,,0,0,0,,0,,,,0,0,0,0,,,0,0,0,,0,0,,0,0,0,0,0,0,0,0,0,,,,,,,,,,,,,,,,,,,,,,,,,,,,0,,,,,,,,,,,,,,,,,,,,,,,,,,,0,,,,,,,,,,,,,,,,,,,,,,,,,,,,,,,,,,,,,,0,0,0,0,0,0,,0,,0,0,0,,0,0,0,0,0,,0,,0,,,,,,,,,,,,,,1,,0,,,,,,,,,,,,0,,,,,,,,,,0,0,0,0,0,0,0,0,,,0,0,0,0,0,0,,0,0,,,,,,,0,0,0,0,0,0,0,82713.0,83050.69
103,0,0,0,2020.0,0,0,0,0,0,0,0,0,0,,,,,0,0,0,,0,0,0,,0,0,0,,,,,,,,,,,,,,,,,,0,226,0,0,0,0,77,72,302,538,533,435,282,104,537,296,398,205,322,286,0,0,0,0,331,341,14,391,538,448,319,116,587,288,106,286,0,58,103,94,85,104,85,67,,0,,,,,,,,,,,,1,,,,,,,,,,,0,0,0,0,0,0,0,0,0,0,0,0,0,0,0,0,0,0,0,,,0,,0,,0,,0,0,0,,0,,0,0,0,,0,,0,,0,,0,0,0,0,,0,0,0,,0,0,0,,0,0,0,,0,0,0,,0,0,0,,0,,,,0,0,0,0,,,0,0,0,,0,0,,0,0,0,0,0,0,0,0,0,,,,,,,,,,,,,,,,,,,,,,,,,,,,0,,,,,,,,,,,,,,,,,,,,,,,,,,,0,,,,,,,,,,,,,,,,,,,,,,,,,,,,,,,,,,,,,,0,0,0,0,0,0,,0,,0,0,0,,0,0,0,0,0,,0,,0,,,,,,,,,,,,,,1,,0,,,,,,,,,,,,0,,,,,,,,,,0,0,0,0,0,0,0,0,,,0,0,0,0,0,0,,0,0,,,,,,,0,0,0,0,0,0,0,2872.0,2820.38
165,0,0,0,2025.0,0,0,0,0,0,0,0,0,0,,,,,0,0,0,,0,0,0,,0,0,0,,,,,,,,,,,,,,,,,,5,262,0,67,57,35,214,284,223,606,358,217,141,56,567,577,208,182,157,327,0,138,35,290,114,215,360,581,532,277,170,113,14,445,399,52,75,179,103,94,85,104,85,67,,0,,,,,,,,,,,,1,,,,,,,,,,,0,0,0,0,0,0,0,0,0,0,0,0,0,0,0,0,0,0,0,,,0,,0,,0,,0,0,0,,0,,0,0,0,,0,,0,,0,,0,0,0,0,,0,0,0,,0,0,0,,0,0,0,,0,0,0,,0,0,0,,0,,,,0,0,0,0,,,0,0,0,,0,0,,0,0,0,0,0,0,0,0,0,,,,,,,,,,,,,,,,,,,,,,,,,,,,0,,,,,,,,,,,,,,,,,,,,,,,,,,,0,,,,,,,,,,,,,,,,,,,,,,,,,,,,,,,,,,,,,,0,0,0,0,0,0,,0,,0,0,0,,0,0,0,0,0,,0,,0,,,,,,,,,,,,,,1,,0,,,,,,,,,,,,0,,,,,,,,,,0,0,0,0,0,0,0,0,,,0,0,0,0,0,0,,0,0,,,,,,,0,0,0,0,0,0,0,60055.0,60130.305
165,0,0,0,2020.0,0,0,0,0,0,0,0,0,0,,,,,0,0,0,,0,0,0,,0,0,0,,,,,,,,,,,,,,,,,,1,680,4,81,146,218,278,284,223,606,358,217,141,56,567,603,482,234,385,684,31,170,234,305,382,215,360,581,532,277,170,113,14,445,574,384,143,390,33,74,62,34,35,40,,0,,,,,,,,,,,,1,,,,,,,,,,,0,0,0,0,0,0,0,0,0,0,0,0,0,0,0,0,0,0,0,,,0,,0,,0,,0,0,0,,0,,0,0,0,,0,,0,,0,,0,0,0,0,,0,0,0,,0,0,0,,0,0,0,,0,0,0,,0,0,0,,0,,,,0,0,0,0,,,0,0,0,,0,0,,0,0,0,0,0,0,0,0,0,,,,,,,,,,,,,,,,,,,,,,,,,,,,0,,,,,,,,,,,,,,,,,,,,,,,,,,,0,,,,,,,,,,,,,,,,,,,,,,,,,,,,,,,,,,,,,,0,0,0,0,0,0,,0,,0,0,0,,0,0,0,0,0,,0,,0,,,,,,,,,,,,,,1,,0,,,,,,,,,,,,0,,,,,,,,,,0,0,0,0,0,0,0,0,,,0,0,0,0,0,0,,0,0,,,,,,,0,0,0,0,0,0,0,60055.0,60128.005
163,0,0,0,2023.0,0,0,0,0,0,0,0,0,0,,,,,0,0,0,,0,0,0,,0,0,0,,,,,,,,,,,,,,,,,,5,293,0,4,102,54,230,310,259,608,408,232,144,36,540,564,175,173,322,342,0,169,118,288,160,250,389,604,529,320,186,107,649,418,353,14,67,24,103,94,85,104,85,67,,0,,,,,,,,,,,,1,,,,,,,,,,,0,0,0,0,0,0,0,0,0,0,0,0,0,0,0,0,0,0,0,,,0,,0,,0,,0,0,0,,0,,0,0,0,,0,,0,,0,,0,0,0,0,,0,0,0,,0,0,0,,0,0,0,,0,0,0,,0,0,0,,0,,,,0,0,0,0,,,0,0,0,,0,0,,0,0,0,0,0,0,0,0,0,,,,,,,,,,,,,,,,,,,,,,,,,,,,0,,,,,,,,,,,,,,,,,,,,,,,,,,,0,,,,,,,,,,,,,,,,,,,,,,,,,,,,,,,,,,,,,,0,0,0,0,0,0,,0,,0,0,0,,0,0,0,0,0,,0,,0,,,,,,,,,,,,,,1,,0,,,,,,,,,,,,0,,,,,,,,,,0,0,0,0,0,0,0,0,,,0,0,0,0,0,0,,0,0,,,,,,,0,0,0,0,0,0,0,62456.0,62408.42
19,0,0,0,2019.0,0,0,0,0,0,0,0,0,0,,,,,0,0,0,,0,0,0,,0,0,0,,,,,,,,,,,,,,,,,,1,38,0,61,116,154,118,173,459,679,368,132,550,295,31,519,118,0,229,86,22,103,73,192,374,77,532,198,612,312,106,570,366,572,387,233,0,277,103,94,85,104,85,67,,0,,,,,,,,,,,,1,,,,,,,,,,,0,0,0,0,0,0,0,0,0,0,0,0,0,0,0,0,0,0,0,,,0,,0,,0,,0,0,0,,0,,0,0,0,,0,,0,,0,,0,0,0,0,,0,0,0,,0,0,0,,0,0,0,,0,0,0,,0,0,0,,0,,,,0,0,0,0,,,0,0,0,,0,0,,0,0,0,0,0,0,0,0,0,,,,,,,,,,,,,,,,,,,,,,,,,,,,0,,,,,,,,,,,,,,,,,,,,,,,,,,,0,,,,,,,,,,,,,,,,,,,,,,,,,,,,,,,,,,,,,,0,0,0,0,0,0,,0,,0,0,0,,0,0,0,0,0,,0,,0,,,,,,,,,,,,,,3,,0,,,,,,,,,,,,0,,,,,,,,,,0,0,0,0,0,0,0,0,,,0,0,0,0,0,0,,0,0,,,,,,,0,0,0,0,0,0,0,28874.0,29033.915
99,0,0,0,2025.0,0,0,0,0,0,0,0,0,0,,,,,0,0,0,,0,0,0,,0,0,0,,,,,,,,,,,,,,,,,,5,544,0,74,105,49,233,309,128,555,323,149,685,578,425,471,187,30,101,556,0,31,176,30,195,308,253,660,421,212,46,602,449,279,231,303,95,84,103,94,85,104,85,67,,0,,,,,,,,,,,,1,,,,,,,,,,,0,0,0,0,0,0,0,0,0,0,0,0,0,0,0,0,0,0,0,,,0,,0,,0,,0,0,0,,0,,0,0,0,,0,,0,,0,,0,0,0,0,,0,0,0,,0,0,0,,0,0,0,,0,0,0,,0,0,0,,0,,,,0,0,0,0,,,0,0,0,,0,0,,0,0,0,0,0,0,0,0,0,,,,,,,,,,,,,,,,,,,,,,,,,,,,0,,,,,,,,,,,,,,,,,,,,,,,,,,,0,,,,,,,,,,,,,,,,,,,,,,,,,,,,,,,,,,,,,,0,0,0,0,0,0,,0,,0,0,0,,0,0,0,0,0,,0,,0,,,,,,,,,,,,,,1,,0,,,,,,,,,,,,0,,,,,,,,,,0,0,0,0,0,0,0,0,,,0,0,0,0,0,0,,0,0,,,,,,,0,0,0,0,0,0,0,125923.0,124773.665
74,0,0,0,2019.0,0,0,0,0,0,0,0,0,0,,,,,0,0,0,,0,0,0,,0,0,0,,,,,,,,,,,,,,,,,,1,378,0,9,29,13,184,251,26,403,113,561,360,85,515,314,410,132,51,395,14,66,90,254,109,193,111,625,276,650,446,216,648,381,190,230,1,68,103,94,85,104,85,67,,0,,,,,,,,,,,,1,,,,,,,,,,,0,0,0,0,0,0,0,0,0,0,0,0,0,0,0,0,0,0,0,,,0,,0,,0,,0,0,0,,0,,0,0,0,,0,,0,,0,,0,0,0,0,,0,0,0,,0,0,0,,0,0,0,,0,0,0,,0,0,0,,0,,,,0,0,0,0,,,0,0,0,,0,0,,0,0,0,0,0,0,0,0,0,,,,,,,,,,,,,,,,,,,,,,,,,,,,0,,,,,,,,,,,,,,,,,,,,,,,,,,,0,,,,,,,,,,,,,,,,,,,,,,,,,,,,,,,,,,,,,,0,0,0,0,0,0,,0,,0,0,0,,0,0,0,0,0,,0,,0,,,,,,,,,,,,,,3,,0,,,,,,,,,,,,0,,,,,,,,,,0,0,0,0,0,0,0,0,,,0,0,0,0,0,0,,0,0,,,,,,,0,0,0,0,0,0,0,98580.0,98586.595
52,0,0,0,2019.0,0,0,0,0,0,0,0,0,0,,,,,0,0,0,,0,0,0,,0,0,0,,,,,,,,,,,,,,,,,,1,331,1,49,91,146,147,196,42,285,74,612,497,387,212,185,360,88,179,359,6,25,12,216,97,141,86,501,231,703,519,429,234,33,526,283,72,203,103,94,85,104,85,67,,0,,,,,,,,,,,,1,,,,,,,,,,,0,0,0,0,0,0,0,0,0,0,0,0,0,0,0,0,0,0,0,,,0,,0,,0,,0,0,0,,0,,0,0,0,,0,,0,,0,,0,0,0,0,,0,0,0,,0,0,0,,0,0,0,,0,0,0,,0,0,0,,0,,,,0,0,0,0,,,0,0,0,,0,0,,0,0,0,0,0,0,0,0,0,,,,,,,,,,,,,,,,,,,,,,,,,,,,0,,,,,,,,,,,,,,,,,,,,,,,,,,,0,,,,,,,,,,,,,,,,,,,,,,,,,,,,,,,,,,,,,,0,0,0,0,0,0,,0,,0,0,0,,0,0,0,0,0,,0,,0,,,,,,,,,,,,,,4,,0,,,,,,,,,,,,0,,,,,,,,,,0,0,0,0,0,0,0,0,,,0,0,0,0,0,0,,0,0,,,,,,,0,0,0,0,0,0,0,81761.0,81803.62
103,0,0,0,2019.0,0,0,0,0,0,0,0,0,0,,,,,0,0,0,,0,0,0,,0,0,0,,,,,,,,,,,,,,,,,,1,452,0,63,95,55,234,311,153,360,103,581,417,158,590,521,68,205,305,464,0,32,184,36,209,318,235,437,156,651,501,398,192,612,500,363,2,374,103,94,85,104,85,67,,0,,,,,,,,,,,,1,,,,,,,,,,,0,0,0,0,0,0,0,0,0,0,0,0,0,0,0,0,0,0,0,,,0,,0,,0,,0,0,0,,0,,0,0,0,,0,,0,,0,,0,0,0,0,,0,0,0,,0,0,0,,0,0,0,,0,0,0,,0,0,0,,0,,,,0,0,0,0,,,0,0,0,,0,0,,0,0,0,0,0,0,0,0,0,,,,,,,,,,,,,,,,,,,,,,,,,,,,0,,,,,,,,,,,,,,,,,,,,,,,,,,,0,,,,,,,,,,,,,,,,,,,,,,,,,,,,,,,,,,,,,,0,0,0,0,0,0,,0,,0,0,0,,0,0,0,0,0,,0,,0,,,,,,,,,,,,,,3,,0,,,,,,,,,,,,0,,,,,,,,,,0,0,0,0,0,0,0,0,,,0,0,0,0,0,0,,0,0,,,,,,,0,0,0,0,0,0,0,98792.0,98797.38
94,0,0,0,2025.0,0,0,0,0,0,0,0,0,0,,,,,0,0,0,,0,0,0,,0,0,0,,,,,,,,,,,,,,,,,,0,597,0,0,0,0,0,0,91,9,98,39,634,450,133,32,67,80,112,570,0,0,0,1,1,120,622,587,41,701,592,421,171,417,260,1,0,11,103,94,85,104,85,67,,0,,,,,,,,,,,,1,,,,,,,,,,,0,0,0,0,0,0,0,0,0,0,0,0,0,0,0,0,0,0,0,,,0,,0,,0,,0,0,0,,0,,0,0,0,,0,,0,,0,,0,0,0,0,,0,0,0,,0,0,0,,0,0,0,,0,0,0,,0,0,0,,0,,,,0,0,0,0,,,0,0,0,,0,0,,0,0,0,0,0,0,0,0,0,,,,,,,,,,,,,,,,,,,,,,,,,,,,0,,,,,,,,,,,,,,,,,,,,,,,,,,,0,,,,,,,,,,,,,,,,,,,,,,,,,,,,,,,,,,,,,,0,0,0,0,0,0,,0,,0,0,0,,0,0,0,0,0,,0,,0,,,,,,,,,,,,,,1,,0,,,,,,,,,,,,0,,,,,,,,,,0,0,0,0,0,0,0,0,,,0,0,0,0,0,0,,0,0,,,,,,,0,0,0,0,0,0,0,336.0,335.53
10,0,0,0,2025.0,0,0,0,0,0,0,0,0,0,,,,,0,0,0,,0,0,0,,0,0,0,,,,,,,,,,,,,,,,,,6,198,0,0,0,0,0,0,352,167,233,187,102,53,587,551,29,177,375,38,0,0,0,0,345,367,443,41,106,136,74,656,553,292,207,124,0,318,103,94,85,104,85,67,,0,,,,,,,,,,,,1,,,,,,,,,,,0,0,0,0,0,0,0,0,0,0,0,0,0,0,0,0,0,0,0,,,0,,0,,0,,0,0,0,,0,,0,0,0,,0,,0,,0,,0,0,0,0,,0,0,0,,0,0,0,,0,0,0,,0,0,0,,0,0,0,,0,,,,0,0,0,0,,,0,0,0,,0,0,,0,0,0,0,0,0,0,0,0,,,,,,,,,,,,,,,,,,,,,,,,,,,,0,,,,,,,,,,,,,,,,,,,,,,,,,,,0,,,,,,,,,,,,,,,,,,,,,,,,,,,,,,,,,,,,,,0,0,0,0,0,0,,0,,0,0,0,,0,0,0,0,0,,0,,0,,,,,,,,,,,,,,1,,0,,,,,,,,,,,,0,,,,,,,,,,0,0,0,0,0,0,0,0,,,0,0,0,0,0,0,,0,0,,,,,,,0,0,0,0,0,0,0,1509.0,1484.92
145,0,0,0,2020.0,0,0,0,0,0,0,0,0,0,,,,,0,0,0,,0,0,0,,0,0,0,,,,,,,,,,,,,,,,,,1,680,4,81,146,218,278,75,382,650,534,444,415,315,175,603,482,234,385,684,31,170,234,305,382,10,568,690,618,509,414,379,230,539,574,384,143,390,71,16,47,64,55,4,,0,,,,,,,,,,,,1,,,,,,,,,,,0,0,0,0,0,0,0,0,0,0,0,0,0,0,0,0,0,0,0,,,0,,0,,0,,0,0,0,,0,,0,0,0,,0,,0,,0,,0,0,0,0,,0,0,0,,0,0,0,,0,0,0,,0,0,0,,0,0,0,,0,,,,0,0,0,0,,,0,0,0,,0,0,,0,0,0,0,0,0,0,0,0,,,,,,,,,,,,,,,,,,,,,,,,,,,,0,,,,,,,,,,,,,,,,,,,,,,,,,,,0,,,,,,,,,,,,,,,,,,,,,,,,,,,,,,,,,,,,,,0,0,0,0,0,0,,0,,0,0,0,,0,0,0,0,0,,0,,0,,,,,,,,,,,,,,1,,0,,,,,,,,,,,,0,,,,,,,,,,0,0,0,0,0,0,0,0,,,0,0,0,0,0,0,,0,0,,,,,,,0,0,0,0,0,0,0,78.8,81.61899999999974
175,0,0,0,2023.0,0,0,0,0,0,0,0,0,0,,,,,0,0,0,,0,0,0,,0,0,0,,,,,,,,,,,,,,,,,,1,680,4,81,146,218,278,154,519,611,384,179,72,54,41,603,482,234,385,684,31,170,234,305,382,396,82,439,563,323,141,49,41,607,574,384,143,390,14,91,84,21,61,62,,0,,,,,,,,,,,,1,,,,,,,,,,,0,0,0,0,0,0,0,0,0,0,0,0,0,0,0,0,0,0,0,,,0,,0,,0,,0,0,0,,0,,0,0,0,,0,,0,,0,,0,0,0,0,,0,0,0,,0,0,0,,0,0,0,,0,0,0,,0,0,0,,0,,,,0,0,0,0,,,0,0,0,,0,0,,0,0,0,0,0,0,0,0,0,,,,,,,,,,,,,,,,,,,,,,,,,,,,0,,,,,,,,,,,,,,,,,,,,,,,,,,,0,,,,,,,,,,,,,,,,,,,,,,,,,,,,,,,,,,,,,,0,0,0,0,0,0,,0,,0,0,0,,0,0,0,0,0,,0,,0,,,,,,,,,,,,,,1,,0,,,,,,,,,,,,0,,,,,,,,,,0,0,0,0,0,0,0,0,,,0,0,0,0,0,0,,0,0,,,,,,,0,0,0,0,0,0,0,42341.0,24236.82150000001
174,0,0,0,2025.0,0,0,0,0,0,0,0,0,0,,,,,0,0,0,,0,0,0,,0,0,0,,,,,,,,,,,,,,,,,,5,611,4,81,146,218,278,280,239,77,698,615,510,462,356,221,428,10,0,683,31,170,234,305,382,136,513,188,311,178,671,572,495,313,155,264,103,0,103,94,85,104,85,67,,0,,,,,,,,,,,,1,,,,,,,,,,,0,0,0,0,0,0,0,0,0,0,0,0,0,0,0,0,0,0,0,,,0,,0,,0,,0,0,0,,0,,0,0,0,,0,,0,,0,,0,0,0,0,,0,0,0,,0,0,0,,0,0,0,,0,0,0,,0,0,0,,0,,,,0,0,0,0,,,0,0,0,,0,0,,0,0,0,0,0,0,0,0,0,,,,,,,,,,,,,,,,,,,,,,,,,,,,0,,,,,,,,,,,,,,,,,,,,,,,,,,,0,,,,,,,,,,,,,,,,,,,,,,,,,,,,,,,,,,,,,,0,0,0,0,0,0,,0,,0,0,0,,0,0,0,0,0,,0,,0,,,,,,,,,,,,,,1,,0,,,,,,,,,,,,0,,,,,,,,,,0,0,0,0,0,0,0,0,,,0,0,0,0,0,0,,0,0,,,,,,,0,0,0,0,0,0,0,794.0,797.535
133,0,0,0,2025.0,0,0,0,0,0,0,0,0,0,,,,,0,0,0,,0,0,0,,0,0,0,,,,,,,,,,,,,,,,,,6,23,0,0,0,0,0,0,386,444,531,595,26,108,188,310,218,123,386,24,0,0,0,0,331,341,258,359,615,643,38,122,196,162,283,56,12,391,103,94,85,104,85,67,,0,,,,,,,,,,,,1,,,,,,,,,,,0,0,0,0,0,0,0,0,0,0,0,0,0,0,0,0,0,0,0,,,0,,0,,0,,0,0,0,,0,,0,0,0,,0,,0,,0,,0,0,0,0,,0,0,0,,0,0,0,,0,0,0,,0,0,0,,0,0,0,,0,,,,0,0,0,0,,,0,0,0,,0,0,,0,0,0,0,0,0,0,0,0,,,,,,,,,,,,,,,,,,,,,,,,,,,,0,,,,,,,,,,,,,,,,,,,,,,,,,,,0,,,,,,,,,,,,,,,,,,,,,,,,,,,,,,,,,,,,,,0,0,0,0,0,0,,0,,0,0,0,,0,0,0,0,0,,0,,0,,,,,,,,,,,,,,1,,0,,,,,,,,,,,,0,,,,,,,,,,0,0,0,0,0,0,0,0,,,0,0,0,0,0,0,,0,0,,,,,,,0,0,0,0,0,0,0,221.0,218.22
160,0,0,0,2019.0,0,0,0,0,0,0,0,0,0,,,,,0,0,0,,0,0,0,,0,0,0,,,,,,,,,,,,,,,,,,1,579,0,0,0,0,0,0,0,556,152,219,422,488,525,95,463,115,0,588,0,0,0,0,0,0,617,534,91,296,460,536,562,452,61,284,4,0,103,94,85,104,85,67,,0,,,,,,,,,,,,1,,,,,,,,,,,0,0,0,0,0,0,0,0,0,0,0,0,0,0,0,0,0,0,0,,,0,,0,,0,,0,0,0,,0,,0,0,0,,0,,0,,0,,0,0,0,0,,0,0,0,,0,0,0,,0,0,0,,0,0,0,,0,0,0,,0,,,,0,0,0,0,,,0,0,0,,0,0,,0,0,0,0,0,0,0,0,0,,,,,,,,,,,,,,,,,,,,,,,,,,,,0,,,,,,,,,,,,,,,,,,,,,,,,,,,0,,,,,,,,,,,,,,,,,,,,,,,,,,,,,,,,,,,,,,0,0,0,0,0,0,,0,,0,0,0,,0,0,0,0,0,,0,,0,,,,,,,,,,,,,,5,,0,,,,,,,,,,,,0,,,,,,,,,,0,0,0,0,0,0,0,0,,,0,0,0,0,0,0,,0,0,,,,,,,0,0,0,0,0,0,0,15.0,15.195
125,0,0,0,2020.0,0,0,0,0,0,0,0,0,0,,,,,0,0,0,,0,0,0,,0,0,0,,,,,,,,,,,,,,,,,,5,543,0,66,71,9,74,156,227,321,193,64,17,661,520,12,322,165,386,554,0,162,104,149,280,16,206,455,239,98,677,652,607,413,494,137,23,391,103,94,85,104,85,67,,0,,,,,,,,,,,,1,,,,,,,,,,,0,0,0,0,0,0,0,0,0,0,0,0,0,0,0,0,0,0,0,,,0,,0,,0,,0,0,0,,0,,0,0,0,,0,,0,,0,,0,0,0,0,,0,0,0,,0,0,0,,0,0,0,,0,0,0,,0,0,0,,0,,,,0,0,0,0,,,0,0,0,,0,0,,0,0,0,0,0,0,0,0,0,,,,,,,,,,,,,,,,,,,,,,,,,,,,0,,,,,,,,,,,,,,,,,,,,,,,,,,,0,,,,,,,,,,,,,,,,,,,,,,,,,,,,,,,,,,,,,,0,0,0,0,0,0,,0,,0,0,0,,0,0,0,0,0,,0,,0,,,,,,,,,,,,,,1,,0,,,,,,,,,,,,0,,,,,,,,,,0,0,0,0,0,0,0,0,,,0,0,0,0,0,0,,0,0,,,,,,,0,0,0,0,0,0,0,90582.0,90724.8
169,0,0,0,2019.0,0,0,0,0,0,0,0,0,0,,,,,0,0,0,,0,0,0,,0,0,0,,,,,,,,,,,,,,,,,,1,6,0,0,0,0,0,0,2,155,2,191,0,0,0,0,0,0,0,12,0,0,0,0,0,0,0,335,451,213,0,4,6,0,0,0,0,0,103,94,85,104,85,67,,0,,,,,,,,,,,,1,,,,,,,,,,,0,0,0,0,0,0,0,0,0,0,0,0,0,0,0,0,0,0,0,,,0,,0,,0,,0,0,0,,0,,0,0,0,,0,,0,,0,,0,0,0,0,,0,0,0,,0,0,0,,0,0,0,,0,0,0,,0,0,0,,0,,,,0,0,0,0,,,0,0,0,,0,0,,0,0,0,0,0,0,0,0,0,,,,,,,,,,,,,,,,,,,,,,,,,,,,0,,,,,,,,,,,,,,,,,,,,,,,,,,,0,,,,,,,,,,,,,,,,,,,,,,,,,,,,,,,,,,,,,,0,0,0,0,0,0,,0,,0,0,0,,0,0,0,0,0,,0,,0,,,,,,,,,,,,,,2,,0,,,,,,,,,,,,0,,,,,,,,,,0,0,0,0,0,0,0,0,,,0,0,0,0,0,0,,0,0,,,,,,,0,0,0,0,0,0,0,5.0,4.95
12,0,0,0,2025.0,0,0,0,0,0,0,0,0,0,,,,,0,0,0,,0,0,0,,0,0,0,,,,,,,,,,,,,,,,,,6,244,0,0,0,0,0,0,384,211,252,210,142,69,640,591,111,2,371,67,0,0,1,62,269,367,471,61,162,169,113,33,572,359,219,196,1,315,103,94,85,104,85,67,,0,,,,,,,,,,,,1,,,,,,,,,,,0,0,0,0,0,0,0,0,0,0,0,0,0,0,0,0,0,0,0,,,0,,0,,0,,0,0,0,,0,,0,0,0,,0,,0,,0,,0,0,0,0,,0,0,0,,0,0,0,,0,0,0,,0,0,0,,0,0,0,,0,,,,0,0,0,0,,,0,0,0,,0,0,,0,0,0,0,0,0,0,0,0,,,,,,,,,,,,,,,,,,,,,,,,,,,,0,,,,,,,,,,,,,,,,,,,,,,,,,,,0,,,,,,,,,,,,,,,,,,,,,,,,,,,,,,,,,,,,,,0,0,0,0,0,0,,0,,0,0,0,,0,0,0,0,0,,0,,0,,,,,,,,,,,,,,1,,0,,,,,,,,,,,,0,,,,,,,,,,0,0,0,0,0,0,0,0,,,0,0,0,0,0,0,,0,0,,,,,,,0,0,0,0,0,0,0,1560.0,1563.73
99,0,0,0,2023.0,0,0,0,0,0,0,0,0,0,,,,,0,0,0,,0,0,0,,0,0,0,,,,,,,,,,,,,,,,,,5,544,0,74,105,49,233,309,128,555,323,149,685,578,425,471,187,30,101,556,0,31,176,30,195,308,253,660,421,212,46,602,449,279,231,303,95,84,103,94,85,104,85,67,,0,,,,,,,,,,,,1,,,,,,,,,,,0,0,0,0,0,0,0,0,0,0,0,0,0,0,0,0,0,0,0,,,0,,0,,0,,0,0,0,,0,,0,0,0,,0,,0,,0,,0,0,0,0,,0,0,0,,0,0,0,,0,0,0,,0,0,0,,0,0,0,,0,,,,0,0,0,0,,,0,0,0,,0,0,,0,0,0,0,0,0,0,0,0,,,,,,,,,,,,,,,,,,,,,,,,,,,,0,,,,,,,,,,,,,,,,,,,,,,,,,,,0,,,,,,,,,,,,,,,,,,,,,,,,,,,,,,,,,,,,,,0,0,0,0,0,0,,0,,0,0,0,,0,0,0,0,0,,0,,0,,,,,,,,,,,,,,1,,0,,,,,,,,,,,,0,,,,,,,,,,0,0,0,0,0,0,0,0,,,0,0,0,0,0,0,,0,0,,,,,,,0,0,0,0,0,0,0,125923.0,124773.665
52,0,0,0,2020.0,0,0,0,0,0,0,0,0,0,,,,,0,0,0,,0,0,0,,0,0,0,,,,,,,,,,,,,,,,,,2,234,1,49,91,146,147,196,40,248,678,384,110,574,252,51,154,80,132,325,6,25,12,215,96,140,84,488,168,575,293,79,502,201,41,360,72,151,103,94,85,104,85,67,,0,,,,,,,,,,,,1,,,,,,,,,,,0,0,0,0,0,0,0,0,0,0,0,0,0,0,0,0,0,0,0,,,0,,0,,0,,0,0,0,,0,,0,0,0,,0,,0,,0,,0,0,0,0,,0,0,0,,0,0,0,,0,0,0,,0,0,0,,0,0,0,,0,,,,0,0,0,0,,,0,0,0,,0,0,,0,0,0,0,0,0,0,0,0,,,,,,,,,,,,,,,,,,,,,,,,,,,,0,,,,,,,,,,,,,,,,,,,,,,,,,,,0,,,,,,,,,,,,,,,,,,,,,,,,,,,,,,,,,,,,,,0,0,0,0,0,0,,0,,0,0,0,,0,0,0,0,0,,0,,0,,,,,,,,,,,,,,1,,0,,,,,,,,,,,,0,,,,,,,,,,0,0,0,0,0,0,0,0,,,0,0,0,0,0,0,,0,0,,,,,,,0,0,0,0,0,0,0,80061.0,80137.405
131,0,0,0,2020.0,0,0,0,0,0,0,0,0,0,,,,,0,0,0,,0,0,0,,0,0,0,,,,,,,,,,,,,,,,,,1,680,4,81,146,218,278,106,157,465,228,117,9,604,503,603,482,234,385,684,31,170,234,305,382,380,170,458,392,161,35,625,513,364,574,384,143,390,70,60,64,74,28,46,,0,,,,,,,,,,,,1,,,,,,,,,,,0,0,0,0,0,0,0,0,0,0,0,0,0,0,0,0,0,0,0,,,0,,0,,0,,0,0,0,,0,,0,0,0,,0,,0,,0,,0,0,0,0,,0,0,0,,0,0,0,,0,0,0,,0,0,0,,0,0,0,,0,,,,0,0,0,0,,,0,0,0,,0,0,,0,0,0,0,0,0,0,0,0,,,,,,,,,,,,,,,,,,,,,,,,,,,,0,,,,,,,,,,,,,,,,,,,,,,,,,,,0,,,,,,,,,,,,,,,,,,,,,,,,,,,,,,,,,,,,,,0,0,0,0,0,0,,0,,0,0,0,,0,0,0,0,0,,0,,0,,,,,,,,,,,,,,1,,0,,,,,,,,,,,,0,,,,,,,,,,0,0,0,0,0,0,0,0,,,0,0,0,0,0,0,,0,0,,,,,,,0,0,0,0,0,0,0,86982.0,87011.61
168,0,0,0,2025.0,0,0,0,0,0,0,0,0,0,,,,,0,0,0,,0,0,0,,0,0,0,,,,,,,,,,,,,,,,,,1,680,4,81,146,218,278,328,1,4,4,6,6,6,4,603,482,234,385,684,31,170,234,305,382,434,3,5,5,4,7,5,5,4,574,384,143,390,3,3,0,2,2,68,,1,,,,,,,,,,,,1,,,,,,,,,,,0,0,0,0,0,0,0,0,0,0,0,0,0,0,0,0,0,0,0,,,0,,0,,0,,0,0,0,,0,,0,0,0,,0,,0,,0,,0,0,0,0,,0,0,0,,0,0,0,,0,0,0,,0,0,0,,0,0,0,,0,,,,0,0,0,0,,,0,0,0,,0,0,,0,0,0,0,0,0,0,0,0,,,,,,,,,,,,,,,,,,,,,,,,,,,,0,,,,,,,,,,,,,,,,,,,,,,,,,,,0,,,,,,,,,,,,,,,,,,,,,,,,,,,,,,,,,,,,,,0,0,0,0,0,0,,0,,0,0,0,,0,0,0,0,0,,0,,0,,,,,,,,,,,,,,1,,0,,,,,,,,,,,,0,,,,,,,,,,0,0,0,0,0,0,0,0,,,0,0,0,0,0,0,,0,0,,,,,,,0,0,0,0,0,0,0,0.5,0.5015000000000001
168,0,0,0,2019.0,0,0,0,0,0,0,0,0,0,,,,,0,0,0,,0,0,0,,0,0,0,,,,,,,,,,,,,,,,,,1,574,0,0,0,0,0,0,2,156,630,150,250,461,516,88,21,129,0,579,0,0,0,0,0,0,283,296,675,195,294,453,549,485,56,333,22,1,103,94,85,104,85,67,,0,,,,,,,,,,,,1,,,,,,,,,,,0,0,0,0,0,0,0,0,0,0,0,0,0,0,0,0,0,0,0,,,0,,0,,0,,0,0,0,,0,,0,0,0,,0,,0,,0,,0,0,0,0,,0,0,0,,0,0,0,,0,0,0,,0,0,0,,0,0,0,,0,,,,0,0,0,0,,,0,0,0,,0,0,,0,0,0,0,0,0,0,0,0,,,,,,,,,,,,,,,,,,,,,,,,,,,,0,,,,,,,,,,,,,,,,,,,,,,,,,,,0,,,,,,,,,,,,,,,,,,,,,,,,,,,,,,,,,,,,,,0,0,0,0,0,0,,0,,0,0,0,,0,0,0,0,0,,0,,0,,,,,,,,,,,,,,5,,0,,,,,,,,,,,,0,,,,,,,,,,0,0,0,0,0,0,0,0,,,0,0,0,0,0,0,,0,0,,,,,,,0,0,0,0,0,0,0,7.0,7.905
160,0,0,0,2020.0,0,0,0,0,0,0,0,0,0,,,,,0,0,0,,0,0,0,,0,0,0,,,,,,,,,,,,,,,,,,2,71,0,6,93,71,245,325,236,505,282,42,491,196,645,504,47,63,0,148,0,163,131,3,169,264,379,520,456,190,605,389,64,431,268,336,127,0,103,94,85,104,85,67,,0,,,,,,,,,,,,1,,,,,,,,,,,0,0,0,0,0,0,0,0,0,0,0,0,0,0,0,0,0,0,0,,,0,,0,,0,,0,0,0,,0,,0,0,0,,0,,0,,0,,0,0,0,0,,0,0,0,,0,0,0,,0,0,0,,0,0,0,,0,0,0,,0,,,,0,0,0,0,,,0,0,0,,0,0,,0,0,0,0,0,0,0,0,0,,,,,,,,,,,,,,,,,,,,,,,,,,,,0,,,,,,,,,,,,,,,,,,,,,,,,,,,0,,,,,,,,,,,,,,,,,,,,,,,,,,,,,,,,,,,,,,0,0,0,0,0,0,,0,,0,0,0,,0,0,0,0,0,,0,,0,,,,,,,,,,,,,,1,,0,,,,,,,,,,,,0,,,,,,,,,,0,0,0,0,0,0,0,0,,,0,0,0,0,0,0,,0,0,,,,,,,0,0,0,0,0,0,0,56745.0,56733.01
109,0,0,0,2023.0,0,0,0,0,0,0,0,0,0,,,,,0,0,0,,0,0,0,,0,0,0,,,,,,,,,,,,,,,,,,0,150,0,0,0,0,122,134,327,424,444,323,279,149,637,350,398,40,322,223,0,0,0,165,331,9,14,298,461,407,318,191,26,368,163,109,0,89,103,94,85,104,85,67,,0,,,,,,,,,,,,1,,,,,,,,,,,0,0,0,0,0,0,0,0,0,0,0,0,0,0,0,0,0,0,0,,,0,,0,,0,,0,0,0,,0,,0,0,0,,0,,0,,0,,0,0,0,0,,0,0,0,,0,0,0,,0,0,0,,0,0,0,,0,0,0,,0,,,,0,0,0,0,,,0,0,0,,0,0,,0,0,0,0,0,0,0,0,0,,,,,,,,,,,,,,,,,,,,,,,,,,,,0,,,,,,,,,,,,,,,,,,,,,,,,,,,0,,,,,,,,,,,,,,,,,,,,,,,,,,,,,,,,,,,,,,0,0,0,0,0,0,,0,,0,0,0,,0,0,0,0,0,,0,,0,,,,,,,,,,,,,,1,,0,,,,,,,,,,,,0,,,,,,,,,,0,0,0,0,0,0,0,0,,,0,0,0,0,0,0,,0,0,,,,,,,0,0,0,0,0,0,0,2308.0,2336.21
13,0,0,0,2025.0,0,0,0,0,0,0,0,0,0,,,,,0,0,0,,0,0,0,,0,0,0,,,,,,,,,,,,,,,,,,6,222,0,0,0,0,1,9,368,189,248,205,138,75,606,590,89,193,366,57,0,0,0,0,312,299,482,63,148,162,112,12,565,329,204,168,1,300,103,94,85,104,85,67,,0,,,,,,,,,,,,1,,,,,,,,,,,0,0,0,0,0,0,0,0,0,0,0,0,0,0,0,0,0,0,0,,,0,,0,,0,,0,0,0,,0,,0,0,0,,0,,0,,0,,0,0,0,0,,0,0,0,,0,0,0,,0,0,0,,0,0,0,,0,0,0,,0,,,,0,0,0,0,,,0,0,0,,0,0,,0,0,0,0,0,0,0,0,0,,,,,,,,,,,,,,,,,,,,,,,,,,,,0,,,,,,,,,,,,,,,,,,,,,,,,,,,0,,,,,,,,,,,,,,,,,,,,,,,,,,,,,,,,,,,,,,0,0,0,0,0,0,,0,,0,0,0,,0,0,0,0,0,,0,,0,,,,,,,,,,,,,,1,,0,,,,,,,,,,,,0,,,,,,,,,,0,0,0,0,0,0,0,0,,,0,0,0,0,0,0,,0,0,,,,,,,0,0,0,0,0,0,0,1607.0,1611.035
2,0,0,0,2019.0,0,0,0,0,0,0,0,0,0,,,,,0,0,0,,0,0,0,,0,0,0,,,,,,,,,,,,,,,,,,1,25,5,82,147,219,279,300,177,389,176,28,581,496,235,210,388,40,11,29,32,171,235,306,383,275,231,552,325,111,630,493,345,29,541,16,0,7,103,94,85,104,85,67,,0,,,,,,,,,,,,1,,,,,,,,,,,0,0,0,0,0,0,0,0,0,0,0,0,0,0,0,0,0,0,0,,,0,,0,,0,,0,0,0,,0,,0,0,0,,0,,0,,0,,0,0,0,0,,0,0,0,,0,0,0,,0,0,0,,0,0,0,,0,0,0,,0,,,,0,0,0,0,,,0,0,0,,0,0,,0,0,0,0,0,0,0,0,0,,,,,,,,,,,,,,,,,,,,,,,,,,,,0,,,,,,,,,,,,,,,,,,,,,,,,,,,0,,,,,,,,,,,,,,,,,,,,,,,,,,,,,,,,,,,,,,0,0,0,0,0,0,,0,,0,0,0,,0,0,0,0,0,,0,,0,,,,,,,,,,,,,,4,,0,,,,,,,,,,,,0,,,,,,,,,,0,0,0,0,0,0,0,0,,,0,0,0,0,0,0,,0,0,,,,,,,0,0,0,0,0,0,0,9054.0,14610.7395
168,0,0,0,2019.0,0,0,0,0,0,0,0,0,0,,,,,0,0,0,,0,0,0,,0,0,0,,,,,,,,,,,,,,,,,,1,108,0,49,76,31,143,257,96,578,316,102,632,448,146,67,242,133,129,204,0,132,216,168,366,64,313,550,505,225,664,520,364,99,531,47,2,194,103,94,85,104,85,67,,0,,,,,,,,,,,,1,,,,,,,,,,,0,0,0,0,0,0,0,0,0,0,0,0,0,0,0,0,0,0,0,,,0,,0,,0,,0,0,0,,0,,0,0,0,,0,,0,,0,,0,0,0,0,,0,0,0,,0,0,0,,0,0,0,,0,0,0,,0,0,0,,0,,,,0,0,0,0,,,0,0,0,,0,0,,0,0,0,0,0,0,0,0,0,,,,,,,,,,,,,,,,,,,,,,,,,,,,0,,,,,,,,,,,,,,,,,,,,,,,,,,,0,,,,,,,,,,,,,,,,,,,,,,,,,,,,,,,,,,,,,,0,0,0,0,0,0,,0,,0,0,0,,0,0,0,0,0,,0,,0,,,,,,,,,,,,,,3,,0,,,,,,,,,,,,0,,,,,,,,,,0,0,0,0,0,0,0,0,,,0,0,0,0,0,0,,0,0,,,,,,,0,0,0,0,0,0,0,56700.0,56593.925
8,0,0,0,2019.0,0,0,0,0,0,0,0,0,0,,,,,0,0,0,,0,0,0,,0,0,0,,,,,,,,,,,,,,,,,,1,49,1,18,88,93,67,99,415,698,503,333,176,81,596,570,42,228,318,79,5,57,221,155,342,41,456,134,627,432,257,96,632,332,198,172,0,352,103,94,85,104,85,67,,0,,,,,,,,,,,,1,,,,,,,,,,,0,0,0,0,0,0,0,0,0,0,0,0,0,0,0,0,0,0,0,,,0,,0,,0,,0,0,0,,0,,0,0,0,,0,,0,,0,,0,0,0,0,,0,0,0,,0,0,0,,0,0,0,,0,0,0,,0,0,0,,0,,,,0,0,0,0,,,0,0,0,,0,0,,0,0,0,0,0,0,0,0,0,,,,,,,,,,,,,,,,,,,,,,,,,,,,0,,,,,,,,,,,,,,,,,,,,,,,,,,,0,,,,,,,,,,,,,,,,,,,,,,,,,,,,,,,,,,,,,,0,0,0,0,0,0,,0,,0,0,0,,0,0,0,0,0,,0,,0,,,,,,,,,,,,,,4,,0,,,,,,,,,,,,0,,,,,,,,,,0,0,0,0,0,0,0,0,,,0,0,0,0,0,0,,0,0,,,,,,,0,0,0,0,0,0,0,24244.0,24198.25
155,0,0,0,2023.0,0,0,0,0,0,0,0,0,0,,,,,0,0,0,,0,0,0,,0,0,0,,,,,,,,,,,,,,,,,,5,376,0,21,134,110,18,67,326,639,463,242,116,34,594,490,159,164,0,389,0,62,172,90,246,366,466,585,550,380,197,83,633,419,292,372,51,0,103,94,85,104,85,67,,0,,,,,,,,,,,,1,,,,,,,,,,,0,0,0,0,0,0,0,0,0,0,0,0,0,0,0,0,0,0,0,,,0,,0,,0,,0,0,0,,0,,0,0,0,,0,,0,,0,,0,0,0,0,,0,0,0,,0,0,0,,0,0,0,,0,0,0,,0,0,0,,0,,,,0,0,0,0,,,0,0,0,,0,0,,0,0,0,0,0,0,0,0,0,,,,,,,,,,,,,,,,,,,,,,,,,,,,0,,,,,,,,,,,,,,,,,,,,,,,,,,,0,,,,,,,,,,,,,,,,,,,,,,,,,,,,,,,,,,,,,,0,0,0,0,0,0,,0,,0,0,0,,0,0,0,0,0,,0,,0,,,,,,,,,,,,,,1,,0,,,,,,,,,,,,0,,,,,,,,,,0,0,0,0,0,0,0,0,,,0,0,0,0,0,0,,0,0,,,,,,,0,0,0,0,0,0,0,65568.0,65604.56
2,0,0,0,2020.0,0,0,0,0,0,0,0,0,0,,,,,0,0,0,,0,0,0,,0,0,0,,,,,,,,,,,,,,,,,,5,25,5,82,147,219,279,300,177,389,176,28,581,496,235,210,388,40,11,29,32,171,235,306,383,275,231,552,325,111,630,493,345,29,541,16,0,7,103,94,85,104,85,67,,0,,,,,,,,,,,,1,,,,,,,,,,,0,0,0,0,0,0,0,0,0,0,0,0,0,0,0,0,0,0,0,,,0,,0,,0,,0,0,0,,0,,0,0,0,,0,,0,,0,,0,0,0,0,,0,0,0,,0,0,0,,0,0,0,,0,0,0,,0,0,0,,0,,,,0,0,0,0,,,0,0,0,,0,0,,0,0,0,0,0,0,0,0,0,,,,,,,,,,,,,,,,,,,,,,,,,,,,0,,,,,,,,,,,,,,,,,,,,,,,,,,,0,,,,,,,,,,,,,,,,,,,,,,,,,,,,,,,,,,,,,,0,0,0,0,0,0,,0,,0,0,0,,0,0,0,0,0,,0,,0,,,,,,,,,,,,,,1,,0,,,,,,,,,,,,0,,,,,,,,,,0,0,0,0,0,0,0,0,,,0,0,0,0,0,0,,0,0,,,,,,,0,0,0,0,0,0,0,9054.0,14625.8195
111,0,0,0,2019.0,0,0,0,0,0,0,0,0,0,,,,,0,0,0,,0,0,0,,0,0,0,,,,,,,,,,,,,,,,,,1,107,0,0,0,0,0,0,320,388,430,268,243,164,634,412,415,0,22,165,0,0,0,62,269,341,7,272,434,399,253,188,37,383,194,136,0,126,103,94,85,104,85,67,,0,,,,,,,,,,,,1,,,,,,,,,,,0,0,0,0,0,0,0,0,0,0,0,0,0,0,0,0,0,0,0,,,0,,0,,0,,0,0,0,,0,,0,0,0,,0,,0,,0,,0,0,0,0,,0,0,0,,0,0,0,,0,0,0,,0,0,0,,0,0,0,,0,,,,0,0,0,0,,,0,0,0,,0,0,,0,0,0,0,0,0,0,0,0,,,,,,,,,,,,,,,,,,,,,,,,,,,,0,,,,,,,,,,,,,,,,,,,,,,,,,,,0,,,,,,,,,,,,,,,,,,,,,,,,,,,,,,,,,,,,,,0,0,0,0,0,0,,0,,0,0,0,,0,0,0,0,0,,0,,0,,,,,,,,,,,,,,0,,0,,,,,,,,,,,,0,,,,,,,,,,0,0,0,0,0,0,0,0,,,0,0,0,0,0,0,,0,0,,,,,,,0,0,0,0,0,0,0,2080.0,2083.845
69,0,0,0,2025.0,0,0,0,0,0,0,0,0,0,,,,,0,0,0,,0,0,0,,0,0,0,,,,,,,,,,,,,,,,,,2,230,1,32,83,34,120,240,539,356,128,625,437,117,502,247,388,1,64,312,16,54,39,185,10,88,34,500,247,684,466,241,634,350,147,144,72,77,103,94,85,104,85,67,,0,,,,,,,,,,,,1,,,,,,,,,,,0,0,0,0,0,0,0,0,0,0,0,0,0,0,0,0,0,0,0,,,0,,0,,0,,0,0,0,,0,,0,0,0,,0,,0,,0,,0,0,0,0,,0,0,0,,0,0,0,,0,0,0,,0,0,0,,0,0,0,,0,,,,0,0,0,0,,,0,0,0,,0,0,,0,0,0,0,0,0,0,0,0,,,,,,,,,,,,,,,,,,,,,,,,,,,,0,,,,,,,,,,,,,,,,,,,,,,,,,,,0,,,,,,,,,,,,,,,,,,,,,,,,,,,,,,,,,,,,,,0,0,0,0,0,0,,0,,0,0,0,,0,0,0,0,0,,0,,0,,,,,,,,,,,,,,1,,0,,,,,,,,,,,,0,,,,,,,,,,0,0,0,0,0,0,0,0,,,0,0,0,0,0,0,,0,0,,,,,,,0,0,0,0,0,0,0,81320.0,80593.725
150,0,0,0,2023.0,0,0,0,0,0,0,0,0,0,,,,,0,0,0,,0,0,0,,0,0,0,,,,,,,,,,,,,,,,,,6,641,0,0,0,0,0,0,406,93,317,408,508,640,623,139,95,98,0,631,0,0,0,1,1,120,234,58,418,515,549,604,655,509,104,334,12,0,103,94,85,104,85,67,,0,,,,,,,,,,,,1,,,,,,,,,,,0,0,0,0,0,0,0,0,0,0,0,0,0,0,0,0,0,0,0,,,0,,0,,0,,0,0,0,,0,,0,0,0,,0,,0,,0,,0,0,0,0,,0,0,0,,0,0,0,,0,0,0,,0,0,0,,0,0,0,,0,,,,0,0,0,0,,,0,0,0,,0,0,,0,0,0,0,0,0,0,0,0,,,,,,,,,,,,,,,,,,,,,,,,,,,,0,,,,,,,,,,,,,,,,,,,,,,,,,,,0,,,,,,,,,,,,,,,,,,,,,,,,,,,,,,,,,,,,,,0,0,0,0,0,0,,0,,0,0,0,,0,0,0,0,0,,0,,0,,,,,,,,,,,,,,1,,0,,,,,,,,,,,,0,,,,,,,,,,0,0,0,0,0,0,0,0,,,0,0,0,0,0,0,,0,0,,,,,,,0,0,0,0,0,0,0,37.0,43.745
110,0,0,0,2025.0,0,0,0,0,0,0,0,0,0,,,,,0,0,0,,0,0,0,,0,0,0,,,,,,,,,,,,,,,,,,2,433,0,12,7,101,6,56,189,246,28,478,292,158,617,452,51,16,196,446,0,107,9,84,262,377,204,322,61,571,391,304,185,616,518,26,35,266,103,94,85,104,85,67,,0,,,,,,,,,,,,1,,,,,,,,,,,0,0,0,0,0,0,0,0,0,0,0,0,0,0,0,0,0,0,0,,,0,,0,,0,,0,0,0,,0,,0,0,0,,0,,0,,0,,0,0,0,0,,0,0,0,,0,0,0,,0,0,0,,0,0,0,,0,0,0,,0,,,,0,0,0,0,,,0,0,0,,0,0,,0,0,0,0,0,0,0,0,0,,,,,,,,,,,,,,,,,,,,,,,,,,,,0,,,,,,,,,,,,,,,,,,,,,,,,,,,0,,,,,,,,,,,,,,,,,,,,,,,,,,,,,,,,,,,,,,0,0,0,0,0,0,,0,,0,0,0,,0,0,0,0,0,,0,,0,,,,,,,,,,,,,,1,,0,,,,,,,,,,,,0,,,,,,,,,,0,0,0,0,0,0,0,0,,,0,0,0,0,0,0,,0,0,,,,,,,0,0,0,0,0,0,0,81089.0,81052.085
128,0,0,0,2025.0,0,0,0,0,0,0,0,0,0,,,,,0,0,0,,0,0,0,,0,0,0,,,,,,,,,,,,,,,,,,0,637,0,0,0,1,122,189,315,90,43,647,545,453,249,219,379,151,386,630,0,0,1,12,335,383,587,118,82,685,570,468,352,130,31,26,103,391,103,94,85,104,85,67,,0,,,,,,,,,,,,1,,,,,,,,,,,0,0,0,0,0,0,0,0,0,0,0,0,0,0,0,0,0,0,0,,,0,,0,,0,,0,0,0,,0,,0,0,0,,0,,0,,0,,0,0,0,0,,0,0,0,,0,0,0,,0,0,0,,0,0,0,,0,0,0,,0,,,,0,0,0,0,,,0,0,0,,0,0,,0,0,0,0,0,0,0,0,0,,,,,,,,,,,,,,,,,,,,,,,,,,,,0,,,,,,,,,,,,,,,,,,,,,,,,,,,0,,,,,,,,,,,,,,,,,,,,,,,,,,,,,,,,,,,,,,0,0,0,0,0,0,,0,,0,0,0,,0,0,0,0,0,,0,,0,,,,,,,,,,,,,,1,,0,,,,,,,,,,,,0,,,,,,,,,,0,0,0,0,0,0,0,0,,,0,0,0,0,0,0,,0,0,,,,,,,0,0,0,0,0,0,0,14174.0,14115.67
64,0,0,0,2025.0,0,0,0,0,0,0,0,0,0,,,,,0,0,0,,0,0,0,,0,0,0,,,,,,,,,,,,,,,,,,6,224,0,0,0,0,0,0,226,236,393,348,373,322,202,208,425,180,240,152,0,0,0,0,171,120,394,92,355,385,348,277,144,599,546,154,112,198,103,94,85,104,85,67,,0,,,,,,,,,,,,1,,,,,,,,,,,0,0,0,0,0,0,0,0,0,0,0,0,0,0,0,0,0,0,0,,,0,,0,,0,,0,0,0,,0,,0,0,0,,0,,0,,0,,0,0,0,0,,0,0,0,,0,0,0,,0,0,0,,0,0,0,,0,0,0,,0,,,,0,0,0,0,,,0,0,0,,0,0,,0,0,0,0,0,0,0,0,0,,,,,,,,,,,,,,,,,,,,,,,,,,,,0,,,,,,,,,,,,,,,,,,,,,,,,,,,0,,,,,,,,,,,,,,,,,,,,,,,,,,,,,,,,,,,,,,0,0,0,0,0,0,,0,,0,0,0,,0,0,0,0,0,,0,,0,,,,,,,,,,,,,,1,,0,,,,,,,,,,,,0,,,,,,,,,,0,0,0,0,0,0,0,0,,,0,0,0,0,0,0,,0,0,,,,,,,0,0,0,0,0,0,0,1261.0,1259.9
155,0,0,0,2025.0,0,0,0,0,0,0,0,0,0,,,,,0,0,0,,0,0,0,,0,0,0,,,,,,,,,,,,,,,,,,0,648,0,0,0,1,5,32,345,690,134,133,51,668,514,316,432,219,0,643,0,0,1,69,227,332,651,390,67,163,88,17,578,354,153,191,85,0,103,94,85,104,85,67,,0,,,,,,,,,,,,1,,,,,,,,,,,0,0,0,0,0,0,0,0,0,0,0,0,0,0,0,0,0,0,0,,,0,,0,,0,,0,0,0,,0,,0,0,0,,0,,0,,0,,0,0,0,0,,0,0,0,,0,0,0,,0,0,0,,0,0,0,,0,0,0,,0,,,,0,0,0,0,,,0,0,0,,0,0,,0,0,0,0,0,0,0,0,0,,,,,,,,,,,,,,,,,,,,,,,,,,,,0,,,,,,,,,,,,,,,,,,,,,,,,,,,0,,,,,,,,,,,,,,,,,,,,,,,,,,,,,,,,,,,,,,0,0,0,0,0,0,,0,,0,0,0,,0,0,0,0,0,,0,,0,,,,,,,,,,,,,,1,,0,,,,,,,,,,,,0,,,,,,,,,,0,0,0,0,0,0,0,0,,,0,0,0,0,0,0,,0,0,,,,,,,0,0,0,0,0,0,0,2217.0,2205.225
137,0,0,0,2019.0,0,0,0,0,0,0,0,0,0,,,,,0,0,0,,0,0,0,,0,0,0,,,,,,,,,,,,,,,,,,1,8,0,0,0,1,0,9,353,292,501,556,664,46,111,271,180,128,386,9,0,0,0,1,171,253,46,303,510,621,14,87,109,79,225,58,39,391,103,94,85,104,85,67,,0,,,,,,,,,,,,1,,,,,,,,,,,0,0,0,0,0,0,0,0,0,0,0,0,0,0,0,0,0,0,0,,,0,,0,,0,,0,0,0,,0,,0,0,0,,0,,0,,0,,0,0,0,0,,0,0,0,,0,0,0,,0,0,0,,0,0,0,,0,0,0,,0,,,,0,0,0,0,,,0,0,0,,0,0,,0,0,0,0,0,0,0,0,0,,,,,,,,,,,,,,,,,,,,,,,,,,,,0,,,,,,,,,,,,,,,,,,,,,,,,,,,0,,,,,,,,,,,,,,,,,,,,,,,,,,,,,,,,,,,,,,0,0,0,0,0,0,,0,,0,0,0,,0,0,0,0,0,,0,,0,,,,,,,,,,,,,,5,,0,,,,,,,,,,,,0,,,,,,,,,,0,0,0,0,0,0,0,0,,,0,0,0,0,0,0,,0,0,,,,,,,0,0,0,0,0,0,0,154.0,153.735
0,0,0,0,2020.0,0,0,0,0,0,0,0,0,0,,,,,0,0,0,,0,0,0,,0,0,0,,,,,,,,,,,,,,,,,,2,12,5,82,147,219,279,278,86,142,587,266,18,418,225,24,336,0,13,23,32,171,235,306,383,235,71,379,93,538,353,62,427,169,515,156,0,12,103,94,85,104,85,67,,0,,,,,,,,,,,,1,,,,,,,,,,,0,0,0,0,0,0,0,0,0,0,0,0,0,0,0,0,0,0,0,,,0,,0,,0,,0,0,0,,0,,0,0,0,,0,,0,,0,,0,0,0,0,,0,0,0,,0,0,0,,0,0,0,,0,0,0,,0,0,0,,0,,,,0,0,0,0,,,0,0,0,,0,0,,0,0,0,0,0,0,0,0,0,,,,,,,,,,,,,,,,,,,,,,,,,,,,0,,,,,,,,,,,,,,,,,,,,,,,,,,,0,,,,,,,,,,,,,,,,,,,,,,,,,,,,,,,,,,,,,,0,0,0,0,0,0,,0,,0,0,0,,0,0,0,0,0,,0,,0,,,,,,,,,,,,,,1,,0,,,,,,,,,,,,0,,,,,,,,,,0,0,0,0,0,0,0,0,,,0,0,0,0,0,0,,0,0,,,,,,,0,0,0,0,0,0,0,6106.0,6524.07
73,0,0,0,2020.0,0,0,0,0,0,0,0,0,0,,,,,0,0,0,,0,0,0,,0,0,0,,,,,,,,,,,,,,,,,,6,409,0,0,0,0,1,9,309,359,456,439,441,392,264,256,447,189,317,422,0,0,0,0,331,341,35,413,595,518,412,339,214,77,48,174,127,254,103,94,85,104,85,67,,0,,,,,,,,,,,,1,,,,,,,,,,,0,0,0,0,0,0,0,0,0,0,0,0,0,0,0,0,0,0,0,,,0,,0,,0,,0,0,0,,0,,0,0,0,,0,,0,,0,,0,0,0,0,,0,0,0,,0,0,0,,0,0,0,,0,0,0,,0,0,0,,0,,,,0,0,0,0,,,0,0,0,,0,0,,0,0,0,0,0,0,0,0,0,,,,,,,,,,,,,,,,,,,,,,,,,,,,0,,,,,,,,,,,,,,,,,,,,,,,,,,,0,,,,,,,,,,,,,,,,,,,,,,,,,,,,,,,,,,,,,,0,0,0,0,0,0,,0,,0,0,0,,0,0,0,0,0,,0,,0,,,,,,,,,,,,,,1,,0,,,,,,,,,,,,0,,,,,,,,,,0,0,0,0,0,0,0,0,,,0,0,0,0,0,0,,0,0,,,,,,,0,0,0,0,0,0,0,1741.0,1743.975
146,0,0,0,2019.0,0,0,0,0,0,0,0,0,0,,,,,0,0,0,,0,0,0,,0,0,0,,,,,,,,,,,,,,,,,,1,176,0,26,16,169,56,121,451,450,70,459,172,622,399,295,23,24,0,275,0,119,6,156,326,24,615,618,334,604,232,31,438,255,184,347,65,0,103,94,85,104,85,67,,0,,,,,,,,,,,,1,,,,,,,,,,,0,0,0,0,0,0,0,0,0,0,0,0,0,0,0,0,0,0,0,,,0,,0,,0,,0,0,0,,0,,0,0,0,,0,,0,,0,,0,0,0,0,,0,0,0,,0,0,0,,0,0,0,,0,0,0,,0,0,0,,0,,,,0,0,0,0,,,0,0,0,,0,0,,0,0,0,0,0,0,0,0,0,,,,,,,,,,,,,,,,,,,,,,,,,,,,0,,,,,,,,,,,,,,,,,,,,,,,,,,,0,,,,,,,,,,,,,,,,,,,,,,,,,,,,,,,,,,,,,,0,0,0,0,0,0,,0,,0,0,0,,0,0,0,0,0,,0,,0,,,,,,,,,,,,,,3,,0,,,,,,,,,,,,0,,,,,,,,,,0,0,0,0,0,0,0,0,,,0,0,0,0,0,0,,0,0,,,,,,,0,0,0,0,0,0,0,89333.0,89429.955
151,0,0,0,2019.0,0,0,0,0,0,0,0,0,0,,,,,0,0,0,,0,0,0,,0,0,0,,,,,,,,,,,,,,,,,,1,357,0,34,144,144,36,95,348,629,404,180,78,20,477,397,147,118,0,379,0,84,208,104,283,399,483,655,521,310,132,32,594,317,238,375,46,0,103,94,85,104,85,67,,0,,,,,,,,,,,,1,,,,,,,,,,,0,0,0,0,0,0,0,0,0,0,0,0,0,0,0,0,0,0,0,,,0,,0,,0,,0,0,0,,0,,0,0,0,,0,,0,,0,,0,0,0,0,,0,0,0,,0,0,0,,0,0,0,,0,0,0,,0,0,0,,0,,,,0,0,0,0,,,0,0,0,,0,0,,0,0,0,0,0,0,0,0,0,,,,,,,,,,,,,,,,,,,,,,,,,,,,0,,,,,,,,,,,,,,,,,,,,,,,,,,,0,,,,,,,,,,,,,,,,,,,,,,,,,,,,,,,,,,,,,,0,0,0,0,0,0,,0,,0,0,0,,0,0,0,0,0,,0,,0,,,,,,,,,,,,,,4,,0,,,,,,,,,,,,0,,,,,,,,,,0,0,0,0,0,0,0,0,,,0,0,0,0,0,0,,0,0,,,,,,,0,0,0,0,0,0,0,78364.0,78286.565
161,0,0,0,2025.0,0,0,0,0,0,0,0,0,0,,,,,0,0,0,,0,0,0,,0,0,0,,,,,,,,,,,,,,,,,,1,680,4,81,146,218,278,320,241,554,403,218,124,17,527,603,482,234,385,684,31,170,234,305,382,260,380,551,491,311,172,89,615,393,574,384,143,390,22,70,31,27,29,25,,0,,,,,,,,,,,,1,,,,,,,,,,,0,0,0,0,0,0,0,0,0,0,0,0,0,0,0,0,0,0,0,,,0,,0,,0,,0,0,0,,0,,0,0,0,,0,,0,,0,,0,0,0,0,,0,0,0,,0,0,0,,0,0,0,,0,0,0,,0,0,0,,0,,,,0,0,0,0,,,0,0,0,,0,0,,0,0,0,0,0,0,0,0,0,,,,,,,,,,,,,,,,,,,,,,,,,,,,0,,,,,,,,,,,,,,,,,,,,,,,,,,,0,,,,,,,,,,,,,,,,,,,,,,,,,,,,,,,,,,,,,,0,0,0,0,0,0,,0,,0,0,0,,0,0,0,0,0,,0,,0,,,,,,,,,,,,,,1,,0,,,,,,,,,,,,0,,,,,,,,,,0,0,0,0,0,0,0,0,,,0,0,0,0,0,0,,0,0,,,,,,,0,0,0,0,0,0,0,58199.0,58148.185
129,0,0,0,2020.0,0,0,0,0,0,0,0,0,0,,,,,0,0,0,,0,0,0,,0,0,0,,,,,,,,,,,,,,,,,,0,644,0,1,0,0,249,298,321,114,56,668,565,460,265,204,368,84,386,635,0,0,0,12,325,364,602,109,117,16,593,492,350,136,15,92,72,391,103,94,85,104,85,67,,0,,,,,,,,,,,,1,,,,,,,,,,,0,0,0,0,0,0,0,0,0,0,0,0,0,0,0,0,0,0,0,,,0,,0,,0,,0,0,0,,0,,0,0,0,,0,,0,,0,,0,0,0,0,,0,0,0,,0,0,0,,0,0,0,,0,0,0,,0,0,0,,0,,,,0,0,0,0,,,0,0,0,,0,0,,0,0,0,0,0,0,0,0,0,,,,,,,,,,,,,,,,,,,,,,,,,,,,0,,,,,,,,,,,,,,,,,,,,,,,,,,,0,,,,,,,,,,,,,,,,,,,,,,,,,,,,,,,,,,,,,,0,0,0,0,0,0,,0,,0,0,0,,0,0,0,0,0,,0,,0,,,,,,,,,,,,,,1,,0,,,,,,,,,,,,0,,,,,,,,,,0,0,0,0,0,0,0,0,,,0,0,0,0,0,0,,0,0,,,,,,,0,0,0,0,0,0,0,14527.0,38260.955
75,0,0,0,2020.0,0,0,0,0,0,0,0,0,0,,,,,0,0,0,,0,0,0,,0,0,0,,,,,,,,,,,,,,,,,,6,292,0,0,0,1,0,9,282,269,396,345,397,348,227,250,450,216,289,278,0,0,1,0,0,5,478,230,464,421,347,281,169,46,30,182,120,223,103,94,85,104,85,67,,0,,,,,,,,,,,,1,,,,,,,,,,,0,0,0,0,0,0,0,0,0,0,0,0,0,0,0,0,0,0,0,,,0,,0,,0,,0,0,0,,0,,0,0,0,,0,,0,,0,,0,0,0,0,,0,0,0,,0,0,0,,0,0,0,,0,0,0,,0,0,0,,0,,,,0,0,0,0,,,0,0,0,,0,0,,0,0,0,0,0,0,0,0,0,,,,,,,,,,,,,,,,,,,,,,,,,,,,0,,,,,,,,,,,,,,,,,,,,,,,,,,,0,,,,,,,,,,,,,,,,,,,,,,,,,,,,,,,,,,,,,,0,0,0,0,0,0,,0,,0,0,0,,0,0,0,0,0,,0,,0,,,,,,,,,,,,,,1,,0,,,,,,,,,,,,0,,,,,,,,,,0,0,0,0,0,0,0,0,,,0,0,0,0,0,0,,0,0,,,,,,,0,0,0,0,0,0,0,1360.0,1354.18
170,0,0,0,2019.0,0,0,0,0,0,0,0,0,0,,,,,0,0,0,,0,0,0,,0,0,0,,,,,,,,,,,,,,,,,,1,680,4,81,146,218,278,2,446,533,436,312,227,212,142,603,482,234,385,684,31,170,234,305,382,4,38,367,542,413,269,200,182,91,574,384,143,390,7,10,48,9,74,10,,0,,,,,,,,,,,,1,,,,,,,,,,,0,0,0,0,0,0,0,0,0,0,0,0,0,0,0,0,0,0,0,,,0,,0,,0,,0,0,0,,0,,0,0,0,,0,,0,,0,,0,0,0,0,,0,0,0,,0,0,0,,0,0,0,,0,0,0,,0,0,0,,0,,,,0,0,0,0,,,0,0,0,,0,0,,0,0,0,0,0,0,0,0,0,,,,,,,,,,,,,,,,,,,,,,,,,,,,0,,,,,,,,,,,,,,,,,,,,,,,,,,,0,,,,,,,,,,,,,,,,,,,,,,,,,,,,,,,,,,,,,,0,0,0,0,0,0,,0,,0,0,0,,0,0,0,0,0,,0,,0,,,,,,,,,,,,,,1,,0,,,,,,,,,,,,0,,,,,,,,,,0,0,0,0,0,0,0,0,,,0,0,0,0,0,0,,0,0,,,,,,,0,0,0,0,0,0,0,30.8,29.683500000000095
98,0,0,0,2019.0,0,0,0,0,0,0,0,0,0,,,,,0,0,0,,0,0,0,,0,0,0,,,,,,,,,,,,,,,,,,1,417,0,0,0,44,0,72,242,214,336,346,408,407,355,421,166,22,304,445,0,0,125,182,216,276,335,463,499,394,361,378,294,181,179,272,42,257,103,94,85,104,85,67,,0,,,,,,,,,,,,1,,,,,,,,,,,0,0,0,0,0,0,0,0,0,0,0,0,0,0,0,0,0,0,0,,,0,,0,,0,,0,0,0,,0,,0,0,0,,0,,0,,0,,0,0,0,0,,0,0,0,,0,0,0,,0,0,0,,0,0,0,,0,0,0,,0,,,,0,0,0,0,,,0,0,0,,0,0,,0,0,0,0,0,0,0,0,0,,,,,,,,,,,,,,,,,,,,,,,,,,,,0,,,,,,,,,,,,,,,,,,,,,,,,,,,0,,,,,,,,,,,,,,,,,,,,,,,,,,,,,,,,,,,,,,0,0,0,0,0,0,,0,,0,0,0,,0,0,0,0,0,,0,,0,,,,,,,,,,,,,,5,,0,,,,,,,,,,,,0,,,,,,,,,,0,0,0,0,0,0,0,0,,,0,0,0,0,0,0,,0,0,,,,,,,0,0,0,0,0,0,0,1103.0,1078.522
169,0,0,0,2025.0,0,0,0,0,0,0,0,0,0,,,,,0,0,0,,0,0,0,,0,0,0,,,,,,,,,,,,,,,,,,5,242,0,78,76,12,106,210,74,599,380,188,147,96,26,15,307,203,63,316,0,137,211,147,353,53,291,545,533,304,148,126,84,553,475,159,88,152,103,94,85,104,85,67,,0,,,,,,,,,,,,1,,,,,,,,,,,0,0,0,0,0,0,0,0,0,0,0,0,0,0,0,0,0,0,0,,,0,,0,,0,,0,0,0,,0,,0,0,0,,0,,0,,0,,0,0,0,0,,0,0,0,,0,0,0,,0,0,0,,0,0,0,,0,0,0,,0,,,,0,0,0,0,,,0,0,0,,0,0,,0,0,0,0,0,0,0,0,0,,,,,,,,,,,,,,,,,,,,,,,,,,,,0,,,,,,,,,,,,,,,,,,,,,,,,,,,0,,,,,,,,,,,,,,,,,,,,,,,,,,,,,,,,,,,,,,0,0,0,0,0,0,,0,,0,0,0,,0,0,0,0,0,,0,,0,,,,,,,,,,,,,,1,,0,,,,,,,,,,,,0,,,,,,,,,,0,0,0,0,0,0,0,0,,,0,0,0,0,0,0,,0,0,,,,,,,0,0,0,0,0,0,0,55313.0,55238.405
166,0,0,0,2023.0,0,0,0,0,0,0,0,0,0,,,,,0,0,0,,0,0,0,,0,0,0,,,,,,,,,,,,,,,,,,0,559,4,81,146,218,278,0,0,395,498,604,572,632,489,309,43,40,0,3,31,170,234,305,382,0,412,360,47,167,176,205,128,507,425,2,0,0,103,94,85,104,85,67,,0,,,,,,,,,,,,1,,,,,,,,,,,0,0,0,0,0,0,0,0,0,0,0,0,0,0,0,0,0,0,0,,,0,,0,,0,,0,0,0,,0,,0,0,0,,0,,0,,0,,0,0,0,0,,0,0,0,,0,0,0,,0,0,0,,0,0,0,,0,0,0,,0,,,,0,0,0,0,,,0,0,0,,0,0,,0,0,0,0,0,0,0,0,0,,,,,,,,,,,,,,,,,,,,,,,,,,,,0,,,,,,,,,,,,,,,,,,,,,,,,,,,0,,,,,,,,,,,,,,,,,,,,,,,,,,,,,,,,,,,,,,0,0,0,0,0,0,,0,,0,0,0,,0,0,0,0,0,,0,,0,,,,,,,,,,,,,,1,,0,,,,,,,,,,,,0,,,,,,,,,,0,0,0,0,0,0,0,0,,,0,0,0,0,0,0,,0,0,,,,,,,0,0,0,0,0,0,0,9.0,9.273
126,0,0,0,2019.0,0,0,0,0,0,0,0,0,0,,,,,0,0,0,,0,0,0,,0,0,0,,,,,,,,,,,,,,,,,,1,535,0,56,69,3,65,145,211,328,194,59,683,662,482,594,302,174,161,541,0,143,88,146,268,429,177,449,255,106,678,641,586,371,467,130,14,222,103,94,85,104,85,67,,0,,,,,,,,,,,,1,,,,,,,,,,,0,0,0,0,0,0,0,0,0,0,0,0,0,0,0,0,0,0,0,,,0,,0,,0,,0,0,0,,0,,0,0,0,,0,,0,,0,,0,0,0,0,,0,0,0,,0,0,0,,0,0,0,,0,0,0,,0,0,0,,0,,,,0,0,0,0,,,0,0,0,,0,0,,0,0,0,0,0,0,0,0,0,,,,,,,,,,,,,,,,,,,,,,,,,,,,0,,,,,,,,,,,,,,,,,,,,,,,,,,,0,,,,,,,,,,,,,,,,,,,,,,,,,,,,,,,,,,,,,,0,0,0,0,0,0,,0,,0,0,0,,0,0,0,0,0,,0,,0,,,,,,,,,,,,,,4,,0,,,,,,,,,,,,0,,,,,,,,,,0,0,0,0,0,0,0,0,,,0,0,0,0,0,0,,0,0,,,,,,,0,0,0,0,0,0,0,88662.0,88721.66
67,0,0,0,2023.0,0,0,0,0,0,0,0,0,0,,,,,0,0,0,,0,0,0,,0,0,0,,,,,,,,,,,,,,,,,,5,518,1,78,128,164,152,205,105,513,247,51,608,484,293,239,421,133,123,523,10,52,57,258,129,208,196,10,427,170,656,525,370,123,57,160,120,129,103,94,85,104,85,67,,0,,,,,,,,,,,,1,,,,,,,,,,,0,0,0,0,0,0,0,0,0,0,0,0,0,0,0,0,0,0,0,,,0,,0,,0,,0,0,0,,0,,0,0,0,,0,,0,,0,,0,0,0,0,,0,0,0,,0,0,0,,0,0,0,,0,0,0,,0,0,0,,0,,,,0,0,0,0,,,0,0,0,,0,0,,0,0,0,0,0,0,0,0,0,,,,,,,,,,,,,,,,,,,,,,,,,,,,0,,,,,,,,,,,,,,,,,,,,,,,,,,,0,,,,,,,,,,,,,,,,,,,,,,,,,,,,,,,,,,,,,,0,0,0,0,0,0,,0,,0,0,0,,0,0,0,0,0,,0,,0,,,,,,,,,,,,,,1,,0,,,,,,,,,,,,0,,,,,,,,,,0,0,0,0,0,0,0,0,,,0,0,0,0,0,0,,0,0,,,,,,,0,0,0,0,0,0,0,125115.0,120017.68699999999
170,0,0,0,2023.0,0,0,0,0,0,0,0,0,0,,,,,0,0,0,,0,0,0,,0,0,0,,,,,,,,,,,,,,,,,,2,80,0,49,52,5,108,197,33,559,293,63,603,455,210,112,313,180,30,157,0,125,201,152,348,45,273,512,497,222,648,521,390,147,6,135,73,126,103,94,85,104,85,67,,0,,,,,,,,,,,,1,,,,,,,,,,,0,0,0,0,0,0,0,0,0,0,0,0,0,0,0,0,0,0,0,,,0,,0,,0,,0,0,0,,0,,0,0,0,,0,,0,,0,,0,0,0,0,,0,0,0,,0,0,0,,0,0,0,,0,0,0,,0,0,0,,0,,,,0,0,0,0,,,0,0,0,,0,0,,0,0,0,0,0,0,0,0,0,,,,,,,,,,,,,,,,,,,,,,,,,,,,0,,,,,,,,,,,,,,,,,,,,,,,,,,,0,,,,,,,,,,,,,,,,,,,,,,,,,,,,,,,,,,,,,,0,0,0,0,0,0,,0,,0,0,0,,0,0,0,0,0,,0,,0,,,,,,,,,,,,,,1,,0,,,,,,,,,,,,0,,,,,,,,,,0,0,0,0,0,0,0,0,,,0,0,0,0,0,0,,0,0,,,,,,,0,0,0,0,0,0,0,52553.0,52513.86
109,0,0,0,2019.0,0,0,0,0,0,0,0,0,0,,,,,0,0,0,,0,0,0,,0,0,0,,,,,,,,,,,,,,,,,,1,441,0,8,8,99,274,49,183,272,38,515,313,148,616,447,49,228,203,452,0,97,231,75,257,374,212,350,80,573,418,334,179,610,517,37,127,276,103,94,85,104,85,67,,0,,,,,,,,,,,,1,,,,,,,,,,,0,0,0,0,0,0,0,0,0,0,0,0,0,0,0,0,0,0,0,,,0,,0,,0,,0,0,0,,0,,0,0,0,,0,,0,,0,,0,0,0,0,,0,0,0,,0,0,0,,0,0,0,,0,0,0,,0,0,0,,0,,,,0,0,0,0,,,0,0,0,,0,0,,0,0,0,0,0,0,0,0,0,,,,,,,,,,,,,,,,,,,,,,,,,,,,0,,,,,,,,,,,,,,,,,,,,,,,,,,,0,,,,,,,,,,,,,,,,,,,,,,,,,,,,,,,,,,,,,,0,0,0,0,0,0,,0,,0,0,0,,0,0,0,0,0,,0,,0,,,,,,,,,,,,,,3,,0,,,,,,,,,,,,0,,,,,,,,,,0,0,0,0,0,0,0,0,,,0,0,0,0,0,0,,0,0,,,,,,,0,0,0,0,0,0,0,85865.0,85747.7
120,0,0,0,2020.0,0,0,0,0,0,0,0,0,0,,,,,0,0,0,,0,0,0,,0,0,0,,,,,,,,,,,,,,,,,,2,512,0,54,64,198,75,147,287,150,638,461,231,60,585,491,476,12,386,524,0,154,92,129,303,19,289,270,681,455,271,190,70,567,565,83,17,391,103,94,85,104,85,67,,0,,,,,,,,,,,,1,,,,,,,,,,,0,0,0,0,0,0,0,0,0,0,0,0,0,0,0,0,0,0,0,,,0,,0,,0,,0,0,0,,0,,0,0,0,,0,,0,,0,,0,0,0,0,,0,0,0,,0,0,0,,0,0,0,,0,0,0,,0,0,0,,0,,,,0,0,0,0,,,0,0,0,,0,0,,0,0,0,0,0,0,0,0,0,,,,,,,,,,,,,,,,,,,,,,,,,,,,0,,,,,,,,,,,,,,,,,,,,,,,,,,,0,,,,,,,,,,,,,,,,,,,,,,,,,,,,,,,,,,,,,,0,0,0,0,0,0,,0,,0,0,0,,0,0,0,0,0,,0,,0,,,,,,,,,,,,,,1,,0,,,,,,,,,,,,0,,,,,,,,,,0,0,0,0,0,0,0,0,,,0,0,0,0,0,0,,0,0,,,,,,,0,0,0,0,0,0,0,72645.0,72659.245
113,0,0,0,2019.0,0,0,0,0,0,0,0,0,0,,,,,0,0,0,,0,0,0,,0,0,0,,,,,,,,,,,,,,,,,,1,443,0,43,40,125,22,81,206,222,16,489,275,133,631,460,82,24,386,455,0,142,64,99,265,409,191,294,46,554,377,279,157,21,560,77,127,391,103,94,85,104,85,67,,0,,,,,,,,,,,,1,,,,,,,,,,,0,0,0,0,0,0,0,0,0,0,0,0,0,0,0,0,0,0,0,,,0,,0,,0,,0,0,0,,0,,0,0,0,,0,,0,,0,,0,0,0,0,,0,0,0,,0,0,0,,0,0,0,,0,0,0,,0,0,0,,0,,,,0,0,0,0,,,0,0,0,,0,0,,0,0,0,0,0,0,0,0,0,,,,,,,,,,,,,,,,,,,,,,,,,,,,0,,,,,,,,,,,,,,,,,,,,,,,,,,,0,,,,,,,,,,,,,,,,,,,,,,,,,,,,,,,,,,,,,,0,0,0,0,0,0,,0,,0,0,0,,0,0,0,0,0,,0,,0,,,,,,,,,,,,,,3,,0,,,,,,,,,,,,0,,,,,,,,,,0,0,0,0,0,0,0,0,,,0,0,0,0,0,0,,0,0,,,,,,,0,0,0,0,0,0,0,78815.0,78679.18
86,0,0,0,2020.0,0,0,0,0,0,0,0,0,0,,,,,0,0,0,,0,0,0,,0,0,0,,,,,,,,,,,,,,,,,,0,431,0,0,0,0,0,0,219,633,618,554,448,234,608,400,336,0,165,347,0,0,0,0,0,0,579,411,643,539,395,115,606,209,62,0,0,370,103,94,85,104,85,67,,0,,,,,,,,,,,,1,,,,,,,,,,,0,0,0,0,0,0,0,0,0,0,0,0,0,0,0,0,0,0,0,,,0,,0,,0,,0,0,0,,0,,0,0,0,,0,,0,,0,,0,0,0,0,,0,0,0,,0,0,0,,0,0,0,,0,0,0,,0,0,0,,0,,,,0,0,0,0,,,0,0,0,,0,0,,0,0,0,0,0,0,0,0,0,,,,,,,,,,,,,,,,,,,,,,,,,,,,0,,,,,,,,,,,,,,,,,,,,,,,,,,,0,,,,,,,,,,,,,,,,,,,,,,,,,,,,,,,,,,,,,,0,0,0,0,0,0,,0,,0,0,0,,0,0,0,0,0,,0,,0,,,,,,,,,,,,,,1,,0,,,,,,,,,,,,0,,,,,,,,,,0,0,0,0,0,0,0,0,,,0,0,0,0,0,0,,0,0,,,,,,,0,0,0,0,0,0,0,223.0,222.105
43,0,0,0,2019.0,0,0,0,0,0,0,0,0,0,,,,,0,0,0,,0,0,0,,0,0,0,,,,,,,,,,,,,,,,,,1,162,0,33,125,171,162,212,576,165,607,272,69,512,152,52,118,0,212,279,3,40,60,247,119,195,27,387,76,512,219,51,454,178,563,286,0,268,103,94,85,104,85,67,,0,,,,,,,,,,,,1,,,,,,,,,,,0,0,0,0,0,0,0,0,0,0,0,0,0,0,0,0,0,0,0,,,0,,0,,0,,0,0,0,,0,,0,0,0,,0,,0,,0,,0,0,0,0,,0,0,0,,0,0,0,,0,0,0,,0,0,0,,0,0,0,,0,,,,0,0,0,0,,,0,0,0,,0,0,,0,0,0,0,0,0,0,0,0,,,,,,,,,,,,,,,,,,,,,,,,,,,,0,,,,,,,,,,,,,,,,,,,,,,,,,,,0,,,,,,,,,,,,,,,,,,,,,,,,,,,,,,,,,,,,,,0,0,0,0,0,0,,0,,0,0,0,,0,0,0,0,0,,0,,0,,,,,,,,,,,,,,3,,0,,,,,,,,,,,,0,,,,,,,,,,0,0,0,0,0,0,0,0,,,0,0,0,0,0,0,,0,0,,,,,,,0,0,0,0,0,0,0,65378.0,65342.19
166,0,0,0,2019.0,0,0,0,0,0,0,0,0,0,,,,,0,0,0,,0,0,0,,0,0,0,,,,,,,,,,,,,,,,,,1,680,4,81,146,218,278,3,530,564,487,338,268,214,126,603,482,234,385,684,31,170,234,305,382,7,192,429,573,458,284,244,165,69,574,384,143,390,18,9,49,15,66,7,,0,,,,,,,,,,,,1,,,,,,,,,,,0,0,0,0,0,0,0,0,0,0,0,0,0,0,0,0,0,0,0,,,0,,0,,0,,0,0,0,,0,,0,0,0,,0,,0,,0,,0,0,0,0,,0,0,0,,0,0,0,,0,0,0,,0,0,0,,0,0,0,,0,,,,0,0,0,0,,,0,0,0,,0,0,,0,0,0,0,0,0,0,0,0,,,,,,,,,,,,,,,,,,,,,,,,,,,,0,,,,,,,,,,,,,,,,,,,,,,,,,,,0,,,,,,,,,,,,,,,,,,,,,,,,,,,,,,,,,,,,,,0,0,0,0,0,0,,0,,0,0,0,,0,0,0,0,0,,0,,0,,,,,,,,,,,,,,1,,0,,,,,,,,,,,,0,,,,,,,,,,0,0,0,0,0,0,0,0,,,0,0,0,0,0,0,,0,0,,,,,,,0,0,0,0,0,0,0,38.9,271.0685
49,0,0,0,2019.0,0,0,0,0,0,0,0,0,0,,,,,0,0,0,,0,0,0,,0,0,0,,,,,,,,,,,,,,,,,,1,276,0,0,0,0,1,9,322,346,446,377,358,285,151,140,363,42,27,136,0,0,0,0,171,120,477,132,391,364,298,233,108,571,465,302,72,366,103,94,85,104,85,67,,0,,,,,,,,,,,,1,,,,,,,,,,,0,0,0,0,0,0,0,0,0,0,0,0,0,0,0,0,0,0,0,,,0,,0,,0,,0,0,0,,0,,0,0,0,,0,,0,,0,,0,0,0,0,,0,0,0,,0,0,0,,0,0,0,,0,0,0,,0,0,0,,0,,,,0,0,0,0,,,0,0,0,,0,0,,0,0,0,0,0,0,0,0,0,,,,,,,,,,,,,,,,,,,,,,,,,,,,0,,,,,,,,,,,,,,,,,,,,,,,,,,,0,,,,,,,,,,,,,,,,,,,,,,,,,,,,,,,,,,,,,,0,0,0,0,0,0,,0,,0,0,0,,0,0,0,0,0,,0,,0,,,,,,,,,,,,,,5,,0,,,,,,,,,,,,0,,,,,,,,,,0,0,0,0,0,0,0,0,,,0,0,0,0,0,0,,0,0,,,,,,,0,0,0,0,0,0,0,1808.0,1807.995
157,0,0,0,2020.0,0,0,0,0,0,0,0,0,0,,,,,0,0,0,,0,0,0,,0,0,0,,,,,,,,,,,,,,,,,,6,609,0,0,0,0,0,0,406,678,155,297,461,550,638,111,14,110,0,604,0,0,0,0,0,0,5,566,198,355,482,551,585,522,81,297,23,0,103,94,85,104,85,67,,0,,,,,,,,,,,,1,,,,,,,,,,,0,0,0,0,0,0,0,0,0,0,0,0,0,0,0,0,0,0,0,,,0,,0,,0,,0,0,0,,0,,0,0,0,,0,,0,,0,,0,0,0,0,,0,0,0,,0,0,0,,0,0,0,,0,0,0,,0,0,0,,0,,,,0,0,0,0,,,0,0,0,,0,0,,0,0,0,0,0,0,0,0,0,,,,,,,,,,,,,,,,,,,,,,,,,,,,0,,,,,,,,,,,,,,,,,,,,,,,,,,,0,,,,,,,,,,,,,,,,,,,,,,,,,,,,,,,,,,,,,,0,0,0,0,0,0,,0,,0,0,0,,0,0,0,0,0,,0,,0,,,,,,,,,,,,,,1,,0,,,,,,,,,,,,0,,,,,,,,,,0,0,0,0,0,0,0,0,,,0,0,0,0,0,0,,0,0,,,,,,,0,0,0,0,0,0,0,17.0,20.25
160,0,0,0,2025.0,0,0,0,0,0,0,0,0,0,,,,,0,0,0,,0,0,0,,0,0,0,,,,,,,,,,,,,,,,,,6,579,0,0,0,0,0,0,0,556,152,219,422,488,525,95,463,115,0,588,0,0,0,0,0,0,617,534,91,296,460,536,562,452,61,284,4,0,103,94,85,104,85,67,,0,,,,,,,,,,,,1,,,,,,,,,,,0,0,0,0,0,0,0,0,0,0,0,0,0,0,0,0,0,0,0,,,0,,0,,0,,0,0,0,,0,,0,0,0,,0,,0,,0,,0,0,0,0,,0,0,0,,0,0,0,,0,0,0,,0,0,0,,0,0,0,,0,,,,0,0,0,0,,,0,0,0,,0,0,,0,0,0,0,0,0,0,0,0,,,,,,,,,,,,,,,,,,,,,,,,,,,,0,,,,,,,,,,,,,,,,,,,,,,,,,,,0,,,,,,,,,,,,,,,,,,,,,,,,,,,,,,,,,,,,,,0,0,0,0,0,0,,0,,0,0,0,,0,0,0,0,0,,0,,0,,,,,,,,,,,,,,1,,0,,,,,,,,,,,,0,,,,,,,,,,0,0,0,0,0,0,0,0,,,0,0,0,0,0,0,,0,0,,,,,,,0,0,0,0,0,0,0,15.0,15.195
112,0,0,0,2023.0,0,0,0,0,0,0,0,0,0,,,,,0,0,0,,0,0,0,,0,0,0,,,,,,,,,,,,,,,,,,6,145,0,0,0,0,1,9,452,560,5,57,182,291,317,375,203,65,168,96,0,0,141,0,369,49,340,483,672,122,168,308,302,211,255,351,108,99,103,94,85,104,85,67,,0,,,,,,,,,,,,1,,,,,,,,,,,0,0,0,0,0,0,0,0,0,0,0,0,0,0,0,0,0,0,0,,,0,,0,,0,,0,0,0,,0,,0,0,0,,0,,0,,0,,0,0,0,0,,0,0,0,,0,0,0,,0,0,0,,0,0,0,,0,0,0,,0,,,,0,0,0,0,,,0,0,0,,0,0,,0,0,0,0,0,0,0,0,0,,,,,,,,,,,,,,,,,,,,,,,,,,,,0,,,,,,,,,,,,,,,,,,,,,,,,,,,0,,,,,,,,,,,,,,,,,,,,,,,,,,,,,,,,,,,,,,0,0,0,0,0,0,,0,,0,0,0,,0,0,0,0,0,,0,,0,,,,,,,,,,,,,,1,,0,,,,,,,,,,,,0,,,,,,,,,,0,0,0,0,0,0,0,0,,,0,0,0,0,0,0,,0,0,,,,,,,0,0,0,0,0,0,0,289.0,290.6
168,0,0,0,2019.0,0,0,0,0,0,0,0,0,0,,,,,0,0,0,,0,0,0,,0,0,0,,,,,,,,,,,,,,,,,,1,680,4,81,146,218,278,298,341,30,9,648,626,554,320,603,482,234,385,684,31,170,234,305,382,126,525,79,153,51,643,613,509,297,574,384,143,390,92,38,15,99,6,65,,0,,,,,,,,,,,,1,,,,,,,,,,,0,0,0,0,0,0,0,0,0,0,0,0,0,0,0,0,0,0,0,,,0,,0,,0,,0,0,0,,0,,0,0,0,,0,,0,,0,,0,0,0,0,,0,0,0,,0,0,0,,0,0,0,,0,0,0,,0,0,0,,0,,,,0,0,0,0,,,0,0,0,,0,0,,0,0,0,0,0,0,0,0,0,,,,,,,,,,,,,,,,,,,,,,,,,,,,0,,,,,,,,,,,,,,,,,,,,,,,,,,,0,,,,,,,,,,,,,,,,,,,,,,,,,,,,,,,,,,,,,,0,0,0,0,0,0,,0,,0,0,0,,0,0,0,0,0,,0,,0,,,,,,,,,,,,,,1,,0,,,,,,,,,,,,0,,,,,,,,,,0,0,0,0,0,0,0,0,,,0,0,0,0,0,0,,0,0,,,,,,,0,0,0,0,0,0,0,879.0,1466.8335
13,0,0,0,2023.0,0,0,0,0,0,0,0,0,0,,,,,0,0,0,,0,0,0,,0,0,0,,,,,,,,,,,,,,,,,,6,222,0,0,0,0,1,9,368,189,248,205,138,75,606,590,89,193,366,57,0,0,0,0,312,299,482,63,148,162,112,12,565,329,204,168,1,300,103,94,85,104,85,67,,0,,,,,,,,,,,,1,,,,,,,,,,,0,0,0,0,0,0,0,0,0,0,0,0,0,0,0,0,0,0,0,,,0,,0,,0,,0,0,0,,0,,0,0,0,,0,,0,,0,,0,0,0,0,,0,0,0,,0,0,0,,0,0,0,,0,0,0,,0,0,0,,0,,,,0,0,0,0,,,0,0,0,,0,0,,0,0,0,0,0,0,0,0,0,,,,,,,,,,,,,,,,,,,,,,,,,,,,0,,,,,,,,,,,,,,,,,,,,,,,,,,,0,,,,,,,,,,,,,,,,,,,,,,,,,,,,,,,,,,,,,,0,0,0,0,0,0,,0,,0,0,0,,0,0,0,0,0,,0,,0,,,,,,,,,,,,,,1,,0,,,,,,,,,,,,0,,,,,,,,,,0,0,0,0,0,0,0,0,,,0,0,0,0,0,0,,0,0,,,,,,,0,0,0,0,0,0,0,1607.0,1611.035
168,0,0,0,2025.0,0,0,0,0,0,0,0,0,0,,,,,0,0,0,,0,0,0,,0,0,0,,,,,,,,,,,,,,,,,,2,108,0,49,76,31,143,257,96,578,316,102,632,448,146,67,242,133,129,204,0,132,216,168,366,64,313,550,505,225,664,520,364,99,531,47,2,194,103,94,85,104,85,67,,0,,,,,,,,,,,,1,,,,,,,,,,,0,0,0,0,0,0,0,0,0,0,0,0,0,0,0,0,0,0,0,,,0,,0,,0,,0,0,0,,0,,0,0,0,,0,,0,,0,,0,0,0,0,,0,0,0,,0,0,0,,0,0,0,,0,0,0,,0,0,0,,0,,,,0,0,0,0,,,0,0,0,,0,0,,0,0,0,0,0,0,0,0,0,,,,,,,,,,,,,,,,,,,,,,,,,,,,0,,,,,,,,,,,,,,,,,,,,,,,,,,,0,,,,,,,,,,,,,,,,,,,,,,,,,,,,,,,,,,,,,,0,0,0,0,0,0,,0,,0,0,0,,0,0,0,0,0,,0,,0,,,,,,,,,,,,,,1,,0,,,,,,,,,,,,0,,,,,,,,,,0,0,0,0,0,0,0,0,,,0,0,0,0,0,0,,0,0,,,,,,,0,0,0,0,0,0,0,56700.0,56594.39
69,0,0,0,2025.0,0,0,0,0,0,0,0,0,0,,,,,0,0,0,,0,0,0,,0,0,0,,,,,,,,,,,,,,,,,,0,558,0,0,0,0,0,0,445,671,693,676,617,335,49,349,1,0,112,526,0,0,0,0,0,0,548,576,708,669,511,199,605,5,1,0,0,2,103,94,85,104,85,67,,0,,,,,,,,,,,,1,,,,,,,,,,,0,0,0,0,0,0,0,0,0,0,0,0,0,0,0,0,0,0,0,,,0,,0,,0,,0,0,0,,0,,0,0,0,,0,,0,,0,,0,0,0,0,,0,0,0,,0,0,0,,0,0,0,,0,0,0,,0,0,0,,0,,,,0,0,0,0,,,0,0,0,,0,0,,0,0,0,0,0,0,0,0,0,,,,,,,,,,,,,,,,,,,,,,,,,,,,0,,,,,,,,,,,,,,,,,,,,,,,,,,,0,,,,,,,,,,,,,,,,,,,,,,,,,,,,,,,,,,,,,,0,0,0,0,0,0,,0,,0,0,0,,0,0,0,0,0,,0,,0,,,,,,,,,,,,,,1,,0,,,,,,,,,,,,0,,,,,,,,,,0,0,0,0,0,0,0,0,,,0,0,0,0,0,0,,0,0,,,,,,,0,0,0,0,0,0,0,28.0,87.665
168,0,0,0,2020.0,0,0,0,0,0,0,0,0,0,,,,,0,0,0,,0,0,0,,0,0,0,,,,,,,,,,,,,,,,,,1,680,4,81,146,218,278,298,341,30,9,648,626,554,320,603,482,234,385,684,31,170,234,305,382,126,525,79,153,51,643,613,509,297,574,384,143,390,92,38,15,99,6,65,,0,,,,,,,,,,,,1,,,,,,,,,,,0,0,0,0,0,0,0,0,0,0,0,0,0,0,0,0,0,0,0,,,0,,0,,0,,0,0,0,,0,,0,0,0,,0,,0,,0,,0,0,0,0,,0,0,0,,0,0,0,,0,0,0,,0,0,0,,0,0,0,,0,,,,0,0,0,0,,,0,0,0,,0,0,,0,0,0,0,0,0,0,0,0,,,,,,,,,,,,,,,,,,,,,,,,,,,,0,,,,,,,,,,,,,,,,,,,,,,,,,,,0,,,,,,,,,,,,,,,,,,,,,,,,,,,,,,,,,,,,,,0,0,0,0,0,0,,0,,0,0,0,,0,0,0,0,0,,0,,0,,,,,,,,,,,,,,1,,0,,,,,,,,,,,,0,,,,,,,,,,0,0,0,0,0,0,0,0,,,0,0,0,0,0,0,,0,0,,,,,,,0,0,0,0,0,0,0,879.0,1466.8335
170,0,0,0,2019.0,0,0,0,0,0,0,0,0,0,,,,,0,0,0,,0,0,0,,0,0,0,,,,,,,,,,,,,,,,,,1,604,4,81,146,218,278,0,0,4,340,191,61,620,528,54,423,40,0,565,31,170,234,305,382,0,0,0,376,331,597,497,605,448,472,201,0,0,103,94,85,104,85,67,,0,,,,,,,,,,,,1,,,,,,,,,,,0,0,0,0,0,0,0,0,0,0,0,0,0,0,0,0,0,0,0,,,0,,0,,0,,0,0,0,,0,,0,0,0,,0,,0,,0,,0,0,0,0,,0,0,0,,0,0,0,,0,0,0,,0,0,0,,0,0,0,,0,,,,0,0,0,0,,,0,0,0,,0,0,,0,0,0,0,0,0,0,0,0,,,,,,,,,,,,,,,,,,,,,,,,,,,,0,,,,,,,,,,,,,,,,,,,,,,,,,,,0,,,,,,,,,,,,,,,,,,,,,,,,,,,,,,,,,,,,,,0,0,0,0,0,0,,0,,0,0,0,,0,0,0,0,0,,0,,0,,,,,,,,,,,,,,5,,0,,,,,,,,,,,,0,,,,,,,,,,0,0,0,0,0,0,0,0,,,0,0,0,0,0,0,,0,0,,,,,,,0,0,0,0,0,0,0,1.0,411.84700000000004
69,0,0,0,2019.0,0,0,0,0,0,0,0,0,0,,,,,0,0,0,,0,0,0,,0,0,0,,,,,,,,,,,,,,,,,,1,340,1,32,83,34,121,241,542,392,201,50,643,515,339,259,430,126,125,364,16,54,39,187,11,89,42,529,316,112,629,506,348,154,59,158,138,120,103,94,85,104,85,67,,0,,,,,,,,,,,,1,,,,,,,,,,,0,0,0,0,0,0,0,0,0,0,0,0,0,0,0,0,0,0,0,,,0,,0,,0,,0,0,0,,0,,0,0,0,,0,,0,,0,,0,0,0,0,,0,0,0,,0,0,0,,0,0,0,,0,0,0,,0,0,0,,0,,,,0,0,0,0,,,0,0,0,,0,0,,0,0,0,0,0,0,0,0,0,,,,,,,,,,,,,,,,,,,,,,,,,,,,0,,,,,,,,,,,,,,,,,,,,,,,,,,,0,,,,,,,,,,,,,,,,,,,,,,,,,,,,,,,,,,,,,,0,0,0,0,0,0,,0,,0,0,0,,0,0,0,0,0,,0,,0,,,,,,,,,,,,,,4,,0,,,,,,,,,,,,0,,,,,,,,,,0,0,0,0,0,0,0,0,,,0,0,0,0,0,0,,0,0,,,,,,,0,0,0,0,0,0,0,82478.0,83846.935
153,0,0,0,2025.0,0,0,0,0,0,0,0,0,0,,,,,0,0,0,,0,0,0,,0,0,0,,,,,,,,,,,,,,,,,,1,680,4,81,146,218,278,12,198,596,481,355,276,240,117,603,482,234,385,684,31,170,234,305,382,301,375,508,556,440,344,248,162,581,574,384,143,390,46,6,19,26,53,1,,0,,,,,,,,,,,,1,,,,,,,,,,,0,0,0,0,0,0,0,0,0,0,0,0,0,0,0,0,0,0,0,,,0,,0,,0,,0,0,0,,0,,0,0,0,,0,,0,,0,,0,0,0,0,,0,0,0,,0,0,0,,0,0,0,,0,0,0,,0,0,0,,0,,,,0,0,0,0,,,0,0,0,,0,0,,0,0,0,0,0,0,0,0,0,,,,,,,,,,,,,,,,,,,,,,,,,,,,0,,,,,,,,,,,,,,,,,,,,,,,,,,,0,,,,,,,,,,,,,,,,,,,,,,,,,,,,,,,,,,,,,,0,0,0,0,0,0,,0,,0,0,0,,0,0,0,0,0,,0,,0,,,,,,,,,,,,,,1,,0,,,,,,,,,,,,0,,,,,,,,,,0,0,0,0,0,0,0,0,,,0,0,0,0,0,0,,0,0,,,,,,,0,0,0,0,0,0,0,51.4,1164.2034999999967
73,0,0,0,2020.0,0,0,0,0,0,0,0,0,0,,,,,0,0,0,,0,0,0,,0,0,0,,,,,,,,,,,,,,,,,,5,461,0,11,34,26,203,277,67,463,222,35,612,499,352,283,457,194,128,466,18,79,102,275,147,222,141,670,404,135,619,496,351,159,95,189,17,128,103,94,85,104,85,67,,0,,,,,,,,,,,,1,,,,,,,,,,,0,0,0,0,0,0,0,0,0,0,0,0,0,0,0,0,0,0,0,,,0,,0,,0,,0,0,0,,0,,0,0,0,,0,,0,,0,,0,0,0,0,,0,0,0,,0,0,0,,0,0,0,,0,0,0,,0,0,0,,0,,,,0,0,0,0,,,0,0,0,,0,0,,0,0,0,0,0,0,0,0,0,,,,,,,,,,,,,,,,,,,,,,,,,,,,0,,,,,,,,,,,,,,,,,,,,,,,,,,,0,,,,,,,,,,,,,,,,,,,,,,,,,,,,,,,,,,,,,,0,0,0,0,0,0,,0,,0,0,0,,0,0,0,0,0,,0,,0,,,,,,,,,,,,,,1,,0,,,,,,,,,,,,0,,,,,,,,,,0,0,0,0,0,0,0,0,,,0,0,0,0,0,0,,0,0,,,,,,,0,0,0,0,0,0,0,105715.0,106366.65
23,0,0,0,2023.0,0,0,0,0,0,0,0,0,0,,,,,0,0,0,,0,0,0,,0,0,0,,,,,,,,,,,,,,,,,,2,57,0,1,140,172,177,231,482,13,413,148,620,379,47,567,86,1,218,134,24,90,99,225,18,129,572,219,644,332,121,591,371,60,375,201,0,260,103,94,85,104,85,67,,0,,,,,,,,,,,,1,,,,,,,,,,,0,0,0,0,0,0,0,0,0,0,0,0,0,0,0,0,0,0,0,,,0,,0,,0,,0,0,0,,0,,0,0,0,,0,,0,,0,,0,0,0,0,,0,0,0,,0,0,0,,0,0,0,,0,0,0,,0,0,0,,0,,,,0,0,0,0,,,0,0,0,,0,0,,0,0,0,0,0,0,0,0,0,,,,,,,,,,,,,,,,,,,,,,,,,,,,0,,,,,,,,,,,,,,,,,,,,,,,,,,,0,,,,,,,,,,,,,,,,,,,,,,,,,,,,,,,,,,,,,,0,0,0,0,0,0,,0,,0,0,0,,0,0,0,0,0,,0,,0,,,,,,,,,,,,,,1,,0,,,,,,,,,,,,0,,,,,,,,,,0,0,0,0,0,0,0,0,,,0,0,0,0,0,0,,0,0,,,,,,,0,0,0,0,0,0,0,32499.0,32527.29
2,0,0,0,2020.0,0,0,0,0,0,0,0,0,0,,,,,0,0,0,,0,0,0,,0,0,0,,,,,,,,,,,,,,,,,,2,10,5,82,147,219,279,299,174,264,666,414,97,530,124,126,1,1,358,18,32,171,235,306,383,274,224,509,233,618,424,148,541,124,432,1,0,385,103,94,85,104,85,67,,0,,,,,,,,,,,,1,,,,,,,,,,,0,0,0,0,0,0,0,0,0,0,0,0,0,0,0,0,0,0,0,,,0,,0,,0,,0,0,0,,0,,0,0,0,,0,,0,,0,,0,0,0,0,,0,0,0,,0,0,0,,0,0,0,,0,0,0,,0,0,0,,0,,,,0,0,0,0,,,0,0,0,,0,0,,0,0,0,0,0,0,0,0,0,,,,,,,,,,,,,,,,,,,,,,,,,,,,0,,,,,,,,,,,,,,,,,,,,,,,,,,,0,,,,,,,,,,,,,,,,,,,,,,,,,,,,,,,,,,,,,,0,0,0,0,0,0,,0,,0,0,0,,0,0,0,0,0,,0,,0,,,,,,,,,,,,,,1,,0,,,,,,,,,,,,0,,,,,,,,,,0,0,0,0,0,0,0,0,,,0,0,0,0,0,0,,0,0,,,,,,,0,0,0,0,0,0,0,8416.0,11079.643499999998
104,0,0,0,2019.0,0,0,0,0,0,0,0,0,0,,,,,0,0,0,,0,0,0,,0,0,0,,,,,,,,,,,,,,,,,,1,428,0,73,110,51,225,302,137,341,72,566,398,173,588,469,57,2,246,448,0,39,189,34,200,313,217,415,141,612,483,400,186,602,485,370,112,366,103,94,85,104,85,67,,0,,,,,,,,,,,,1,,,,,,,,,,,0,0,0,0,0,0,0,0,0,0,0,0,0,0,0,0,0,0,0,,,0,,0,,0,,0,0,0,,0,,0,0,0,,0,,0,,0,,0,0,0,0,,0,0,0,,0,0,0,,0,0,0,,0,0,0,,0,0,0,,0,,,,0,0,0,0,,,0,0,0,,0,0,,0,0,0,0,0,0,0,0,0,,,,,,,,,,,,,,,,,,,,,,,,,,,,0,,,,,,,,,,,,,,,,,,,,,,,,,,,0,,,,,,,,,,,,,,,,,,,,,,,,,,,,,,,,,,,,,,0,0,0,0,0,0,,0,,0,0,0,,0,0,0,0,0,,0,,0,,,,,,,,,,,,,,3,,0,,,,,,,,,,,,0,,,,,,,,,,0,0,0,0,0,0,0,0,,,0,0,0,0,0,0,,0,0,,,,,,,0,0,0,0,0,0,0,94317.0,94629.425
33,0,0,0,2019.0,0,0,0,0,0,0,0,0,0,,,,,0,0,0,,0,0,0,,0,0,0,,,,,,,,,,,,,,,,,,1,306,0,0,0,0,77,72,388,308,362,292,214,208,78,105,290,24,272,190,0,0,125,111,331,33,552,170,317,271,225,147,35,484,418,248,120,226,103,94,85,104,85,67,,0,,,,,,,,,,,,1,,,,,,,,,,,0,0,0,0,0,0,0,0,0,0,0,0,0,0,0,0,0,0,0,,,0,,0,,0,,0,0,0,,0,,0,0,0,,0,,0,,0,,0,0,0,0,,0,0,0,,0,0,0,,0,0,0,,0,0,0,,0,0,0,,0,,,,0,0,0,0,,,0,0,0,,0,0,,0,0,0,0,0,0,0,0,0,,,,,,,,,,,,,,,,,,,,,,,,,,,,0,,,,,,,,,,,,,,,,,,,,,,,,,,,0,,,,,,,,,,,,,,,,,,,,,,,,,,,,,,,,,,,,,,0,0,0,0,0,0,,0,,0,0,0,,0,0,0,0,0,,0,,0,,,,,,,,,,,,,,5,,0,,,,,,,,,,,,0,,,,,,,,,,0,0,0,0,0,0,0,0,,,0,0,0,0,0,0,,0,0,,,,,,,0,0,0,0,0,0,0,2004.0,2127.67
146,0,0,0,2025.0,0,0,0,0,0,0,0,0,0,,,,,0,0,0,,0,0,0,,0,0,0,,,,,,,,,,,,,,,,,,0,652,0,1,41,95,5,60,493,104,139,75,36,577,361,224,356,191,0,656,0,1,125,115,302,389,333,47,179,130,31,661,443,182,29,145,17,0,103,94,85,104,85,67,,0,,,,,,,,,,,,1,,,,,,,,,,,0,0,0,0,0,0,0,0,0,0,0,0,0,0,0,0,0,0,0,,,0,,0,,0,,0,0,0,,0,,0,0,0,,0,,0,,0,,0,0,0,0,,0,0,0,,0,0,0,,0,0,0,,0,0,0,,0,0,0,,0,,,,0,0,0,0,,,0,0,0,,0,0,,0,0,0,0,0,0,0,0,0,,,,,,,,,,,,,,,,,,,,,,,,,,,,0,,,,,,,,,,,,,,,,,,,,,,,,,,,0,,,,,,,,,,,,,,,,,,,,,,,,,,,,,,,,,,,,,,0,0,0,0,0,0,,0,,0,0,0,,0,0,0,0,0,,0,,0,,,,,,,,,,,,,,1,,0,,,,,,,,,,,,0,,,,,,,,,,0,0,0,0,0,0,0,0,,,0,0,0,0,0,0,,0,0,,,,,,,0,0,0,0,0,0,0,7449.0,9501.845
114,0,0,0,2023.0,0,0,0,0,0,0,0,0,0,,,,,0,0,0,,0,0,0,,0,0,0,,,,,,,,,,,,,,,,,,5,494,0,41,45,136,29,97,209,275,118,677,574,551,421,503,259,72,386,503,0,141,70,108,276,418,190,330,120,17,621,556,482,341,360,10,121,391,103,94,85,104,85,67,,0,,,,,,,,,,,,1,,,,,,,,,,,0,0,0,0,0,0,0,0,0,0,0,0,0,0,0,0,0,0,0,,,0,,0,,0,,0,0,0,,0,,0,0,0,,0,,0,,0,,0,0,0,0,,0,0,0,,0,0,0,,0,0,0,,0,0,0,,0,0,0,,0,,,,0,0,0,0,,,0,0,0,,0,0,,0,0,0,0,0,0,0,0,0,,,,,,,,,,,,,,,,,,,,,,,,,,,,0,,,,,,,,,,,,,,,,,,,,,,,,,,,0,,,,,,,,,,,,,,,,,,,,,,,,,,,,,,,,,,,,,,0,0,0,0,0,0,,0,,0,0,0,,0,0,0,0,0,,0,,0,,,,,,,,,,,,,,1,,0,,,,,,,,,,,,0,,,,,,,,,,0,0,0,0,0,0,0,0,,,0,0,0,0,0,0,,0,0,,,,,,,0,0,0,0,0,0,0,81569.0,81561.95
94,0,0,0,2025.0,0,0,0,0,0,0,0,0,0,,,,,0,0,0,,0,0,0,,0,0,0,,,,,,,,,,,,,,,,,,6,368,0,0,0,0,1,9,187,151,303,319,400,414,336,352,98,186,320,249,0,0,0,2,175,259,646,94,242,268,357,367,274,154,132,238,17,231,103,94,85,104,85,67,,0,,,,,,,,,,,,1,,,,,,,,,,,0,0,0,0,0,0,0,0,0,0,0,0,0,0,0,0,0,0,0,,,0,,0,,0,,0,0,0,,0,,0,0,0,,0,,0,,0,,0,0,0,0,,0,0,0,,0,0,0,,0,0,0,,0,0,0,,0,0,0,,0,,,,0,0,0,0,,,0,0,0,,0,0,,0,0,0,0,0,0,0,0,0,,,,,,,,,,,,,,,,,,,,,,,,,,,,0,,,,,,,,,,,,,,,,,,,,,,,,,,,0,,,,,,,,,,,,,,,,,,,,,,,,,,,,,,,,,,,,,,0,0,0,0,0,0,,0,,0,0,0,,0,0,0,0,0,,0,,0,,,,,,,,,,,,,,1,,0,,,,,,,,,,,,0,,,,,,,,,,0,0,0,0,0,0,0,0,,,0,0,0,0,0,0,,0,0,,,,,,,0,0,0,0,0,0,0,989.0,987.715
56,0,0,0,2019.0,0,0,0,0,0,0,0,0,0,,,,,0,0,0,,0,0,0,,0,0,0,,,,,,,,,,,,,,,,,,1,192,0,0,0,0,0,0,247,282,389,334,320,256,123,138,349,74,338,89,0,0,0,0,269,282,469,165,380,335,272,184,79,506,471,308,0,290,103,94,85,104,85,67,,0,,,,,,,,,,,,1,,,,,,,,,,,0,0,0,0,0,0,0,0,0,0,0,0,0,0,0,0,0,0,0,,,0,,0,,0,,0,0,0,,0,,0,0,0,,0,,0,,0,,0,0,0,0,,0,0,0,,0,0,0,,0,0,0,,0,0,0,,0,0,0,,0,,,,0,0,0,0,,,0,0,0,,0,0,,0,0,0,0,0,0,0,0,0,,,,,,,,,,,,,,,,,,,,,,,,,,,,0,,,,,,,,,,,,,,,,,,,,,,,,,,,0,,,,,,,,,,,,,,,,,,,,,,,,,,,,,,,,,,,,,,0,0,0,0,0,0,,0,,0,0,0,,0,0,0,0,0,,0,,0,,,,,,,,,,,,,,5,,0,,,,,,,,,,,,0,,,,,,,,,,0,0,0,0,0,0,0,0,,,0,0,0,0,0,0,,0,0,,,,,,,0,0,0,0,0,0,0,1527.0,1538.76
75,0,0,0,2025.0,0,0,0,0,0,0,0,0,0,,,,,0,0,0,,0,0,0,,0,0,0,,,,,,,,,,,,,,,,,,0,65,0,0,0,0,0,0,558,441,485,299,170,655,358,135,153,0,228,22,0,0,0,0,0,0,571,282,454,317,97,505,298,358,223,0,0,227,103,94,85,104,85,67,,0,,,,,,,,,,,,1,,,,,,,,,,,0,0,0,0,0,0,0,0,0,0,0,0,0,0,0,0,0,0,0,,,0,,0,,0,,0,0,0,,0,,0,0,0,,0,,0,,0,,0,0,0,0,,0,0,0,,0,0,0,,0,0,0,,0,0,0,,0,0,0,,0,,,,0,0,0,0,,,0,0,0,,0,0,,0,0,0,0,0,0,0,0,0,,,,,,,,,,,,,,,,,,,,,,,,,,,,0,,,,,,,,,,,,,,,,,,,,,,,,,,,0,,,,,,,,,,,,,,,,,,,,,,,,,,,,,,,,,,,,,,0,0,0,0,0,0,,0,,0,0,0,,0,0,0,0,0,,0,,0,,,,,,,,,,,,,,1,,0,,,,,,,,,,,,0,,,,,,,,,,0,0,0,0,0,0,0,0,,,0,0,0,0,0,0,,0,0,,,,,,,0,0,0,0,0,0,0,167.0,179.385
82,0,0,0,2020.0,0,0,0,0,0,0,0,0,0,,,,,0,0,0,,0,0,0,,0,0,0,,,,,,,,,,,,,,,,,,0,233,0,0,0,0,0,0,60,529,552,464,303,125,580,400,407,0,228,251,0,0,0,0,1,5,544,347,567,480,278,85,581,581,472,0,0,17,103,94,85,104,85,67,,0,,,,,,,,,,,,1,,,,,,,,,,,0,0,0,0,0,0,0,0,0,0,0,0,0,0,0,0,0,0,0,,,0,,0,,0,,0,0,0,,0,,0,0,0,,0,,0,,0,,0,0,0,0,,0,0,0,,0,0,0,,0,0,0,,0,0,0,,0,0,0,,0,,,,0,0,0,0,,,0,0,0,,0,0,,0,0,0,0,0,0,0,0,0,,,,,,,,,,,,,,,,,,,,,,,,,,,,0,,,,,,,,,,,,,,,,,,,,,,,,,,,0,,,,,,,,,,,,,,,,,,,,,,,,,,,,,,,,,,,,,,0,0,0,0,0,0,,0,,0,0,0,,0,0,0,0,0,,0,,0,,,,,,,,,,,,,,1,,0,,,,,,,,,,,,0,,,,,,,,,,0,0,0,0,0,0,0,0,,,0,0,0,0,0,0,,0,0,,,,,,,0,0,0,0,0,0,0,195.0,213.035
29,0,0,0,2019.0,0,0,0,0,0,0,0,0,0,,,,,0,0,0,,0,0,0,,0,0,0,,,,,,,,,,,,,,,,,,1,148,0,78,130,197,194,250,510,81,625,491,346,255,97,94,237,57,207,235,18,100,98,237,52,163,608,255,18,558,431,301,140,533,417,269,72,235,103,94,85,104,85,67,,0,,,,,,,,,,,,1,,,,,,,,,,,0,0,0,0,0,0,0,0,0,0,0,0,0,0,0,0,0,0,0,,,0,,0,,0,,0,0,0,,0,,0,0,0,,0,,0,,0,,0,0,0,0,,0,0,0,,0,0,0,,0,0,0,,0,0,0,,0,0,0,,0,,,,0,0,0,0,,,0,0,0,,0,0,,0,0,0,0,0,0,0,0,0,,,,,,,,,,,,,,,,,,,,,,,,,,,,0,,,,,,,,,,,,,,,,,,,,,,,,,,,0,,,,,,,,,,,,,,,,,,,,,,,,,,,,,,,,,,,,,,0,0,0,0,0,0,,0,,0,0,0,,0,0,0,0,0,,0,,0,,,,,,,,,,,,,,4,,0,,,,,,,,,,,,0,,,,,,,,,,0,0,0,0,0,0,0,0,,,0,0,0,0,0,0,,0,0,,,,,,,0,0,0,0,0,0,0,37620.0,37635.71
101,0,0,0,2019.0,0,0,0,0,0,0,0,0,0,,,,,0,0,0,,0,0,0,,0,0,0,,,,,,,,,,,,,,,,,,1,462,0,73,108,62,221,306,136,372,144,603,427,118,600,523,73,12,355,473,0,43,191,45,207,320,233,502,159,695,520,406,190,574,461,22,103,9,103,94,85,104,85,67,,0,,,,,,,,,,,,1,,,,,,,,,,,0,0,0,0,0,0,0,0,0,0,0,0,0,0,0,0,0,0,0,,,0,,0,,0,,0,0,0,,0,,0,0,0,,0,,0,,0,,0,0,0,0,,0,0,0,,0,0,0,,0,0,0,,0,0,0,,0,0,0,,0,,,,0,0,0,0,,,0,0,0,,0,0,,0,0,0,0,0,0,0,0,0,,,,,,,,,,,,,,,,,,,,,,,,,,,,0,,,,,,,,,,,,,,,,,,,,,,,,,,,0,,,,,,,,,,,,,,,,,,,,,,,,,,,,,,,,,,,,,,0,0,0,0,0,0,,0,,0,0,0,,0,0,0,0,0,,0,,0,,,,,,,,,,,,,,3,,0,,,,,,,,,,,,0,,,,,,,,,,0,0,0,0,0,0,0,0,,,0,0,0,0,0,0,,0,0,,,,,,,0,0,0,0,0,0,0,108683.0,108226.86
80,0,0,0,2023.0,0,0,0,0,0,0,0,0,0,,,,,0,0,0,,0,0,0,,0,0,0,,,,,,,,,,,,,,,,,,0,214,0,0,0,0,0,0,134,487,535,484,303,110,485,309,285,0,22,208,0,0,0,0,1,5,493,351,545,454,213,662,463,156,2,0,0,381,103,94,85,104,85,67,,0,,,,,,,,,,,,1,,,,,,,,,,,0,0,0,0,0,0,0,0,0,0,0,0,0,0,0,0,0,0,0,,,0,,0,,0,,0,0,0,,0,,0,0,0,,0,,0,,0,,0,0,0,0,,0,0,0,,0,0,0,,0,0,0,,0,0,0,,0,0,0,,0,,,,0,0,0,0,,,0,0,0,,0,0,,0,0,0,0,0,0,0,0,0,,,,,,,,,,,,,,,,,,,,,,,,,,,,0,,,,,,,,,,,,,,,,,,,,,,,,,,,0,,,,,,,,,,,,,,,,,,,,,,,,,,,,,,,,,,,,,,0,0,0,0,0,0,,0,,0,0,0,,0,0,0,0,0,,0,,0,,,,,,,,,,,,,,1,,0,,,,,,,,,,,,0,,,,,,,,,,0,0,0,0,0,0,0,0,,,0,0,0,0,0,0,,0,0,,,,,,,0,0,0,0,0,0,0,230.0,224.9
109,0,0,0,2020.0,0,0,0,0,0,0,0,0,0,,,,,0,0,0,,0,0,0,,0,0,0,,,,,,,,,,,,,,,,,,5,493,0,8,8,99,275,50,185,333,158,698,636,556,431,442,207,61,334,501,0,97,232,76,258,375,219,372,206,60,638,581,475,321,301,356,115,373,103,94,85,104,85,67,,0,,,,,,,,,,,,1,,,,,,,,,,,0,0,0,0,0,0,0,0,0,0,0,0,0,0,0,0,0,0,0,,,0,,0,,0,,0,0,0,,0,,0,0,0,,0,,0,,0,,0,0,0,0,,0,0,0,,0,0,0,,0,0,0,,0,0,0,,0,0,0,,0,,,,0,0,0,0,,,0,0,0,,0,0,,0,0,0,0,0,0,0,0,0,,,,,,,,,,,,,,,,,,,,,,,,,,,,0,,,,,,,,,,,,,,,,,,,,,,,,,,,0,,,,,,,,,,,,,,,,,,,,,,,,,,,,,,,,,,,,,,0,0,0,0,0,0,,0,,0,0,0,,0,0,0,0,0,,0,,0,,,,,,,,,,,,,,1,,0,,,,,,,,,,,,0,,,,,,,,,,0,0,0,0,0,0,0,0,,,0,0,0,0,0,0,,0,0,,,,,,,0,0,0,0,0,0,0,88464.0,87905.995
170,0,0,0,2025.0,0,0,0,0,0,0,0,0,0,,,,,0,0,0,,0,0,0,,0,0,0,,,,,,,,,,,,,,,,,,1,680,4,81,146,218,278,2,446,533,436,312,227,212,142,603,482,234,385,684,31,170,234,305,382,4,38,367,542,413,269,200,182,91,574,384,143,390,7,10,48,9,74,10,,0,,,,,,,,,,,,1,,,,,,,,,,,0,0,0,0,0,0,0,0,0,0,0,0,0,0,0,0,0,0,0,,,0,,0,,0,,0,0,0,,0,,0,0,0,,0,,0,,0,,0,0,0,0,,0,0,0,,0,0,0,,0,0,0,,0,0,0,,0,0,0,,0,,,,0,0,0,0,,,0,0,0,,0,0,,0,0,0,0,0,0,0,0,0,,,,,,,,,,,,,,,,,,,,,,,,,,,,0,,,,,,,,,,,,,,,,,,,,,,,,,,,0,,,,,,,,,,,,,,,,,,,,,,,,,,,,,,,,,,,,,,0,0,0,0,0,0,,0,,0,0,0,,0,0,0,0,0,,0,,0,,,,,,,,,,,,,,1,,0,,,,,,,,,,,,0,,,,,,,,,,0,0,0,0,0,0,0,0,,,0,0,0,0,0,0,,0,0,,,,,,,0,0,0,0,0,0,0,30.8,29.690000000000097
88,0,0,0,2023.0,0,0,0,0,0,0,0,0,0,,,,,0,0,0,,0,0,0,,0,0,0,,,,,,,,,,,,,,,,,,5,507,0,37,31,201,141,214,72,520,198,655,531,480,371,344,83,5,83,515,0,5,151,287,137,244,202,710,399,92,596,481,360,184,148,250,42,73,103,94,85,104,85,67,,0,,,,,,,,,,,,1,,,,,,,,,,,0,0,0,0,0,0,0,0,0,0,0,0,0,0,0,0,0,0,0,,,0,,0,,0,,0,0,0,,0,,0,0,0,,0,,0,,0,,0,0,0,0,,0,0,0,,0,0,0,,0,0,0,,0,0,0,,0,0,0,,0,,,,0,0,0,0,,,0,0,0,,0,0,,0,0,0,0,0,0,0,0,0,,,,,,,,,,,,,,,,,,,,,,,,,,,,0,,,,,,,,,,,,,,,,,,,,,,,,,,,0,,,,,,,,,,,,,,,,,,,,,,,,,,,,,,,,,,,,,,0,0,0,0,0,0,,0,,0,0,0,,0,0,0,0,0,,0,,0,,,,,,,,,,,,,,1,,0,,,,,,,,,,,,0,,,,,,,,,,0,0,0,0,0,0,0,0,,,0,0,0,0,0,0,,0,0,,,,,,,0,0,0,0,0,0,0,138319.0,138288.405
166,0,0,0,2019.0,0,0,0,0,0,0,0,0,0,,,,,0,0,0,,0,0,0,,0,0,0,,,,,,,,,,,,,,,,,,1,122,0,49,80,33,175,275,191,583,283,105,586,370,75,26,156,84,74,225,0,136,61,234,41,144,348,584,502,202,657,489,284,605,430,374,2,97,103,94,85,104,85,67,,0,,,,,,,,,,,,1,,,,,,,,,,,0,0,0,0,0,0,0,0,0,0,0,0,0,0,0,0,0,0,0,,,0,,0,,0,,0,0,0,,0,,0,0,0,,0,,0,,0,,0,0,0,0,,0,0,0,,0,0,0,,0,0,0,,0,0,0,,0,0,0,,0,,,,0,0,0,0,,,0,0,0,,0,0,,0,0,0,0,0,0,0,0,0,,,,,,,,,,,,,,,,,,,,,,,,,,,,0,,,,,,,,,,,,,,,,,,,,,,,,,,,0,,,,,,,,,,,,,,,,,,,,,,,,,,,,,,,,,,,,,,0,0,0,0,0,0,,0,,0,0,0,,0,0,0,0,0,,0,,0,,,,,,,,,,,,,,3,,0,,,,,,,,,,,,0,,,,,,,,,,0,0,0,0,0,0,0,0,,,0,0,0,0,0,0,,0,0,,,,,,,0,0,0,0,0,0,0,61184.0,61091.84
175,0,0,0,2023.0,0,0,0,0,0,0,0,0,0,,,,,0,0,0,,0,0,0,,0,0,0,,,,,,,,,,,,,,,,,,4,0,4,81,146,218,278,0,0,0,0,0,0,0,0,0,0,0,0,0,31,170,234,305,382,0,0,0,0,0,0,0,0,0,0,0,0,0,103,94,85,104,85,67,,0,,,,,,,,,,,,1,,,,,,,,,,,0,0,0,0,0,0,0,0,0,0,0,0,0,0,0,0,0,0,0,,,0,,0,,0,,0,0,0,,0,,0,0,0,,0,,0,,0,,0,0,0,0,,0,0,0,,0,0,0,,0,0,0,,0,0,0,,0,0,0,,0,,,,0,0,0,0,,,0,0,0,,0,0,,0,0,0,0,0,0,0,0,0,,,,,,,,,,,,,,,,,,,,,,,,,,,,0,,,,,,,,,,,,,,,,,,,,,,,,,,,0,,,,,,,,,,,,,,,,,,,,,,,,,,,,,,,,,,,,,,0,0,0,0,0,0,,0,,0,0,0,,0,0,0,0,0,,0,,0,,,,,,,,,,,,,,1,,0,,,,,,,,,,,,0,,,,,,,,,,0,0,0,0,0,0,0,0,,,0,0,0,0,0,0,,0,0,,,,,,,0,0,0,0,0,0,0,0.0,4.326499999999999
53,0,0,0,2020.0,0,0,0,0,0,0,0,0,0,,,,,0,0,0,,0,0,0,,0,0,0,,,,,,,,,,,,,,,,,,2,236,1,18,116,161,142,195,27,258,685,391,120,576,244,90,118,1,107,326,6,27,22,217,86,138,70,499,186,581,349,72,507,217,37,78,0,131,103,94,85,104,85,67,,0,,,,,,,,,,,,1,,,,,,,,,,,0,0,0,0,0,0,0,0,0,0,0,0,0,0,0,0,0,0,0,,,0,,0,,0,,0,0,0,,0,,0,0,0,,0,,0,,0,,0,0,0,0,,0,0,0,,0,0,0,,0,0,0,,0,0,0,,0,0,0,,0,,,,0,0,0,0,,,0,0,0,,0,0,,0,0,0,0,0,0,0,0,0,,,,,,,,,,,,,,,,,,,,,,,,,,,,0,,,,,,,,,,,,,,,,,,,,,,,,,,,0,,,,,,,,,,,,,,,,,,,,,,,,,,,,,,,,,,,,,,0,0,0,0,0,0,,0,,0,0,0,,0,0,0,0,0,,0,,0,,,,,,,,,,,,,,1,,0,,,,,,,,,,,,0,,,,,,,,,,0,0,0,0,0,0,0,0,,,0,0,0,0,0,0,,0,0,,,,,,,0,0,0,0,0,0,0,81696.0,81710.185
133,0,0,0,2025.0,0,0,0,0,0,0,0,0,0,,,,,0,0,0,,0,0,0,,0,0,0,,,,,,,,,,,,,,,,,,0,662,0,0,0,1,189,243,301,153,129,11,601,476,262,164,320,99,386,649,0,0,0,214,306,317,584,124,182,90,634,510,344,100,570,77,127,391,103,94,85,104,85,67,,0,,,,,,,,,,,,1,,,,,,,,,,,0,0,0,0,0,0,0,0,0,0,0,0,0,0,0,0,0,0,0,,,0,,0,,0,,0,0,0,,0,,0,0,0,,0,,0,,0,,0,0,0,0,,0,0,0,,0,0,0,,0,0,0,,0,0,0,,0,0,0,,0,,,,0,0,0,0,,,0,0,0,,0,0,,0,0,0,0,0,0,0,0,0,,,,,,,,,,,,,,,,,,,,,,,,,,,,0,,,,,,,,,,,,,,,,,,,,,,,,,,,0,,,,,,,,,,,,,,,,,,,,,,,,,,,,,,,,,,,,,,0,0,0,0,0,0,,0,,0,0,0,,0,0,0,0,0,,0,,0,,,,,,,,,,,,,,1,,0,,,,,,,,,,,,0,,,,,,,,,,0,0,0,0,0,0,0,0,,,0,0,0,0,0,0,,0,0,,,,,,,0,0,0,0,0,0,0,14192.0,14225.365
16,0,0,0,2020.0,0,0,0,0,0,0,0,0,0,,,,,0,0,0,,0,0,0,,0,0,0,,,,,,,,,,,,,,,,,,2,40,0,61,115,118,98,149,464,677,354,134,524,320,12,450,460,1,241,94,17,70,51,183,372,72,539,189,596,300,90,553,324,503,254,156,0,293,103,94,85,104,85,67,,0,,,,,,,,,,,,1,,,,,,,,,,,0,0,0,0,0,0,0,0,0,0,0,0,0,0,0,0,0,0,0,,,0,,0,,0,,0,0,0,,0,,0,0,0,,0,,0,,0,,0,0,0,0,,0,0,0,,0,0,0,,0,0,0,,0,0,0,,0,0,0,,0,,,,0,0,0,0,,,0,0,0,,0,0,,0,0,0,0,0,0,0,0,0,,,,,,,,,,,,,,,,,,,,,,,,,,,,0,,,,,,,,,,,,,,,,,,,,,,,,,,,0,,,,,,,,,,,,,,,,,,,,,,,,,,,,,,,,,,,,,,0,0,0,0,0,0,,0,,0,0,0,,0,0,0,0,0,,0,,0,,,,,,,,,,,,,,1,,0,,,,,,,,,,,,0,,,,,,,,,,0,0,0,0,0,0,0,0,,,0,0,0,0,0,0,,0,0,,,,,,,0,0,0,0,0,0,0,28063.0,28108.52
50,0,0,0,2023.0,0,0,0,0,0,0,0,0,0,,,,,0,0,0,,0,0,0,,0,0,0,,,,,,,,,,,,,,,,,,2,225,1,67,117,150,154,202,31,242,656,354,87,534,228,62,118,1,141,320,8,28,24,226,100,154,85,479,150,560,291,64,465,163,27,286,1,167,103,94,85,104,85,67,,0,,,,,,,,,,,,1,,,,,,,,,,,0,0,0,0,0,0,0,0,0,0,0,0,0,0,0,0,0,0,0,,,0,,0,,0,,0,0,0,,0,,0,0,0,,0,,0,,0,,0,0,0,0,,0,0,0,,0,0,0,,0,0,0,,0,0,0,,0,0,0,,0,,,,0,0,0,0,,,0,0,0,,0,0,,0,0,0,0,0,0,0,0,0,,,,,,,,,,,,,,,,,,,,,,,,,,,,0,,,,,,,,,,,,,,,,,,,,,,,,,,,0,,,,,,,,,,,,,,,,,,,,,,,,,,,,,,,,,,,,,,0,0,0,0,0,0,,0,,0,0,0,,0,0,0,0,0,,0,,0,,,,,,,,,,,,,,1,,0,,,,,,,,,,,,0,,,,,,,,,,0,0,0,0,0,0,0,0,,,0,0,0,0,0,0,,0,0,,,,,,,0,0,0,0,0,0,0,80239.0,79971.395
166,0,0,0,2025.0,0,0,0,0,0,0,0,0,0,,,,,0,0,0,,0,0,0,,0,0,0,,,,,,,,,,,,,,,,,,5,555,4,81,146,218,278,32,335,663,600,535,502,426,128,101,321,2,0,606,31,170,234,305,382,105,428,26,52,634,567,522,400,144,12,136,1,0,103,94,85,104,85,67,,0,,,,,,,,,,,,1,,,,,,,,,,,0,0,0,0,0,0,0,0,0,0,0,0,0,0,0,0,0,0,0,,,0,,0,,0,,0,0,0,,0,,0,0,0,,0,,0,,0,,0,0,0,0,,0,0,0,,0,0,0,,0,0,0,,0,0,0,,0,0,0,,0,,,,0,0,0,0,,,0,0,0,,0,0,,0,0,0,0,0,0,0,0,0,,,,,,,,,,,,,,,,,,,,,,,,,,,,0,,,,,,,,,,,,,,,,,,,,,,,,,,,0,,,,,,,,,,,,,,,,,,,,,,,,,,,,,,,,,,,,,,0,0,0,0,0,0,,0,,0,0,0,,0,0,0,0,0,,0,,0,,,,,,,,,,,,,,1,,0,,,,,,,,,,,,0,,,,,,,,,,0,0,0,0,0,0,0,0,,,0,0,0,0,0,0,,0,0,,,,,,,0,0,0,0,0,0,0,649.0,652.91
54,0,0,0,2020.0,0,0,0,0,0,0,0,0,0,,,,,0,0,0,,0,0,0,,0,0,0,,,,,,,,,,,,,,,,,,2,248,1,1,131,135,133,188,12,286,696,398,117,566,223,22,178,1,114,332,3,13,10,211,60,127,75,513,204,588,324,76,493,163,549,286,0,137,103,94,85,104,85,67,,0,,,,,,,,,,,,1,,,,,,,,,,,0,0,0,0,0,0,0,0,0,0,0,0,0,0,0,0,0,0,0,,,0,,0,,0,,0,0,0,,0,,0,0,0,,0,,0,,0,,0,0,0,0,,0,0,0,,0,0,0,,0,0,0,,0,0,0,,0,0,0,,0,,,,0,0,0,0,,,0,0,0,,0,0,,0,0,0,0,0,0,0,0,0,,,,,,,,,,,,,,,,,,,,,,,,,,,,0,,,,,,,,,,,,,,,,,,,,,,,,,,,0,,,,,,,,,,,,,,,,,,,,,,,,,,,,,,,,,,,,,,0,0,0,0,0,0,,0,,0,0,0,,0,0,0,0,0,,0,,0,,,,,,,,,,,,,,1,,0,,,,,,,,,,,,0,,,,,,,,,,0,0,0,0,0,0,0,0,,,0,0,0,0,0,0,,0,0,,,,,,,0,0,0,0,0,0,0,85051.0,84593.88
28,0,0,0,2025.0,0,0,0,0,0,0,0,0,0,,,,,0,0,0,,0,0,0,,0,0,0,,,,,,,,,,,,,,,,,,6,406,0,0,0,0,77,72,435,332,370,304,237,227,85,93,250,228,342,281,0,0,0,1,2,33,574,208,348,288,241,165,61,491,388,248,1,299,103,94,85,104,85,67,,0,,,,,,,,,,,,1,,,,,,,,,,,0,0,0,0,0,0,0,0,0,0,0,0,0,0,0,0,0,0,0,,,0,,0,,0,,0,0,0,,0,,0,0,0,,0,,0,,0,,0,0,0,0,,0,0,0,,0,0,0,,0,0,0,,0,0,0,,0,0,0,,0,,,,0,0,0,0,,,0,0,0,,0,0,,0,0,0,0,0,0,0,0,0,,,,,,,,,,,,,,,,,,,,,,,,,,,,0,,,,,,,,,,,,,,,,,,,,,,,,,,,0,,,,,,,,,,,,,,,,,,,,,,,,,,,,,,,,,,,,,,0,0,0,0,0,0,,0,,0,0,0,,0,0,0,0,0,,0,,0,,,,,,,,,,,,,,1,,0,,,,,,,,,,,,0,,,,,,,,,,0,0,0,0,0,0,0,0,,,0,0,0,0,0,0,,0,0,,,,,,,0,0,0,0,0,0,0,2055.0,2049.17
7,0,0,0,2020.0,0,0,0,0,0,0,0,0,0,,,,,0,0,0,,0,0,0,,0,0,0,,,,,,,,,,,,,,,,,,2,14,1,1,70,92,52,76,405,651,311,55,471,249,601,400,336,0,250,28,21,61,209,127,332,21,430,86,549,245,41,487,282,460,224,1,0,301,103,94,85,104,85,67,,0,,,,,,,,,,,,1,,,,,,,,,,,0,0,0,0,0,0,0,0,0,0,0,0,0,0,0,0,0,0,0,,,0,,0,,0,,0,0,0,,0,,0,0,0,,0,,0,,0,,0,0,0,0,,0,0,0,,0,0,0,,0,0,0,,0,0,0,,0,0,0,,0,,,,0,0,0,0,,,0,0,0,,0,0,,0,0,0,0,0,0,0,0,0,,,,,,,,,,,,,,,,,,,,,,,,,,,,0,,,,,,,,,,,,,,,,,,,,,,,,,,,0,,,,,,,,,,,,,,,,,,,,,,,,,,,,,,,,,,,,,,0,0,0,0,0,0,,0,,0,0,0,,0,0,0,0,0,,0,,0,,,,,,,,,,,,,,1,,0,,,,,,,,,,,,0,,,,,,,,,,0,0,0,0,0,0,0,0,,,0,0,0,0,0,0,,0,0,,,,,,,0,0,0,0,0,0,0,21564.0,21617.08
46,0,0,0,2020.0,0,0,0,0,0,0,0,0,0,,,,,0,0,0,,0,0,0,,0,0,0,,,,,,,,,,,,,,,,,,6,312,0,0,0,0,0,0,372,376,447,409,337,290,129,144,337,84,83,156,0,0,0,0,213,253,504,174,380,341,341,210,102,562,471,305,72,386,103,94,85,104,85,67,,0,,,,,,,,,,,,1,,,,,,,,,,,0,0,0,0,0,0,0,0,0,0,0,0,0,0,0,0,0,0,0,,,0,,0,,0,,0,0,0,,0,,0,0,0,,0,,0,,0,,0,0,0,0,,0,0,0,,0,0,0,,0,0,0,,0,0,0,,0,0,0,,0,,,,0,0,0,0,,,0,0,0,,0,0,,0,0,0,0,0,0,0,0,0,,,,,,,,,,,,,,,,,,,,,,,,,,,,0,,,,,,,,,,,,,,,,,,,,,,,,,,,0,,,,,,,,,,,,,,,,,,,,,,,,,,,,,,,,,,,,,,0,0,0,0,0,0,,0,,0,0,0,,0,0,0,0,0,,0,,0,,,,,,,,,,,,,,1,,0,,,,,,,,,,,,0,,,,,,,,,,0,0,0,0,0,0,0,0,,,0,0,0,0,0,0,,0,0,,,,,,,0,0,0,0,0,0,0,1967.0,1962.705
157,0,0,0,2025.0,0,0,0,0,0,0,0,0,0,,,,,0,0,0,,0,0,0,,0,0,0,,,,,,,,,,,,,,,,,,0,640,0,0,0,0,122,134,87,648,78,125,58,653,509,333,426,195,0,632,0,0,1,165,28,79,533,284,706,120,84,20,566,360,177,187,49,0,103,94,85,104,85,67,,0,,,,,,,,,,,,1,,,,,,,,,,,0,0,0,0,0,0,0,0,0,0,0,0,0,0,0,0,0,0,0,,,0,,0,,0,,0,0,0,,0,,0,0,0,,0,,0,,0,,0,0,0,0,,0,0,0,,0,0,0,,0,0,0,,0,0,0,,0,0,0,,0,,,,0,0,0,0,,,0,0,0,,0,0,,0,0,0,0,0,0,0,0,0,,,,,,,,,,,,,,,,,,,,,,,,,,,,0,,,,,,,,,,,,,,,,,,,,,,,,,,,0,,,,,,,,,,,,,,,,,,,,,,,,,,,,,,,,,,,,,,0,0,0,0,0,0,,0,,0,0,0,,0,0,0,0,0,,0,,0,,,,,,,,,,,,,,1,,0,,,,,,,,,,,,0,,,,,,,,,,0,0,0,0,0,0,0,0,,,0,0,0,0,0,0,,0,0,,,,,,,0,0,0,0,0,0,0,1526.0,1548.56
25,0,0,0,2020.0,0,0,0,0,0,0,0,0,0,,,,,0,0,0,,0,0,0,,0,0,0,,,,,,,,,,,,,,,,,,5,175,0,49,143,212,209,271,507,83,603,475,336,252,74,76,250,20,261,273,13,112,123,272,85,206,600,243,20,541,430,275,135,496,390,226,90,288,103,94,85,104,85,67,,0,,,,,,,,,,,,1,,,,,,,,,,,0,0,0,0,0,0,0,0,0,0,0,0,0,0,0,0,0,0,0,,,0,,0,,0,,0,0,0,,0,,0,0,0,,0,,0,,0,,0,0,0,0,,0,0,0,,0,0,0,,0,0,0,,0,0,0,,0,0,0,,0,,,,0,0,0,0,,,0,0,0,,0,0,,0,0,0,0,0,0,0,0,0,,,,,,,,,,,,,,,,,,,,,,,,,,,,0,,,,,,,,,,,,,,,,,,,,,,,,,,,0,,,,,,,,,,,,,,,,,,,,,,,,,,,,,,,,,,,,,,0,0,0,0,0,0,,0,,0,0,0,,0,0,0,0,0,,0,,0,,,,,,,,,,,,,,1,,0,,,,,,,,,,,,0,,,,,,,,,,0,0,0,0,0,0,0,0,,,0,0,0,0,0,0,,0,0,,,,,,,0,0,0,0,0,0,0,36463.0,36483.045
78,0,0,0,2019.0,0,0,0,0,0,0,0,0,0,,,,,0,0,0,,0,0,0,,0,0,0,,,,,,,,,,,,,,,,,,1,72,0,0,0,0,0,0,495,414,457,335,218,44,453,225,285,0,228,34,0,0,0,1,1,120,536,261,469,360,138,626,420,535,308,0,0,312,103,94,85,104,85,67,,0,,,,,,,,,,,,1,,,,,,,,,,,0,0,0,0,0,0,0,0,0,0,0,0,0,0,0,0,0,0,0,,,0,,0,,0,,0,0,0,,0,,0,0,0,,0,,0,,0,,0,0,0,0,,0,0,0,,0,0,0,,0,0,0,,0,0,0,,0,0,0,,0,,,,0,0,0,0,,,0,0,0,,0,0,,0,0,0,0,0,0,0,0,0,,,,,,,,,,,,,,,,,,,,,,,,,,,,0,,,,,,,,,,,,,,,,,,,,,,,,,,,0,,,,,,,,,,,,,,,,,,,,,,,,,,,,,,,,,,,,,,0,0,0,0,0,0,,0,,0,0,0,,0,0,0,0,0,,0,,0,,,,,,,,,,,,,,0,,0,,,,,,,,,,,,0,,,,,,,,,,0,0,0,0,0,0,0,0,,,0,0,0,0,0,0,,0,0,,,,,,,0,0,0,0,0,0,0,152.0,163.11
36,0,0,0,2020.0,0,0,0,0,0,0,0,0,0,,,,,0,0,0,,0,0,0,,0,0,0,,,,,,,,,,,,,,,,,,6,337,0,0,0,1,0,9,393,342,401,362,260,222,96,124,309,34,217,191,0,0,0,0,345,367,525,171,346,302,262,161,78,505,448,281,0,171,103,94,85,104,85,67,,0,,,,,,,,,,,,1,,,,,,,,,,,0,0,0,0,0,0,0,0,0,0,0,0,0,0,0,0,0,0,0,,,0,,0,,0,,0,0,0,,0,,0,0,0,,0,,0,,0,,0,0,0,0,,0,0,0,,0,0,0,,0,0,0,,0,0,0,,0,0,0,,0,,,,0,0,0,0,,,0,0,0,,0,0,,0,0,0,0,0,0,0,0,0,,,,,,,,,,,,,,,,,,,,,,,,,,,,0,,,,,,,,,,,,,,,,,,,,,,,,,,,0,,,,,,,,,,,,,,,,,,,,,,,,,,,,,,,,,,,,,,0,0,0,0,0,0,,0,,0,0,0,,0,0,0,0,0,,0,,0,,,,,,,,,,,,,,1,,0,,,,,,,,,,,,0,,,,,,,,,,0,0,0,0,0,0,0,0,,,0,0,0,0,0,0,,0,0,,,,,,,0,0,0,0,0,0,0,2068.0,2054.52
14,0,0,0,2020.0,0,0,0,0,0,0,0,0,0,,,,,0,0,0,,0,0,0,,0,0,0,,,,,,,,,,,,,,,,,,2,27,0,49,98,108,94,133,442,670,345,131,523,295,13,407,460,1,230,58,17,62,33,174,364,62,497,151,566,266,78,527,287,557,232,156,0,280,103,94,85,104,85,67,,0,,,,,,,,,,,,1,,,,,,,,,,,0,0,0,0,0,0,0,0,0,0,0,0,0,0,0,0,0,0,0,,,0,,0,,0,,0,0,0,,0,,0,0,0,,0,,0,,0,,0,0,0,0,,0,0,0,,0,0,0,,0,0,0,,0,0,0,,0,0,0,,0,,,,0,0,0,0,,,0,0,0,,0,0,,0,0,0,0,0,0,0,0,0,,,,,,,,,,,,,,,,,,,,,,,,,,,,0,,,,,,,,,,,,,,,,,,,,,,,,,,,0,,,,,,,,,,,,,,,,,,,,,,,,,,,,,,,,,,,,,,0,0,0,0,0,0,,0,,0,0,0,,0,0,0,0,0,,0,,0,,,,,,,,,,,,,,1,,0,,,,,,,,,,,,0,,,,,,,,,,0,0,0,0,0,0,0,0,,,0,0,0,0,0,0,,0,0,,,,,,,0,0,0,0,0,0,0,25159.0,25183.92
168,0,0,0,2025.0,0,0,0,0,0,0,0,0,0,,,,,0,0,0,,0,0,0,,0,0,0,,,,,,,,,,,,,,,,,,3,0,4,81,146,218,278,0,0,0,0,0,0,0,0,0,0,0,0,0,31,170,234,305,382,0,0,0,0,0,0,0,0,0,0,0,0,0,103,94,85,104,85,67,,0,,,,,,,,,,,,1,,,,,,,,,,,0,0,0,0,0,0,0,0,0,0,0,0,0,0,0,0,0,0,0,,,0,,0,,0,,0,0,0,,0,,0,0,0,,0,,0,,0,,0,0,0,0,,0,0,0,,0,0,0,,0,0,0,,0,0,0,,0,0,0,,0,,,,0,0,0,0,,,0,0,0,,0,0,,0,0,0,0,0,0,0,0,0,,,,,,,,,,,,,,,,,,,,,,,,,,,,0,,,,,,,,,,,,,,,,,,,,,,,,,,,0,,,,,,,,,,,,,,,,,,,,,,,,,,,,,,,,,,,,,,0,0,0,0,0,0,,0,,0,0,0,,0,0,0,0,0,,0,,0,,,,,,,,,,,,,,1,,0,,,,,,,,,,,,0,,,,,,,,,,0,0,0,0,0,0,0,0,,,0,0,0,0,0,0,,0,0,,,,,,,0,0,0,0,0,0,0,0.0,0.0
164,0,0,0,2023.0,0,0,0,0,0,0,0,0,0,,,,,0,0,0,,0,0,0,,0,0,0,,,,,,,,,,,,,,,,,,1,680,4,81,146,218,278,293,273,624,415,244,165,61,584,603,482,234,385,684,31,170,234,305,382,257,395,636,552,319,201,136,22,442,574,384,143,390,43,82,60,49,38,38,,0,,,,,,,,,,,,1,,,,,,,,,,,0,0,0,0,0,0,0,0,0,0,0,0,0,0,0,0,0,0,0,,,0,,0,,0,,0,0,0,,0,,0,0,0,,0,,0,,0,,0,0,0,0,,0,0,0,,0,0,0,,0,0,0,,0,0,0,,0,0,0,,0,,,,0,0,0,0,,,0,0,0,,0,0,,0,0,0,0,0,0,0,0,0,,,,,,,,,,,,,,,,,,,,,,,,,,,,0,,,,,,,,,,,,,,,,,,,,,,,,,,,0,,,,,,,,,,,,,,,,,,,,,,,,,,,,,,,,,,,,,,0,0,0,0,0,0,,0,,0,0,0,,0,0,0,0,0,,0,,0,,,,,,,,,,,,,,1,,0,,,,,,,,,,,,0,,,,,,,,,,0,0,0,0,0,0,0,0,,,0,0,0,0,0,0,,0,0,,,,,,,0,0,0,0,0,0,0,66400.0,65915.9745
125,0,0,0,2019.0,0,0,0,0,0,0,0,0,0,,,,,0,0,0,,0,0,0,,0,0,0,,,,,,,,,,,,,,,,,,1,680,4,81,146,218,278,156,227,321,193,64,17,661,520,603,482,234,385,684,31,170,234,305,382,16,206,455,239,98,677,652,607,413,574,384,143,390,77,83,81,79,50,55,,0,,,,,,,,,,,,1,,,,,,,,,,,0,0,0,0,0,0,0,0,0,0,0,0,0,0,0,0,0,0,0,,,0,,0,,0,,0,0,0,,0,,0,0,0,,0,,0,,0,,0,0,0,0,,0,0,0,,0,0,0,,0,0,0,,0,0,0,,0,0,0,,0,,,,0,0,0,0,,,0,0,0,,0,0,,0,0,0,0,0,0,0,0,0,,,,,,,,,,,,,,,,,,,,,,,,,,,,0,,,,,,,,,,,,,,,,,,,,,,,,,,,0,,,,,,,,,,,,,,,,,,,,,,,,,,,,,,,,,,,,,,0,0,0,0,0,0,,0,,0,0,0,,0,0,0,0,0,,0,,0,,,,,,,,,,,,,,1,,0,,,,,,,,,,,,0,,,,,,,,,,0,0,0,0,0,0,0,0,,,0,0,0,0,0,0,,0,0,,,,,,,0,0,0,0,0,0,0,90582.0,90627.64
70,0,0,0,2020.0,0,0,0,0,0,0,0,0,0,,,,,0,0,0,,0,0,0,,0,0,0,,,,,,,,,,,,,,,,,,6,405,0,0,0,0,0,0,179,220,399,455,495,442,291,253,427,133,329,442,0,0,1,111,102,94,317,418,518,499,450,405,279,98,54,152,103,275,103,94,85,104,85,67,,0,,,,,,,,,,,,1,,,,,,,,,,,0,0,0,0,0,0,0,0,0,0,0,0,0,0,0,0,0,0,0,,,0,,0,,0,,0,0,0,,0,,0,0,0,,0,,0,,0,,0,0,0,0,,0,0,0,,0,0,0,,0,0,0,,0,0,0,,0,0,0,,0,,,,0,0,0,0,,,0,0,0,,0,0,,0,0,0,0,0,0,0,0,0,,,,,,,,,,,,,,,,,,,,,,,,,,,,0,,,,,,,,,,,,,,,,,,,,,,,,,,,0,,,,,,,,,,,,,,,,,,,,,,,,,,,,,,,,,,,,,,0,0,0,0,0,0,,0,,0,0,0,,0,0,0,0,0,,0,,0,,,,,,,,,,,,,,1,,0,,,,,,,,,,,,0,,,,,,,,,,0,0,0,0,0,0,0,0,,,0,0,0,0,0,0,,0,0,,,,,,,0,0,0,0,0,0,0,1243.0,1238.695
15,0,0,0,2025.0,0,0,0,0,0,0,0,0,0,,,,,0,0,0,,0,0,0,,0,0,0,,,,,,,,,,,,,,,,,,6,237,0,0,0,0,0,0,373,221,253,224,142,77,618,10,105,16,364,66,0,0,0,165,369,54,471,67,177,168,131,23,574,343,242,226,1,302,103,94,85,104,85,67,,0,,,,,,,,,,,,1,,,,,,,,,,,0,0,0,0,0,0,0,0,0,0,0,0,0,0,0,0,0,0,0,,,0,,0,,0,,0,0,0,,0,,0,0,0,,0,,0,,0,,0,0,0,0,,0,0,0,,0,0,0,,0,0,0,,0,0,0,,0,0,0,,0,,,,0,0,0,0,,,0,0,0,,0,0,,0,0,0,0,0,0,0,0,0,,,,,,,,,,,,,,,,,,,,,,,,,,,,0,,,,,,,,,,,,,,,,,,,,,,,,,,,0,,,,,,,,,,,,,,,,,,,,,,,,,,,,,,,,,,,,,,0,0,0,0,0,0,,0,,0,0,0,,0,0,0,0,0,,0,,0,,,,,,,,,,,,,,1,,0,,,,,,,,,,,,0,,,,,,,,,,0,0,0,0,0,0,0,0,,,0,0,0,0,0,0,,0,0,,,,,,,0,0,0,0,0,0,0,1576.0,1578.135
102,0,0,0,2019.0,0,0,0,0,0,0,0,0,0,,,,,0,0,0,,0,0,0,,0,0,0,,,,,,,,,,,,,,,,,,1,513,0,59,99,53,217,297,130,442,243,110,668,569,405,453,199,43,25,518,0,22,182,32,203,311,222,519,304,164,17,594,457,298,256,312,99,18,103,94,85,104,85,67,,0,,,,,,,,,,,,1,,,,,,,,,,,0,0,0,0,0,0,0,0,0,0,0,0,0,0,0,0,0,0,0,,,0,,0,,0,,0,0,0,,0,,0,0,0,,0,,0,,0,,0,0,0,0,,0,0,0,,0,0,0,,0,0,0,,0,0,0,,0,0,0,,0,,,,0,0,0,0,,,0,0,0,,0,0,,0,0,0,0,0,0,0,0,0,,,,,,,,,,,,,,,,,,,,,,,,,,,,0,,,,,,,,,,,,,,,,,,,,,,,,,,,0,,,,,,,,,,,,,,,,,,,,,,,,,,,,,,,,,,,,,,0,0,0,0,0,0,,0,,0,0,0,,0,0,0,0,0,,0,,0,,,,,,,,,,,,,,4,,0,,,,,,,,,,,,0,,,,,,,,,,0,0,0,0,0,0,0,0,,,0,0,0,0,0,0,,0,0,,,,,,,0,0,0,0,0,0,0,105405.0,105266.655
117,0,0,0,2019.0,0,0,0,0,0,0,0,0,0,,,,,0,0,0,,0,0,0,,0,0,0,,,,,,,,,,,,,,,,,,1,110,0,0,0,1,77,134,121,571,622,67,111,260,274,390,213,87,386,75,0,1,1,111,102,105,338,447,640,33,165,259,308,195,281,356,126,391,103,94,85,104,85,67,,0,,,,,,,,,,,,1,,,,,,,,,,,0,0,0,0,0,0,0,0,0,0,0,0,0,0,0,0,0,0,0,,,0,,0,,0,,0,0,0,,0,,0,0,0,,0,,0,,0,,0,0,0,0,,0,0,0,,0,0,0,,0,0,0,,0,0,0,,0,0,0,,0,,,,0,0,0,0,,,0,0,0,,0,0,,0,0,0,0,0,0,0,0,0,,,,,,,,,,,,,,,,,,,,,,,,,,,,0,,,,,,,,,,,,,,,,,,,,,,,,,,,0,,,,,,,,,,,,,,,,,,,,,,,,,,,,,,,,,,,,,,0,0,0,0,0,0,,0,,0,0,0,,0,0,0,0,0,,0,,0,,,,,,,,,,,,,,5,,0,,,,,,,,,,,,0,,,,,,,,,,0,0,0,0,0,0,0,0,,,0,0,0,0,0,0,,0,0,,,,,,,0,0,0,0,0,0,0,414.0,409.08
11,0,0,0,2023.0,0,0,0,0,0,0,0,0,0,,,,,0,0,0,,0,0,0,,0,0,0,,,,,,,,,,,,,,,,,,5,64,0,61,74,104,88,125,438,12,543,359,207,127,651,581,90,132,314,114,14,69,22,170,357,56,490,173,648,460,328,127,629,367,221,222,1,345,103,94,85,104,85,67,,0,,,,,,,,,,,,1,,,,,,,,,,,0,0,0,0,0,0,0,0,0,0,0,0,0,0,0,0,0,0,0,,,0,,0,,0,,0,0,0,,0,,0,0,0,,0,,0,,0,,0,0,0,0,,0,0,0,,0,0,0,,0,0,0,,0,0,0,,0,0,0,,0,,,,0,0,0,0,,,0,0,0,,0,0,,0,0,0,0,0,0,0,0,0,,,,,,,,,,,,,,,,,,,,,,,,,,,,0,,,,,,,,,,,,,,,,,,,,,,,,,,,0,,,,,,,,,,,,,,,,,,,,,,,,,,,,,,,,,,,,,,0,0,0,0,0,0,,0,,0,0,0,,0,0,0,0,0,,0,,0,,,,,,,,,,,,,,1,,0,,,,,,,,,,,,0,,,,,,,,,,0,0,0,0,0,0,0,0,,,0,0,0,0,0,0,,0,0,,,,,,,0,0,0,0,0,0,0,26366.0,26370.69
125,0,0,0,2020.0,0,0,0,0,0,0,0,0,0,,,,,0,0,0,,0,0,0,,0,0,0,,,,,,,,,,,,,,,,,,6,151,0,0,0,0,0,0,502,473,583,674,133,276,272,454,288,147,386,244,0,0,125,165,355,59,343,537,683,22,139,328,384,261,385,90,5,391,103,94,85,104,85,67,,0,,,,,,,,,,,,1,,,,,,,,,,,0,0,0,0,0,0,0,0,0,0,0,0,0,0,0,0,0,0,0,,,0,,0,,0,,0,0,0,,0,,0,0,0,,0,,0,,0,,0,0,0,0,,0,0,0,,0,0,0,,0,0,0,,0,0,0,,0,0,0,,0,,,,0,0,0,0,,,0,0,0,,0,0,,0,0,0,0,0,0,0,0,0,,,,,,,,,,,,,,,,,,,,,,,,,,,,0,,,,,,,,,,,,,,,,,,,,,,,,,,,0,,,,,,,,,,,,,,,,,,,,,,,,,,,,,,,,,,,,,,0,0,0,0,0,0,,0,,0,0,0,,0,0,0,0,0,,0,,0,,,,,,,,,,,,,,1,,0,,,,,,,,,,,,0,,,,,,,,,,0,0,0,0,0,0,0,0,,,0,0,0,0,0,0,,0,0,,,,,,,0,0,0,0,0,0,0,318.0,379.366
4,0,0,0,2019.0,0,0,0,0,0,0,0,0,0,,,,,0,0,0,,0,0,0,,0,0,0,,,,,,,,,,,,,,,,,,1,184,0,0,0,0,1,9,351,147,214,152,74,11,468,438,56,177,15,32,0,0,1,0,213,282,401,31,90,94,49,634,486,218,150,78,0,356,103,94,85,104,85,67,,0,,,,,,,,,,,,1,,,,,,,,,,,0,0,0,0,0,0,0,0,0,0,0,0,0,0,0,0,0,0,0,,,0,,0,,0,,0,0,0,,0,,0,0,0,,0,,0,,0,,0,0,0,0,,0,0,0,,0,0,0,,0,0,0,,0,0,0,,0,0,0,,0,,,,0,0,0,0,,,0,0,0,,0,0,,0,0,0,0,0,0,0,0,0,,,,,,,,,,,,,,,,,,,,,,,,,,,,0,,,,,,,,,,,,,,,,,,,,,,,,,,,0,,,,,,,,,,,,,,,,,,,,,,,,,,,,,,,,,,,,,,0,0,0,0,0,0,,0,,0,0,0,,0,0,0,0,0,,0,,0,,,,,,,,,,,,,,5,,0,,,,,,,,,,,,0,,,,,,,,,,0,0,0,0,0,0,0,0,,,0,0,0,0,0,0,,0,0,,,,,,,0,0,0,0,0,0,0,1293.0,1288.81
124,0,0,0,2019.0,0,0,0,0,0,0,0,0,0,,,,,0,0,0,,0,0,0,,0,0,0,,,,,,,,,,,,,,,,,,1,680,4,81,146,218,278,118,214,65,676,579,517,501,384,603,482,234,385,684,31,170,234,305,382,416,326,180,72,659,566,475,374,142,574,384,143,390,102,56,11,94,83,15,,0,,,,,,,,,,,,1,,,,,,,,,,,0,0,0,0,0,0,0,0,0,0,0,0,0,0,0,0,0,0,0,,,0,,0,,0,,0,0,0,,0,,0,0,0,,0,,0,,0,,0,0,0,0,,0,0,0,,0,0,0,,0,0,0,,0,0,0,,0,0,0,,0,,,,0,0,0,0,,,0,0,0,,0,0,,0,0,0,0,0,0,0,0,0,,,,,,,,,,,,,,,,,,,,,,,,,,,,0,,,,,,,,,,,,,,,,,,,,,,,,,,,0,,,,,,,,,,,,,,,,,,,,,,,,,,,,,,,,,,,,,,0,0,0,0,0,0,,0,,0,0,0,,0,0,0,0,0,,0,,0,,,,,,,,,,,,,,1,,0,,,,,,,,,,,,0,,,,,,,,,,0,0,0,0,0,0,0,0,,,0,0,0,0,0,0,,0,0,,,,,,,0,0,0,0,0,0,0,185.9,749.7695000000002
92,0,0,0,2020.0,0,0,0,0,0,0,0,0,0,,,,,0,0,0,,0,0,0,,0,0,0,,,,,,,,,,,,,,,,,,5,576,0,19,60,38,258,327,216,617,254,34,622,536,398,406,107,8,137,587,0,19,180,56,252,348,301,25,438,174,665,543,419,236,201,259,58,125,103,94,85,104,85,67,,0,,,,,,,,,,,,1,,,,,,,,,,,0,0,0,0,0,0,0,0,0,0,0,0,0,0,0,0,0,0,0,,,0,,0,,0,,0,0,0,,0,,0,0,0,,0,,0,,0,,0,0,0,0,,0,0,0,,0,0,0,,0,0,0,,0,0,0,,0,0,0,,0,,,,0,0,0,0,,,0,0,0,,0,0,,0,0,0,0,0,0,0,0,0,,,,,,,,,,,,,,,,,,,,,,,,,,,,0,,,,,,,,,,,,,,,,,,,,,,,,,,,0,,,,,,,,,,,,,,,,,,,,,,,,,,,,,,,,,,,,,,0,0,0,0,0,0,,0,,0,0,0,,0,0,0,0,0,,0,,0,,,,,,,,,,,,,,1,,0,,,,,,,,,,,,0,,,,,,,,,,0,0,0,0,0,0,0,0,,,0,0,0,0,0,0,,0,0,,,,,,,0,0,0,0,0,0,0,170351.0,169516.665
127,0,0,0,2020.0,0,0,0,0,0,0,0,0,0,,,,,0,0,0,,0,0,0,,0,0,0,,,,,,,,,,,,,,,,,,1,680,4,81,146,218,278,80,133,57,663,578,485,435,311,603,482,234,385,684,31,170,234,305,382,376,299,126,62,646,538,447,299,68,574,384,143,390,97,43,6,89,77,10,,0,,,,,,,,,,,,1,,,,,,,,,,,0,0,0,0,0,0,0,0,0,0,0,0,0,0,0,0,0,0,0,,,0,,0,,0,,0,0,0,,0,,0,0,0,,0,,0,,0,,0,0,0,0,,0,0,0,,0,0,0,,0,0,0,,0,0,0,,0,0,0,,0,,,,0,0,0,0,,,0,0,0,,0,0,,0,0,0,0,0,0,0,0,0,,,,,,,,,,,,,,,,,,,,,,,,,,,,0,,,,,,,,,,,,,,,,,,,,,,,,,,,0,,,,,,,,,,,,,,,,,,,,,,,,,,,,,,,,,,,,,,0,0,0,0,0,0,,0,,0,0,0,,0,0,0,0,0,,0,,0,,,,,,,,,,,,,,1,,0,,,,,,,,,,,,0,,,,,,,,,,0,0,0,0,0,0,0,0,,,0,0,0,0,0,0,,0,0,,,,,,,0,0,0,0,0,0,0,161.4,161.72700000000037
168,0,0,0,2023.0,0,0,0,0,0,0,0,0,0,,,,,0,0,0,,0,0,0,,0,0,0,,,,,,,,,,,,,,,,,,1,680,4,81,146,218,278,298,341,30,9,648,626,554,320,603,482,234,385,684,31,170,234,305,382,126,525,79,153,51,643,613,509,297,574,384,143,390,92,38,15,99,6,65,,0,,,,,,,,,,,,1,,,,,,,,,,,0,0,0,0,0,0,0,0,0,0,0,0,0,0,0,0,0,0,0,,,0,,0,,0,,0,0,0,,0,,0,0,0,,0,,0,,0,,0,0,0,0,,0,0,0,,0,0,0,,0,0,0,,0,0,0,,0,0,0,,0,,,,0,0,0,0,,,0,0,0,,0,0,,0,0,0,0,0,0,0,0,0,,,,,,,,,,,,,,,,,,,,,,,,,,,,0,,,,,,,,,,,,,,,,,,,,,,,,,,,0,,,,,,,,,,,,,,,,,,,,,,,,,,,,,,,,,,,,,,0,0,0,0,0,0,,0,,0,0,0,,0,0,0,0,0,,0,,0,,,,,,,,,,,,,,1,,0,,,,,,,,,,,,0,,,,,,,,,,0,0,0,0,0,0,0,0,,,0,0,0,0,0,0,,0,0,,,,,,,0,0,0,0,0,0,0,879.0,1466.8335
129,0,0,0,2023.0,0,0,0,0,0,0,0,0,0,,,,,0,0,0,,0,0,0,,0,0,0,,,,,,,,,,,,,,,,,,5,509,0,40,39,173,43,116,151,417,206,71,673,606,497,572,297,143,386,516,0,127,34,102,250,397,139,431,321,128,682,620,538,378,445,123,23,391,103,94,85,104,85,67,,0,,,,,,,,,,,,1,,,,,,,,,,,0,0,0,0,0,0,0,0,0,0,0,0,0,0,0,0,0,0,0,,,0,,0,,0,,0,0,0,,0,,0,0,0,,0,,0,,0,,0,0,0,0,,0,0,0,,0,0,0,,0,0,0,,0,0,0,,0,0,0,,0,,,,0,0,0,0,,,0,0,0,,0,0,,0,0,0,0,0,0,0,0,0,,,,,,,,,,,,,,,,,,,,,,,,,,,,0,,,,,,,,,,,,,,,,,,,,,,,,,,,0,,,,,,,,,,,,,,,,,,,,,,,,,,,,,,,,,,,,,,0,0,0,0,0,0,,0,,0,0,0,,0,0,0,0,0,,0,,0,,,,,,,,,,,,,,1,,0,,,,,,,,,,,,0,,,,,,,,,,0,0,0,0,0,0,0,0,,,0,0,0,0,0,0,,0,0,,,,,,,0,0,0,0,0,0,0,82713.0,83050.69
141,0,0,0,2025.0,0,0,0,0,0,0,0,0,0,,,,,0,0,0,,0,0,0,,0,0,0,,,,,,,,,,,,,,,,,,5,492,0,58,79,41,211,290,591,522,288,189,64,634,462,479,204,155,386,499,0,165,135,285,107,224,114,683,436,226,130,679,519,277,323,80,81,391,103,94,85,104,85,67,,0,,,,,,,,,,,,1,,,,,,,,,,,0,0,0,0,0,0,0,0,0,0,0,0,0,0,0,0,0,0,0,,,0,,0,,0,,0,0,0,,0,,0,0,0,,0,,0,,0,,0,0,0,0,,0,0,0,,0,0,0,,0,0,0,,0,0,0,,0,0,0,,0,,,,0,0,0,0,,,0,0,0,,0,0,,0,0,0,0,0,0,0,0,0,,,,,,,,,,,,,,,,,,,,,,,,,,,,0,,,,,,,,,,,,,,,,,,,,,,,,,,,0,,,,,,,,,,,,,,,,,,,,,,,,,,,,,,,,,,,,,,0,0,0,0,0,0,,0,,0,0,0,,0,0,0,0,0,,0,,0,,,,,,,,,,,,,,1,,0,,,,,,,,,,,,0,,,,,,,,,,0,0,0,0,0,0,0,0,,,0,0,0,0,0,0,,0,0,,,,,,,0,0,0,0,0,0,0,108834.0,108640.6
91,0,0,0,2020.0,0,0,0,0,0,0,0,0,0,,,,,0,0,0,,0,0,0,,0,0,0,,,,,,,,,,,,,,,,,,0,608,0,0,0,0,0,0,231,42,124,29,619,447,199,90,154,1,356,592,0,0,0,1,171,253,39,669,81,69,614,420,195,460,309,201,0,58,103,94,85,104,85,67,,0,,,,,,,,,,,,1,,,,,,,,,,,0,0,0,0,0,0,0,0,0,0,0,0,0,0,0,0,0,0,0,,,0,,0,,0,,0,0,0,,0,,0,0,0,,0,,0,,0,,0,0,0,0,,0,0,0,,0,0,0,,0,0,0,,0,0,0,,0,0,0,,0,,,,0,0,0,0,,,0,0,0,,0,0,,0,0,0,0,0,0,0,0,0,,,,,,,,,,,,,,,,,,,,,,,,,,,,0,,,,,,,,,,,,,,,,,,,,,,,,,,,0,,,,,,,,,,,,,,,,,,,,,,,,,,,,,,,,,,,,,,0,0,0,0,0,0,,0,,0,0,0,,0,0,0,0,0,,0,,0,,,,,,,,,,,,,,1,,0,,,,,,,,,,,,0,,,,,,,,,,0,0,0,0,0,0,0,0,,,0,0,0,0,0,0,,0,0,,,,,,,0,0,0,0,0,0,0,379.0,502.35
171,0,0,0,2019.0,0,0,0,0,0,0,0,0,0,,,,,0,0,0,,0,0,0,,0,0,0,,,,,,,,,,,,,,,,,,1,587,4,81,146,218,278,298,278,23,661,550,503,449,207,150,370,228,0,626,31,170,234,305,382,259,517,102,140,688,492,426,326,115,534,39,72,0,103,94,85,104,85,67,,0,,,,,,,,,,,,1,,,,,,,,,,,0,0,0,0,0,0,0,0,0,0,0,0,0,0,0,0,0,0,0,,,0,,0,,0,,0,0,0,,0,,0,0,0,,0,,0,,0,,0,0,0,0,,0,0,0,,0,0,0,,0,0,0,,0,0,0,,0,0,0,,0,,,,0,0,0,0,,,0,0,0,,0,0,,0,0,0,0,0,0,0,0,0,,,,,,,,,,,,,,,,,,,,,,,,,,,,0,,,,,,,,,,,,,,,,,,,,,,,,,,,0,,,,,,,,,,,,,,,,,,,,,,,,,,,,,,,,,,,,,,0,0,0,0,0,0,,0,,0,0,0,,0,0,0,0,0,,0,,0,,,,,,,,,,,,,,3,,0,,,,,,,,,,,,0,,,,,,,,,,0,0,0,0,0,0,0,0,,,0,0,0,0,0,0,,0,0,,,,,,,0,0,0,0,0,0,0,894.0,879.311
14,0,0,0,2019.0,0,0,0,0,0,0,0,0,0,,,,,0,0,0,,0,0,0,,0,0,0,,,,,,,,,,,,,,,,,,1,27,0,49,98,108,94,133,442,670,345,131,523,295,13,407,460,1,230,58,17,62,33,174,364,62,497,151,566,266,78,527,287,557,232,156,0,280,103,94,85,104,85,67,,0,,,,,,,,,,,,1,,,,,,,,,,,0,0,0,0,0,0,0,0,0,0,0,0,0,0,0,0,0,0,0,,,0,,0,,0,,0,0,0,,0,,0,0,0,,0,,0,,0,,0,0,0,0,,0,0,0,,0,0,0,,0,0,0,,0,0,0,,0,0,0,,0,,,,0,0,0,0,,,0,0,0,,0,0,,0,0,0,0,0,0,0,0,0,,,,,,,,,,,,,,,,,,,,,,,,,,,,0,,,,,,,,,,,,,,,,,,,,,,,,,,,0,,,,,,,,,,,,,,,,,,,,,,,,,,,,,,,,,,,,,,0,0,0,0,0,0,,0,,0,0,0,,0,0,0,0,0,,0,,0,,,,,,,,,,,,,,3,,0,,,,,,,,,,,,0,,,,,,,,,,0,0,0,0,0,0,0,0,,,0,0,0,0,0,0,,0,0,,,,,,,0,0,0,0,0,0,0,25159.0,25183.92
99,0,0,0,2019.0,0,0,0,0,0,0,0,0,0,,,,,0,0,0,,0,0,0,,0,0,0,,,,,,,,,,,,,,,,,,1,440,0,0,1,0,77,134,357,669,613,506,284,77,498,266,306,0,22,375,0,0,1,214,102,136,259,638,617,498,274,75,468,150,10,233,0,126,103,94,85,104,85,67,,0,,,,,,,,,,,,1,,,,,,,,,,,0,0,0,0,0,0,0,0,0,0,0,0,0,0,0,0,0,0,0,,,0,,0,,0,,0,0,0,,0,,0,0,0,,0,,0,,0,,0,0,0,0,,0,0,0,,0,0,0,,0,0,0,,0,0,0,,0,0,0,,0,,,,0,0,0,0,,,0,0,0,,0,0,,0,0,0,0,0,0,0,0,0,,,,,,,,,,,,,,,,,,,,,,,,,,,,0,,,,,,,,,,,,,,,,,,,,,,,,,,,0,,,,,,,,,,,,,,,,,,,,,,,,,,,,,,,,,,,,,,0,0,0,0,0,0,,0,,0,0,0,,0,0,0,0,0,,0,,0,,,,,,,,,,,,,,0,,0,,,,,,,,,,,,0,,,,,,,,,,0,0,0,0,0,0,0,0,,,0,0,0,0,0,0,,0,0,,,,,,,0,0,0,0,0,0,0,4698.0,4665.355
163,0,0,0,2023.0,0,0,0,0,0,0,0,0,0,,,,,0,0,0,,0,0,0,,0,0,0,,,,,,,,,,,,,,,,,,0,607,0,0,0,0,0,0,502,460,640,27,39,652,471,411,11,18,112,605,0,0,0,0,213,253,383,244,590,668,19,13,579,352,237,252,109,227,103,94,85,104,85,67,,0,,,,,,,,,,,,1,,,,,,,,,,,0,0,0,0,0,0,0,0,0,0,0,0,0,0,0,0,0,0,0,,,0,,0,,0,,0,0,0,,0,,0,0,0,,0,,0,,0,,0,0,0,0,,0,0,0,,0,0,0,,0,0,0,,0,0,0,,0,0,0,,0,,,,0,0,0,0,,,0,0,0,,0,0,,0,0,0,0,0,0,0,0,0,,,,,,,,,,,,,,,,,,,,,,,,,,,,0,,,,,,,,,,,,,,,,,,,,,,,,,,,0,,,,,,,,,,,,,,,,,,,,,,,,,,,,,,,,,,,,,,0,0,0,0,0,0,,0,,0,0,0,,0,0,0,0,0,,0,,0,,,,,,,,,,,,,,1,,0,,,,,,,,,,,,0,,,,,,,,,,0,0,0,0,0,0,0,0,,,0,0,0,0,0,0,,0,0,,,,,,,0,0,0,0,0,0,0,1041.0,1405.14
139,0,0,0,2019.0,0,0,0,0,0,0,0,0,0,,,,,0,0,0,,0,0,0,,0,0,0,,,,,,,,,,,,,,,,,,1,670,0,0,0,95,77,280,228,121,175,108,648,532,308,188,311,34,386,667,0,0,1,59,334,398,514,103,149,125,45,557,392,106,559,81,35,391,103,94,85,104,85,67,,0,,,,,,,,,,,,1,,,,,,,,,,,0,0,0,0,0,0,0,0,0,0,0,0,0,0,0,0,0,0,0,,,0,,0,,0,,0,0,0,,0,,0,0,0,,0,,0,,0,,0,0,0,0,,0,0,0,,0,0,0,,0,0,0,,0,0,0,,0,0,0,,0,,,,0,0,0,0,,,0,0,0,,0,0,,0,0,0,0,0,0,0,0,0,,,,,,,,,,,,,,,,,,,,,,,,,,,,0,,,,,,,,,,,,,,,,,,,,,,,,,,,0,,,,,,,,,,,,,,,,,,,,,,,,,,,,,,,,,,,,,,0,0,0,0,0,0,,0,,0,0,0,,0,0,0,0,0,,0,,0,,,,,,,,,,,,,,0,,0,,,,,,,,,,,,0,,,,,,,,,,0,0,0,0,0,0,0,0,,,0,0,0,0,0,0,,0,0,,,,,,,0,0,0,0,0,0,0,12462.0,12104.77
116,0,0,0,2020.0,0,0,0,0,0,0,0,0,0,,,,,0,0,0,,0,0,0,,0,0,0,,,,,,,,,,,,,,,,,,2,456,0,56,62,166,44,119,222,181,682,500,204,103,599,513,23,193,386,465,0,151,108,105,286,430,211,278,9,522,396,172,138,603,566,94,11,391,103,94,85,104,85,67,,0,,,,,,,,,,,,1,,,,,,,,,,,0,0,0,0,0,0,0,0,0,0,0,0,0,0,0,0,0,0,0,,,0,,0,,0,,0,0,0,,0,,0,0,0,,0,,0,,0,,0,0,0,0,,0,0,0,,0,0,0,,0,0,0,,0,0,0,,0,0,0,,0,,,,0,0,0,0,,,0,0,0,,0,0,,0,0,0,0,0,0,0,0,0,,,,,,,,,,,,,,,,,,,,,,,,,,,,0,,,,,,,,,,,,,,,,,,,,,,,,,,,0,,,,,,,,,,,,,,,,,,,,,,,,,,,,,,,,,,,,,,0,0,0,0,0,0,,0,,0,0,0,,0,0,0,0,0,,0,,0,,,,,,,,,,,,,,1,,0,,,,,,,,,,,,0,,,,,,,,,,0,0,0,0,0,0,0,0,,,0,0,0,0,0,0,,0,0,,,,,,,0,0,0,0,0,0,0,78931.0,78783.825
19,0,0,0,2020.0,0,0,0,0,0,0,0,0,0,,,,,0,0,0,,0,0,0,,0,0,0,,,,,,,,,,,,,,,,,,6,330,0,0,0,0,1,9,394,257,281,238,177,128,30,27,143,2,378,140,0,0,1,62,345,9,498,85,225,204,146,82,600,382,277,206,0,343,103,94,85,104,85,67,,0,,,,,,,,,,,,1,,,,,,,,,,,0,0,0,0,0,0,0,0,0,0,0,0,0,0,0,0,0,0,0,,,0,,0,,0,,0,0,0,,0,,0,0,0,,0,,0,,0,,0,0,0,0,,0,0,0,,0,0,0,,0,0,0,,0,0,0,,0,0,0,,0,,,,0,0,0,0,,,0,0,0,,0,0,,0,0,0,0,0,0,0,0,0,,,,,,,,,,,,,,,,,,,,,,,,,,,,0,,,,,,,,,,,,,,,,,,,,,,,,,,,0,,,,,,,,,,,,,,,,,,,,,,,,,,,,,,,,,,,,,,0,0,0,0,0,0,,0,,0,0,0,,0,0,0,0,0,,0,,0,,,,,,,,,,,,,,1,,0,,,,,,,,,,,,0,,,,,,,,,,0,0,0,0,0,0,0,0,,,0,0,0,0,0,0,,0,0,,,,,,,0,0,0,0,0,0,0,1782.0,1783.31
80,0,0,0,2025.0,0,0,0,0,0,0,0,0,0,,,,,0,0,0,,0,0,0,,0,0,0,,,,,,,,,,,,,,,,,,6,263,0,0,0,0,0,0,149,176,312,293,371,363,256,284,24,208,268,133,0,0,0,0,171,120,311,46,287,322,300,266,219,104,96,203,72,175,103,94,85,104,85,67,,0,,,,,,,,,,,,1,,,,,,,,,,,0,0,0,0,0,0,0,0,0,0,0,0,0,0,0,0,0,0,0,,,0,,0,,0,,0,0,0,,0,,0,0,0,,0,,0,,0,,0,0,0,0,,0,0,0,,0,0,0,,0,0,0,,0,0,0,,0,0,0,,0,,,,0,0,0,0,,,0,0,0,,0,0,,0,0,0,0,0,0,0,0,0,,,,,,,,,,,,,,,,,,,,,,,,,,,,0,,,,,,,,,,,,,,,,,,,,,,,,,,,0,,,,,,,,,,,,,,,,,,,,,,,,,,,,,,,,,,,,,,0,0,0,0,0,0,,0,,0,0,0,,0,0,0,0,0,,0,,0,,,,,,,,,,,,,,1,,0,,,,,,,,,,,,0,,,,,,,,,,0,0,0,0,0,0,0,0,,,0,0,0,0,0,0,,0,0,,,,,,,0,0,0,0,0,0,0,1215.0,1216.73
154,0,0,0,2019.0,0,0,0,0,0,0,0,0,0,,,,,0,0,0,,0,0,0,,0,0,0,,,,,,,,,,,,,,,,,,1,326,0,14,9,115,11,65,318,625,442,211,93,16,534,432,139,138,0,352,0,72,179,83,238,359,446,572,530,345,171,53,603,373,246,361,53,0,103,94,85,104,85,67,,0,,,,,,,,,,,,1,,,,,,,,,,,0,0,0,0,0,0,0,0,0,0,0,0,0,0,0,0,0,0,0,,,0,,0,,0,,0,0,0,,0,,0,0,0,,0,,0,,0,,0,0,0,0,,0,0,0,,0,0,0,,0,0,0,,0,0,0,,0,0,0,,0,,,,0,0,0,0,,,0,0,0,,0,0,,0,0,0,0,0,0,0,0,0,,,,,,,,,,,,,,,,,,,,,,,,,,,,0,,,,,,,,,,,,,,,,,,,,,,,,,,,0,,,,,,,,,,,,,,,,,,,,,,,,,,,,,,,,,,,,,,0,0,0,0,0,0,,0,,0,0,0,,0,0,0,0,0,,0,,0,,,,,,,,,,,,,,4,,0,,,,,,,,,,,,0,,,,,,,,,,0,0,0,0,0,0,0,0,,,0,0,0,0,0,0,,0,0,,,,,,,0,0,0,0,0,0,0,64619.0,64684.75
132,0,0,0,2025.0,0,0,0,0,0,0,0,0,0,,,,,0,0,0,,0,0,0,,0,0,0,,,,,,,,,,,,,,,,,,5,526,0,27,23,141,26,87,158,468,237,118,15,605,487,532,283,153,386,535,0,110,225,88,229,373,178,466,397,175,39,624,511,351,404,119,20,391,103,94,85,104,85,67,,0,,,,,,,,,,,,1,,,,,,,,,,,0,0,0,0,0,0,0,0,0,0,0,0,0,0,0,0,0,0,0,,,0,,0,,0,,0,0,0,,0,,0,0,0,,0,,0,,0,,0,0,0,0,,0,0,0,,0,0,0,,0,0,0,,0,0,0,,0,0,0,,0,,,,0,0,0,0,,,0,0,0,,0,0,,0,0,0,0,0,0,0,0,0,,,,,,,,,,,,,,,,,,,,,,,,,,,,0,,,,,,,,,,,,,,,,,,,,,,,,,,,0,,,,,,,,,,,,,,,,,,,,,,,,,,,,,,,,,,,,,,0,0,0,0,0,0,,0,,0,0,0,,0,0,0,0,0,,0,,0,,,,,,,,,,,,,,1,,0,,,,,,,,,,,,0,,,,,,,,,,0,0,0,0,0,0,0,0,,,0,0,0,0,0,0,,0,0,,,,,,,0,0,0,0,0,0,0,88067.0,88077.0
151,0,0,0,2019.0,0,0,0,0,0,0,0,0,0,,,,,0,0,0,,0,0,0,,0,0,0,,,,,,,,,,,,,,,,,,1,680,4,81,146,218,278,13,251,626,495,376,302,265,139,603,482,234,385,684,31,170,234,305,382,343,402,586,582,465,385,288,202,585,574,384,143,390,57,7,21,42,55,2,,0,,,,,,,,,,,,1,,,,,,,,,,,0,0,0,0,0,0,0,0,0,0,0,0,0,0,0,0,0,0,0,,,0,,0,,0,,0,0,0,,0,,0,0,0,,0,,0,,0,,0,0,0,0,,0,0,0,,0,0,0,,0,0,0,,0,0,0,,0,0,0,,0,,,,0,0,0,0,,,0,0,0,,0,0,,0,0,0,0,0,0,0,0,0,,,,,,,,,,,,,,,,,,,,,,,,,,,,0,,,,,,,,,,,,,,,,,,,,,,,,,,,0,,,,,,,,,,,,,,,,,,,,,,,,,,,,,,,,,,,,,,0,0,0,0,0,0,,0,,0,0,0,,0,0,0,0,0,,0,,0,,,,,,,,,,,,,,1,,0,,,,,,,,,,,,0,,,,,,,,,,0,0,0,0,0,0,0,0,,,0,0,0,0,0,0,,0,0,,,,,,,0,0,0,0,0,0,0,58.5,58.42350000000001
54,0,0,0,2023.0,0,0,0,0,0,0,0,0,0,,,,,0,0,0,,0,0,0,,0,0,0,,,,,,,,,,,,,,,,,,2,248,1,1,131,135,133,188,12,286,696,398,117,566,223,22,178,1,114,332,3,13,10,211,60,127,75,513,204,588,324,76,493,163,549,286,0,137,103,94,85,104,85,67,,0,,,,,,,,,,,,1,,,,,,,,,,,0,0,0,0,0,0,0,0,0,0,0,0,0,0,0,0,0,0,0,,,0,,0,,0,,0,0,0,,0,,0,0,0,,0,,0,,0,,0,0,0,0,,0,0,0,,0,0,0,,0,0,0,,0,0,0,,0,0,0,,0,,,,0,0,0,0,,,0,0,0,,0,0,,0,0,0,0,0,0,0,0,0,,,,,,,,,,,,,,,,,,,,,,,,,,,,0,,,,,,,,,,,,,,,,,,,,,,,,,,,0,,,,,,,,,,,,,,,,,,,,,,,,,,,,,,,,,,,,,,0,0,0,0,0,0,,0,,0,0,0,,0,0,0,0,0,,0,,0,,,,,,,,,,,,,,1,,0,,,,,,,,,,,,0,,,,,,,,,,0,0,0,0,0,0,0,0,,,0,0,0,0,0,0,,0,0,,,,,,,0,0,0,0,0,0,0,85051.0,84593.88
171,0,0,0,2019.0,0,0,0,0,0,0,0,0,0,,,,,0,0,0,,0,0,0,,0,0,0,,,,,,,,,,,,,,,,,,1,680,4,81,146,218,278,0,1,4,3,5,5,4,3,603,482,234,385,684,31,170,234,305,382,0,3,5,214,6,4,3,3,3,574,384,143,390,2,2,0,2,1,0,,0,,,,,,,,,,,,1,,,,,,,,,,,0,0,0,0,0,0,0,0,0,0,0,0,0,0,0,0,0,0,0,,,0,,0,,0,,0,0,0,,0,,0,0,0,,0,,0,,0,,0,0,0,0,,0,0,0,,0,0,0,,0,0,0,,0,0,0,,0,0,0,,0,,,,0,0,0,0,,,0,0,0,,0,0,,0,0,0,0,0,0,0,0,0,,,,,,,,,,,,,,,,,,,,,,,,,,,,0,,,,,,,,,,,,,,,,,,,,,,,,,,,0,,,,,,,,,,,,,,,,,,,,,,,,,,,,,,,,,,,,,,0,0,0,0,0,0,,0,,0,0,0,,0,0,0,0,0,,0,,0,,,,,,,,,,,,,,1,,1,,,,,,,,,,,,1,,,,,,,,,,1,0,0,0,0,0,0,0,,,0,0,0,0,0,0,,0,0,,,,,,,0,0,0,0,0,0,0,0.5,0.5074999999999998
117,0,0,0,2020.0,0,0,0,0,0,0,0,0,0,,,,,0,0,0,,0,0,0,,0,0,0,,,,,,,,,,,,,,,,,,5,527,0,55,68,211,51,129,235,262,109,690,552,542,415,506,253,94,386,536,0,146,101,154,289,18,244,325,97,693,622,547,476,330,376,17,132,391,103,94,85,104,85,67,,0,,,,,,,,,,,,1,,,,,,,,,,,0,0,0,0,0,0,0,0,0,0,0,0,0,0,0,0,0,0,0,,,0,,0,,0,,0,0,0,,0,,0,0,0,,0,,0,,0,,0,0,0,0,,0,0,0,,0,0,0,,0,0,0,,0,0,0,,0,0,0,,0,,,,0,0,0,0,,,0,0,0,,0,0,,0,0,0,0,0,0,0,0,0,,,,,,,,,,,,,,,,,,,,,,,,,,,,0,,,,,,,,,,,,,,,,,,,,,,,,,,,0,,,,,,,,,,,,,,,,,,,,,,,,,,,,,,,,,,,,,,0,0,0,0,0,0,,0,,0,0,0,,0,0,0,0,0,,0,,0,,,,,,,,,,,,,,1,,0,,,,,,,,,,,,0,,,,,,,,,,0,0,0,0,0,0,0,0,,,0,0,0,0,0,0,,0,0,,,,,,,0,0,0,0,0,0,0,82502.0,82162.895
1,0,0,0,2020.0,0,0,0,0,0,0,0,0,0,,,,,0,0,0,,0,0,0,,0,0,0,,,,,,,,,,,,,,,,,,6,85,5,82,147,219,279,0,544,558,508,470,391,257,86,125,110,1,61,10,32,171,235,306,383,120,648,236,426,350,386,213,117,427,364,233,1,388,103,94,85,104,85,67,,0,,,,,,,,,,,,1,,,,,,,,,,,0,0,0,0,0,0,0,0,0,0,0,0,0,0,0,0,0,0,0,,,0,,0,,0,,0,0,0,,0,,0,0,0,,0,,0,,0,,0,0,0,0,,0,0,0,,0,0,0,,0,0,0,,0,0,0,,0,0,0,,0,,,,0,0,0,0,,,0,0,0,,0,0,,0,0,0,0,0,0,0,0,0,,,,,,,,,,,,,,,,,,,,,,,,,,,,0,,,,,,,,,,,,,,,,,,,,,,,,,,,0,,,,,,,,,,,,,,,,,,,,,,,,,,,,,,,,,,,,,,0,0,0,0,0,0,,0,,0,0,0,,0,0,0,0,0,,0,,0,,,,,,,,,,,,,,1,,0,,,,,,,,,,,,0,,,,,,,,,,0,0,0,0,0,0,0,0,,,0,0,0,0,0,0,,0,0,,,,,,,0,0,0,0,0,0,0,383.0,621.75
41,0,0,0,2023.0,0,0,0,0,0,0,0,0,0,,,,,0,0,0,,0,0,0,,0,0,0,,,,,,,,,,,,,,,,,,2,130,0,33,102,163,163,211,556,128,581,237,38,463,104,62,286,0,279,240,9,42,62,257,104,189,12,361,55,488,191,15,429,178,523,286,0,351,103,94,85,104,85,67,,0,,,,,,,,,,,,1,,,,,,,,,,,0,0,0,0,0,0,0,0,0,0,0,0,0,0,0,0,0,0,0,,,0,,0,,0,,0,0,0,,0,,0,0,0,,0,,0,,0,,0,0,0,0,,0,0,0,,0,0,0,,0,0,0,,0,0,0,,0,0,0,,0,,,,0,0,0,0,,,0,0,0,,0,0,,0,0,0,0,0,0,0,0,0,,,,,,,,,,,,,,,,,,,,,,,,,,,,0,,,,,,,,,,,,,,,,,,,,,,,,,,,0,,,,,,,,,,,,,,,,,,,,,,,,,,,,,,,,,,,,,,0,0,0,0,0,0,,0,,0,0,0,,0,0,0,0,0,,0,,0,,,,,,,,,,,,,,1,,0,,,,,,,,,,,,0,,,,,,,,,,0,0,0,0,0,0,0,0,,,0,0,0,0,0,0,,0,0,,,,,,,0,0,0,0,0,0,0,60375.0,60280.31
57,0,0,0,2020.0,0,0,0,0,0,0,0,0,0,,,,,0,0,0,,0,0,0,,0,0,0,,,,,,,,,,,,,,,,,,2,252,0,76,126,124,116,170,592,307,8,392,129,584,231,118,194,0,89,335,1,12,3,191,37,106,77,524,213,585,302,94,478,203,571,311,0,116,103,94,85,104,85,67,,0,,,,,,,,,,,,1,,,,,,,,,,,0,0,0,0,0,0,0,0,0,0,0,0,0,0,0,0,0,0,0,,,0,,0,,0,,0,0,0,,0,,0,0,0,,0,,0,,0,,0,0,0,0,,0,0,0,,0,0,0,,0,0,0,,0,0,0,,0,0,0,,0,,,,0,0,0,0,,,0,0,0,,0,0,,0,0,0,0,0,0,0,0,0,,,,,,,,,,,,,,,,,,,,,,,,,,,,0,,,,,,,,,,,,,,,,,,,,,,,,,,,0,,,,,,,,,,,,,,,,,,,,,,,,,,,,,,,,,,,,,,0,0,0,0,0,0,,0,,0,0,0,,0,0,0,0,0,,0,,0,,,,,,,,,,,,,,1,,0,,,,,,,,,,,,0,,,,,,,,,,0,0,0,0,0,0,0,0,,,0,0,0,0,0,0,,0,0,,,,,,,0,0,0,0,0,0,0,87424.0,87573.805
131,0,0,0,2025.0,0,0,0,0,0,0,0,0,0,,,,,0,0,0,,0,0,0,,0,0,0,,,,,,,,,,,,,,,,,,6,34,0,0,0,0,0,0,457,518,571,640,42,160,224,322,238,101,386,54,0,0,1,111,269,385,304,405,655,655,64,155,253,204,294,75,10,391,103,94,85,104,85,67,,0,,,,,,,,,,,,1,,,,,,,,,,,0,0,0,0,0,0,0,0,0,0,0,0,0,0,0,0,0,0,0,,,0,,0,,0,,0,0,0,,0,,0,0,0,,0,,0,,0,,0,0,0,0,,0,0,0,,0,0,0,,0,0,0,,0,0,0,,0,0,0,,0,,,,0,0,0,0,,,0,0,0,,0,0,,0,0,0,0,0,0,0,0,0,,,,,,,,,,,,,,,,,,,,,,,,,,,,0,,,,,,,,,,,,,,,,,,,,,,,,,,,0,,,,,,,,,,,,,,,,,,,,,,,,,,,,,,,,,,,,,,0,0,0,0,0,0,,0,,0,0,0,,0,0,0,0,0,,0,,0,,,,,,,,,,,,,,1,,0,,,,,,,,,,,,0,,,,,,,,,,0,0,0,0,0,0,0,0,,,0,0,0,0,0,0,,0,0,,,,,,,0,0,0,0,0,0,0,271.0,268.365
20,0,0,0,2020.0,0,0,0,0,0,0,0,0,0,,,,,0,0,0,,0,0,0,,0,0,0,,,,,,,,,,,,,,,,,,5,89,1,71,123,149,129,182,463,34,550,399,240,181,36,35,148,23,277,163,20,92,80,202,4,83,535,213,674,489,355,175,42,433,290,214,1,304,103,94,85,104,85,67,,0,,,,,,,,,,,,1,,,,,,,,,,,0,0,0,0,0,0,0,0,0,0,0,0,0,0,0,0,0,0,0,,,0,,0,,0,,0,0,0,,0,,0,0,0,,0,,0,,0,,0,0,0,0,,0,0,0,,0,0,0,,0,0,0,,0,0,0,,0,0,0,,0,,,,0,0,0,0,,,0,0,0,,0,0,,0,0,0,0,0,0,0,0,0,,,,,,,,,,,,,,,,,,,,,,,,,,,,0,,,,,,,,,,,,,,,,,,,,,,,,,,,0,,,,,,,,,,,,,,,,,,,,,,,,,,,,,,,,,,,,,,0,0,0,0,0,0,,0,,0,0,0,,0,0,0,0,0,,0,,0,,,,,,,,,,,,,,1,,0,,,,,,,,,,,,0,,,,,,,,,,0,0,0,0,0,0,0,0,,,0,0,0,0,0,0,,0,0,,,,,,,0,0,0,0,0,0,0,30524.0,30324.23
26,0,0,0,2020.0,0,0,0,0,0,0,0,0,0,,,,,0,0,0,,0,0,0,,0,0,0,,,,,,,,,,,,,,,,,,2,84,0,61,144,217,206,268,504,40,454,164,627,421,89,558,460,40,209,188,19,106,124,269,82,197,591,228,659,369,113,605,399,107,406,201,72,249,103,94,85,104,85,67,,0,,,,,,,,,,,,1,,,,,,,,,,,0,0,0,0,0,0,0,0,0,0,0,0,0,0,0,0,0,0,0,,,0,,0,,0,,0,0,0,,0,,0,0,0,,0,,0,,0,,0,0,0,0,,0,0,0,,0,0,0,,0,0,0,,0,0,0,,0,0,0,,0,,,,0,0,0,0,,,0,0,0,,0,0,,0,0,0,0,0,0,0,0,0,,,,,,,,,,,,,,,,,,,,,,,,,,,,0,,,,,,,,,,,,,,,,,,,,,,,,,,,0,,,,,,,,,,,,,,,,,,,,,,,,,,,,,,,,,,,,,,0,0,0,0,0,0,,0,,0,0,0,,0,0,0,0,0,,0,,0,,,,,,,,,,,,,,1,,0,,,,,,,,,,,,0,,,,,,,,,,0,0,0,0,0,0,0,0,,,0,0,0,0,0,0,,0,0,,,,,,,0,0,0,0,0,0,0,34576.0,34554.81
85,0,0,0,2020.0,0,0,0,0,0,0,0,0,0,,,,,0,0,0,,0,0,0,,0,0,0,,,,,,,,,,,,,,,,,,0,387,0,0,0,0,0,0,3,632,590,509,403,191,569,387,336,0,165,310,0,0,0,0,0,0,624,380,621,523,275,115,601,224,75,1,0,24,103,94,85,104,85,67,,0,,,,,,,,,,,,1,,,,,,,,,,,0,0,0,0,0,0,0,0,0,0,0,0,0,0,0,0,0,0,0,,,0,,0,,0,,0,0,0,,0,,0,0,0,,0,,0,,0,,0,0,0,0,,0,0,0,,0,0,0,,0,0,0,,0,0,0,,0,0,0,,0,,,,0,0,0,0,,,0,0,0,,0,0,,0,0,0,0,0,0,0,0,0,,,,,,,,,,,,,,,,,,,,,,,,,,,,0,,,,,,,,,,,,,,,,,,,,,,,,,,,0,,,,,,,,,,,,,,,,,,,,,,,,,,,,,,,,,,,,,,0,0,0,0,0,0,,0,,0,0,0,,0,0,0,0,0,,0,,0,,,,,,,,,,,,,,1,,0,,,,,,,,,,,,0,,,,,,,,,,0,0,0,0,0,0,0,0,,,0,0,0,0,0,0,,0,0,,,,,,,0,0,0,0,0,0,0,227.0,218.455
83,0,0,0,2019.0,0,0,0,0,0,0,0,0,0,,,,,0,0,0,,0,0,0,,0,0,0,,,,,,,,,,,,,,,,,,1,448,0,23,55,29,181,267,46,413,104,641,534,493,363,326,64,217,67,454,0,161,147,296,135,240,138,668,307,47,568,473,368,164,128,229,2,53,103,94,85,104,85,67,,0,,,,,,,,,,,,1,,,,,,,,,,,0,0,0,0,0,0,0,0,0,0,0,0,0,0,0,0,0,0,0,,,0,,0,,0,,0,0,0,,0,,0,0,0,,0,,0,,0,,0,0,0,0,,0,0,0,,0,0,0,,0,0,0,,0,0,0,,0,0,0,,0,,,,0,0,0,0,,,0,0,0,,0,0,,0,0,0,0,0,0,0,0,0,,,,,,,,,,,,,,,,,,,,,,,,,,,,0,,,,,,,,,,,,,,,,,,,,,,,,,,,0,,,,,,,,,,,,,,,,,,,,,,,,,,,,,,,,,,,,,,0,0,0,0,0,0,,0,,0,0,0,,0,0,0,0,0,,0,,0,,,,,,,,,,,,,,4,,0,,,,,,,,,,,,0,,,,,,,,,,0,0,0,0,0,0,0,0,,,0,0,0,0,0,0,,0,0,,,,,,,0,0,0,0,0,0,0,118320.0,118326.0
26,0,0,0,2023.0,0,0,0,0,0,0,0,0,0,,,,,0,0,0,,0,0,0,,0,0,0,,,,,,,,,,,,,,,,,,5,169,0,61,144,217,207,269,505,84,599,477,342,261,95,88,235,23,238,262,19,106,124,270,83,198,596,248,19,543,426,293,151,544,396,239,112,271,103,94,85,104,85,67,,0,,,,,,,,,,,,1,,,,,,,,,,,0,0,0,0,0,0,0,0,0,0,0,0,0,0,0,0,0,0,0,,,0,,0,,0,,0,0,0,,0,,0,0,0,,0,,0,,0,,0,0,0,0,,0,0,0,,0,0,0,,0,0,0,,0,0,0,,0,0,0,,0,,,,0,0,0,0,,,0,0,0,,0,0,,0,0,0,0,0,0,0,0,0,,,,,,,,,,,,,,,,,,,,,,,,,,,,0,,,,,,,,,,,,,,,,,,,,,,,,,,,0,,,,,,,,,,,,,,,,,,,,,,,,,,,,,,,,,,,,,,0,0,0,0,0,0,,0,,0,0,0,,0,0,0,0,0,,0,,0,,,,,,,,,,,,,,1,,0,,,,,,,,,,,,0,,,,,,,,,,0,0,0,0,0,0,0,0,,,0,0,0,0,0,0,,0,0,,,,,,,0,0,0,0,0,0,0,36570.0,36723.155
77,0,0,0,2023.0,0,0,0,0,0,0,0,0,0,,,,,0,0,0,,0,0,0,,0,0,0,,,,,,,,,,,,,,,,,,6,289,0,0,0,0,0,0,274,226,352,316,376,374,259,263,473,206,296,209,0,0,0,0,213,253,373,91,402,378,332,274,215,71,57,178,17,223,103,94,85,104,85,67,,0,,,,,,,,,,,,1,,,,,,,,,,,0,0,0,0,0,0,0,0,0,0,0,0,0,0,0,0,0,0,0,,,0,,0,,0,,0,0,0,,0,,0,0,0,,0,,0,,0,,0,0,0,0,,0,0,0,,0,0,0,,0,0,0,,0,0,0,,0,0,0,,0,,,,0,0,0,0,,,0,0,0,,0,0,,0,0,0,0,0,0,0,0,0,,,,,,,,,,,,,,,,,,,,,,,,,,,,0,,,,,,,,,,,,,,,,,,,,,,,,,,,0,,,,,,,,,,,,,,,,,,,,,,,,,,,,,,,,,,,,,,0,0,0,0,0,0,,0,,0,0,0,,0,0,0,0,0,,0,,0,,,,,,,,,,,,,,1,,0,,,,,,,,,,,,0,,,,,,,,,,0,0,0,0,0,0,0,0,,,0,0,0,0,0,0,,0,0,,,,,,,0,0,0,0,0,0,0,1250.0,1250.3
174,0,0,0,2023.0,0,0,0,0,0,0,0,0,0,,,,,0,0,0,,0,0,0,,0,0,0,,,,,,,,,,,,,,,,,,5,255,0,18,32,194,89,157,522,641,429,201,104,92,52,44,332,215,0,323,0,80,161,92,319,405,104,494,602,347,166,84,83,12,530,176,97,0,103,94,85,104,85,67,,0,,,,,,,,,,,,1,,,,,,,,,,,0,0,0,0,0,0,0,0,0,0,0,0,0,0,0,0,0,0,0,,,0,,0,,0,,0,0,0,,0,,0,0,0,,0,,0,,0,,0,0,0,0,,0,0,0,,0,0,0,,0,0,0,,0,0,0,,0,0,0,,0,,,,0,0,0,0,,,0,0,0,,0,0,,0,0,0,0,0,0,0,0,0,,,,,,,,,,,,,,,,,,,,,,,,,,,,0,,,,,,,,,,,,,,,,,,,,,,,,,,,0,,,,,,,,,,,,,,,,,,,,,,,,,,,,,,,,,,,,,,0,0,0,0,0,0,,0,,0,0,0,,0,0,0,0,0,,0,,0,,,,,,,,,,,,,,1,,0,,,,,,,,,,,,0,,,,,,,,,,0,0,0,0,0,0,0,0,,,0,0,0,0,0,0,,0,0,,,,,,,0,0,0,0,0,0,0,46573.0,56230.45
173,0,0,0,2025.0,0,0,0,0,0,0,0,0,0,,,,,0,0,0,,0,0,0,,0,0,0,,,,,,,,,,,,,,,,,,3,0,4,81,146,218,278,0,0,0,0,0,0,0,0,0,0,0,0,0,31,170,234,305,382,0,0,0,0,0,0,0,0,0,0,0,0,0,103,94,85,104,85,67,,0,,,,,,,,,,,,1,,,,,,,,,,,0,0,0,0,0,0,0,0,0,0,0,0,0,0,0,0,0,0,0,,,0,,0,,0,,0,0,0,,0,,0,0,0,,0,,0,,0,,0,0,0,0,,0,0,0,,0,0,0,,0,0,0,,0,0,0,,0,0,0,,0,,,,0,0,0,0,,,0,0,0,,0,0,,0,0,0,0,0,0,0,0,0,,,,,,,,,,,,,,,,,,,,,,,,,,,,0,,,,,,,,,,,,,,,,,,,,,,,,,,,0,,,,,,,,,,,,,,,,,,,,,,,,,,,,,,,,,,,,,,0,0,0,0,0,0,,0,,0,0,0,,0,0,0,0,0,,0,,0,,,,,,,,,,,,,,1,,0,,,,,,,,,,,,0,,,,,,,,,,0,0,0,0,0,0,0,0,,,0,0,0,0,0,0,,0,0,,,,,,,0,0,0,0,0,0,0,0.0,0.0
96,0,0,0,2019.0,0,0,0,0,0,0,0,0,0,,,,,0,0,0,,0,0,0,,0,0,0,,,,,,,,,,,,,,,,,,1,374,0,70,101,72,255,19,117,316,83,568,311,119,507,424,29,132,380,401,0,11,162,25,189,295,159,352,167,665,488,359,139,516,414,318,1,21,103,94,85,104,85,67,,0,,,,,,,,,,,,1,,,,,,,,,,,0,0,0,0,0,0,0,0,0,0,0,0,0,0,0,0,0,0,0,,,0,,0,,0,,0,0,0,,0,,0,0,0,,0,,0,,0,,0,0,0,0,,0,0,0,,0,0,0,,0,0,0,,0,0,0,,0,0,0,,0,,,,0,0,0,0,,,0,0,0,,0,0,,0,0,0,0,0,0,0,0,0,,,,,,,,,,,,,,,,,,,,,,,,,,,,0,,,,,,,,,,,,,,,,,,,,,,,,,,,0,,,,,,,,,,,,,,,,,,,,,,,,,,,,,,,,,,,,,,0,0,0,0,0,0,,0,,0,0,0,,0,0,0,0,0,,0,,0,,,,,,,,,,,,,,3,,0,,,,,,,,,,,,0,,,,,,,,,,0,0,0,0,0,0,0,0,,,0,0,0,0,0,0,,0,0,,,,,,,0,0,0,0,0,0,0,69549.0,70172.525
149,0,0,0,2023.0,0,0,0,0,0,0,0,0,0,,,,,0,0,0,,0,0,0,,0,0,0,,,,,,,,,,,,,,,,,,6,647,0,0,0,0,0,0,445,113,264,420,525,659,648,162,109,108,0,637,0,0,0,0,1,5,336,49,430,502,563,632,660,508,117,362,39,0,103,94,85,104,85,67,,0,,,,,,,,,,,,1,,,,,,,,,,,0,0,0,0,0,0,0,0,0,0,0,0,0,0,0,0,0,0,0,,,0,,0,,0,,0,0,0,,0,,0,0,0,,0,,0,,0,,0,0,0,0,,0,0,0,,0,0,0,,0,0,0,,0,0,0,,0,0,0,,0,,,,0,0,0,0,,,0,0,0,,0,0,,0,0,0,0,0,0,0,0,0,,,,,,,,,,,,,,,,,,,,,,,,,,,,0,,,,,,,,,,,,,,,,,,,,,,,,,,,0,,,,,,,,,,,,,,,,,,,,,,,,,,,,,,,,,,,,,,0,0,0,0,0,0,,0,,0,0,0,,0,0,0,0,0,,0,,0,,,,,,,,,,,,,,1,,0,,,,,,,,,,,,0,,,,,,,,,,0,0,0,0,0,0,0,0,,,0,0,0,0,0,0,,0,0,,,,,,,0,0,0,0,0,0,0,57.0,56.9445
78,0,0,0,2025.0,0,0,0,0,0,0,0,0,0,,,,,0,0,0,,0,0,0,,0,0,0,,,,,,,,,,,,,,,,,,5,396,3,2,26,8,151,227,596,379,145,664,548,466,326,287,12,207,95,409,26,109,126,264,64,192,95,603,298,50,560,459,337,152,102,208,138,86,103,94,85,104,85,67,,0,,,,,,,,,,,,1,,,,,,,,,,,0,0,0,0,0,0,0,0,0,0,0,0,0,0,0,0,0,0,0,,,0,,0,,0,,0,0,0,,0,,0,0,0,,0,,0,,0,,0,0,0,0,,0,0,0,,0,0,0,,0,0,0,,0,0,0,,0,0,0,,0,,,,0,0,0,0,,,0,0,0,,0,0,,0,0,0,0,0,0,0,0,0,,,,,,,,,,,,,,,,,,,,,,,,,,,,0,,,,,,,,,,,,,,,,,,,,,,,,,,,0,,,,,,,,,,,,,,,,,,,,,,,,,,,,,,,,,,,,,,0,0,0,0,0,0,,0,,0,0,0,,0,0,0,0,0,,0,,0,,,,,,,,,,,,,,1,,0,,,,,,,,,,,,0,,,,,,,,,,0,0,0,0,0,0,0,0,,,0,0,0,0,0,0,,0,0,,,,,,,0,0,0,0,0,0,0,96598.0,96718.775
66,0,0,0,2020.0,0,0,0,0,0,0,0,0,0,,,,,0,0,0,,0,0,0,,0,0,0,,,,,,,,,,,,,,,,,,6,243,0,0,0,0,0,0,218,245,400,380,402,332,203,207,416,146,260,239,0,0,0,1,213,282,422,129,415,428,407,327,172,13,553,163,103,217,103,94,85,104,85,67,,0,,,,,,,,,,,,1,,,,,,,,,,,0,0,0,0,0,0,0,0,0,0,0,0,0,0,0,0,0,0,0,,,0,,0,,0,,0,0,0,,0,,0,0,0,,0,,0,,0,,0,0,0,0,,0,0,0,,0,0,0,,0,0,0,,0,0,0,,0,0,0,,0,,,,0,0,0,0,,,0,0,0,,0,0,,0,0,0,0,0,0,0,0,0,,,,,,,,,,,,,,,,,,,,,,,,,,,,0,,,,,,,,,,,,,,,,,,,,,,,,,,,0,,,,,,,,,,,,,,,,,,,,,,,,,,,,,,,,,,,,,,0,0,0,0,0,0,,0,,0,0,0,,0,0,0,0,0,,0,,0,,,,,,,,,,,,,,1,,0,,,,,,,,,,,,0,,,,,,,,,,0,0,0,0,0,0,0,0,,,0,0,0,0,0,0,,0,0,,,,,,,0,0,0,0,0,0,0,1228.0,1231.565
7,0,0,0,2023.0,0,0,0,0,0,0,0,0,0,,,,,0,0,0,,0,0,0,,0,0,0,,,,,,,,,,,,,,,,,,6,196,0,0,0,0,1,9,379,166,236,176,100,45,543,517,51,177,379,40,0,0,1,1,345,412,432,43,118,118,71,655,523,294,159,78,1,337,103,94,85,104,85,67,,0,,,,,,,,,,,,1,,,,,,,,,,,0,0,0,0,0,0,0,0,0,0,0,0,0,0,0,0,0,0,0,,,0,,0,,0,,0,0,0,,0,,0,0,0,,0,,0,,0,,0,0,0,0,,0,0,0,,0,0,0,,0,0,0,,0,0,0,,0,0,0,,0,,,,0,0,0,0,,,0,0,0,,0,0,,0,0,0,0,0,0,0,0,0,,,,,,,,,,,,,,,,,,,,,,,,,,,,0,,,,,,,,,,,,,,,,,,,,,,,,,,,0,,,,,,,,,,,,,,,,,,,,,,,,,,,,,,,,,,,,,,0,0,0,0,0,0,,0,,0,0,0,,0,0,0,0,0,,0,,0,,,,,,,,,,,,,,1,,0,,,,,,,,,,,,0,,,,,,,,,,0,0,0,0,0,0,0,0,,,0,0,0,0,0,0,,0,0,,,,,,,0,0,0,0,0,0,0,1385.0,1392.265
61,0,0,0,2025.0,0,0,0,0,0,0,0,0,0,,,,,0,0,0,,0,0,0,,0,0,0,,,,,,,,,,,,,,,,,,2,251,0,61,109,132,103,160,575,340,47,448,155,594,334,113,306,40,46,336,5,25,14,188,14,92,49,562,243,608,376,129,552,249,82,100,0,61,103,94,85,104,85,67,,0,,,,,,,,,,,,1,,,,,,,,,,,0,0,0,0,0,0,0,0,0,0,0,0,0,0,0,0,0,0,0,,,0,,0,,0,,0,0,0,,0,,0,0,0,,0,,0,,0,,0,0,0,0,,0,0,0,,0,0,0,,0,0,0,,0,0,0,,0,0,0,,0,,,,0,0,0,0,,,0,0,0,,0,0,,0,0,0,0,0,0,0,0,0,,,,,,,,,,,,,,,,,,,,,,,,,,,,0,,,,,,,,,,,,,,,,,,,,,,,,,,,0,,,,,,,,,,,,,,,,,,,,,,,,,,,,,,,,,,,,,,0,0,0,0,0,0,,0,,0,0,0,,0,0,0,0,0,,0,,0,,,,,,,,,,,,,,1,,0,,,,,,,,,,,,0,,,,,,,,,,0,0,0,0,0,0,0,0,,,0,0,0,0,0,0,,0,0,,,,,,,0,0,0,0,0,0,0,89053.0,89140.585
136,0,0,0,2025.0,0,0,0,0,0,0,0,0,0,,,,,0,0,0,,0,0,0,,0,0,0,,,,,,,,,,,,,,,,,,2,323,0,25,129,85,263,35,95,219,653,277,88,614,474,377,42,45,386,367,0,55,169,23,181,291,155,393,53,443,86,610,488,333,334,83,35,391,103,94,85,104,85,67,,0,,,,,,,,,,,,1,,,,,,,,,,,0,0,0,0,0,0,0,0,0,0,0,0,0,0,0,0,0,0,0,,,0,,0,,0,,0,0,0,,0,,0,0,0,,0,,0,,0,,0,0,0,0,,0,0,0,,0,0,0,,0,0,0,,0,0,0,,0,0,0,,0,,,,0,0,0,0,,,0,0,0,,0,0,,0,0,0,0,0,0,0,0,0,,,,,,,,,,,,,,,,,,,,,,,,,,,,0,,,,,,,,,,,,,,,,,,,,,,,,,,,0,,,,,,,,,,,,,,,,,,,,,,,,,,,,,,,,,,,,,,0,0,0,0,0,0,,0,,0,0,0,,0,0,0,0,0,,0,,0,,,,,,,,,,,,,,1,,0,,,,,,,,,,,,0,,,,,,,,,,0,0,0,0,0,0,0,0,,,0,0,0,0,0,0,,0,0,,,,,,,0,0,0,0,0,0,0,80191.0,80494.355
75,0,0,0,2023.0,0,0,0,0,0,0,0,0,0,,,,,0,0,0,,0,0,0,,0,0,0,,,,,,,,,,,,,,,,,,0,65,0,0,0,0,0,0,558,441,485,299,170,655,358,135,153,0,228,22,0,0,0,0,0,0,571,282,454,317,97,505,298,358,223,0,0,227,103,94,85,104,85,67,,0,,,,,,,,,,,,1,,,,,,,,,,,0,0,0,0,0,0,0,0,0,0,0,0,0,0,0,0,0,0,0,,,0,,0,,0,,0,0,0,,0,,0,0,0,,0,,0,,0,,0,0,0,0,,0,0,0,,0,0,0,,0,0,0,,0,0,0,,0,0,0,,0,,,,0,0,0,0,,,0,0,0,,0,0,,0,0,0,0,0,0,0,0,0,,,,,,,,,,,,,,,,,,,,,,,,,,,,0,,,,,,,,,,,,,,,,,,,,,,,,,,,0,,,,,,,,,,,,,,,,,,,,,,,,,,,,,,,,,,,,,,0,0,0,0,0,0,,0,,0,0,0,,0,0,0,0,0,,0,,0,,,,,,,,,,,,,,1,,0,,,,,,,,,,,,0,,,,,,,,,,0,0,0,0,0,0,0,0,,,0,0,0,0,0,0,,0,0,,,,,,,0,0,0,0,0,0,0,167.0,179.385
166,0,0,0,2019.0,0,0,0,0,0,0,0,0,0,,,,,0,0,0,,0,0,0,,0,0,0,,,,,,,,,,,,,,,,,,1,532,4,81,146,218,278,32,334,653,580,501,458,327,46,32,194,205,0,575,31,170,234,305,382,105,426,17,28,582,474,423,243,550,309,311,1,0,103,94,85,104,85,67,,0,,,,,,,,,,,,1,,,,,,,,,,,0,0,0,0,0,0,0,0,0,0,0,0,0,0,0,0,0,0,0,,,0,,0,,0,,0,0,0,,0,,0,0,0,,0,,0,,0,,0,0,0,0,,0,0,0,,0,0,0,,0,0,0,,0,0,0,,0,0,0,,0,,,,0,0,0,0,,,0,0,0,,0,0,,0,0,0,0,0,0,0,0,0,,,,,,,,,,,,,,,,,,,,,,,,,,,,0,,,,,,,,,,,,,,,,,,,,,,,,,,,0,,,,,,,,,,,,,,,,,,,,,,,,,,,,,,,,,,,,,,0,0,0,0,0,0,,0,,0,0,0,,0,0,0,0,0,,0,,0,,,,,,,,,,,,,,3,,0,,,,,,,,,,,,0,,,,,,,,,,0,0,0,0,0,0,0,0,,,0,0,0,0,0,0,,0,0,,,,,,,0,0,0,0,0,0,0,640.0,620.4755
149,0,0,0,2019.0,0,0,0,0,0,0,0,0,0,,,,,0,0,0,,0,0,0,,0,0,0,,,,,,,,,,,,,,,,,,1,379,0,31,15,162,24,93,378,622,378,175,86,8,465,410,170,143,0,393,0,111,5,122,299,414,538,672,511,281,116,46,590,303,249,31,57,0,103,94,85,104,85,67,,0,,,,,,,,,,,,1,,,,,,,,,,,0,0,0,0,0,0,0,0,0,0,0,0,0,0,0,0,0,0,0,,,0,,0,,0,,0,0,0,,0,,0,0,0,,0,,0,,0,,0,0,0,0,,0,0,0,,0,0,0,,0,0,0,,0,0,0,,0,0,0,,0,,,,0,0,0,0,,,0,0,0,,0,0,,0,0,0,0,0,0,0,0,0,,,,,,,,,,,,,,,,,,,,,,,,,,,,0,,,,,,,,,,,,,,,,,,,,,,,,,,,0,,,,,,,,,,,,,,,,,,,,,,,,,,,,,,,,,,,,,,0,0,0,0,0,0,,0,,0,0,0,,0,0,0,0,0,,0,,0,,,,,,,,,,,,,,4,,0,,,,,,,,,,,,0,,,,,,,,,,0,0,0,0,0,0,0,0,,,0,0,0,0,0,0,,0,0,,,,,,,0,0,0,0,0,0,0,84644.0,84460.775
141,0,0,0,2023.0,0,0,0,0,0,0,0,0,0,,,,,0,0,0,,0,0,0,,0,0,0,,,,,,,,,,,,,,,,,,2,311,0,58,79,40,210,289,586,343,6,437,122,631,428,383,452,16,386,349,0,165,135,284,103,223,101,570,194,529,185,643,450,259,230,354,73,391,103,94,85,104,85,67,,0,,,,,,,,,,,,1,,,,,,,,,,,0,0,0,0,0,0,0,0,0,0,0,0,0,0,0,0,0,0,0,,,0,,0,,0,,0,0,0,,0,,0,0,0,,0,,0,,0,,0,0,0,0,,0,0,0,,0,0,0,,0,0,0,,0,0,0,,0,0,0,,0,,,,0,0,0,0,,,0,0,0,,0,0,,0,0,0,0,0,0,0,0,0,,,,,,,,,,,,,,,,,,,,,,,,,,,,0,,,,,,,,,,,,,,,,,,,,,,,,,,,0,,,,,,,,,,,,,,,,,,,,,,,,,,,,,,,,,,,,,,0,0,0,0,0,0,,0,,0,0,0,,0,0,0,0,0,,0,,0,,,,,,,,,,,,,,1,,0,,,,,,,,,,,,0,,,,,,,,,,0,0,0,0,0,0,0,0,,,0,0,0,0,0,0,,0,0,,,,,,,0,0,0,0,0,0,0,97756.0,97908.51
74,0,0,0,2025.0,0,0,0,0,0,0,0,0,0,,,,,0,0,0,,0,0,0,,0,0,0,,,,,,,,,,,,,,,,,,2,378,0,9,29,13,184,251,26,403,113,561,360,85,515,314,410,132,51,395,14,66,90,254,109,193,111,625,276,650,446,216,648,381,190,230,1,68,103,94,85,104,85,67,,0,,,,,,,,,,,,1,,,,,,,,,,,0,0,0,0,0,0,0,0,0,0,0,0,0,0,0,0,0,0,0,,,0,,0,,0,,0,0,0,,0,,0,0,0,,0,,0,,0,,0,0,0,0,,0,0,0,,0,0,0,,0,0,0,,0,0,0,,0,0,0,,0,,,,0,0,0,0,,,0,0,0,,0,0,,0,0,0,0,0,0,0,0,0,,,,,,,,,,,,,,,,,,,,,,,,,,,,0,,,,,,,,,,,,,,,,,,,,,,,,,,,0,,,,,,,,,,,,,,,,,,,,,,,,,,,,,,,,,,,,,,0,0,0,0,0,0,,0,,0,0,0,,0,0,0,0,0,,0,,0,,,,,,,,,,,,,,1,,0,,,,,,,,,,,,0,,,,,,,,,,0,0,0,0,0,0,0,0,,,0,0,0,0,0,0,,0,0,,,,,,,0,0,0,0,0,0,0,98580.0,98580.87
143,0,0,0,2023.0,0,0,0,0,0,0,0,0,0,,,,,0,0,0,,0,0,0,,0,0,0,,,,,,,,,,,,,,,,,,1,680,4,81,146,218,278,228,517,521,262,165,50,601,417,603,482,234,385,684,31,170,234,305,382,85,22,676,445,207,94,671,496,263,574,384,143,390,58,51,54,63,13,36,,0,,,,,,,,,,,,1,,,,,,,,,,,0,0,0,0,0,0,0,0,0,0,0,0,0,0,0,0,0,0,0,,,0,,0,,0,,0,0,0,,0,,0,0,0,,0,,0,,0,,0,0,0,0,,0,0,0,,0,0,0,,0,0,0,,0,0,0,,0,0,0,,0,,,,0,0,0,0,,,0,0,0,,0,0,,0,0,0,0,0,0,0,0,0,,,,,,,,,,,,,,,,,,,,,,,,,,,,0,,,,,,,,,,,,,,,,,,,,,,,,,,,0,,,,,,,,,,,,,,,,,,,,,,,,,,,,,,,,,,,,,,0,0,0,0,0,0,,0,,0,0,0,,0,0,0,0,0,,0,,0,,,,,,,,,,,,,,1,,0,,,,,,,,,,,,0,,,,,,,,,,0,0,0,0,0,0,0,0,,,0,0,0,0,0,0,,0,0,,,,,,,0,0,0,0,0,0,0,100891.0,100888.345
119,0,0,0,2019.0,0,0,0,0,0,0,0,0,0,,,,,0,0,0,,0,0,0,,0,0,0,,,,,,,,,,,,,,,,,,1,401,0,0,0,0,1,9,523,609,504,426,339,216,62,595,32,205,386,382,0,0,0,0,369,412,339,497,523,438,389,302,121,512,336,214,1,391,103,94,85,104,85,67,,0,,,,,,,,,,,,1,,,,,,,,,,,0,0,0,0,0,0,0,0,0,0,0,0,0,0,0,0,0,0,0,,,0,,0,,0,,0,0,0,,0,,0,0,0,,0,,0,,0,,0,0,0,0,,0,0,0,,0,0,0,,0,0,0,,0,0,0,,0,0,0,,0,,,,0,0,0,0,,,0,0,0,,0,0,,0,0,0,0,0,0,0,0,0,,,,,,,,,,,,,,,,,,,,,,,,,,,,0,,,,,,,,,,,,,,,,,,,,,,,,,,,0,,,,,,,,,,,,,,,,,,,,,,,,,,,,,,,,,,,,,,0,0,0,0,0,0,,0,,0,0,0,,0,0,0,0,0,,0,,0,,,,,,,,,,,,,,0,,0,,,,,,,,,,,,0,,,,,,,,,,0,0,0,0,0,0,0,0,,,0,0,0,0,0,0,,0,0,,,,,,,0,0,0,0,0,0,0,4922.0,4788.675
168,0,0,0,2020.0,0,0,0,0,0,0,0,0,0,,,,,0,0,0,,0,0,0,,0,0,0,,,,,,,,,,,,,,,,,,0,602,0,0,0,0,0,0,390,318,549,634,22,9,559,550,133,47,112,601,0,0,0,0,0,0,122,84,495,593,627,25,653,443,363,368,129,362,103,94,85,104,85,67,,0,,,,,,,,,,,,1,,,,,,,,,,,0,0,0,0,0,0,0,0,0,0,0,0,0,0,0,0,0,0,0,,,0,,0,,0,,0,0,0,,0,,0,0,0,,0,,0,,0,,0,0,0,0,,0,0,0,,0,0,0,,0,0,0,,0,0,0,,0,0,0,,0,,,,0,0,0,0,,,0,0,0,,0,0,,0,0,0,0,0,0,0,0,0,,,,,,,,,,,,,,,,,,,,,,,,,,,,0,,,,,,,,,,,,,,,,,,,,,,,,,,,0,,,,,,,,,,,,,,,,,,,,,,,,,,,,,,,,,,,,,,0,0,0,0,0,0,,0,,0,0,0,,0,0,0,0,0,,0,,0,,,,,,,,,,,,,,1,,0,,,,,,,,,,,,0,,,,,,,,,,0,0,0,0,0,0,0,0,,,0,0,0,0,0,0,,0,0,,,,,,,0,0,0,0,0,0,0,652.0,632.5585
71,0,0,0,2023.0,0,0,0,0,0,0,0,0,0,,,,,0,0,0,,0,0,0,,0,0,0,,,,,,,,,,,,,,,,,,2,468,2,44,65,42,212,286,83,519,235,693,480,188,568,321,357,40,130,470,17,56,58,255,141,212,175,685,388,73,518,353,56,411,195,172,0,149,103,94,85,104,85,67,,0,,,,,,,,,,,,1,,,,,,,,,,,0,0,0,0,0,0,0,0,0,0,0,0,0,0,0,0,0,0,0,,,0,,0,,0,,0,0,0,,0,,0,0,0,,0,,0,,0,,0,0,0,0,,0,0,0,,0,0,0,,0,0,0,,0,0,0,,0,0,0,,0,,,,0,0,0,0,,,0,0,0,,0,0,,0,0,0,0,0,0,0,0,0,,,,,,,,,,,,,,,,,,,,,,,,,,,,0,,,,,,,,,,,,,,,,,,,,,,,,,,,0,,,,,,,,,,,,,,,,,,,,,,,,,,,,,,,,,,,,,,0,0,0,0,0,0,,0,,0,0,0,,0,0,0,0,0,,0,,0,,,,,,,,,,,,,,1,,0,,,,,,,,,,,,0,,,,,,,,,,0,0,0,0,0,0,0,0,,,0,0,0,0,0,0,,0,0,,,,,,,0,0,0,0,0,0,0,116954.0,117113.01
168,0,0,0,2025.0,0,0,0,0,0,0,0,0,0,,,,,0,0,0,,0,0,0,,0,0,0,,,,,,,,,,,,,,,,,,5,271,0,49,76,31,143,257,97,607,383,199,159,106,18,18,293,201,139,330,0,132,216,168,366,64,315,569,539,303,163,139,92,531,470,140,78,234,103,94,85,104,85,67,,0,,,,,,,,,,,,1,,,,,,,,,,,0,0,0,0,0,0,0,0,0,0,0,0,0,0,0,0,0,0,0,,,0,,0,,0,,0,0,0,,0,,0,0,0,,0,,0,,0,,0,0,0,0,,0,0,0,,0,0,0,,0,0,0,,0,0,0,,0,0,0,,0,,,,0,0,0,0,,,0,0,0,,0,0,,0,0,0,0,0,0,0,0,0,,,,,,,,,,,,,,,,,,,,,,,,,,,,0,,,,,,,,,,,,,,,,,,,,,,,,,,,0,,,,,,,,,,,,,,,,,,,,,,,,,,,,,,,,,,,,,,0,0,0,0,0,0,,0,,0,0,0,,0,0,0,0,0,,0,,0,,,,,,,,,,,,,,1,,0,,,,,,,,,,,,0,,,,,,,,,,0,0,0,0,0,0,0,0,,,0,0,0,0,0,0,,0,0,,,,,,,0,0,0,0,0,0,0,57364.0,57299.635
50,0,0,0,2023.0,0,0,0,0,0,0,0,0,0,,,,,0,0,0,,0,0,0,,0,0,0,,,,,,,,,,,,,,,,,,5,322,1,67,117,150,154,202,32,283,65,599,482,365,209,169,339,121,192,351,8,28,24,226,101,155,87,493,219,676,510,415,238,26,499,307,1,219,103,94,85,104,85,67,,0,,,,,,,,,,,,1,,,,,,,,,,,0,0,0,0,0,0,0,0,0,0,0,0,0,0,0,0,0,0,0,,,0,,0,,0,,0,0,0,,0,,0,0,0,,0,,0,,0,,0,0,0,0,,0,0,0,,0,0,0,,0,0,0,,0,0,0,,0,0,0,,0,,,,0,0,0,0,,,0,0,0,,0,0,,0,0,0,0,0,0,0,0,0,,,,,,,,,,,,,,,,,,,,,,,,,,,,0,,,,,,,,,,,,,,,,,,,,,,,,,,,0,,,,,,,,,,,,,,,,,,,,,,,,,,,,,,,,,,,,,,0,0,0,0,0,0,,0,,0,0,0,,0,0,0,0,0,,0,,0,,,,,,,,,,,,,,1,,0,,,,,,,,,,,,0,,,,,,,,,,0,0,0,0,0,0,0,0,,,0,0,0,0,0,0,,0,0,,,,,,,0,0,0,0,0,0,0,82004.0,82549.075
77,0,0,0,2020.0,0,0,0,0,0,0,0,0,0,,,,,0,0,0,,0,0,0,,0,0,0,,,,,,,,,,,,,,,,,,6,289,0,0,0,0,0,0,274,226,352,316,376,374,259,263,473,206,296,209,0,0,0,0,213,253,373,91,402,378,332,274,215,71,57,178,17,223,103,94,85,104,85,67,,0,,,,,,,,,,,,1,,,,,,,,,,,0,0,0,0,0,0,0,0,0,0,0,0,0,0,0,0,0,0,0,,,0,,0,,0,,0,0,0,,0,,0,0,0,,0,,0,,0,,0,0,0,0,,0,0,0,,0,0,0,,0,0,0,,0,0,0,,0,0,0,,0,,,,0,0,0,0,,,0,0,0,,0,0,,0,0,0,0,0,0,0,0,0,,,,,,,,,,,,,,,,,,,,,,,,,,,,0,,,,,,,,,,,,,,,,,,,,,,,,,,,0,,,,,,,,,,,,,,,,,,,,,,,,,,,,,,,,,,,,,,0,0,0,0,0,0,,0,,0,0,0,,0,0,0,0,0,,0,,0,,,,,,,,,,,,,,1,,0,,,,,,,,,,,,0,,,,,,,,,,0,0,0,0,0,0,0,0,,,0,0,0,0,0,0,,0,0,,,,,,,0,0,0,0,0,0,0,1250.0,1250.19
139,0,0,0,2019.0,0,0,0,0,0,0,0,0,0,,,,,0,0,0,,0,0,0,,0,0,0,,,,,,,,,,,,,,,,,,1,3,0,0,0,0,0,0,196,239,469,555,624,29,79,262,158,112,386,7,0,0,0,0,0,0,21,292,504,595,13,81,96,74,203,36,36,391,103,94,85,104,85,67,,0,,,,,,,,,,,,1,,,,,,,,,,,0,0,0,0,0,0,0,0,0,0,0,0,0,0,0,0,0,0,0,,,0,,0,,0,,0,0,0,,0,,0,0,0,,0,,0,,0,,0,0,0,0,,0,0,0,,0,0,0,,0,0,0,,0,0,0,,0,0,0,,0,,,,0,0,0,0,,,0,0,0,,0,0,,0,0,0,0,0,0,0,0,0,,,,,,,,,,,,,,,,,,,,,,,,,,,,0,,,,,,,,,,,,,,,,,,,,,,,,,,,0,,,,,,,,,,,,,,,,,,,,,,,,,,,,,,,,,,,,,,0,0,0,0,0,0,,0,,0,0,0,,0,0,0,0,0,,0,,0,,,,,,,,,,,,,,5,,0,,,,,,,,,,,,0,,,,,,,,,,0,0,0,0,0,0,0,0,,,0,0,0,0,0,0,,0,0,,,,,,,0,0,0,0,0,0,0,120.0,124.88
167,0,0,0,2020.0,0,0,0,0,0,0,0,0,0,,,,,0,0,0,,0,0,0,,0,0,0,,,,,,,,,,,,,,,,,,5,254,0,9,85,27,137,248,122,601,375,206,152,88,635,592,258,190,166,322,0,140,21,177,368,69,324,568,535,291,169,130,67,493,433,107,80,213,103,94,85,104,85,67,,0,,,,,,,,,,,,1,,,,,,,,,,,0,0,0,0,0,0,0,0,0,0,0,0,0,0,0,0,0,0,0,,,0,,0,,0,,0,0,0,,0,,0,0,0,,0,,0,,0,,0,0,0,0,,0,0,0,,0,0,0,,0,0,0,,0,0,0,,0,0,0,,0,,,,0,0,0,0,,,0,0,0,,0,0,,0,0,0,0,0,0,0,0,0,,,,,,,,,,,,,,,,,,,,,,,,,,,,0,,,,,,,,,,,,,,,,,,,,,,,,,,,0,,,,,,,,,,,,,,,,,,,,,,,,,,,,,,,,,,,,,,0,0,0,0,0,0,,0,,0,0,0,,0,0,0,0,0,,0,,0,,,,,,,,,,,,,,1,,0,,,,,,,,,,,,0,,,,,,,,,,0,0,0,0,0,0,0,0,,,0,0,0,0,0,0,,0,0,,,,,,,0,0,0,0,0,0,0,57772.0,57680.81
133,0,0,0,2025.0,0,0,0,0,0,0,0,0,0,,,,,0,0,0,,0,0,0,,0,0,0,,,,,,,,,,,,,,,,,,5,504,0,24,13,114,15,69,127,461,242,111,678,592,469,516,280,153,386,513,0,87,206,68,218,350,166,461,381,177,24,607,483,326,384,108,27,391,103,94,85,104,85,67,,0,,,,,,,,,,,,1,,,,,,,,,,,0,0,0,0,0,0,0,0,0,0,0,0,0,0,0,0,0,0,0,,,0,,0,,0,,0,0,0,,0,,0,0,0,,0,,0,,0,,0,0,0,0,,0,0,0,,0,0,0,,0,0,0,,0,0,0,,0,0,0,,0,,,,0,0,0,0,,,0,0,0,,0,0,,0,0,0,0,0,0,0,0,0,,,,,,,,,,,,,,,,,,,,,,,,,,,,0,,,,,,,,,,,,,,,,,,,,,,,,,,,0,,,,,,,,,,,,,,,,,,,,,,,,,,,,,,,,,,,,,,0,0,0,0,0,0,,0,,0,0,0,,0,0,0,0,0,,0,,0,,,,,,,,,,,,,,1,,0,,,,,,,,,,,,0,,,,,,,,,,0,0,0,0,0,0,0,0,,,0,0,0,0,0,0,,0,0,,,,,,,0,0,0,0,0,0,0,85391.0,85441.22
149,0,0,0,2023.0,0,0,0,0,0,0,0,0,0,,,,,0,0,0,,0,0,0,,0,0,0,,,,,,,,,,,,,,,,,,5,379,0,31,15,162,24,93,378,622,378,175,86,8,465,410,170,143,0,393,0,111,5,122,299,414,538,672,511,281,116,46,590,303,249,31,57,0,103,94,85,104,85,67,,0,,,,,,,,,,,,1,,,,,,,,,,,0,0,0,0,0,0,0,0,0,0,0,0,0,0,0,0,0,0,0,,,0,,0,,0,,0,0,0,,0,,0,0,0,,0,,0,,0,,0,0,0,0,,0,0,0,,0,0,0,,0,0,0,,0,0,0,,0,0,0,,0,,,,0,0,0,0,,,0,0,0,,0,0,,0,0,0,0,0,0,0,0,0,,,,,,,,,,,,,,,,,,,,,,,,,,,,0,,,,,,,,,,,,,,,,,,,,,,,,,,,0,,,,,,,,,,,,,,,,,,,,,,,,,,,,,,,,,,,,,,0,0,0,0,0,0,,0,,0,0,0,,0,0,0,0,0,,0,,0,,,,,,,,,,,,,,1,,0,,,,,,,,,,,,0,,,,,,,,,,0,0,0,0,0,0,0,0,,,0,0,0,0,0,0,,0,0,,,,,,,0,0,0,0,0,0,0,84644.0,84453.975
103,0,0,0,2025.0,0,0,0,0,0,0,0,0,0,,,,,0,0,0,,0,0,0,,0,0,0,,,,,,,,,,,,,,,,,,0,226,0,0,0,0,77,72,302,538,533,435,282,104,537,296,398,205,322,286,0,0,0,0,331,341,14,391,538,448,319,116,587,288,106,286,0,58,103,94,85,104,85,67,,0,,,,,,,,,,,,1,,,,,,,,,,,0,0,0,0,0,0,0,0,0,0,0,0,0,0,0,0,0,0,0,,,0,,0,,0,,0,0,0,,0,,0,0,0,,0,,0,,0,,0,0,0,0,,0,0,0,,0,0,0,,0,0,0,,0,0,0,,0,0,0,,0,,,,0,0,0,0,,,0,0,0,,0,0,,0,0,0,0,0,0,0,0,0,,,,,,,,,,,,,,,,,,,,,,,,,,,,0,,,,,,,,,,,,,,,,,,,,,,,,,,,0,,,,,,,,,,,,,,,,,,,,,,,,,,,,,,,,,,,,,,0,0,0,0,0,0,,0,,0,0,0,,0,0,0,0,0,,0,,0,,,,,,,,,,,,,,1,,0,,,,,,,,,,,,0,,,,,,,,,,0,0,0,0,0,0,0,0,,,0,0,0,0,0,0,,0,0,,,,,,,0,0,0,0,0,0,0,2872.0,2820.18
95,0,0,0,2025.0,0,0,0,0,0,0,0,0,0,,,,,0,0,0,,0,0,0,,0,0,0,,,,,,,,,,,,,,,,,,5,422,0,63,96,75,266,34,102,367,202,20,575,513,388,422,117,6,98,430,0,9,166,28,199,304,131,370,248,87,636,542,414,242,189,265,26,79,103,94,85,104,85,67,,0,,,,,,,,,,,,1,,,,,,,,,,,0,0,0,0,0,0,0,0,0,0,0,0,0,0,0,0,0,0,0,,,0,,0,,0,,0,0,0,,0,,0,0,0,,0,,0,,0,,0,0,0,0,,0,0,0,,0,0,0,,0,0,0,,0,0,0,,0,0,0,,0,,,,0,0,0,0,,,0,0,0,,0,0,,0,0,0,0,0,0,0,0,0,,,,,,,,,,,,,,,,,,,,,,,,,,,,0,,,,,,,,,,,,,,,,,,,,,,,,,,,0,,,,,,,,,,,,,,,,,,,,,,,,,,,,,,,,,,,,,,0,0,0,0,0,0,,0,,0,0,0,,0,0,0,0,0,,0,,0,,,,,,,,,,,,,,1,,0,,,,,,,,,,,,0,,,,,,,,,,0,0,0,0,0,0,0,0,,,0,0,0,0,0,0,,0,0,,,,,,,0,0,0,0,0,0,0,70216.0,71397.535
20,0,0,0,2023.0,0,0,0,0,0,0,0,0,0,,,,,0,0,0,,0,0,0,,0,0,0,,,,,,,,,,,,,,,,,,2,35,1,71,123,149,129,182,460,682,359,121,533,318,12,526,407,0,226,83,20,92,80,201,3,82,531,192,603,299,79,563,347,19,343,233,0,272,103,94,85,104,85,67,,0,,,,,,,,,,,,1,,,,,,,,,,,0,0,0,0,0,0,0,0,0,0,0,0,0,0,0,0,0,0,0,,,0,,0,,0,,0,0,0,,0,,0,0,0,,0,,0,,0,,0,0,0,0,,0,0,0,,0,0,0,,0,0,0,,0,0,0,,0,0,0,,0,,,,0,0,0,0,,,0,0,0,,0,0,,0,0,0,0,0,0,0,0,0,,,,,,,,,,,,,,,,,,,,,,,,,,,,0,,,,,,,,,,,,,,,,,,,,,,,,,,,0,,,,,,,,,,,,,,,,,,,,,,,,,,,,,,,,,,,,,,0,0,0,0,0,0,,0,,0,0,0,,0,0,0,0,0,,0,,0,,,,,,,,,,,,,,1,,0,,,,,,,,,,,,0,,,,,,,,,,0,0,0,0,0,0,0,0,,,0,0,0,0,0,0,,0,0,,,,,,,0,0,0,0,0,0,0,28700.0,28747.745
134,0,0,0,2020.0,0,0,0,0,0,0,0,0,0,,,,,0,0,0,,0,0,0,,0,0,0,,,,,,,,,,,,,,,,,,5,480,0,20,3,103,4,55,110,446,256,106,680,590,449,489,281,145,386,488,0,78,198,61,197,329,157,467,352,191,22,596,477,301,366,117,45,391,103,94,85,104,85,67,,0,,,,,,,,,,,,1,,,,,,,,,,,0,0,0,0,0,0,0,0,0,0,0,0,0,0,0,0,0,0,0,,,0,,0,,0,,0,0,0,,0,,0,0,0,,0,,0,,0,,0,0,0,0,,0,0,0,,0,0,0,,0,0,0,,0,0,0,,0,0,0,,0,,,,0,0,0,0,,,0,0,0,,0,0,,0,0,0,0,0,0,0,0,0,,,,,,,,,,,,,,,,,,,,,,,,,,,,0,,,,,,,,,,,,,,,,,,,,,,,,,,,0,,,,,,,,,,,,,,,,,,,,,,,,,,,,,,,,,,,,,,0,0,0,0,0,0,,0,,0,0,0,,0,0,0,0,0,,0,,0,,,,,,,,,,,,,,1,,0,,,,,,,,,,,,0,,,,,,,,,,0,0,0,0,0,0,0,0,,,0,0,0,0,0,0,,0,0,,,,,,,0,0,0,0,0,0,0,85333.0,85486.515
67,0,0,0,2020.0,0,0,0,0,0,0,0,0,0,,,,,0,0,0,,0,0,0,,0,0,0,,,,,,,,,,,,,,,,,,6,344,0,0,0,0,0,0,214,270,441,434,443,384,229,222,412,121,249,318,0,0,125,0,171,282,518,214,450,485,463,403,263,49,23,139,103,215,103,94,85,104,85,67,,0,,,,,,,,,,,,1,,,,,,,,,,,0,0,0,0,0,0,0,0,0,0,0,0,0,0,0,0,0,0,0,,,0,,0,,0,,0,0,0,,0,,0,0,0,,0,,0,,0,,0,0,0,0,,0,0,0,,0,0,0,,0,0,0,,0,0,0,,0,0,0,,0,,,,0,0,0,0,,,0,0,0,,0,0,,0,0,0,0,0,0,0,0,0,,,,,,,,,,,,,,,,,,,,,,,,,,,,0,,,,,,,,,,,,,,,,,,,,,,,,,,,0,,,,,,,,,,,,,,,,,,,,,,,,,,,,,,,,,,,,,,0,0,0,0,0,0,,0,,0,0,0,,0,0,0,0,0,,0,,0,,,,,,,,,,,,,,1,,0,,,,,,,,,,,,0,,,,,,,,,,0,0,0,0,0,0,0,0,,,0,0,0,0,0,0,,0,0,,,,,,,0,0,0,0,0,0,0,1296.0,1300.4
25,0,0,0,2025.0,0,0,0,0,0,0,0,0,0,,,,,0,0,0,,0,0,0,,0,0,0,,,,,,,,,,,,,,,,,,2,91,0,49,143,212,208,270,506,36,460,158,595,425,67,583,43,40,220,203,13,112,122,271,84,205,595,226,658,362,129,588,397,23,358,263,0,261,103,94,85,104,85,67,,0,,,,,,,,,,,,1,,,,,,,,,,,0,0,0,0,0,0,0,0,0,0,0,0,0,0,0,0,0,0,0,,,0,,0,,0,,0,0,0,,0,,0,0,0,,0,,0,,0,,0,0,0,0,,0,0,0,,0,0,0,,0,0,0,,0,0,0,,0,0,0,,0,,,,0,0,0,0,,,0,0,0,,0,0,,0,0,0,0,0,0,0,0,0,,,,,,,,,,,,,,,,,,,,,,,,,,,,0,,,,,,,,,,,,,,,,,,,,,,,,,,,0,,,,,,,,,,,,,,,,,,,,,,,,,,,,,,,,,,,,,,0,0,0,0,0,0,,0,,0,0,0,,0,0,0,0,0,,0,,0,,,,,,,,,,,,,,1,,0,,,,,,,,,,,,0,,,,,,,,,,0,0,0,0,0,0,0,0,,,0,0,0,0,0,0,,0,0,,,,,,,0,0,0,0,0,0,0,34359.0,34374.645
121,0,0,0,2019.0,0,0,0,0,0,0,0,0,0,,,,,0,0,0,,0,0,0,,0,0,0,,,,,,,,,,,,,,,,,,1,117,0,0,0,0,0,0,528,526,600,696,164,204,288,431,251,116,386,132,0,0,0,165,127,105,376,477,646,12,125,345,304,235,326,25,135,391,103,94,85,104,85,67,,0,,,,,,,,,,,,1,,,,,,,,,,,0,0,0,0,0,0,0,0,0,0,0,0,0,0,0,0,0,0,0,,,0,,0,,0,,0,0,0,,0,,0,0,0,,0,,0,,0,,0,0,0,0,,0,0,0,,0,0,0,,0,0,0,,0,0,0,,0,0,0,,0,,,,0,0,0,0,,,0,0,0,,0,0,,0,0,0,0,0,0,0,0,0,,,,,,,,,,,,,,,,,,,,,,,,,,,,0,,,,,,,,,,,,,,,,,,,,,,,,,,,0,,,,,,,,,,,,,,,,,,,,,,,,,,,,,,,,,,,,,,0,0,0,0,0,0,,0,,0,0,0,,0,0,0,0,0,,0,,0,,,,,,,,,,,,,,5,,0,,,,,,,,,,,,0,,,,,,,,,,0,0,0,0,0,0,0,0,,,0,0,0,0,0,0,,0,0,,,,,,,0,0,0,0,0,0,0,335.0,407.51
69,0,0,0,2020.0,0,0,0,0,0,0,0,0,0,,,,,0,0,0,,0,0,0,,0,0,0,,,,,,,,,,,,,,,,,,5,340,1,32,83,34,121,241,542,392,201,50,643,515,339,259,430,126,125,364,16,54,39,187,11,89,42,529,316,112,629,506,348,154,59,158,138,120,103,94,85,104,85,67,,0,,,,,,,,,,,,1,,,,,,,,,,,0,0,0,0,0,0,0,0,0,0,0,0,0,0,0,0,0,0,0,,,0,,0,,0,,0,0,0,,0,,0,0,0,,0,,0,,0,,0,0,0,0,,0,0,0,,0,0,0,,0,0,0,,0,0,0,,0,0,0,,0,,,,0,0,0,0,,,0,0,0,,0,0,,0,0,0,0,0,0,0,0,0,,,,,,,,,,,,,,,,,,,,,,,,,,,,0,,,,,,,,,,,,,,,,,,,,,,,,,,,0,,,,,,,,,,,,,,,,,,,,,,,,,,,,,,,,,,,,,,0,0,0,0,0,0,,0,,0,0,0,,0,0,0,0,0,,0,,0,,,,,,,,,,,,,,1,,0,,,,,,,,,,,,0,,,,,,,,,,0,0,0,0,0,0,0,0,,,0,0,0,0,0,0,,0,0,,,,,,,0,0,0,0,0,0,0,82478.0,83852.725
169,0,0,0,2023.0,0,0,0,0,0,0,0,0,0,,,,,0,0,0,,0,0,0,,0,0,0,,,,,,,,,,,,,,,,,,1,680,4,81,146,218,278,328,1,5,4,6,5,5,5,603,482,234,385,684,31,170,234,305,382,434,3,6,214,6,6,4,4,3,574,384,143,390,2,1,0,2,1,68,,1,,,,,,,,,,,,1,,,,,,,,,,,0,0,0,0,0,0,0,0,0,0,0,0,0,0,0,0,0,0,0,,,0,,0,,0,,0,0,0,,0,,0,0,0,,0,,0,,0,,0,0,0,0,,0,0,0,,0,0,0,,0,0,0,,0,0,0,,0,0,0,,0,,,,0,0,0,0,,,0,0,0,,0,0,,0,0,0,0,0,0,0,0,0,,,,,,,,,,,,,,,,,,,,,,,,,,,,0,,,,,,,,,,,,,,,,,,,,,,,,,,,0,,,,,,,,,,,,,,,,,,,,,,,,,,,,,,,,,,,,,,0,0,0,0,0,0,,0,,0,0,0,,0,0,0,0,0,,0,,0,,,,,,,,,,,,,,1,,0,,,,,,,,,,,,0,,,,,,,,,,0,0,0,0,0,0,0,0,,,0,0,0,0,0,0,,0,0,,,,,,,0,0,0,0,0,0,0,0.6,0.5784999999999986
169,0,0,0,2020.0,0,0,0,0,0,0,0,0,0,,,,,0,0,0,,0,0,0,,0,0,0,,,,,,,,,,,,,,,,,,0,591,0,0,0,0,0,0,271,287,542,596,674,679,574,537,157,48,1,594,0,0,0,0,0,0,648,56,478,584,603,670,642,451,371,29,136,264,103,94,85,104,85,67,,0,,,,,,,,,,,,1,,,,,,,,,,,0,0,0,0,0,0,0,0,0,0,0,0,0,0,0,0,0,0,0,,,0,,0,,0,,0,0,0,,0,,0,0,0,,0,,0,,0,,0,0,0,0,,0,0,0,,0,0,0,,0,0,0,,0,0,0,,0,0,0,,0,,,,0,0,0,0,,,0,0,0,,0,0,,0,0,0,0,0,0,0,0,0,,,,,,,,,,,,,,,,,,,,,,,,,,,,0,,,,,,,,,,,,,,,,,,,,,,,,,,,0,,,,,,,,,,,,,,,,,,,,,,,,,,,,,,,,,,,,,,0,0,0,0,0,0,,0,,0,0,0,,0,0,0,0,0,,0,,0,,,,,,,,,,,,,,1,,0,,,,,,,,,,,,0,,,,,,,,,,0,0,0,0,0,0,0,0,,,0,0,0,0,0,0,,0,0,,,,,,,0,0,0,0,0,0,0,558.0,556.14
168,0,0,0,2025.0,0,0,0,0,0,0,0,0,0,,,,,0,0,0,,0,0,0,,0,0,0,,,,,,,,,,,,,,,,,,1,680,4,81,146,218,278,3,476,547,476,339,266,242,140,603,482,234,385,684,31,170,234,305,382,6,107,404,565,433,326,247,257,93,574,384,143,390,12,25,58,12,77,9,,0,,,,,,,,,,,,1,,,,,,,,,,,0,0,0,0,0,0,0,0,0,0,0,0,0,0,0,0,0,0,0,,,0,,0,,0,,0,0,0,,0,,0,0,0,,0,,0,,0,,0,0,0,0,,0,0,0,,0,0,0,,0,0,0,,0,0,0,,0,0,0,,0,,,,0,0,0,0,,,0,0,0,,0,0,,0,0,0,0,0,0,0,0,0,,,,,,,,,,,,,,,,,,,,,,,,,,,,0,,,,,,,,,,,,,,,,,,,,,,,,,,,0,,,,,,,,,,,,,,,,,,,,,,,,,,,,,,,,,,,,,,0,0,0,0,0,0,,0,,0,0,0,,0,0,0,0,0,,0,,0,,,,,,,,,,,,,,1,,0,,,,,,,,,,,,0,,,,,,,,,,0,0,0,0,0,0,0,0,,,0,0,0,0,0,0,,0,0,,,,,,,0,0,0,0,0,0,0,33.9,33.824999999999896
50,0,0,0,2019.0,0,0,0,0,0,0,0,0,0,,,,,0,0,0,,0,0,0,,0,0,0,,,,,,,,,,,,,,,,,,1,225,1,67,117,150,154,202,31,242,656,354,87,534,228,62,118,1,141,320,8,28,24,226,100,154,85,479,150,560,291,64,465,163,27,286,1,167,103,94,85,104,85,67,,0,,,,,,,,,,,,1,,,,,,,,,,,0,0,0,0,0,0,0,0,0,0,0,0,0,0,0,0,0,0,0,,,0,,0,,0,,0,0,0,,0,,0,0,0,,0,,0,,0,,0,0,0,0,,0,0,0,,0,0,0,,0,0,0,,0,0,0,,0,0,0,,0,,,,0,0,0,0,,,0,0,0,,0,0,,0,0,0,0,0,0,0,0,0,,,,,,,,,,,,,,,,,,,,,,,,,,,,0,,,,,,,,,,,,,,,,,,,,,,,,,,,0,,,,,,,,,,,,,,,,,,,,,,,,,,,,,,,,,,,,,,0,0,0,0,0,0,,0,,0,0,0,,0,0,0,0,0,,0,,0,,,,,,,,,,,,,,3,,0,,,,,,,,,,,,0,,,,,,,,,,0,0,0,0,0,0,0,0,,,0,0,0,0,0,0,,0,0,,,,,,,0,0,0,0,0,0,0,80239.0,79971.395
70,0,0,0,2020.0,0,0,0,0,0,0,0,0,0,,,,,0,0,0,,0,0,0,,0,0,0,,,,,,,,,,,,,,,,,,0,581,0,0,0,0,0,0,358,675,34,52,659,395,65,557,0,0,165,546,0,0,0,0,0,0,37,649,694,28,503,324,34,197,1,0,0,312,103,94,85,104,85,67,,0,,,,,,,,,,,,1,,,,,,,,,,,0,0,0,0,0,0,0,0,0,0,0,0,0,0,0,0,0,0,0,,,0,,0,,0,,0,0,0,,0,,0,0,0,,0,,0,,0,,0,0,0,0,,0,0,0,,0,0,0,,0,0,0,,0,0,0,,0,0,0,,0,,,,0,0,0,0,,,0,0,0,,0,0,,0,0,0,0,0,0,0,0,0,,,,,,,,,,,,,,,,,,,,,,,,,,,,0,,,,,,,,,,,,,,,,,,,,,,,,,,,0,,,,,,,,,,,,,,,,,,,,,,,,,,,,,,,,,,,,,,0,0,0,0,0,0,,0,,0,0,0,,0,0,0,0,0,,0,,0,,,,,,,,,,,,,,1,,0,,,,,,,,,,,,0,,,,,,,,,,0,0,0,0,0,0,0,0,,,0,0,0,0,0,0,,0,0,,,,,,,0,0,0,0,0,0,0,30.0,35.27
87,0,0,0,2020.0,0,0,0,0,0,0,0,0,0,,,,,0,0,0,,0,0,0,,0,0,0,,,,,,,,,,,,,,,,,,0,436,0,0,0,0,0,0,529,646,624,540,440,201,593,407,387,0,228,369,0,0,0,0,1,5,571,407,653,550,405,133,618,224,94,1,0,17,103,94,85,104,85,67,,0,,,,,,,,,,,,1,,,,,,,,,,,0,0,0,0,0,0,0,0,0,0,0,0,0,0,0,0,0,0,0,,,0,,0,,0,,0,0,0,,0,,0,0,0,,0,,0,,0,,0,0,0,0,,0,0,0,,0,0,0,,0,0,0,,0,0,0,,0,0,0,,0,,,,0,0,0,0,,,0,0,0,,0,0,,0,0,0,0,0,0,0,0,0,,,,,,,,,,,,,,,,,,,,,,,,,,,,0,,,,,,,,,,,,,,,,,,,,,,,,,,,0,,,,,,,,,,,,,,,,,,,,,,,,,,,,,,,,,,,,,,0,0,0,0,0,0,,0,,0,0,0,,0,0,0,0,0,,0,,0,,,,,,,,,,,,,,1,,0,,,,,,,,,,,,0,,,,,,,,,,0,0,0,0,0,0,0,0,,,0,0,0,0,0,0,,0,0,,,,,,,0,0,0,0,0,0,0,254.0,251.66
25,0,0,0,2025.0,0,0,0,0,0,0,0,0,0,,,,,0,0,0,,0,0,0,,0,0,0,,,,,,,,,,,,,,,,,,5,175,0,49,143,212,209,271,507,83,603,475,336,252,74,76,250,20,261,273,13,112,123,272,85,206,600,243,20,541,430,275,135,496,390,226,90,288,103,94,85,104,85,67,,0,,,,,,,,,,,,1,,,,,,,,,,,0,0,0,0,0,0,0,0,0,0,0,0,0,0,0,0,0,0,0,,,0,,0,,0,,0,0,0,,0,,0,0,0,,0,,0,,0,,0,0,0,0,,0,0,0,,0,0,0,,0,0,0,,0,0,0,,0,0,0,,0,,,,0,0,0,0,,,0,0,0,,0,0,,0,0,0,0,0,0,0,0,0,,,,,,,,,,,,,,,,,,,,,,,,,,,,0,,,,,,,,,,,,,,,,,,,,,,,,,,,0,,,,,,,,,,,,,,,,,,,,,,,,,,,,,,,,,,,,,,0,0,0,0,0,0,,0,,0,0,0,,0,0,0,0,0,,0,,0,,,,,,,,,,,,,,1,,0,,,,,,,,,,,,0,,,,,,,,,,0,0,0,0,0,0,0,0,,,0,0,0,0,0,0,,0,0,,,,,,,0,0,0,0,0,0,0,36463.0,36483.045
48,0,0,0,2025.0,0,0,0,0,0,0,0,0,0,,,,,0,0,0,,0,0,0,,0,0,0,,,,,,,,,,,,,,,,,,5,269,0,33,100,128,135,187,598,268,62,586,473,364,195,178,374,74,210,329,3,16,29,224,89,149,48,457,208,661,505,412,237,18,504,302,0,252,103,94,85,104,85,67,,0,,,,,,,,,,,,1,,,,,,,,,,,0,0,0,0,0,0,0,0,0,0,0,0,0,0,0,0,0,0,0,,,0,,0,,0,,0,0,0,,0,,0,0,0,,0,,0,,0,,0,0,0,0,,0,0,0,,0,0,0,,0,0,0,,0,0,0,,0,0,0,,0,,,,0,0,0,0,,,0,0,0,,0,0,,0,0,0,0,0,0,0,0,0,,,,,,,,,,,,,,,,,,,,,,,,,,,,0,,,,,,,,,,,,,,,,,,,,,,,,,,,0,,,,,,,,,,,,,,,,,,,,,,,,,,,,,,,,,,,,,,0,0,0,0,0,0,,0,,0,0,0,,0,0,0,0,0,,0,,0,,,,,,,,,,,,,,1,,0,,,,,,,,,,,,0,,,,,,,,,,0,0,0,0,0,0,0,0,,,0,0,0,0,0,0,,0,0,,,,,,,0,0,0,0,0,0,0,76406.0,76649.885
158,0,0,0,2025.0,0,0,0,0,0,0,0,0,0,,,,,0,0,0,,0,0,0,,0,0,0,,,,,,,,,,,,,,,,,,5,256,0,6,113,77,252,21,261,570,434,236,125,21,592,505,150,165,0,324,0,2,133,14,179,280,399,527,501,340,193,86,621,421,330,379,55,0,103,94,85,104,85,67,,0,,,,,,,,,,,,1,,,,,,,,,,,0,0,0,0,0,0,0,0,0,0,0,0,0,0,0,0,0,0,0,,,0,,0,,0,,0,0,0,,0,,0,0,0,,0,,0,,0,,0,0,0,0,,0,0,0,,0,0,0,,0,0,0,,0,0,0,,0,0,0,,0,,,,0,0,0,0,,,0,0,0,,0,0,,0,0,0,0,0,0,0,0,0,,,,,,,,,,,,,,,,,,,,,,,,,,,,0,,,,,,,,,,,,,,,,,,,,,,,,,,,0,,,,,,,,,,,,,,,,,,,,,,,,,,,,,,,,,,,,,,0,0,0,0,0,0,,0,,0,0,0,,0,0,0,0,0,,0,,0,,,,,,,,,,,,,,1,,0,,,,,,,,,,,,0,,,,,,,,,,0,0,0,0,0,0,0,0,,,0,0,0,0,0,0,,0,0,,,,,,,0,0,0,0,0,0,0,56607.0,56741.97
37,0,0,0,2025.0,0,0,0,0,0,0,0,0,0,,,,,0,0,0,,0,0,0,,0,0,0,,,,,,,,,,,,,,,,,,5,156,0,49,133,195,181,234,540,132,657,532,435,292,120,133,316,49,76,243,9,68,105,266,75,188,636,313,64,576,469,362,147,598,462,281,1,49,103,94,85,104,85,67,,0,,,,,,,,,,,,1,,,,,,,,,,,0,0,0,0,0,0,0,0,0,0,0,0,0,0,0,0,0,0,0,,,0,,0,,0,,0,0,0,,0,,0,0,0,,0,,0,,0,,0,0,0,0,,0,0,0,,0,0,0,,0,0,0,,0,0,0,,0,0,0,,0,,,,0,0,0,0,,,0,0,0,,0,0,,0,0,0,0,0,0,0,0,0,,,,,,,,,,,,,,,,,,,,,,,,,,,,0,,,,,,,,,,,,,,,,,,,,,,,,,,,0,,,,,,,,,,,,,,,,,,,,,,,,,,,,,,,,,,,,,,0,0,0,0,0,0,,0,,0,0,0,,0,0,0,0,0,,0,,0,,,,,,,,,,,,,,1,,0,,,,,,,,,,,,0,,,,,,,,,,0,0,0,0,0,0,0,0,,,0,0,0,0,0,0,,0,0,,,,,,,0,0,0,0,0,0,0,51059.0,51210.365
165,0,0,0,2025.0,0,0,0,0,0,0,0,0,0,,,,,0,0,0,,0,0,0,,0,0,0,,,,,,,,,,,,,,,,,,0,594,0,0,0,0,1,9,489,432,576,686,20,663,491,449,55,18,285,595,0,0,0,0,1,5,356,206,561,603,663,682,592,384,288,285,123,312,103,94,85,104,85,67,,0,,,,,,,,,,,,1,,,,,,,,,,,0,0,0,0,0,0,0,0,0,0,0,0,0,0,0,0,0,0,0,,,0,,0,,0,,0,0,0,,0,,0,0,0,,0,,0,,0,,0,0,0,0,,0,0,0,,0,0,0,,0,0,0,,0,0,0,,0,0,0,,0,,,,0,0,0,0,,,0,0,0,,0,0,,0,0,0,0,0,0,0,0,0,,,,,,,,,,,,,,,,,,,,,,,,,,,,0,,,,,,,,,,,,,,,,,,,,,,,,,,,0,,,,,,,,,,,,,,,,,,,,,,,,,,,,,,,,,,,,,,0,0,0,0,0,0,,0,,0,0,0,,0,0,0,0,0,,0,,0,,,,,,,,,,,,,,1,,0,,,,,,,,,,,,0,,,,,,,,,,0,0,0,0,0,0,0,0,,,0,0,0,0,0,0,,0,0,,,,,,,0,0,0,0,0,0,0,864.0,853.53
20,0,0,0,2025.0,0,0,0,0,0,0,0,0,0,,,,,0,0,0,,0,0,0,,0,0,0,,,,,,,,,,,,,,,,,,6,291,0,0,0,0,0,0,389,233,266,223,167,120,22,25,141,23,370,108,0,0,0,165,355,49,496,90,210,193,135,59,617,389,259,202,1,317,103,94,85,104,85,67,,0,,,,,,,,,,,,1,,,,,,,,,,,0,0,0,0,0,0,0,0,0,0,0,0,0,0,0,0,0,0,0,,,0,,0,,0,,0,0,0,,0,,0,0,0,,0,,0,,0,,0,0,0,0,,0,0,0,,0,0,0,,0,0,0,,0,0,0,,0,0,0,,0,,,,0,0,0,0,,,0,0,0,,0,0,,0,0,0,0,0,0,0,0,0,,,,,,,,,,,,,,,,,,,,,,,,,,,,0,,,,,,,,,,,,,,,,,,,,,,,,,,,0,,,,,,,,,,,,,,,,,,,,,,,,,,,,,,,,,,,,,,0,0,0,0,0,0,,0,,0,0,0,,0,0,0,0,0,,0,,0,,,,,,,,,,,,,,1,,0,,,,,,,,,,,,0,,,,,,,,,,0,0,0,0,0,0,0,0,,,0,0,0,0,0,0,,0,0,,,,,,,0,0,0,0,0,0,0,1824.0,1802.275
172,0,0,0,2025.0,0,0,0,0,0,0,0,0,0,,,,,0,0,0,,0,0,0,,0,0,0,,,,,,,,,,,,,,,,,,6,99,4,81,146,218,278,0,0,0,0,191,5,198,156,429,285,40,0,418,31,170,234,305,382,0,0,0,376,2,359,4,605,197,374,286,0,0,103,94,85,104,85,67,,0,,,,,,,,,,,,1,,,,,,,,,,,0,0,0,0,0,0,0,0,0,0,0,0,0,0,0,0,0,0,0,,,0,,0,,0,,0,0,0,,0,,0,0,0,,0,,0,,0,,0,0,0,0,,0,0,0,,0,0,0,,0,0,0,,0,0,0,,0,0,0,,0,,,,0,0,0,0,,,0,0,0,,0,0,,0,0,0,0,0,0,0,0,0,,,,,,,,,,,,,,,,,,,,,,,,,,,,0,,,,,,,,,,,,,,,,,,,,,,,,,,,0,,,,,,,,,,,,,,,,,,,,,,,,,,,,,,,,,,,,,,0,0,0,0,0,0,,0,,0,0,0,,0,0,0,0,0,,0,,0,,,,,,,,,,,,,,1,,0,,,,,,,,,,,,0,,,,,,,,,,0,0,0,0,0,0,0,0,,,0,0,0,0,0,0,,0,0,,,,,,,0,0,0,0,0,0,0,0.0,286.505
0,0,0,0,2019.0,0,0,0,0,0,0,0,0,0,,,,,0,0,0,,0,0,0,,0,0,0,,,,,,,,,,,,,,,,,,1,111,5,82,147,219,279,9,108,580,518,460,419,313,94,89,194,132,69,13,32,171,235,306,383,253,21,258,423,381,363,212,74,479,425,263,90,4,103,94,85,104,85,67,,0,,,,,,,,,,,,1,,,,,,,,,,,0,0,0,0,0,0,0,0,0,0,0,0,0,0,0,0,0,0,0,,,0,,0,,0,,0,0,0,,0,,0,0,0,,0,,0,,0,,0,0,0,0,,0,0,0,,0,0,0,,0,0,0,,0,0,0,,0,0,0,,0,,,,0,0,0,0,,,0,0,0,,0,0,,0,0,0,0,0,0,0,0,0,,,,,,,,,,,,,,,,,,,,,,,,,,,,0,,,,,,,,,,,,,,,,,,,,,,,,,,,0,,,,,,,,,,,,,,,,,,,,,,,,,,,,,,,,,,,,,,0,0,0,0,0,0,,0,,0,0,0,,0,0,0,0,0,,0,,0,,,,,,,,,,,,,,5,,0,,,,,,,,,,,,0,,,,,,,,,,0,0,0,0,0,0,0,0,,,0,0,0,0,0,0,,0,0,,,,,,,0,0,0,0,0,0,0,361.0,644.575
98,0,0,0,2020.0,0,0,0,0,0,0,0,0,0,,,,,0,0,0,,0,0,0,,0,0,0,,,,,,,,,,,,,,,,,,0,61,0,0,0,0,0,0,144,416,461,300,188,675,377,236,312,40,119,21,0,0,1,165,345,49,563,254,422,308,151,658,441,59,469,263,0,126,103,94,85,104,85,67,,0,,,,,,,,,,,,1,,,,,,,,,,,0,0,0,0,0,0,0,0,0,0,0,0,0,0,0,0,0,0,0,,,0,,0,,0,,0,0,0,,0,,0,0,0,,0,,0,,0,,0,0,0,0,,0,0,0,,0,0,0,,0,0,0,,0,0,0,,0,0,0,,0,,,,0,0,0,0,,,0,0,0,,0,0,,0,0,0,0,0,0,0,0,0,,,,,,,,,,,,,,,,,,,,,,,,,,,,0,,,,,,,,,,,,,,,,,,,,,,,,,,,0,,,,,,,,,,,,,,,,,,,,,,,,,,,,,,,,,,,,,,0,0,0,0,0,0,,0,,0,0,0,,0,0,0,0,0,,0,,0,,,,,,,,,,,,,,1,,0,,,,,,,,,,,,0,,,,,,,,,,0,0,0,0,0,0,0,0,,,0,0,0,0,0,0,,0,0,,,,,,,0,0,0,0,0,0,0,1665.0,1636.735
159,0,0,0,2023.0,0,0,0,0,0,0,0,0,0,,,,,0,0,0,,0,0,0,,0,0,0,,,,,,,,,,,,,,,,,,5,238,0,9,93,76,248,18,246,551,420,231,126,16,562,539,151,165,0,313,0,158,130,9,174,270,390,532,490,330,190,93,620,407,339,5,66,0,103,94,85,104,85,67,,0,,,,,,,,,,,,1,,,,,,,,,,,0,0,0,0,0,0,0,0,0,0,0,0,0,0,0,0,0,0,0,,,0,,0,,0,,0,0,0,,0,,0,0,0,,0,,0,,0,,0,0,0,0,,0,0,0,,0,0,0,,0,0,0,,0,0,0,,0,0,0,,0,,,,0,0,0,0,,,0,0,0,,0,0,,0,0,0,0,0,0,0,0,0,,,,,,,,,,,,,,,,,,,,,,,,,,,,0,,,,,,,,,,,,,,,,,,,,,,,,,,,0,,,,,,,,,,,,,,,,,,,,,,,,,,,,,,,,,,,,,,0,0,0,0,0,0,,0,,0,0,0,,0,0,0,0,0,,0,,0,,,,,,,,,,,,,,1,,0,,,,,,,,,,,,0,,,,,,,,,,0,0,0,0,0,0,0,0,,,0,0,0,0,0,0,,0,0,,,,,,,0,0,0,0,0,0,0,57116.0,57142.41
29,0,0,0,2025.0,0,0,0,0,0,0,0,0,0,,,,,0,0,0,,0,0,0,,0,0,0,,,,,,,,,,,,,,,,,,6,371,0,0,0,1,77,134,432,298,373,285,219,209,74,81,211,57,333,233,0,0,1,0,355,412,556,172,331,273,210,141,40,480,378,254,72,273,103,94,85,104,85,67,,0,,,,,,,,,,,,1,,,,,,,,,,,0,0,0,0,0,0,0,0,0,0,0,0,0,0,0,0,0,0,0,,,0,,0,,0,,0,0,0,,0,,0,0,0,,0,,0,,0,,0,0,0,0,,0,0,0,,0,0,0,,0,0,0,,0,0,0,,0,0,0,,0,,,,0,0,0,0,,,0,0,0,,0,0,,0,0,0,0,0,0,0,0,0,,,,,,,,,,,,,,,,,,,,,,,,,,,,0,,,,,,,,,,,,,,,,,,,,,,,,,,,0,,,,,,,,,,,,,,,,,,,,,,,,,,,,,,,,,,,,,,0,0,0,0,0,0,,0,,0,0,0,,0,0,0,0,0,,0,,0,,,,,,,,,,,,,,1,,0,,,,,,,,,,,,0,,,,,,,,,,0,0,0,0,0,0,0,0,,,0,0,0,0,0,0,,0,0,,,,,,,0,0,0,0,0,0,0,2037.0,2035.665
40,0,0,0,2019.0,0,0,0,0,0,0,0,0,0,,,,,0,0,0,,0,0,0,,0,0,0,,,,,,,,,,,,,,,,,,1,273,0,0,0,0,122,134,370,337,425,358,316,236,114,130,298,34,142,118,0,0,0,62,345,412,506,170,347,329,250,191,76,527,431,276,103,39,103,94,85,104,85,67,,0,,,,,,,,,,,,1,,,,,,,,,,,0,0,0,0,0,0,0,0,0,0,0,0,0,0,0,0,0,0,0,,,0,,0,,0,,0,0,0,,0,,0,0,0,,0,,0,,0,,0,0,0,0,,0,0,0,,0,0,0,,0,0,0,,0,0,0,,0,0,0,,0,,,,0,0,0,0,,,0,0,0,,0,0,,0,0,0,0,0,0,0,0,0,,,,,,,,,,,,,,,,,,,,,,,,,,,,0,,,,,,,,,,,,,,,,,,,,,,,,,,,0,,,,,,,,,,,,,,,,,,,,,,,,,,,,,,,,,,,,,,0,0,0,0,0,0,,0,,0,0,0,,0,0,0,0,0,,0,,0,,,,,,,,,,,,,,5,,0,,,,,,,,,,,,0,,,,,,,,,,0,0,0,0,0,0,0,0,,,0,0,0,0,0,0,,0,0,,,,,,,0,0,0,0,0,0,0,2014.0,2024.295
161,0,0,0,2020.0,0,0,0,0,0,0,0,0,0,,,,,0,0,0,,0,0,0,,0,0,0,,,,,,,,,,,,,,,,,,1,680,4,81,146,218,278,5,5,588,477,328,230,230,99,603,482,234,385,684,31,170,234,305,382,122,269,433,578,423,284,221,165,7,574,384,143,390,16,8,19,14,63,3,,0,,,,,,,,,,,,1,,,,,,,,,,,0,0,0,0,0,0,0,0,0,0,0,0,0,0,0,0,0,0,0,,,0,,0,,0,,0,0,0,,0,,0,0,0,,0,,0,,0,,0,0,0,0,,0,0,0,,0,0,0,,0,0,0,,0,0,0,,0,0,0,,0,,,,0,0,0,0,,,0,0,0,,0,0,,0,0,0,0,0,0,0,0,0,,,,,,,,,,,,,,,,,,,,,,,,,,,,0,,,,,,,,,,,,,,,,,,,,,,,,,,,0,,,,,,,,,,,,,,,,,,,,,,,,,,,,,,,,,,,,,,0,0,0,0,0,0,,0,,0,0,0,,0,0,0,0,0,,0,,0,,,,,,,,,,,,,,1,,0,,,,,,,,,,,,0,,,,,,,,,,0,0,0,0,0,0,0,0,,,0,0,0,0,0,0,,0,0,,,,,,,0,0,0,0,0,0,0,38.9,38.774999999999885
69,0,0,0,2019.0,0,0,0,0,0,0,0,0,0,,,,,0,0,0,,0,0,0,,0,0,0,,,,,,,,,,,,,,,,,,1,558,0,0,0,0,0,0,445,671,693,676,617,335,49,349,1,0,112,526,0,0,0,0,0,0,548,576,708,669,511,199,605,5,1,0,0,2,103,94,85,104,85,67,,0,,,,,,,,,,,,1,,,,,,,,,,,0,0,0,0,0,0,0,0,0,0,0,0,0,0,0,0,0,0,0,,,0,,0,,0,,0,0,0,,0,,0,0,0,,0,,0,,0,,0,0,0,0,,0,0,0,,0,0,0,,0,0,0,,0,0,0,,0,0,0,,0,,,,0,0,0,0,,,0,0,0,,0,0,,0,0,0,0,0,0,0,0,0,,,,,,,,,,,,,,,,,,,,,,,,,,,,0,,,,,,,,,,,,,,,,,,,,,,,,,,,0,,,,,,,,,,,,,,,,,,,,,,,,,,,,,,,,,,,,,,0,0,0,0,0,0,,0,,0,0,0,,0,0,0,0,0,,0,,0,,,,,,,,,,,,,,0,,0,,,,,,,,,,,,0,,,,,,,,,,0,0,0,0,0,0,0,0,,,0,0,0,0,0,0,,0,0,,,,,,,0,0,0,0,0,0,0,28.0,89.005
83,0,0,0,2020.0,0,0,0,0,0,0,0,0,0,,,,,0,0,0,,0,0,0,,0,0,0,,,,,,,,,,,,,,,,,,6,247,0,0,0,0,1,9,182,200,284,275,324,365,271,281,45,216,237,70,0,0,0,0,269,282,304,35,229,278,244,257,197,36,66,211,2,138,103,94,85,104,85,67,,0,,,,,,,,,,,,1,,,,,,,,,,,0,0,0,0,0,0,0,0,0,0,0,0,0,0,0,0,0,0,0,,,0,,0,,0,,0,0,0,,0,,0,0,0,,0,,0,,0,,0,0,0,0,,0,0,0,,0,0,0,,0,0,0,,0,0,0,,0,0,0,,0,,,,0,0,0,0,,,0,0,0,,0,0,,0,0,0,0,0,0,0,0,0,,,,,,,,,,,,,,,,,,,,,,,,,,,,0,,,,,,,,,,,,,,,,,,,,,,,,,,,0,,,,,,,,,,,,,,,,,,,,,,,,,,,,,,,,,,,,,,0,0,0,0,0,0,,0,,0,0,0,,0,0,0,0,0,,0,,0,,,,,,,,,,,,,,1,,0,,,,,,,,,,,,0,,,,,,,,,,0,0,0,0,0,0,0,0,,,0,0,0,0,0,0,,0,0,,,,,,,0,0,0,0,0,0,0,1067.0,1073.805
98,0,0,0,2019.0,0,0,0,0,0,0,0,0,0,,,,,0,0,0,,0,0,0,,0,0,0,,,,,,,,,,,,,,,,,,1,61,0,0,0,0,0,0,144,416,461,300,188,675,377,236,312,40,119,21,0,0,1,165,345,49,563,254,422,308,151,658,441,59,469,263,0,126,103,94,85,104,85,67,,0,,,,,,,,,,,,1,,,,,,,,,,,0,0,0,0,0,0,0,0,0,0,0,0,0,0,0,0,0,0,0,,,0,,0,,0,,0,0,0,,0,,0,0,0,,0,,0,,0,,0,0,0,0,,0,0,0,,0,0,0,,0,0,0,,0,0,0,,0,0,0,,0,,,,0,0,0,0,,,0,0,0,,0,0,,0,0,0,0,0,0,0,0,0,,,,,,,,,,,,,,,,,,,,,,,,,,,,0,,,,,,,,,,,,,,,,,,,,,,,,,,,0,,,,,,,,,,,,,,,,,,,,,,,,,,,,,,,,,,,,,,0,0,0,0,0,0,,0,,0,0,0,,0,0,0,0,0,,0,,0,,,,,,,,,,,,,,0,,0,,,,,,,,,,,,0,,,,,,,,,,0,0,0,0,0,0,0,0,,,0,0,0,0,0,0,,0,0,,,,,,,0,0,0,0,0,0,0,1665.0,1615.75
110,0,0,0,2020.0,0,0,0,0,0,0,0,0,0,,,,,0,0,0,,0,0,0,,0,0,0,,,,,,,,,,,,,,,,,,6,129,0,0,0,0,0,0,452,614,20,88,186,297,278,357,186,68,180,72,0,1,0,62,213,341,276,382,688,156,165,287,286,200,220,329,105,124,103,94,85,104,85,67,,0,,,,,,,,,,,,1,,,,,,,,,,,0,0,0,0,0,0,0,0,0,0,0,0,0,0,0,0,0,0,0,,,0,,0,,0,,0,0,0,,0,,0,0,0,,0,,0,,0,,0,0,0,0,,0,0,0,,0,0,0,,0,0,0,,0,0,0,,0,0,0,,0,,,,0,0,0,0,,,0,0,0,,0,0,,0,0,0,0,0,0,0,0,0,,,,,,,,,,,,,,,,,,,,,,,,,,,,0,,,,,,,,,,,,,,,,,,,,,,,,,,,0,,,,,,,,,,,,,,,,,,,,,,,,,,,,,,,,,,,,,,0,0,0,0,0,0,,0,,0,0,0,,0,0,0,0,0,,0,,0,,,,,,,,,,,,,,1,,0,,,,,,,,,,,,0,,,,,,,,,,0,0,0,0,0,0,0,0,,,0,0,0,0,0,0,,0,0,,,,,,,0,0,0,0,0,0,0,267.0,271.305
10,0,0,0,2023.0,0,0,0,0,0,0,0,0,0,,,,,0,0,0,,0,0,0,,0,0,0,,,,,,,,,,,,,,,,,,5,41,0,1,76,98,70,107,423,693,510,322,180,100,629,569,51,177,301,71,15,59,4,157,347,48,455,135,626,437,277,103,623,347,233,136,0,334,103,94,85,104,85,67,,0,,,,,,,,,,,,1,,,,,,,,,,,0,0,0,0,0,0,0,0,0,0,0,0,0,0,0,0,0,0,0,,,0,,0,,0,,0,0,0,,0,,0,0,0,,0,,0,,0,,0,0,0,0,,0,0,0,,0,0,0,,0,0,0,,0,0,0,,0,0,0,,0,,,,0,0,0,0,,,0,0,0,,0,0,,0,0,0,0,0,0,0,0,0,,,,,,,,,,,,,,,,,,,,,,,,,,,,0,,,,,,,,,,,,,,,,,,,,,,,,,,,0,,,,,,,,,,,,,,,,,,,,,,,,,,,,,,,,,,,,,,0,0,0,0,0,0,,0,,0,0,0,,0,0,0,0,0,,0,,0,,,,,,,,,,,,,,1,,0,,,,,,,,,,,,0,,,,,,,,,,0,0,0,0,0,0,0,0,,,0,0,0,0,0,0,,0,0,,,,,,,0,0,0,0,0,0,0,23721.0,23749.815
15,0,0,0,2025.0,0,0,0,0,0,0,0,0,0,,,,,0,0,0,,0,0,0,,0,0,0,,,,,,,,,,,,,,,,,,5,82,0,67,98,117,97,146,456,21,544,421,222,139,9,23,113,20,291,144,19,73,47,179,371,71,520,200,666,473,364,143,663,391,273,239,1,319,103,94,85,104,85,67,,0,,,,,,,,,,,,1,,,,,,,,,,,0,0,0,0,0,0,0,0,0,0,0,0,0,0,0,0,0,0,0,,,0,,0,,0,,0,0,0,,0,,0,0,0,,0,,0,,0,,0,0,0,0,,0,0,0,,0,0,0,,0,0,0,,0,0,0,,0,0,0,,0,,,,0,0,0,0,,,0,0,0,,0,0,,0,0,0,0,0,0,0,0,0,,,,,,,,,,,,,,,,,,,,,,,,,,,,0,,,,,,,,,,,,,,,,,,,,,,,,,,,0,,,,,,,,,,,,,,,,,,,,,,,,,,,,,,,,,,,,,,0,0,0,0,0,0,,0,,0,0,0,,0,0,0,0,0,,0,,0,,,,,,,,,,,,,,1,,0,,,,,,,,,,,,0,,,,,,,,,,0,0,0,0,0,0,0,0,,,0,0,0,0,0,0,,0,0,,,,,,,0,0,0,0,0,0,0,28339.0,28247.695
51,0,0,0,2025.0,0,0,0,0,0,0,0,0,0,,,,,0,0,0,,0,0,0,,0,0,0,,,,,,,,,,,,,,,,,,5,352,2,33,126,155,149,199,48,295,75,601,489,358,215,173,380,84,190,376,5,15,28,222,112,161,100,504,232,692,514,424,247,35,520,302,90,224,103,94,85,104,85,67,,0,,,,,,,,,,,,1,,,,,,,,,,,0,0,0,0,0,0,0,0,0,0,0,0,0,0,0,0,0,0,0,,,0,,0,,0,,0,0,0,,0,,0,0,0,,0,,0,,0,,0,0,0,0,,0,0,0,,0,0,0,,0,0,0,,0,0,0,,0,0,0,,0,,,,0,0,0,0,,,0,0,0,,0,0,,0,0,0,0,0,0,0,0,0,,,,,,,,,,,,,,,,,,,,,,,,,,,,0,,,,,,,,,,,,,,,,,,,,,,,,,,,0,,,,,,,,,,,,,,,,,,,,,,,,,,,,,,,,,,,,,,0,0,0,0,0,0,,0,,0,0,0,,0,0,0,0,0,,0,,0,,,,,,,,,,,,,,1,,0,,,,,,,,,,,,0,,,,,,,,,,0,0,0,0,0,0,0,0,,,0,0,0,0,0,0,,0,0,,,,,,,0,0,0,0,0,0,0,85046.0,84904.25
44,0,0,0,2023.0,0,0,0,0,0,0,0,0,0,,,,,0,0,0,,0,0,0,,0,0,0,,,,,,,,,,,,,,,,,,2,163,0,18,118,152,159,206,569,171,616,272,56,516,194,57,227,40,206,280,3,48,48,240,105,181,26,392,88,519,224,45,493,222,27,338,1,259,103,94,85,104,85,67,,0,,,,,,,,,,,,1,,,,,,,,,,,0,0,0,0,0,0,0,0,0,0,0,0,0,0,0,0,0,0,0,,,0,,0,,0,,0,0,0,,0,,0,0,0,,0,,0,,0,,0,0,0,0,,0,0,0,,0,0,0,,0,0,0,,0,0,0,,0,0,0,,0,,,,0,0,0,0,,,0,0,0,,0,0,,0,0,0,0,0,0,0,0,0,,,,,,,,,,,,,,,,,,,,,,,,,,,,0,,,,,,,,,,,,,,,,,,,,,,,,,,,0,,,,,,,,,,,,,,,,,,,,,,,,,,,,,,,,,,,,,,0,0,0,0,0,0,,0,,0,0,0,,0,0,0,0,0,,0,,0,,,,,,,,,,,,,,1,,0,,,,,,,,,,,,0,,,,,,,,,,0,0,0,0,0,0,0,0,,,0,0,0,0,0,0,,0,0,,,,,,,0,0,0,0,0,0,0,66095.0,65980.4
77,0,0,0,2023.0,0,0,0,0,0,0,0,0,0,,,,,0,0,0,,0,0,0,,0,0,0,,,,,,,,,,,,,,,,,,2,372,0,10,6,214,146,217,36,380,77,541,300,89,531,381,435,80,40,400,15,91,119,245,77,183,116,628,273,642,427,227,21,406,322,230,1,63,103,94,85,104,85,67,,0,,,,,,,,,,,,1,,,,,,,,,,,0,0,0,0,0,0,0,0,0,0,0,0,0,0,0,0,0,0,0,,,0,,0,,0,,0,0,0,,0,,0,0,0,,0,,0,,0,,0,0,0,0,,0,0,0,,0,0,0,,0,0,0,,0,0,0,,0,0,0,,0,,,,0,0,0,0,,,0,0,0,,0,0,,0,0,0,0,0,0,0,0,0,,,,,,,,,,,,,,,,,,,,,,,,,,,,0,,,,,,,,,,,,,,,,,,,,,,,,,,,0,,,,,,,,,,,,,,,,,,,,,,,,,,,,,,,,,,,,,,0,0,0,0,0,0,,0,,0,0,0,,0,0,0,0,0,,0,,0,,,,,,,,,,,,,,1,,0,,,,,,,,,,,,0,,,,,,,,,,0,0,0,0,0,0,0,0,,,0,0,0,0,0,0,,0,0,,,,,,,0,0,0,0,0,0,0,99151.0,99059.805
102,0,0,0,2019.0,0,0,0,0,0,0,0,0,0,,,,,0,0,0,,0,0,0,,0,0,0,,,,,,,,,,,,,,,,,,1,315,0,0,0,0,1,9,367,585,555,467,278,95,523,285,321,0,53,298,0,0,125,1,28,66,115,472,537,468,298,117,570,256,70,53,1,80,103,94,85,104,85,67,,0,,,,,,,,,,,,1,,,,,,,,,,,0,0,0,0,0,0,0,0,0,0,0,0,0,0,0,0,0,0,0,,,0,,0,,0,,0,0,0,,0,,0,0,0,,0,,0,,0,,0,0,0,0,,0,0,0,,0,0,0,,0,0,0,,0,0,0,,0,0,0,,0,,,,0,0,0,0,,,0,0,0,,0,0,,0,0,0,0,0,0,0,0,0,,,,,,,,,,,,,,,,,,,,,,,,,,,,0,,,,,,,,,,,,,,,,,,,,,,,,,,,0,,,,,,,,,,,,,,,,,,,,,,,,,,,,,,,,,,,,,,0,0,0,0,0,0,,0,,0,0,0,,0,0,0,0,0,,0,,0,,,,,,,,,,,,,,0,,0,,,,,,,,,,,,0,,,,,,,,,,0,0,0,0,0,0,0,0,,,0,0,0,0,0,0,,0,0,,,,,,,0,0,0,0,0,0,0,3686.0,3634.055
172,0,0,0,2023.0,0,0,0,0,0,0,0,0,0,,,,,0,0,0,,0,0,0,,0,0,0,,,,,,,,,,,,,,,,,,2,620,0,49,50,151,27,104,425,129,677,465,274,185,54,600,188,114,165,619,0,64,154,33,259,346,589,163,144,600,400,217,115,588,424,377,42,312,103,94,85,104,85,67,,0,,,,,,,,,,,,1,,,,,,,,,,,0,0,0,0,0,0,0,0,0,0,0,0,0,0,0,0,0,0,0,,,0,,0,,0,,0,0,0,,0,,0,0,0,,0,,0,,0,,0,0,0,0,,0,0,0,,0,0,0,,0,0,0,,0,0,0,,0,0,0,,0,,,,0,0,0,0,,,0,0,0,,0,0,,0,0,0,0,0,0,0,0,0,,,,,,,,,,,,,,,,,,,,,,,,,,,,0,,,,,,,,,,,,,,,,,,,,,,,,,,,0,,,,,,,,,,,,,,,,,,,,,,,,,,,,,,,,,,,,,,0,0,0,0,0,0,,0,,0,0,0,,0,0,0,0,0,,0,,0,,,,,,,,,,,,,,1,,0,,,,,,,,,,,,0,,,,,,,,,,0,0,0,0,0,0,0,0,,,0,0,0,0,0,0,,0,0,,,,,,,0,0,0,0,0,0,0,16436.0,17354.185
127,0,0,0,2019.0,0,0,0,0,0,0,0,0,0,,,,,0,0,0,,0,0,0,,0,0,0,,,,,,,,,,,,,,,,,,1,636,0,0,0,0,189,189,307,79,41,651,543,469,242,233,390,121,386,629,0,0,1,182,301,309,580,115,73,679,569,480,377,116,44,65,103,391,103,94,85,104,85,67,,0,,,,,,,,,,,,1,,,,,,,,,,,0,0,0,0,0,0,0,0,0,0,0,0,0,0,0,0,0,0,0,,,0,,0,,0,,0,0,0,,0,,0,0,0,,0,,0,,0,,0,0,0,0,,0,0,0,,0,0,0,,0,0,0,,0,0,0,,0,0,0,,0,,,,0,0,0,0,,,0,0,0,,0,0,,0,0,0,0,0,0,0,0,0,,,,,,,,,,,,,,,,,,,,,,,,,,,,0,,,,,,,,,,,,,,,,,,,,,,,,,,,0,,,,,,,,,,,,,,,,,,,,,,,,,,,,,,,,,,,,,,0,0,0,0,0,0,,0,,0,0,0,,0,0,0,0,0,,0,,0,,,,,,,,,,,,,,0,,0,,,,,,,,,,,,0,,,,,,,,,,0,0,0,0,0,0,0,0,,,0,0,0,0,0,0,,0,0,,,,,,,0,0,0,0,0,0,0,14013.0,13924.135
3,0,0,0,2023.0,0,0,0,0,0,0,0,0,0,,,,,0,0,0,,0,0,0,,0,0,0,,,,,,,,,,,,,,,,,,5,39,0,1,47,50,20,48,333,616,334,182,44,619,378,292,402,193,376,68,7,4,170,64,273,362,349,30,488,239,103,628,431,222,34,2,90,389,103,94,85,104,85,67,,0,,,,,,,,,,,,1,,,,,,,,,,,0,0,0,0,0,0,0,0,0,0,0,0,0,0,0,0,0,0,0,,,0,,0,,0,,0,0,0,,0,,0,0,0,,0,,0,,0,,0,0,0,0,,0,0,0,,0,0,0,,0,0,0,,0,0,0,,0,0,0,,0,,,,0,0,0,0,,,0,0,0,,0,0,,0,0,0,0,0,0,0,0,0,,,,,,,,,,,,,,,,,,,,,,,,,,,,0,,,,,,,,,,,,,,,,,,,,,,,,,,,0,,,,,,,,,,,,,,,,,,,,,,,,,,,,,,,,,,,,,,0,0,0,0,0,0,,0,,0,0,0,,0,0,0,0,0,,0,,0,,,,,,,,,,,,,,1,,0,,,,,,,,,,,,0,,,,,,,,,,0,0,0,0,0,0,0,0,,,0,0,0,0,0,0,,0,0,,,,,,,0,0,0,0,0,0,0,14853.0,14869.135
143,0,0,0,2019.0,0,0,0,0,0,0,0,0,0,,,,,0,0,0,,0,0,0,,0,0,0,,,,,,,,,,,,,,,,,,1,202,0,44,43,24,130,227,512,381,14,428,113,610,383,347,5,20,386,299,0,133,96,208,378,84,15,582,230,542,202,657,437,255,228,6,73,391,103,94,85,104,85,67,,0,,,,,,,,,,,,1,,,,,,,,,,,0,0,0,0,0,0,0,0,0,0,0,0,0,0,0,0,0,0,0,,,0,,0,,0,,0,0,0,,0,,0,0,0,,0,,0,,0,,0,0,0,0,,0,0,0,,0,0,0,,0,0,0,,0,0,0,,0,0,0,,0,,,,0,0,0,0,,,0,0,0,,0,0,,0,0,0,0,0,0,0,0,0,,,,,,,,,,,,,,,,,,,,,,,,,,,,0,,,,,,,,,,,,,,,,,,,,,,,,,,,0,,,,,,,,,,,,,,,,,,,,,,,,,,,,,,,,,,,,,,0,0,0,0,0,0,,0,,0,0,0,,0,0,0,0,0,,0,,0,,,,,,,,,,,,,,3,,0,,,,,,,,,,,,0,,,,,,,,,,0,0,0,0,0,0,0,0,,,0,0,0,0,0,0,,0,0,,,,,,,0,0,0,0,0,0,0,91675.0,91025.95
4,0,0,0,2020.0,0,0,0,0,0,0,0,0,0,,,,,0,0,0,,0,0,0,,0,0,0,,,,,,,,,,,,,,,,,,2,22,0,18,84,87,54,78,398,645,249,13,431,201,593,246,336,0,309,43,12,35,204,112,328,426,419,82,522,228,662,445,112,412,224,1,1,360,103,94,85,104,85,67,,0,,,,,,,,,,,,1,,,,,,,,,,,0,0,0,0,0,0,0,0,0,0,0,0,0,0,0,0,0,0,0,,,0,,0,,0,,0,0,0,,0,,0,0,0,,0,,0,,0,,0,0,0,0,,0,0,0,,0,0,0,,0,0,0,,0,0,0,,0,0,0,,0,,,,0,0,0,0,,,0,0,0,,0,0,,0,0,0,0,0,0,0,0,0,,,,,,,,,,,,,,,,,,,,,,,,,,,,0,,,,,,,,,,,,,,,,,,,,,,,,,,,0,,,,,,,,,,,,,,,,,,,,,,,,,,,,,,,,,,,,,,0,0,0,0,0,0,,0,,0,0,0,,0,0,0,0,0,,0,,0,,,,,,,,,,,,,,1,,0,,,,,,,,,,,,0,,,,,,,,,,0,0,0,0,0,0,0,0,,,0,0,0,0,0,0,,0,0,,,,,,,0,0,0,0,0,0,0,20991.0,20904.49
96,0,0,0,2025.0,0,0,0,0,0,0,0,0,0,,,,,0,0,0,,0,0,0,,0,0,0,,,,,,,,,,,,,,,,,,0,663,0,0,0,0,77,72,66,97,215,146,663,485,391,210,100,0,112,612,0,0,0,1,213,282,308,700,89,99,659,503,336,545,347,156,0,362,103,94,85,104,85,67,,0,,,,,,,,,,,,1,,,,,,,,,,,0,0,0,0,0,0,0,0,0,0,0,0,0,0,0,0,0,0,0,,,0,,0,,0,,0,0,0,,0,,0,0,0,,0,,0,,0,,0,0,0,0,,0,0,0,,0,0,0,,0,0,0,,0,0,0,,0,0,0,,0,,,,0,0,0,0,,,0,0,0,,0,0,,0,0,0,0,0,0,0,0,0,,,,,,,,,,,,,,,,,,,,,,,,,,,,0,,,,,,,,,,,,,,,,,,,,,,,,,,,0,,,,,,,,,,,,,,,,,,,,,,,,,,,,,,,,,,,,,,0,0,0,0,0,0,,0,,0,0,0,,0,0,0,0,0,,0,,0,,,,,,,,,,,,,,1,,0,,,,,,,,,,,,0,,,,,,,,,,0,0,0,0,0,0,0,0,,,0,0,0,0,0,0,,0,0,,,,,,,0,0,0,0,0,0,0,643.0,1271.27
81,0,0,0,2019.0,0,0,0,0,0,0,0,0,0,,,,,0,0,0,,0,0,0,,0,0,0,,,,,,,,,,,,,,,,,,1,451,0,10,46,17,172,246,54,393,130,672,559,498,369,339,52,223,99,457,15,139,137,282,126,226,147,671,312,59,586,482,372,202,137,237,138,91,103,94,85,104,85,67,,0,,,,,,,,,,,,1,,,,,,,,,,,0,0,0,0,0,0,0,0,0,0,0,0,0,0,0,0,0,0,0,,,0,,0,,0,,0,0,0,,0,,0,0,0,,0,,0,,0,,0,0,0,0,,0,0,0,,0,0,0,,0,0,0,,0,0,0,,0,0,0,,0,,,,0,0,0,0,,,0,0,0,,0,0,,0,0,0,0,0,0,0,0,0,,,,,,,,,,,,,,,,,,,,,,,,,,,,0,,,,,,,,,,,,,,,,,,,,,,,,,,,0,,,,,,,,,,,,,,,,,,,,,,,,,,,,,,,,,,,,,,0,0,0,0,0,0,,0,,0,0,0,,0,0,0,0,0,,0,,0,,,,,,,,,,,,,,4,,0,,,,,,,,,,,,0,,,,,,,,,,0,0,0,0,0,0,0,0,,,0,0,0,0,0,0,,0,0,,,,,,,0,0,0,0,0,0,0,118103.0,118093.08
50,0,0,0,2020.0,0,0,0,0,0,0,0,0,0,,,,,0,0,0,,0,0,0,,0,0,0,,,,,,,,,,,,,,,,,,5,322,1,67,117,150,154,202,32,283,65,599,482,365,209,169,339,121,192,351,8,28,24,226,101,155,87,493,219,676,510,415,238,26,499,307,1,219,103,94,85,104,85,67,,0,,,,,,,,,,,,1,,,,,,,,,,,0,0,0,0,0,0,0,0,0,0,0,0,0,0,0,0,0,0,0,,,0,,0,,0,,0,0,0,,0,,0,0,0,,0,,0,,0,,0,0,0,0,,0,0,0,,0,0,0,,0,0,0,,0,0,0,,0,0,0,,0,,,,0,0,0,0,,,0,0,0,,0,0,,0,0,0,0,0,0,0,0,0,,,,,,,,,,,,,,,,,,,,,,,,,,,,0,,,,,,,,,,,,,,,,,,,,,,,,,,,0,,,,,,,,,,,,,,,,,,,,,,,,,,,,,,,,,,,,,,0,0,0,0,0,0,,0,,0,0,0,,0,0,0,0,0,,0,,0,,,,,,,,,,,,,,1,,0,,,,,,,,,,,,0,,,,,,,,,,0,0,0,0,0,0,0,0,,,0,0,0,0,0,0,,0,0,,,,,,,0,0,0,0,0,0,0,82004.0,82550.29
119,0,0,0,2020.0,0,0,0,0,0,0,0,0,0,,,,,0,0,0,,0,0,0,,0,0,0,,,,,,,,,,,,,,,,,,0,401,0,0,0,0,1,9,523,609,504,426,339,216,62,595,32,205,386,382,0,0,0,0,369,412,339,497,523,438,389,302,121,512,336,214,1,391,103,94,85,104,85,67,,0,,,,,,,,,,,,1,,,,,,,,,,,0,0,0,0,0,0,0,0,0,0,0,0,0,0,0,0,0,0,0,,,0,,0,,0,,0,0,0,,0,,0,0,0,,0,,0,,0,,0,0,0,0,,0,0,0,,0,0,0,,0,0,0,,0,0,0,,0,0,0,,0,,,,0,0,0,0,,,0,0,0,,0,0,,0,0,0,0,0,0,0,0,0,,,,,,,,,,,,,,,,,,,,,,,,,,,,0,,,,,,,,,,,,,,,,,,,,,,,,,,,0,,,,,,,,,,,,,,,,,,,,,,,,,,,,,,,,,,,,,,0,0,0,0,0,0,,0,,0,0,0,,0,0,0,0,0,,0,,0,,,,,,,,,,,,,,1,,0,,,,,,,,,,,,0,,,,,,,,,,0,0,0,0,0,0,0,0,,,0,0,0,0,0,0,,0,0,,,,,,,0,0,0,0,0,0,0,4922.0,4792.675
79,0,0,0,2023.0,0,0,0,0,0,0,0,0,0,,,,,0,0,0,,0,0,0,,0,0,0,,,,,,,,,,,,,,,,,,6,304,0,0,0,0,0,0,202,201,346,330,389,380,268,274,20,219,280,174,0,0,0,0,213,253,327,51,320,348,336,294,209,89,84,199,134,193,103,94,85,104,85,67,,0,,,,,,,,,,,,1,,,,,,,,,,,0,0,0,0,0,0,0,0,0,0,0,0,0,0,0,0,0,0,0,,,0,,0,,0,,0,0,0,,0,,0,0,0,,0,,0,,0,,0,0,0,0,,0,0,0,,0,0,0,,0,0,0,,0,0,0,,0,0,0,,0,,,,0,0,0,0,,,0,0,0,,0,0,,0,0,0,0,0,0,0,0,0,,,,,,,,,,,,,,,,,,,,,,,,,,,,0,,,,,,,,,,,,,,,,,,,,,,,,,,,0,,,,,,,,,,,,,,,,,,,,,,,,,,,,,,,,,,,,,,0,0,0,0,0,0,,0,,0,0,0,,0,0,0,0,0,,0,,0,,,,,,,,,,,,,,1,,0,,,,,,,,,,,,0,,,,,,,,,,0,0,0,0,0,0,0,0,,,0,0,0,0,0,0,,0,0,,,,,,,0,0,0,0,0,0,0,1279.0,1273.895
65,0,0,0,2020.0,0,0,0,0,0,0,0,0,0,,,,,0,0,0,,0,0,0,,0,0,0,,,,,,,,,,,,,,,,,,2,355,0,2,5,182,134,203,600,407,97,524,206,19,385,213,373,1,19,386,5,58,63,227,78,157,90,627,299,664,419,156,598,315,115,183,0,41,103,94,85,104,85,67,,0,,,,,,,,,,,,1,,,,,,,,,,,0,0,0,0,0,0,0,0,0,0,0,0,0,0,0,0,0,0,0,,,0,,0,,0,,0,0,0,,0,,0,0,0,,0,,0,,0,,0,0,0,0,,0,0,0,,0,0,0,,0,0,0,,0,0,0,,0,0,0,,0,,,,0,0,0,0,,,0,0,0,,0,0,,0,0,0,0,0,0,0,0,0,,,,,,,,,,,,,,,,,,,,,,,,,,,,0,,,,,,,,,,,,,,,,,,,,,,,,,,,0,,,,,,,,,,,,,,,,,,,,,,,,,,,,,,,,,,,,,,0,0,0,0,0,0,,0,,0,0,0,,0,0,0,0,0,,0,,0,,,,,,,,,,,,,,1,,0,,,,,,,,,,,,0,,,,,,,,,,0,0,0,0,0,0,0,0,,,0,0,0,0,0,0,,0,0,,,,,,,0,0,0,0,0,0,0,97827.0,98024.22
130,0,0,0,2023.0,0,0,0,0,0,0,0,0,0,,,,,0,0,0,,0,0,0,,0,0,0,,,,,,,,,,,,,,,,,,5,521,0,47,37,168,41,114,160,452,224,113,12,611,510,565,296,148,386,531,0,126,31,98,245,390,160,446,373,154,28,630,536,377,428,132,21,391,103,94,85,104,85,67,,0,,,,,,,,,,,,1,,,,,,,,,,,0,0,0,0,0,0,0,0,0,0,0,0,0,0,0,0,0,0,0,,,0,,0,,0,,0,0,0,,0,,0,0,0,,0,,0,,0,,0,0,0,0,,0,0,0,,0,0,0,,0,0,0,,0,0,0,,0,0,0,,0,,,,0,0,0,0,,,0,0,0,,0,0,,0,0,0,0,0,0,0,0,0,,,,,,,,,,,,,,,,,,,,,,,,,,,,0,,,,,,,,,,,,,,,,,,,,,,,,,,,0,,,,,,,,,,,,,,,,,,,,,,,,,,,,,,,,,,,,,,0,0,0,0,0,0,,0,,0,0,0,,0,0,0,0,0,,0,,0,,,,,,,,,,,,,,1,,0,,,,,,,,,,,,0,,,,,,,,,,0,0,0,0,0,0,0,0,,,0,0,0,0,0,0,,0,0,,,,,,,0,0,0,0,0,0,0,85668.0,85700.355
167,0,0,0,2023.0,0,0,0,0,0,0,0,0,0,,,,,0,0,0,,0,0,0,,0,0,0,,,,,,,,,,,,,,,,,,2,585,4,81,146,218,278,41,306,7,645,627,532,447,169,98,346,132,0,616,31,170,234,305,382,136,526,70,83,666,556,463,331,101,501,53,103,0,103,94,85,104,85,67,,0,,,,,,,,,,,,1,,,,,,,,,,,0,0,0,0,0,0,0,0,0,0,0,0,0,0,0,0,0,0,0,,,0,,0,,0,,0,0,0,,0,,0,0,0,,0,,0,,0,,0,0,0,0,,0,0,0,,0,0,0,,0,0,0,,0,0,0,,0,0,0,,0,,,,0,0,0,0,,,0,0,0,,0,0,,0,0,0,0,0,0,0,0,0,,,,,,,,,,,,,,,,,,,,,,,,,,,,0,,,,,,,,,,,,,,,,,,,,,,,,,,,0,,,,,,,,,,,,,,,,,,,,,,,,,,,,,,,,,,,,,,0,0,0,0,0,0,,0,,0,0,0,,0,0,0,0,0,,0,,0,,,,,,,,,,,,,,1,,0,,,,,,,,,,,,0,,,,,,,,,,0,0,0,0,0,0,0,0,,,0,0,0,0,0,0,,0,0,,,,,,,0,0,0,0,0,0,0,762.0,768.565
124,0,0,0,2020.0,0,0,0,0,0,0,0,0,0,,,,,0,0,0,,0,0,0,,0,0,0,,,,,,,,,,,,,,,,,,1,680,4,81,146,218,278,166,257,312,187,78,32,673,572,603,482,234,385,684,31,170,234,305,382,30,255,452,234,96,21,14,636,458,574,384,143,390,80,90,4,81,51,59,,0,,,,,,,,,,,,1,,,,,,,,,,,0,0,0,0,0,0,0,0,0,0,0,0,0,0,0,0,0,0,0,,,0,,0,,0,,0,0,0,,0,,0,0,0,,0,,0,,0,,0,0,0,0,,0,0,0,,0,0,0,,0,0,0,,0,0,0,,0,0,0,,0,,,,0,0,0,0,,,0,0,0,,0,0,,0,0,0,0,0,0,0,0,0,,,,,,,,,,,,,,,,,,,,,,,,,,,,0,,,,,,,,,,,,,,,,,,,,,,,,,,,0,,,,,,,,,,,,,,,,,,,,,,,,,,,,,,,,,,,,,,0,0,0,0,0,0,,0,,0,0,0,,0,0,0,0,0,,0,,0,,,,,,,,,,,,,,1,,0,,,,,,,,,,,,0,,,,,,,,,,0,0,0,0,0,0,0,0,,,0,0,0,0,0,0,,0,0,,,,,,,0,0,0,0,0,0,0,92125.0,91837.75
56,0,0,0,2025.0,0,0,0,0,0,0,0,0,0,,,,,0,0,0,,0,0,0,,0,0,0,,,,,,,,,,,,,,,,,,5,333,0,49,121,131,126,180,599,335,76,593,470,347,166,160,362,74,163,361,4,7,230,203,44,111,67,539,244,690,509,391,213,596,510,327,0,188,103,94,85,104,85,67,,0,,,,,,,,,,,,1,,,,,,,,,,,0,0,0,0,0,0,0,0,0,0,0,0,0,0,0,0,0,0,0,,,0,,0,,0,,0,0,0,,0,,0,0,0,,0,,0,,0,,0,0,0,0,,0,0,0,,0,0,0,,0,0,0,,0,0,0,,0,0,0,,0,,,,0,0,0,0,,,0,0,0,,0,0,,0,0,0,0,0,0,0,0,0,,,,,,,,,,,,,,,,,,,,,,,,,,,,0,,,,,,,,,,,,,,,,,,,,,,,,,,,0,,,,,,,,,,,,,,,,,,,,,,,,,,,,,,,,,,,,,,0,0,0,0,0,0,,0,,0,0,0,,0,0,0,0,0,,0,,0,,,,,,,,,,,,,,1,,0,,,,,,,,,,,,0,,,,,,,,,,0,0,0,0,0,0,0,0,,,0,0,0,0,0,0,,0,0,,,,,,,0,0,0,0,0,0,0,87343.0,87252.45
168,0,0,0,2023.0,0,0,0,0,0,0,0,0,0,,,,,0,0,0,,0,0,0,,0,0,0,,,,,,,,,,,,,,,,,,0,602,0,0,0,0,0,0,390,318,549,634,22,9,559,550,133,47,112,601,0,0,0,0,0,0,122,84,495,593,627,25,653,443,363,368,129,362,103,94,85,104,85,67,,0,,,,,,,,,,,,1,,,,,,,,,,,0,0,0,0,0,0,0,0,0,0,0,0,0,0,0,0,0,0,0,,,0,,0,,0,,0,0,0,,0,,0,0,0,,0,,0,,0,,0,0,0,0,,0,0,0,,0,0,0,,0,0,0,,0,0,0,,0,0,0,,0,,,,0,0,0,0,,,0,0,0,,0,0,,0,0,0,0,0,0,0,0,0,,,,,,,,,,,,,,,,,,,,,,,,,,,,0,,,,,,,,,,,,,,,,,,,,,,,,,,,0,,,,,,,,,,,,,,,,,,,,,,,,,,,,,,,,,,,,,,0,0,0,0,0,0,,0,,0,0,0,,0,0,0,0,0,,0,,0,,,,,,,,,,,,,,1,,0,,,,,,,,,,,,0,,,,,,,,,,0,0,0,0,0,0,0,0,,,0,0,0,0,0,0,,0,0,,,,,,,0,0,0,0,0,0,0,652.0,632.5585
115,0,0,0,2020.0,0,0,0,0,0,0,0,0,0,,,,,0,0,0,,0,0,0,,0,0,0,,,,,,,,,,,,,,,,,,5,501,0,57,48,156,39,112,213,273,111,685,571,545,422,514,267,83,386,511,0,156,68,110,285,425,195,326,115,702,628,548,492,342,372,18,114,391,103,94,85,104,85,67,,0,,,,,,,,,,,,1,,,,,,,,,,,0,0,0,0,0,0,0,0,0,0,0,0,0,0,0,0,0,0,0,,,0,,0,,0,,0,0,0,,0,,0,0,0,,0,,0,,0,,0,0,0,0,,0,0,0,,0,0,0,,0,0,0,,0,0,0,,0,0,0,,0,,,,0,0,0,0,,,0,0,0,,0,0,,0,0,0,0,0,0,0,0,0,,,,,,,,,,,,,,,,,,,,,,,,,,,,0,,,,,,,,,,,,,,,,,,,,,,,,,,,0,,,,,,,,,,,,,,,,,,,,,,,,,,,,,,,,,,,,,,0,0,0,0,0,0,,0,,0,0,0,,0,0,0,0,0,,0,,0,,,,,,,,,,,,,,1,,0,,,,,,,,,,,,0,,,,,,,,,,0,0,0,0,0,0,0,0,,,0,0,0,0,0,0,,0,0,,,,,,,0,0,0,0,0,0,0,81496.0,81520.105
117,0,0,0,2025.0,0,0,0,0,0,0,0,0,0,,,,,0,0,0,,0,0,0,,0,0,0,,,,,,,,,,,,,,,,,,6,110,0,0,0,1,77,134,121,571,622,67,111,260,274,390,213,87,386,75,0,1,1,111,102,105,338,447,640,33,165,259,308,195,281,356,126,391,103,94,85,104,85,67,,0,,,,,,,,,,,,1,,,,,,,,,,,0,0,0,0,0,0,0,0,0,0,0,0,0,0,0,0,0,0,0,,,0,,0,,0,,0,0,0,,0,,0,0,0,,0,,0,,0,,0,0,0,0,,0,0,0,,0,0,0,,0,0,0,,0,0,0,,0,0,0,,0,,,,0,0,0,0,,,0,0,0,,0,0,,0,0,0,0,0,0,0,0,0,,,,,,,,,,,,,,,,,,,,,,,,,,,,0,,,,,,,,,,,,,,,,,,,,,,,,,,,0,,,,,,,,,,,,,,,,,,,,,,,,,,,,,,,,,,,,,,0,0,0,0,0,0,,0,,0,0,0,,0,0,0,0,0,,0,,0,,,,,,,,,,,,,,1,,0,,,,,,,,,,,,0,,,,,,,,,,0,0,0,0,0,0,0,0,,,0,0,0,0,0,0,,0,0,,,,,,,0,0,0,0,0,0,0,414.0,409.17
155,0,0,0,2023.0,0,0,0,0,0,0,0,0,0,,,,,0,0,0,,0,0,0,,0,0,0,,,,,,,,,,,,,,,,,,6,628,0,0,0,0,0,0,445,72,255,351,479,583,10,120,38,109,0,614,0,0,0,1,0,5,316,703,338,446,515,586,596,559,86,295,18,0,103,94,85,104,85,67,,0,,,,,,,,,,,,1,,,,,,,,,,,0,0,0,0,0,0,0,0,0,0,0,0,0,0,0,0,0,0,0,,,0,,0,,0,,0,0,0,,0,,0,0,0,,0,,0,,0,,0,0,0,0,,0,0,0,,0,0,0,,0,0,0,,0,0,0,,0,0,0,,0,,,,0,0,0,0,,,0,0,0,,0,0,,0,0,0,0,0,0,0,0,0,,,,,,,,,,,,,,,,,,,,,,,,,,,,0,,,,,,,,,,,,,,,,,,,,,,,,,,,0,,,,,,,,,,,,,,,,,,,,,,,,,,,,,,,,,,,,,,0,0,0,0,0,0,,0,,0,0,0,,0,0,0,0,0,,0,,0,,,,,,,,,,,,,,1,,0,,,,,,,,,,,,0,,,,,,,,,,0,0,0,0,0,0,0,0,,,0,0,0,0,0,0,,0,0,,,,,,,0,0,0,0,0,0,0,50.0,268.13849999999996
173,0,0,0,2025.0,0,0,0,0,0,0,0,0,0,,,,,0,0,0,,0,0,0,,0,0,0,,,,,,,,,,,,,,,,,,1,680,4,81,146,218,278,328,1,3,2,3,2,2,2,603,482,234,385,684,31,170,234,305,382,434,2,4,5,4,5,2,3,3,574,384,143,390,1,1,0,2,1,68,,1,,,,,,,,,,,,2,,,,,,,,,,,0,0,0,0,0,0,0,0,0,0,0,0,0,0,0,0,0,0,0,,,0,,0,,0,,0,0,0,,0,,0,0,0,,0,,0,,0,,0,0,0,0,,0,0,0,,0,0,0,,0,0,0,,0,0,0,,0,0,0,,0,,,,0,0,0,0,,,0,0,0,,0,0,,0,0,0,0,0,0,0,0,0,,,,,,,,,,,,,,,,,,,,,,,,,,,,0,,,,,,,,,,,,,,,,,,,,,,,,,,,0,,,,,,,,,,,,,,,,,,,,,,,,,,,,,,,,,,,,,,0,0,0,0,0,0,,0,,0,0,0,,0,0,0,0,0,,0,,0,,,,,,,,,,,,,,1,,0,,,,,,,,,,,,0,,,,,,,,,,0,0,0,0,0,0,0,0,,,0,0,0,0,0,0,,0,0,,,,,,,0,0,0,0,0,0,0,0.4,0.41550000000000054
175,0,0,0,2023.0,0,0,0,0,0,0,0,0,0,,,,,0,0,0,,0,0,0,,0,0,0,,,,,,,,,,,,,,,,,,6,593,4,81,146,218,278,0,0,4,2,191,442,500,60,92,22,1,0,634,31,170,234,305,382,0,0,3,376,331,654,653,160,6,515,286,72,0,103,94,85,104,85,67,,0,,,,,,,,,,,,1,,,,,,,,,,,0,0,0,0,0,0,0,0,0,0,0,0,0,0,0,0,0,0,0,,,0,,0,,0,,0,0,0,,0,,0,0,0,,0,,0,,0,,0,0,0,0,,0,0,0,,0,0,0,,0,0,0,,0,0,0,,0,0,0,,0,,,,0,0,0,0,,,0,0,0,,0,0,,0,0,0,0,0,0,0,0,0,,,,,,,,,,,,,,,,,,,,,,,,,,,,0,,,,,,,,,,,,,,,,,,,,,,,,,,,0,,,,,,,,,,,,,,,,,,,,,,,,,,,,,,,,,,,,,,0,0,0,0,0,0,,0,,0,0,0,,0,0,0,0,0,,0,,0,,,,,,,,,,,,,,1,,0,,,,,,,,,,,,0,,,,,,,,,,0,0,0,0,0,0,0,0,,,0,0,0,0,0,0,,0,0,,,,,,,0,0,0,0,0,0,0,0.0,272.32149999999996
113,0,0,0,2019.0,0,0,0,0,0,0,0,0,0,,,,,0,0,0,,0,0,0,,0,0,0,,,,,,,,,,,,,,,,,,1,56,0,2,97,102,93,127,441,15,537,386,209,140,649,4,99,218,287,93,24,61,37,176,359,61,489,179,649,464,340,134,647,365,235,180,72,313,103,94,85,104,85,67,,0,,,,,,,,,,,,1,,,,,,,,,,,0,0,0,0,0,0,0,0,0,0,0,0,0,0,0,0,0,0,0,,,0,,0,,0,,0,0,0,,0,,0,0,0,,0,,0,,0,,0,0,0,0,,0,0,0,,0,0,0,,0,0,0,,0,0,0,,0,0,0,,0,,,,0,0,0,0,,,0,0,0,,0,0,,0,0,0,0,0,0,0,0,0,,,,,,,,,,,,,,,,,,,,,,,,,,,,0,,,,,,,,,,,,,,,,,,,,,,,,,,,0,,,,,,,,,,,,,,,,,,,,,,,,,,,,,,,,,,,,,,0,0,0,0,0,0,,0,,0,0,0,,0,0,0,0,0,,0,,0,,,,,,,,,,,,,,4,,0,,,,,,,,,,,,0,,,,,,,,,,0,0,0,0,0,0,0,0,,,0,0,0,0,0,0,,0,0,,,,,,,0,0,0,0,0,0,0,26473.0,25701.55
171,0,0,0,2020.0,0,0,0,0,0,0,0,0,0,,,,,0,0,0,,0,0,0,,0,0,0,,,,,,,,,,,,,,,,,,1,680,4,81,146,218,278,298,282,32,687,590,547,519,306,603,482,234,385,684,31,170,234,305,382,259,518,122,192,75,591,546,445,266,574,384,143,390,85,32,16,97,3,64,,0,,,,,,,,,,,,1,,,,,,,,,,,0,0,0,0,0,0,0,0,0,0,0,0,0,0,0,0,0,0,0,,,0,,0,,0,,0,0,0,,0,,0,0,0,,0,,0,,0,,0,0,0,0,,0,0,0,,0,0,0,,0,0,0,,0,0,0,,0,0,0,,0,,,,0,0,0,0,,,0,0,0,,0,0,,0,0,0,0,0,0,0,0,0,,,,,,,,,,,,,,,,,,,,,,,,,,,,0,,,,,,,,,,,,,,,,,,,,,,,,,,,0,,,,,,,,,,,,,,,,,,,,,,,,,,,,,,,,,,,,,,0,0,0,0,0,0,,0,,0,0,0,,0,0,0,0,0,,0,,0,,,,,,,,,,,,,,1,,0,,,,,,,,,,,,0,,,,,,,,,,0,0,0,0,0,0,0,0,,,0,0,0,0,0,0,,0,0,,,,,,,0,0,0,0,0,0,0,897.0,897.0
61,0,0,0,2019.0,0,0,0,0,0,0,0,0,0,,,,,0,0,0,,0,0,0,,0,0,0,,,,,,,,,,,,,,,,,,1,251,0,61,109,132,103,160,575,340,47,448,155,594,334,113,306,40,46,336,5,25,14,188,14,92,49,562,243,608,376,129,552,249,82,100,0,61,103,94,85,104,85,67,,0,,,,,,,,,,,,1,,,,,,,,,,,0,0,0,0,0,0,0,0,0,0,0,0,0,0,0,0,0,0,0,,,0,,0,,0,,0,0,0,,0,,0,0,0,,0,,0,,0,,0,0,0,0,,0,0,0,,0,0,0,,0,0,0,,0,0,0,,0,0,0,,0,,,,0,0,0,0,,,0,0,0,,0,0,,0,0,0,0,0,0,0,0,0,,,,,,,,,,,,,,,,,,,,,,,,,,,,0,,,,,,,,,,,,,,,,,,,,,,,,,,,0,,,,,,,,,,,,,,,,,,,,,,,,,,,,,,,,,,,,,,0,0,0,0,0,0,,0,,0,0,0,,0,0,0,0,0,,0,,0,,,,,,,,,,,,,,3,,0,,,,,,,,,,,,0,,,,,,,,,,0,0,0,0,0,0,0,0,,,0,0,0,0,0,0,,0,0,,,,,,,0,0,0,0,0,0,0,89053.0,89140.585
130,0,0,0,2020.0,0,0,0,0,0,0,0,0,0,,,,,0,0,0,,0,0,0,,0,0,0,,,,,,,,,,,,,,,,,,1,680,4,81,146,218,278,114,160,452,224,113,12,611,510,603,482,234,385,684,31,170,234,305,382,390,160,446,373,154,28,630,536,377,574,384,143,390,69,66,67,73,36,48,,0,,,,,,,,,,,,1,,,,,,,,,,,0,0,0,0,0,0,0,0,0,0,0,0,0,0,0,0,0,0,0,,,0,,0,,0,,0,0,0,,0,,0,0,0,,0,,0,,0,,0,0,0,0,,0,0,0,,0,0,0,,0,0,0,,0,0,0,,0,0,0,,0,,,,0,0,0,0,,,0,0,0,,0,0,,0,0,0,0,0,0,0,0,0,,,,,,,,,,,,,,,,,,,,,,,,,,,,0,,,,,,,,,,,,,,,,,,,,,,,,,,,0,,,,,,,,,,,,,,,,,,,,,,,,,,,,,,,,,,,,,,0,0,0,0,0,0,,0,,0,0,0,,0,0,0,0,0,,0,,0,,,,,,,,,,,,,,1,,0,,,,,,,,,,,,0,,,,,,,,,,0,0,0,0,0,0,0,0,,,0,0,0,0,0,0,,0,0,,,,,,,0,0,0,0,0,0,0,85668.0,85262.2335
113,0,0,0,2020.0,0,0,0,0,0,0,0,0,0,,,,,0,0,0,,0,0,0,,0,0,0,,,,,,,,,,,,,,,,,,2,443,0,43,40,125,22,81,206,222,16,489,275,133,631,460,82,24,386,455,0,142,64,99,265,409,191,294,46,554,377,279,157,21,560,77,127,391,103,94,85,104,85,67,,0,,,,,,,,,,,,1,,,,,,,,,,,0,0,0,0,0,0,0,0,0,0,0,0,0,0,0,0,0,0,0,,,0,,0,,0,,0,0,0,,0,,0,0,0,,0,,0,,0,,0,0,0,0,,0,0,0,,0,0,0,,0,0,0,,0,0,0,,0,0,0,,0,,,,0,0,0,0,,,0,0,0,,0,0,,0,0,0,0,0,0,0,0,0,,,,,,,,,,,,,,,,,,,,,,,,,,,,0,,,,,,,,,,,,,,,,,,,,,,,,,,,0,,,,,,,,,,,,,,,,,,,,,,,,,,,,,,,,,,,,,,0,0,0,0,0,0,,0,,0,0,0,,0,0,0,0,0,,0,,0,,,,,,,,,,,,,,1,,0,,,,,,,,,,,,0,,,,,,,,,,0,0,0,0,0,0,0,0,,,0,0,0,0,0,0,,0,0,,,,,,,0,0,0,0,0,0,0,78815.0,78679.53
81,0,0,0,2019.0,0,0,0,0,0,0,0,0,0,,,,,0,0,0,,0,0,0,,0,0,0,,,,,,,,,,,,,,,,,,1,299,0,0,0,0,1,9,165,185,326,315,372,371,281,293,31,219,282,121,0,0,1,0,1,120,327,39,263,318,292,280,211,102,88,216,138,178,103,94,85,104,85,67,,0,,,,,,,,,,,,1,,,,,,,,,,,0,0,0,0,0,0,0,0,0,0,0,0,0,0,0,0,0,0,0,,,0,,0,,0,,0,0,0,,0,,0,0,0,,0,,0,,0,,0,0,0,0,,0,0,0,,0,0,0,,0,0,0,,0,0,0,,0,0,0,,0,,,,0,0,0,0,,,0,0,0,,0,0,,0,0,0,0,0,0,0,0,0,,,,,,,,,,,,,,,,,,,,,,,,,,,,0,,,,,,,,,,,,,,,,,,,,,,,,,,,0,,,,,,,,,,,,,,,,,,,,,,,,,,,,,,,,,,,,,,0,0,0,0,0,0,,0,,0,0,0,,0,0,0,0,0,,0,,0,,,,,,,,,,,,,,5,,0,,,,,,,,,,,,0,,,,,,,,,,0,0,0,0,0,0,0,0,,,0,0,0,0,0,0,,0,0,,,,,,,0,0,0,0,0,0,0,1293.0,1290.12
130,0,0,0,2020.0,0,0,0,0,0,0,0,0,0,,,,,0,0,0,,0,0,0,,0,0,0,,,,,,,,,,,,,,,,,,6,43,0,0,0,0,77,72,452,488,536,631,59,180,236,348,252,124,386,73,0,0,0,62,345,412,297,424,662,680,65,174,280,215,327,87,7,391,103,94,85,104,85,67,,0,,,,,,,,,,,,1,,,,,,,,,,,0,0,0,0,0,0,0,0,0,0,0,0,0,0,0,0,0,0,0,,,0,,0,,0,,0,0,0,,0,,0,0,0,,0,,0,,0,,0,0,0,0,,0,0,0,,0,0,0,,0,0,0,,0,0,0,,0,0,0,,0,,,,0,0,0,0,,,0,0,0,,0,0,,0,0,0,0,0,0,0,0,0,,,,,,,,,,,,,,,,,,,,,,,,,,,,0,,,,,,,,,,,,,,,,,,,,,,,,,,,0,,,,,,,,,,,,,,,,,,,,,,,,,,,,,,,,,,,,,,0,0,0,0,0,0,,0,,0,0,0,,0,0,0,0,0,,0,,0,,,,,,,,,,,,,,1,,0,,,,,,,,,,,,0,,,,,,,,,,0,0,0,0,0,0,0,0,,,0,0,0,0,0,0,,0,0,,,,,,,0,0,0,0,0,0,0,248.0,287.935
161,0,0,0,2023.0,0,0,0,0,0,0,0,0,0,,,,,0,0,0,,0,0,0,,0,0,0,,,,,,,,,,,,,,,,,,0,603,0,0,0,44,17,44,49,443,662,33,30,628,458,370,445,229,0,600,0,0,0,182,148,136,403,240,585,691,23,676,548,338,213,219,87,0,103,94,85,104,85,67,,0,,,,,,,,,,,,1,,,,,,,,,,,0,0,0,0,0,0,0,0,0,0,0,0,0,0,0,0,0,0,0,,,0,,0,,0,,0,0,0,,0,,0,0,0,,0,,0,,0,,0,0,0,0,,0,0,0,,0,0,0,,0,0,0,,0,0,0,,0,0,0,,0,,,,0,0,0,0,,,0,0,0,,0,0,,0,0,0,0,0,0,0,0,0,,,,,,,,,,,,,,,,,,,,,,,,,,,,0,,,,,,,,,,,,,,,,,,,,,,,,,,,0,,,,,,,,,,,,,,,,,,,,,,,,,,,,,,,,,,,,,,0,0,0,0,0,0,,0,,0,0,0,,0,0,0,0,0,,0,,0,,,,,,,,,,,,,,1,,0,,,,,,,,,,,,0,,,,,,,,,,0,0,0,0,0,0,0,0,,,0,0,0,0,0,0,,0,0,,,,,,,0,0,0,0,0,0,0,1093.0,1097.725
149,0,0,0,2023.0,0,0,0,0,0,0,0,0,0,,,,,0,0,0,,0,0,0,,0,0,0,,,,,,,,,,,,,,,,,,2,128,0,31,14,159,23,85,375,497,171,512,192,14,403,290,8,23,0,222,0,111,2,118,295,408,523,607,411,706,348,47,502,243,164,352,11,0,103,94,85,104,85,67,,0,,,,,,,,,,,,1,,,,,,,,,,,0,0,0,0,0,0,0,0,0,0,0,0,0,0,0,0,0,0,0,,,0,,0,,0,,0,0,0,,0,,0,0,0,,0,,0,,0,,0,0,0,0,,0,0,0,,0,0,0,,0,0,0,,0,0,0,,0,0,0,,0,,,,0,0,0,0,,,0,0,0,,0,0,,0,0,0,0,0,0,0,0,0,,,,,,,,,,,,,,,,,,,,,,,,,,,,0,,,,,,,,,,,,,,,,,,,,,,,,,,,0,,,,,,,,,,,,,,,,,,,,,,,,,,,,,,,,,,,,,,0,0,0,0,0,0,,0,,0,0,0,,0,0,0,0,0,,0,,0,,,,,,,,,,,,,,1,,0,,,,,,,,,,,,0,,,,,,,,,,0,0,0,0,0,0,0,0,,,0,0,0,0,0,0,,0,0,,,,,,,0,0,0,0,0,0,0,79097.0,79063.59
27,0,0,0,2019.0,0,0,0,0,0,0,0,0,0,,,,,0,0,0,,0,0,0,,0,0,0,,,,,,,,,,,,,,,,,,1,77,1,49,4,2,204,264,509,47,472,160,638,428,64,17,118,0,197,183,7,105,116,261,72,185,604,233,663,397,150,619,404,72,398,263,0,236,103,94,85,104,85,67,,0,,,,,,,,,,,,1,,,,,,,,,,,0,0,0,0,0,0,0,0,0,0,0,0,0,0,0,0,0,0,0,,,0,,0,,0,,0,0,0,,0,,0,0,0,,0,,0,,0,,0,0,0,0,,0,0,0,,0,0,0,,0,0,0,,0,0,0,,0,0,0,,0,,,,0,0,0,0,,,0,0,0,,0,0,,0,0,0,0,0,0,0,0,0,,,,,,,,,,,,,,,,,,,,,,,,,,,,0,,,,,,,,,,,,,,,,,,,,,,,,,,,0,,,,,,,,,,,,,,,,,,,,,,,,,,,,,,,,,,,,,,0,0,0,0,0,0,,0,,0,0,0,,0,0,0,0,0,,0,,0,,,,,,,,,,,,,,3,,0,,,,,,,,,,,,0,,,,,,,,,,0,0,0,0,0,0,0,0,,,0,0,0,0,0,0,,0,0,,,,,,,0,0,0,0,0,0,0,35468.0,35470.9
84,0,0,0,2019.0,0,0,0,0,0,0,0,0,0,,,,,0,0,0,,0,0,0,,0,0,0,,,,,,,,,,,,,,,,,,1,227,0,0,0,0,0,0,187,191,272,289,299,338,254,273,30,220,252,46,0,0,0,0,1,5,319,11,205,256,223,219,150,45,52,223,2,154,103,94,85,104,85,67,,0,,,,,,,,,,,,1,,,,,,,,,,,0,0,0,0,0,0,0,0,0,0,0,0,0,0,0,0,0,0,0,,,0,,0,,0,,0,0,0,,0,,0,0,0,,0,,0,,0,,0,0,0,0,,0,0,0,,0,0,0,,0,0,0,,0,0,0,,0,0,0,,0,,,,0,0,0,0,,,0,0,0,,0,0,,0,0,0,0,0,0,0,0,0,,,,,,,,,,,,,,,,,,,,,,,,,,,,0,,,,,,,,,,,,,,,,,,,,,,,,,,,0,,,,,,,,,,,,,,,,,,,,,,,,,,,,,,,,,,,,,,0,0,0,0,0,0,,0,,0,0,0,,0,0,0,0,0,,0,,0,,,,,,,,,,,,,,5,,0,,,,,,,,,,,,0,,,,,,,,,,0,0,0,0,0,0,0,0,,,0,0,0,0,0,0,,0,0,,,,,,,0,0,0,0,0,0,0,1108.0,1108.45
130,0,0,0,2019.0,0,0,0,0,0,0,0,0,0,,,,,0,0,0,,0,0,0,,0,0,0,,,,,,,,,,,,,,,,,,1,43,0,0,0,0,77,72,452,488,536,631,59,180,236,348,252,124,386,73,0,0,0,62,345,412,297,424,662,680,65,174,280,215,327,87,7,391,103,94,85,104,85,67,,0,,,,,,,,,,,,1,,,,,,,,,,,0,0,0,0,0,0,0,0,0,0,0,0,0,0,0,0,0,0,0,,,0,,0,,0,,0,0,0,,0,,0,0,0,,0,,0,,0,,0,0,0,0,,0,0,0,,0,0,0,,0,0,0,,0,0,0,,0,0,0,,0,,,,0,0,0,0,,,0,0,0,,0,0,,0,0,0,0,0,0,0,0,0,,,,,,,,,,,,,,,,,,,,,,,,,,,,0,,,,,,,,,,,,,,,,,,,,,,,,,,,0,,,,,,,,,,,,,,,,,,,,,,,,,,,,,,,,,,,,,,0,0,0,0,0,0,,0,,0,0,0,,0,0,0,0,0,,0,,0,,,,,,,,,,,,,,5,,0,,,,,,,,,,,,0,,,,,,,,,,0,0,0,0,0,0,0,0,,,0,0,0,0,0,0,,0,0,,,,,,,0,0,0,0,0,0,0,248.0,287.935
37,0,0,0,2019.0,0,0,0,0,0,0,0,0,0,,,,,0,0,0,,0,0,0,,0,0,0,,,,,,,,,,,,,,,,,,1,76,0,49,133,195,181,234,535,96,528,207,681,450,112,13,154,0,38,178,9,68,105,265,74,187,631,297,8,430,181,669,421,163,481,16,0,30,103,94,85,104,85,67,,0,,,,,,,,,,,,1,,,,,,,,,,,0,0,0,0,0,0,0,0,0,0,0,0,0,0,0,0,0,0,0,,,0,,0,,0,,0,0,0,,0,,0,0,0,,0,,0,,0,,0,0,0,0,,0,0,0,,0,0,0,,0,0,0,,0,0,0,,0,0,0,,0,,,,0,0,0,0,,,0,0,0,,0,0,,0,0,0,0,0,0,0,0,0,,,,,,,,,,,,,,,,,,,,,,,,,,,,0,,,,,,,,,,,,,,,,,,,,,,,,,,,0,,,,,,,,,,,,,,,,,,,,,,,,,,,,,,,,,,,,,,0,0,0,0,0,0,,0,,0,0,0,,0,0,0,0,0,,0,,0,,,,,,,,,,,,,,3,,0,,,,,,,,,,,,0,,,,,,,,,,0,0,0,0,0,0,0,0,,,0,0,0,0,0,0,,0,0,,,,,,,0,0,0,0,0,0,0,49023.0,48783.75
109,0,0,0,2019.0,0,0,0,0,0,0,0,0,0,,,,,0,0,0,,0,0,0,,0,0,0,,,,,,,,,,,,,,,,,,1,493,0,8,8,99,275,50,185,333,158,698,636,556,431,442,207,61,334,501,0,97,232,76,258,375,219,372,206,60,638,581,475,321,301,356,115,373,103,94,85,104,85,67,,0,,,,,,,,,,,,1,,,,,,,,,,,0,0,0,0,0,0,0,0,0,0,0,0,0,0,0,0,0,0,0,,,0,,0,,0,,0,0,0,,0,,0,0,0,,0,,0,,0,,0,0,0,0,,0,0,0,,0,0,0,,0,0,0,,0,0,0,,0,0,0,,0,,,,0,0,0,0,,,0,0,0,,0,0,,0,0,0,0,0,0,0,0,0,,,,,,,,,,,,,,,,,,,,,,,,,,,,0,,,,,,,,,,,,,,,,,,,,,,,,,,,0,,,,,,,,,,,,,,,,,,,,,,,,,,,,,,,,,,,,,,0,0,0,0,0,0,,0,,0,0,0,,0,0,0,0,0,,0,,0,,,,,,,,,,,,,,4,,0,,,,,,,,,,,,0,,,,,,,,,,0,0,0,0,0,0,0,0,,,0,0,0,0,0,0,,0,0,,,,,,,0,0,0,0,0,0,0,88464.0,87914.475
44,0,0,0,2023.0,0,0,0,0,0,0,0,0,0,,,,,0,0,0,,0,0,0,,0,0,0,,,,,,,,,,,,,,,,,,5,215,0,18,118,153,159,207,572,230,48,585,467,383,185,190,382,34,302,305,3,48,48,240,108,182,28,408,163,635,506,416,241,34,535,281,120,333,103,94,85,104,85,67,,0,,,,,,,,,,,,1,,,,,,,,,,,0,0,0,0,0,0,0,0,0,0,0,0,0,0,0,0,0,0,0,,,0,,0,,0,,0,0,0,,0,,0,0,0,,0,,0,,0,,0,0,0,0,,0,0,0,,0,0,0,,0,0,0,,0,0,0,,0,0,0,,0,,,,0,0,0,0,,,0,0,0,,0,0,,0,0,0,0,0,0,0,0,0,,,,,,,,,,,,,,,,,,,,,,,,,,,,0,,,,,,,,,,,,,,,,,,,,,,,,,,,0,,,,,,,,,,,,,,,,,,,,,,,,,,,,,,,,,,,,,,0,0,0,0,0,0,,0,,0,0,0,,0,0,0,0,0,,0,,0,,,,,,,,,,,,,,1,,0,,,,,,,,,,,,0,,,,,,,,,,0,0,0,0,0,0,0,0,,,0,0,0,0,0,0,,0,0,,,,,,,0,0,0,0,0,0,0,68052.0,68162.305
156,0,0,0,2019.0,0,0,0,0,0,0,0,0,0,,,,,0,0,0,,0,0,0,,0,0,0,,,,,,,,,,,,,,,,,,1,680,4,81,146,218,278,59,328,637,467,253,132,35,605,603,482,234,385,684,31,170,234,305,382,355,462,589,555,396,209,98,637,423,574,384,143,390,49,65,51,55,23,23,,0,,,,,,,,,,,,1,,,,,,,,,,,0,0,0,0,0,0,0,0,0,0,0,0,0,0,0,0,0,0,0,,,0,,0,,0,,0,0,0,,0,,0,0,0,,0,,0,,0,,0,0,0,0,,0,0,0,,0,0,0,,0,0,0,,0,0,0,,0,0,0,,0,,,,0,0,0,0,,,0,0,0,,0,0,,0,0,0,0,0,0,0,0,0,,,,,,,,,,,,,,,,,,,,,,,,,,,,0,,,,,,,,,,,,,,,,,,,,,,,,,,,0,,,,,,,,,,,,,,,,,,,,,,,,,,,,,,,,,,,,,,0,0,0,0,0,0,,0,,0,0,0,,0,0,0,0,0,,0,,0,,,,,,,,,,,,,,1,,0,,,,,,,,,,,,0,,,,,,,,,,0,0,0,0,0,0,0,0,,,0,0,0,0,0,0,,0,0,,,,,,,0,0,0,0,0,0,0,64701.0,60907.8405
117,0,0,0,2023.0,0,0,0,0,0,0,0,0,0,,,,,0,0,0,,0,0,0,,0,0,0,,,,,,,,,,,,,,,,,,5,527,0,55,68,211,51,129,235,262,109,690,552,542,415,506,253,94,386,536,0,146,101,154,289,18,244,325,97,693,622,547,476,330,376,17,132,391,103,94,85,104,85,67,,0,,,,,,,,,,,,1,,,,,,,,,,,0,0,0,0,0,0,0,0,0,0,0,0,0,0,0,0,0,0,0,,,0,,0,,0,,0,0,0,,0,,0,0,0,,0,,0,,0,,0,0,0,0,,0,0,0,,0,0,0,,0,0,0,,0,0,0,,0,0,0,,0,,,,0,0,0,0,,,0,0,0,,0,0,,0,0,0,0,0,0,0,0,0,,,,,,,,,,,,,,,,,,,,,,,,,,,,0,,,,,,,,,,,,,,,,,,,,,,,,,,,0,,,,,,,,,,,,,,,,,,,,,,,,,,,,,,,,,,,,,,0,0,0,0,0,0,,0,,0,0,0,,0,0,0,0,0,,0,,0,,,,,,,,,,,,,,1,,0,,,,,,,,,,,,0,,,,,,,,,,0,0,0,0,0,0,0,0,,,0,0,0,0,0,0,,0,0,,,,,,,0,0,0,0,0,0,0,82502.0,82169.795
6,0,0,0,2025.0,0,0,0,0,0,0,0,0,0,,,,,0,0,0,,0,0,0,,0,0,0,,,,,,,,,,,,,,,,,,5,51,1,71,77,90,62,92,416,700,497,309,154,94,555,492,70,228,319,80,17,54,213,134,339,35,445,146,637,418,261,90,588,318,168,168,0,358,103,94,85,104,85,67,,0,,,,,,,,,,,,1,,,,,,,,,,,0,0,0,0,0,0,0,0,0,0,0,0,0,0,0,0,0,0,0,,,0,,0,,0,,0,0,0,,0,,0,0,0,,0,,0,,0,,0,0,0,0,,0,0,0,,0,0,0,,0,0,0,,0,0,0,,0,0,0,,0,,,,0,0,0,0,,,0,0,0,,0,0,,0,0,0,0,0,0,0,0,0,,,,,,,,,,,,,,,,,,,,,,,,,,,,0,,,,,,,,,,,,,,,,,,,,,,,,,,,0,,,,,,,,,,,,,,,,,,,,,,,,,,,,,,,,,,,,,,0,0,0,0,0,0,,0,,0,0,0,,0,0,0,0,0,,0,,0,,,,,,,,,,,,,,1,,0,,,,,,,,,,,,0,,,,,,,,,,0,0,0,0,0,0,0,0,,,0,0,0,0,0,0,,0,0,,,,,,,0,0,0,0,0,0,0,23767.0,23808.41
87,0,0,0,2020.0,0,0,0,0,0,0,0,0,0,,,,,0,0,0,,0,0,0,,0,0,0,,,,,,,,,,,,,,,,,,5,499,0,17,38,18,167,239,63,516,173,650,542,472,364,345,84,231,96,509,0,165,140,289,150,242,187,709,394,79,593,474,362,179,149,235,42,92,103,94,85,104,85,67,,0,,,,,,,,,,,,1,,,,,,,,,,,0,0,0,0,0,0,0,0,0,0,0,0,0,0,0,0,0,0,0,,,0,,0,,0,,0,0,0,,0,,0,0,0,,0,,0,,0,,0,0,0,0,,0,0,0,,0,0,0,,0,0,0,,0,0,0,,0,0,0,,0,,,,0,0,0,0,,,0,0,0,,0,0,,0,0,0,0,0,0,0,0,0,,,,,,,,,,,,,,,,,,,,,,,,,,,,0,,,,,,,,,,,,,,,,,,,,,,,,,,,0,,,,,,,,,,,,,,,,,,,,,,,,,,,,,,,,,,,,,,0,0,0,0,0,0,,0,,0,0,0,,0,0,0,0,0,,0,,0,,,,,,,,,,,,,,1,,0,,,,,,,,,,,,0,,,,,,,,,,0,0,0,0,0,0,0,0,,,0,0,0,0,0,0,,0,0,,,,,,,0,0,0,0,0,0,0,136921.0,136762.845
72,0,0,0,2020.0,0,0,0,0,0,0,0,0,0,,,,,0,0,0,,0,0,0,,0,0,0,,,,,,,,,,,,,,,,,,2,484,1,2,44,30,220,285,114,496,210,644,438,168,556,319,398,40,103,481,23,83,112,279,157,233,215,693,362,41,490,318,53,414,234,183,0,127,103,94,85,104,85,67,,0,,,,,,,,,,,,1,,,,,,,,,,,0,0,0,0,0,0,0,0,0,0,0,0,0,0,0,0,0,0,0,,,0,,0,,0,,0,0,0,,0,,0,0,0,,0,,0,,0,,0,0,0,0,,0,0,0,,0,0,0,,0,0,0,,0,0,0,,0,0,0,,0,,,,0,0,0,0,,,0,0,0,,0,0,,0,0,0,0,0,0,0,0,0,,,,,,,,,,,,,,,,,,,,,,,,,,,,0,,,,,,,,,,,,,,,,,,,,,,,,,,,0,,,,,,,,,,,,,,,,,,,,,,,,,,,,,,,,,,,,,,0,0,0,0,0,0,,0,,0,0,0,,0,0,0,0,0,,0,,0,,,,,,,,,,,,,,1,,0,,,,,,,,,,,,0,,,,,,,,,,0,0,0,0,0,0,0,0,,,0,0,0,0,0,0,,0,0,,,,,,,0,0,0,0,0,0,0,122824.0,123077.59
168,0,0,0,2025.0,0,0,0,0,0,0,0,0,0,,,,,0,0,0,,0,0,0,,0,0,0,,,,,,,,,,,,,,,,,,1,680,4,81,146,218,278,257,97,607,383,199,159,106,18,603,482,234,385,684,31,170,234,305,382,64,315,569,539,303,163,139,92,531,574,384,143,390,34,89,76,35,45,54,,0,,,,,,,,,,,,1,,,,,,,,,,,0,0,0,0,0,0,0,0,0,0,0,0,0,0,0,0,0,0,0,,,0,,0,,0,,0,0,0,,0,,0,0,0,,0,,0,,0,,0,0,0,0,,0,0,0,,0,0,0,,0,0,0,,0,0,0,,0,0,0,,0,,,,0,0,0,0,,,0,0,0,,0,0,,0,0,0,0,0,0,0,0,0,,,,,,,,,,,,,,,,,,,,,,,,,,,,0,,,,,,,,,,,,,,,,,,,,,,,,,,,0,,,,,,,,,,,,,,,,,,,,,,,,,,,,,,,,,,,,,,0,0,0,0,0,0,,0,,0,0,0,,0,0,0,0,0,,0,,0,,,,,,,,,,,,,,1,,0,,,,,,,,,,,,0,,,,,,,,,,0,0,0,0,0,0,0,0,,,0,0,0,0,0,0,,0,0,,,,,,,0,0,0,0,0,0,0,57364.0,57096.069
90,0,0,0,2023.0,0,0,0,0,0,0,0,0,0,,,,,0,0,0,,0,0,0,,0,0,0,,,,,,,,,,,,,,,,,,6,328,0,0,0,0,0,0,170,199,318,278,357,372,313,329,88,9,276,105,0,0,125,0,269,341,363,34,199,261,259,282,249,114,116,240,58,172,103,94,85,104,85,67,,0,,,,,,,,,,,,1,,,,,,,,,,,0,0,0,0,0,0,0,0,0,0,0,0,0,0,0,0,0,0,0,,,0,,0,,0,,0,0,0,,0,,0,0,0,,0,,0,,0,,0,0,0,0,,0,0,0,,0,0,0,,0,0,0,,0,0,0,,0,0,0,,0,,,,0,0,0,0,,,0,0,0,,0,0,,0,0,0,0,0,0,0,0,0,,,,,,,,,,,,,,,,,,,,,,,,,,,,0,,,,,,,,,,,,,,,,,,,,,,,,,,,0,,,,,,,,,,,,,,,,,,,,,,,,,,,,,,,,,,,,,,0,0,0,0,0,0,,0,,0,0,0,,0,0,0,0,0,,0,,0,,,,,,,,,,,,,,1,,0,,,,,,,,,,,,0,,,,,,,,,,0,0,0,0,0,0,0,0,,,0,0,0,0,0,0,,0,0,,,,,,,0,0,0,0,0,0,0,1075.0,1075.625
52,0,0,0,2020.0,0,0,0,0,0,0,0,0,0,,,,,0,0,0,,0,0,0,,0,0,0,,,,,,,,,,,,,,,,,,6,270,0,0,0,0,0,0,299,311,431,387,412,307,172,163,347,74,357,155,0,0,0,62,213,299,453,160,385,376,330,263,105,575,488,264,0,305,103,94,85,104,85,67,,0,,,,,,,,,,,,1,,,,,,,,,,,0,0,0,0,0,0,0,0,0,0,0,0,0,0,0,0,0,0,0,,,0,,0,,0,,0,0,0,,0,,0,0,0,,0,,0,,0,,0,0,0,0,,0,0,0,,0,0,0,,0,0,0,,0,0,0,,0,0,0,,0,,,,0,0,0,0,,,0,0,0,,0,0,,0,0,0,0,0,0,0,0,0,,,,,,,,,,,,,,,,,,,,,,,,,,,,0,,,,,,,,,,,,,,,,,,,,,,,,,,,0,,,,,,,,,,,,,,,,,,,,,,,,,,,,,,,,,,,,,,0,0,0,0,0,0,,0,,0,0,0,,0,0,0,0,0,,0,,0,,,,,,,,,,,,,,1,,0,,,,,,,,,,,,0,,,,,,,,,,0,0,0,0,0,0,0,0,,,0,0,0,0,0,0,,0,0,,,,,,,0,0,0,0,0,0,0,1700.0,1703.82
172,0,0,0,2020.0,0,0,0,0,0,0,0,0,0,,,,,0,0,0,,0,0,0,,0,0,0,,,,,,,,,,,,,,,,,,2,180,4,81,146,218,278,189,165,477,361,212,187,162,32,28,244,1,0,338,31,170,234,305,382,9,293,573,575,403,192,100,662,474,398,286,103,0,103,94,85,104,85,67,,0,,,,,,,,,,,,1,,,,,,,,,,,0,0,0,0,0,0,0,0,0,0,0,0,0,0,0,0,0,0,0,,,0,,0,,0,,0,0,0,,0,,0,0,0,,0,,0,,0,,0,0,0,0,,0,0,0,,0,0,0,,0,0,0,,0,0,0,,0,0,0,,0,,,,0,0,0,0,,,0,0,0,,0,0,,0,0,0,0,0,0,0,0,0,,,,,,,,,,,,,,,,,,,,,,,,,,,,0,,,,,,,,,,,,,,,,,,,,,,,,,,,0,,,,,,,,,,,,,,,,,,,,,,,,,,,,,,,,,,,,,,0,0,0,0,0,0,,0,,0,0,0,,0,0,0,0,0,,0,,0,,,,,,,,,,,,,,1,,0,,,,,,,,,,,,0,,,,,,,,,,0,0,0,0,0,0,0,0,,,0,0,0,0,0,0,,0,0,,,,,,,0,0,0,0,0,0,0,333.0,10085.7425
94,0,0,0,2020.0,0,0,0,0,0,0,0,0,0,,,,,0,0,0,,0,0,0,,0,0,0,,,,,,,,,,,,,,,,,,2,472,0,64,87,74,276,39,175,435,182,609,347,154,646,492,42,81,68,496,0,20,173,51,230,336,254,473,257,39,521,385,129,520,439,274,120,72,103,94,85,104,85,67,,0,,,,,,,,,,,,1,,,,,,,,,,,0,0,0,0,0,0,0,0,0,0,0,0,0,0,0,0,0,0,0,,,0,,0,,0,,0,0,0,,0,,0,0,0,,0,,0,,0,,0,0,0,0,,0,0,0,,0,0,0,,0,0,0,,0,0,0,,0,0,0,,0,,,,0,0,0,0,,,0,0,0,,0,0,,0,0,0,0,0,0,0,0,0,,,,,,,,,,,,,,,,,,,,,,,,,,,,0,,,,,,,,,,,,,,,,,,,,,,,,,,,0,,,,,,,,,,,,,,,,,,,,,,,,,,,,,,,,,,,,,,0,0,0,0,0,0,,0,,0,0,0,,0,0,0,0,0,,0,,0,,,,,,,,,,,,,,1,,0,,,,,,,,,,,,0,,,,,,,,,,0,0,0,0,0,0,0,0,,,0,0,0,0,0,0,,0,0,,,,,,,0,0,0,0,0,0,0,98214.0,98261.29
73,0,0,0,2025.0,0,0,0,0,0,0,0,0,0,,,,,0,0,0,,0,0,0,,0,0,0,,,,,,,,,,,,,,,,,,2,413,0,11,34,26,202,276,65,431,149,591,392,105,536,315,357,80,66,420,18,79,102,275,146,221,136,639,293,678,457,253,15,397,230,196,112,82,103,94,85,104,85,67,,0,,,,,,,,,,,,1,,,,,,,,,,,0,0,0,0,0,0,0,0,0,0,0,0,0,0,0,0,0,0,0,,,0,,0,,0,,0,0,0,,0,,0,0,0,,0,,0,,0,,0,0,0,0,,0,0,0,,0,0,0,,0,0,0,,0,0,0,,0,0,0,,0,,,,0,0,0,0,,,0,0,0,,0,0,,0,0,0,0,0,0,0,0,0,,,,,,,,,,,,,,,,,,,,,,,,,,,,0,,,,,,,,,,,,,,,,,,,,,,,,,,,0,,,,,,,,,,,,,,,,,,,,,,,,,,,,,,,,,,,,,,0,0,0,0,0,0,,0,,0,0,0,,0,0,0,0,0,,0,,0,,,,,,,,,,,,,,1,,0,,,,,,,,,,,,0,,,,,,,,,,0,0,0,0,0,0,0,0,,,0,0,0,0,0,0,,0,0,,,,,,,0,0,0,0,0,0,0,103772.0,103622.435
21,0,0,0,2023.0,0,0,0,0,0,0,0,0,0,,,,,0,0,0,,0,0,0,,0,0,0,,,,,,,,,,,,,,,,,,5,90,0,61,121,142,139,191,469,55,553,403,260,187,43,56,149,20,256,164,21,93,76,207,6,91,545,217,682,495,365,204,33,428,328,209,72,285,103,94,85,104,85,67,,0,,,,,,,,,,,,1,,,,,,,,,,,0,0,0,0,0,0,0,0,0,0,0,0,0,0,0,0,0,0,0,,,0,,0,,0,,0,0,0,,0,,0,0,0,,0,,0,,0,,0,0,0,0,,0,0,0,,0,0,0,,0,0,0,,0,0,0,,0,0,0,,0,,,,0,0,0,0,,,0,0,0,,0,0,,0,0,0,0,0,0,0,0,0,,,,,,,,,,,,,,,,,,,,,,,,,,,,0,,,,,,,,,,,,,,,,,,,,,,,,,,,0,,,,,,,,,,,,,,,,,,,,,,,,,,,,,,,,,,,,,,0,0,0,0,0,0,,0,,0,0,0,,0,0,0,0,0,,0,,0,,,,,,,,,,,,,,1,,0,,,,,,,,,,,,0,,,,,,,,,,0,0,0,0,0,0,0,0,,,0,0,0,0,0,0,,0,0,,,,,,,0,0,0,0,0,0,0,31421.0,31407.47
52,0,0,0,2025.0,0,0,0,0,0,0,0,0,0,,,,,0,0,0,,0,0,0,,0,0,0,,,,,,,,,,,,,,,,,,6,270,0,0,0,0,0,0,299,311,431,387,412,307,172,163,347,74,357,155,0,0,0,62,213,299,453,160,385,376,330,263,105,575,488,264,0,305,103,94,85,104,85,67,,0,,,,,,,,,,,,1,,,,,,,,,,,0,0,0,0,0,0,0,0,0,0,0,0,0,0,0,0,0,0,0,,,0,,0,,0,,0,0,0,,0,,0,0,0,,0,,0,,0,,0,0,0,0,,0,0,0,,0,0,0,,0,0,0,,0,0,0,,0,0,0,,0,,,,0,0,0,0,,,0,0,0,,0,0,,0,0,0,0,0,0,0,0,0,,,,,,,,,,,,,,,,,,,,,,,,,,,,0,,,,,,,,,,,,,,,,,,,,,,,,,,,0,,,,,,,,,,,,,,,,,,,,,,,,,,,,,,,,,,,,,,0,0,0,0,0,0,,0,,0,0,0,,0,0,0,0,0,,0,,0,,,,,,,,,,,,,,1,,0,,,,,,,,,,,,0,,,,,,,,,,0,0,0,0,0,0,0,0,,,0,0,0,0,0,0,,0,0,,,,,,,0,0,0,0,0,0,0,1700.0,1704.295
57,0,0,0,2023.0,0,0,0,0,0,0,0,0,0,,,,,0,0,0,,0,0,0,,0,0,0,,,,,,,,,,,,,,,,,,5,347,0,76,126,124,116,170,594,354,87,600,478,370,177,184,374,57,158,371,1,12,3,191,38,107,80,543,259,705,513,414,212,614,498,350,0,174,103,94,85,104,85,67,,0,,,,,,,,,,,,1,,,,,,,,,,,0,0,0,0,0,0,0,0,0,0,0,0,0,0,0,0,0,0,0,,,0,,0,,0,,0,0,0,,0,,0,0,0,,0,,0,,0,,0,0,0,0,,0,0,0,,0,0,0,,0,0,0,,0,0,0,,0,0,0,,0,,,,0,0,0,0,,,0,0,0,,0,0,,0,0,0,0,0,0,0,0,0,,,,,,,,,,,,,,,,,,,,,,,,,,,,0,,,,,,,,,,,,,,,,,,,,,,,,,,,0,,,,,,,,,,,,,,,,,,,,,,,,,,,,,,,,,,,,,,0,0,0,0,0,0,,0,,0,0,0,,0,0,0,0,0,,0,,0,,,,,,,,,,,,,,1,,0,,,,,,,,,,,,0,,,,,,,,,,0,0,0,0,0,0,0,0,,,0,0,0,0,0,0,,0,0,,,,,,,0,0,0,0,0,0,0,88868.0,88860.705
65,0,0,0,2019.0,0,0,0,0,0,0,0,0,0,,,,,0,0,0,,0,0,0,,0,0,0,,,,,,,,,,,,,,,,,,1,410,0,2,5,182,134,203,601,434,185,671,521,432,248,228,422,126,117,414,5,58,63,228,79,158,92,635,351,86,578,455,288,95,22,164,112,122,103,94,85,104,85,67,,0,,,,,,,,,,,,1,,,,,,,,,,,0,0,0,0,0,0,0,0,0,0,0,0,0,0,0,0,0,0,0,,,0,,0,,0,,0,0,0,,0,,0,0,0,,0,,0,,0,,0,0,0,0,,0,0,0,,0,0,0,,0,0,0,,0,0,0,,0,0,0,,0,,,,0,0,0,0,,,0,0,0,,0,0,,0,0,0,0,0,0,0,0,0,,,,,,,,,,,,,,,,,,,,,,,,,,,,0,,,,,,,,,,,,,,,,,,,,,,,,,,,0,,,,,,,,,,,,,,,,,,,,,,,,,,,,,,,,,,,,,,0,0,0,0,0,0,,0,,0,0,0,,0,0,0,0,0,,0,,0,,,,,,,,,,,,,,4,,0,,,,,,,,,,,,0,,,,,,,,,,0,0,0,0,0,0,0,0,,,0,0,0,0,0,0,,0,0,,,,,,,0,0,0,0,0,0,0,99001.0,98815.85
113,0,0,0,2023.0,0,0,0,0,0,0,0,0,0,,,,,0,0,0,,0,0,0,,0,0,0,,,,,,,,,,,,,,,,,,0,123,0,0,0,0,0,0,374,402,414,288,232,165,655,437,444,132,386,175,0,0,0,62,331,385,72,283,433,359,262,186,32,424,208,200,1,391,103,94,85,104,85,67,,0,,,,,,,,,,,,1,,,,,,,,,,,0,0,0,0,0,0,0,0,0,0,0,0,0,0,0,0,0,0,0,,,0,,0,,0,,0,0,0,,0,,0,0,0,,0,,0,,0,,0,0,0,0,,0,0,0,,0,0,0,,0,0,0,,0,0,0,,0,0,0,,0,,,,0,0,0,0,,,0,0,0,,0,0,,0,0,0,0,0,0,0,0,0,,,,,,,,,,,,,,,,,,,,,,,,,,,,0,,,,,,,,,,,,,,,,,,,,,,,,,,,0,,,,,,,,,,,,,,,,,,,,,,,,,,,,,,,,,,,,,,0,0,0,0,0,0,,0,,0,0,0,,0,0,0,0,0,,0,,0,,,,,,,,,,,,,,1,,0,,,,,,,,,,,,0,,,,,,,,,,0,0,0,0,0,0,0,0,,,0,0,0,0,0,0,,0,0,,,,,,,0,0,0,0,0,0,0,2368.0,2350.285
150,0,0,0,2025.0,0,0,0,0,0,0,0,0,0,,,,,0,0,0,,0,0,0,,0,0,0,,,,,,,,,,,,,,,,,,0,646,0,0,1,79,78,108,435,66,165,76,19,645,380,248,383,126,0,645,0,1,199,144,335,27,154,682,136,152,47,651,530,231,71,141,49,0,103,94,85,104,85,67,,0,,,,,,,,,,,,1,,,,,,,,,,,0,0,0,0,0,0,0,0,0,0,0,0,0,0,0,0,0,0,0,,,0,,0,,0,,0,0,0,,0,,0,0,0,,0,,0,,0,,0,0,0,0,,0,0,0,,0,0,0,,0,0,0,,0,0,0,,0,0,0,,0,,,,0,0,0,0,,,0,0,0,,0,0,,0,0,0,0,0,0,0,0,0,,,,,,,,,,,,,,,,,,,,,,,,,,,,0,,,,,,,,,,,,,,,,,,,,,,,,,,,0,,,,,,,,,,,,,,,,,,,,,,,,,,,,,,,,,,,,,,0,0,0,0,0,0,,0,,0,0,0,,0,0,0,0,0,,0,,0,,,,,,,,,,,,,,1,,0,,,,,,,,,,,,0,,,,,,,,,,0,0,0,0,0,0,0,0,,,0,0,0,0,0,0,,0,0,,,,,,,0,0,0,0,0,0,0,4705.0,4669.305
166,0,0,0,2019.0,0,0,0,0,0,0,0,0,0,,,,,0,0,0,,0,0,0,,0,0,0,,,,,,,,,,,,,,,,,,1,680,4,81,146,218,278,0,1,2,2,2,3,2,2,603,482,234,385,684,31,170,234,305,382,0,2,2,3,3,2,2,2,2,574,384,143,390,1,1,0,1,1,0,,0,,,,,,,,,,,,1,,,,,,,,,,,0,0,0,0,0,0,0,0,0,0,0,0,0,0,0,0,0,0,0,,,0,,0,,0,,0,0,0,,0,,0,0,0,,0,,0,,0,,0,0,0,0,,0,0,0,,0,0,0,,0,0,0,,0,0,0,,0,0,0,,0,,,,0,0,0,0,,,0,0,0,,0,0,,0,0,0,0,0,0,0,0,0,,,,,,,,,,,,,,,,,,,,,,,,,,,,0,,,,,,,,,,,,,,,,,,,,,,,,,,,0,,,,,,,,,,,,,,,,,,,,,,,,,,,,,,,,,,,,,,0,0,0,0,0,0,,0,,0,0,0,,0,0,0,0,0,,0,,0,,,,,,,,,,,,,,1,,1,,,,,,,,,,,,2,,,,,,,,,,1,0,0,0,0,0,0,0,,,0,0,0,0,0,0,,0,0,,,,,,,0,0,0,0,0,0,0,0.4,0.4195000000000003
149,0,0,0,2019.0,0,0,0,0,0,0,0,0,0,,,,,0,0,0,,0,0,0,,0,0,0,,,,,,,,,,,,,,,,,,1,647,0,0,0,0,0,0,445,113,264,420,525,659,648,162,109,108,0,637,0,0,0,0,1,5,336,49,430,502,563,632,660,508,117,362,39,0,103,94,85,104,85,67,,0,,,,,,,,,,,,1,,,,,,,,,,,0,0,0,0,0,0,0,0,0,0,0,0,0,0,0,0,0,0,0,,,0,,0,,0,,0,0,0,,0,,0,0,0,,0,,0,,0,,0,0,0,0,,0,0,0,,0,0,0,,0,0,0,,0,0,0,,0,0,0,,0,,,,0,0,0,0,,,0,0,0,,0,0,,0,0,0,0,0,0,0,0,0,,,,,,,,,,,,,,,,,,,,,,,,,,,,0,,,,,,,,,,,,,,,,,,,,,,,,,,,0,,,,,,,,,,,,,,,,,,,,,,,,,,,,,,,,,,,,,,0,0,0,0,0,0,,0,,0,0,0,,0,0,0,0,0,,0,,0,,,,,,,,,,,,,,5,,0,,,,,,,,,,,,0,,,,,,,,,,0,0,0,0,0,0,0,0,,,0,0,0,0,0,0,,0,0,,,,,,,0,0,0,0,0,0,0,57.0,56.88
70,0,0,0,2023.0,0,0,0,0,0,0,0,0,0,,,,,0,0,0,,0,0,0,,0,0,0,,,,,,,,,,,,,,,,,,2,335,1,35,92,39,136,274,560,399,160,654,504,207,573,308,329,40,92,356,14,48,29,204,16,97,61,560,278,11,485,323,23,402,185,172,0,106,103,94,85,104,85,67,,0,,,,,,,,,,,,1,,,,,,,,,,,0,0,0,0,0,0,0,0,0,0,0,0,0,0,0,0,0,0,0,,,0,,0,,0,,0,0,0,,0,,0,0,0,,0,,0,,0,,0,0,0,0,,0,0,0,,0,0,0,,0,0,0,,0,0,0,,0,0,0,,0,,,,0,0,0,0,,,0,0,0,,0,0,,0,0,0,0,0,0,0,0,0,,,,,,,,,,,,,,,,,,,,,,,,,,,,0,,,,,,,,,,,,,,,,,,,,,,,,,,,0,,,,,,,,,,,,,,,,,,,,,,,,,,,,,,,,,,,,,,0,0,0,0,0,0,,0,,0,0,0,,0,0,0,0,0,,0,,0,,,,,,,,,,,,,,1,,0,,,,,,,,,,,,0,,,,,,,,,,0,0,0,0,0,0,0,0,,,0,0,0,0,0,0,,0,0,,,,,,,0,0,0,0,0,0,0,91147.0,91699.715
169,0,0,0,2025.0,0,0,0,0,0,0,0,0,0,,,,,0,0,0,,0,0,0,,0,0,0,,,,,,,,,,,,,,,,,,0,631,4,81,146,218,278,0,269,539,579,645,70,78,564,473,43,1,0,35,31,170,234,305,382,0,361,468,129,257,240,354,269,101,459,100,1,0,103,94,85,104,85,67,,0,,,,,,,,,,,,1,,,,,,,,,,,0,0,0,0,0,0,0,0,0,0,0,0,0,0,0,0,0,0,0,,,0,,0,,0,,0,0,0,,0,,0,0,0,,0,,0,,0,,0,0,0,0,,0,0,0,,0,0,0,,0,0,0,,0,0,0,,0,0,0,,0,,,,0,0,0,0,,,0,0,0,,0,0,,0,0,0,0,0,0,0,0,0,,,,,,,,,,,,,,,,,,,,,,,,,,,,0,,,,,,,,,,,,,,,,,,,,,,,,,,,0,,,,,,,,,,,,,,,,,,,,,,,,,,,,,,,,,,,,,,0,0,0,0,0,0,,0,,0,0,0,,0,0,0,0,0,,0,,0,,,,,,,,,,,,,,1,,0,,,,,,,,,,,,0,,,,,,,,,,0,0,0,0,0,0,0,0,,,0,0,0,0,0,0,,0,0,,,,,,,0,0,0,0,0,0,0,15.0,911.2425
97,0,0,0,2025.0,0,0,0,0,0,0,0,0,0,,,,,0,0,0,,0,0,0,,0,0,0,,,,,,,,,,,,,,,,,,2,516,0,69,111,80,259,24,195,453,181,632,405,143,612,531,119,16,97,527,0,34,193,53,214,330,274,515,272,35,541,402,191,594,456,309,90,107,103,94,85,104,85,67,,0,,,,,,,,,,,,1,,,,,,,,,,,0,0,0,0,0,0,0,0,0,0,0,0,0,0,0,0,0,0,0,,,0,,0,,0,,0,0,0,,0,,0,0,0,,0,,0,,0,,0,0,0,0,,0,0,0,,0,0,0,,0,0,0,,0,0,0,,0,0,0,,0,,,,0,0,0,0,,,0,0,0,,0,0,,0,0,0,0,0,0,0,0,0,,,,,,,,,,,,,,,,,,,,,,,,,,,,0,,,,,,,,,,,,,,,,,,,,,,,,,,,0,,,,,,,,,,,,,,,,,,,,,,,,,,,,,,,,,,,,,,0,0,0,0,0,0,,0,,0,0,0,,0,0,0,0,0,,0,,0,,,,,,,,,,,,,,1,,0,,,,,,,,,,,,0,,,,,,,,,,0,0,0,0,0,0,0,0,,,0,0,0,0,0,0,,0,0,,,,,,,0,0,0,0,0,0,0,112051.0,111351.725
130,0,0,0,2020.0,0,0,0,0,0,0,0,0,0,,,,,0,0,0,,0,0,0,,0,0,0,,,,,,,,,,,,,,,,,,2,382,0,47,37,168,40,113,148,190,575,287,143,55,552,470,68,16,386,402,0,126,31,97,244,388,130,307,13,377,147,57,627,444,465,143,49,391,103,94,85,104,85,67,,0,,,,,,,,,,,,1,,,,,,,,,,,0,0,0,0,0,0,0,0,0,0,0,0,0,0,0,0,0,0,0,,,0,,0,,0,,0,0,0,,0,,0,0,0,,0,,0,,0,,0,0,0,0,,0,0,0,,0,0,0,,0,0,0,,0,0,0,,0,0,0,,0,,,,0,0,0,0,,,0,0,0,,0,0,,0,0,0,0,0,0,0,0,0,,,,,,,,,,,,,,,,,,,,,,,,,,,,0,,,,,,,,,,,,,,,,,,,,,,,,,,,0,,,,,,,,,,,,,,,,,,,,,,,,,,,,,,,,,,,,,,0,0,0,0,0,0,,0,,0,0,0,,0,0,0,0,0,,0,,0,,,,,,,,,,,,,,1,,0,,,,,,,,,,,,0,,,,,,,,,,0,0,0,0,0,0,0,0,,,0,0,0,0,0,0,,0,0,,,,,,,0,0,0,0,0,0,0,70205.0,70102.85
76,0,0,0,2025.0,0,0,0,0,0,0,0,0,0,,,,,0,0,0,,0,0,0,,0,0,0,,,,,,,,,,,,,,,,,,2,373,0,9,18,213,153,221,41,391,86,543,304,87,505,324,449,40,44,398,10,74,91,233,80,171,117,624,275,638,432,218,17,376,251,269,1,59,103,94,85,104,85,67,,0,,,,,,,,,,,,1,,,,,,,,,,,0,0,0,0,0,0,0,0,0,0,0,0,0,0,0,0,0,0,0,,,0,,0,,0,,0,0,0,,0,,0,0,0,,0,,0,,0,,0,0,0,0,,0,0,0,,0,0,0,,0,0,0,,0,0,0,,0,0,0,,0,,,,0,0,0,0,,,0,0,0,,0,0,,0,0,0,0,0,0,0,0,0,,,,,,,,,,,,,,,,,,,,,,,,,,,,0,,,,,,,,,,,,,,,,,,,,,,,,,,,0,,,,,,,,,,,,,,,,,,,,,,,,,,,,,,,,,,,,,,0,0,0,0,0,0,,0,,0,0,0,,0,0,0,0,0,,0,,0,,,,,,,,,,,,,,1,,0,,,,,,,,,,,,0,,,,,,,,,,0,0,0,0,0,0,0,0,,,0,0,0,0,0,0,,0,0,,,,,,,0,0,0,0,0,0,0,98064.0,98102.66
142,0,0,0,2020.0,0,0,0,0,0,0,0,0,0,,,,,0,0,0,,0,0,0,,0,0,0,,,,,,,,,,,,,,,,,,5,469,0,62,56,32,197,282,553,524,279,177,60,624,438,440,199,159,386,475,0,147,127,242,30,159,59,688,442,215,115,673,512,270,291,79,57,391,103,94,85,104,85,67,,0,,,,,,,,,,,,1,,,,,,,,,,,0,0,0,0,0,0,0,0,0,0,0,0,0,0,0,0,0,0,0,,,0,,0,,0,,0,0,0,,0,,0,0,0,,0,,0,,0,,0,0,0,0,,0,0,0,,0,0,0,,0,0,0,,0,0,0,,0,0,0,,0,,,,0,0,0,0,,,0,0,0,,0,0,,0,0,0,0,0,0,0,0,0,,,,,,,,,,,,,,,,,,,,,,,,,,,,0,,,,,,,,,,,,,,,,,,,,,,,,,,,0,,,,,,,,,,,,,,,,,,,,,,,,,,,,,,,,,,,,,,0,0,0,0,0,0,,0,,0,0,0,,0,0,0,0,0,,0,,0,,,,,,,,,,,,,,1,,0,,,,,,,,,,,,0,,,,,,,,,,0,0,0,0,0,0,0,0,,,0,0,0,0,0,0,,0,0,,,,,,,0,0,0,0,0,0,0,107784.0,107673.915
10,0,0,0,2023.0,0,0,0,0,0,0,0,0,0,,,,,0,0,0,,0,0,0,,0,0,0,,,,,,,,,,,,,,,,,,6,198,0,0,0,0,0,0,352,167,233,187,102,53,587,551,29,177,375,38,0,0,0,0,345,367,443,41,106,136,74,656,553,292,207,124,0,318,103,94,85,104,85,67,,0,,,,,,,,,,,,1,,,,,,,,,,,0,0,0,0,0,0,0,0,0,0,0,0,0,0,0,0,0,0,0,,,0,,0,,0,,0,0,0,,0,,0,0,0,,0,,0,,0,,0,0,0,0,,0,0,0,,0,0,0,,0,0,0,,0,0,0,,0,0,0,,0,,,,0,0,0,0,,,0,0,0,,0,0,,0,0,0,0,0,0,0,0,0,,,,,,,,,,,,,,,,,,,,,,,,,,,,0,,,,,,,,,,,,,,,,,,,,,,,,,,,0,,,,,,,,,,,,,,,,,,,,,,,,,,,,,,,,,,,,,,0,0,0,0,0,0,,0,,0,0,0,,0,0,0,0,0,,0,,0,,,,,,,,,,,,,,1,,0,,,,,,,,,,,,0,,,,,,,,,,0,0,0,0,0,0,0,0,,,0,0,0,0,0,0,,0,0,,,,,,,0,0,0,0,0,0,0,1509.0,1485.54
103,0,0,0,2019.0,0,0,0,0,0,0,0,0,0,,,,,0,0,0,,0,0,0,,0,0,0,,,,,,,,,,,,,,,,,,1,257,0,0,0,1,0,9,532,61,195,225,297,378,324,379,182,52,208,264,0,0,125,62,213,367,341,57,270,284,303,341,332,188,196,310,82,184,103,94,85,104,85,67,,0,,,,,,,,,,,,1,,,,,,,,,,,0,0,0,0,0,0,0,0,0,0,0,0,0,0,0,0,0,0,0,,,0,,0,,0,,0,0,0,,0,,0,0,0,,0,,0,,0,,0,0,0,0,,0,0,0,,0,0,0,,0,0,0,,0,0,0,,0,0,0,,0,,,,0,0,0,0,,,0,0,0,,0,0,,0,0,0,0,0,0,0,0,0,,,,,,,,,,,,,,,,,,,,,,,,,,,,0,,,,,,,,,,,,,,,,,,,,,,,,,,,0,,,,,,,,,,,,,,,,,,,,,,,,,,,,,,,,,,,,,,0,0,0,0,0,0,,0,,0,0,0,,0,0,0,0,0,,0,,0,,,,,,,,,,,,,,5,,0,,,,,,,,,,,,0,,,,,,,,,,0,0,0,0,0,0,0,0,,,0,0,0,0,0,0,,0,0,,,,,,,0,0,0,0,0,0,0,649.0,660.19
44,0,0,0,2020.0,0,0,0,0,0,0,0,0,0,,,,,0,0,0,,0,0,0,,0,0,0,,,,,,,,,,,,,,,,,,6,353,0,0,0,1,0,9,346,368,448,415,377,319,148,168,372,29,116,213,0,0,0,0,369,412,502,195,396,368,334,257,118,570,503,264,112,27,103,94,85,104,85,67,,0,,,,,,,,,,,,1,,,,,,,,,,,0,0,0,0,0,0,0,0,0,0,0,0,0,0,0,0,0,0,0,,,0,,0,,0,,0,0,0,,0,,0,0,0,,0,,0,,0,,0,0,0,0,,0,0,0,,0,0,0,,0,0,0,,0,0,0,,0,0,0,,0,,,,0,0,0,0,,,0,0,0,,0,0,,0,0,0,0,0,0,0,0,0,,,,,,,,,,,,,,,,,,,,,,,,,,,,0,,,,,,,,,,,,,,,,,,,,,,,,,,,0,,,,,,,,,,,,,,,,,,,,,,,,,,,,,,,,,,,,,,0,0,0,0,0,0,,0,,0,0,0,,0,0,0,0,0,,0,,0,,,,,,,,,,,,,,1,,0,,,,,,,,,,,,0,,,,,,,,,,0,0,0,0,0,0,0,0,,,0,0,0,0,0,0,,0,0,,,,,,,0,0,0,0,0,0,0,1957.0,1955.395
162,0,0,0,2020.0,0,0,0,0,0,0,0,0,0,,,,,0,0,0,,0,0,0,,0,0,0,,,,,,,,,,,,,,,,,,1,680,4,81,146,218,278,5,5,605,480,337,265,229,100,603,482,234,385,684,31,170,234,305,382,120,286,450,597,435,269,224,164,10,574,384,143,390,21,8,20,18,62,4,,0,,,,,,,,,,,,1,,,,,,,,,,,0,0,0,0,0,0,0,0,0,0,0,0,0,0,0,0,0,0,0,,,0,,0,,0,,0,0,0,,0,,0,0,0,,0,,0,,0,,0,0,0,0,,0,0,0,,0,0,0,,0,0,0,,0,0,0,,0,0,0,,0,,,,0,0,0,0,,,0,0,0,,0,0,,0,0,0,0,0,0,0,0,0,,,,,,,,,,,,,,,,,,,,,,,,,,,,0,,,,,,,,,,,,,,,,,,,,,,,,,,,0,,,,,,,,,,,,,,,,,,,,,,,,,,,,,,,,,,,,,,0,0,0,0,0,0,,0,,0,0,0,,0,0,0,0,0,,0,,0,,,,,,,,,,,,,,1,,0,,,,,,,,,,,,0,,,,,,,,,,0,0,0,0,0,0,0,0,,,0,0,0,0,0,0,,0,0,,,,,,,0,0,0,0,0,0,0,41.3,41.241000000000106
141,0,0,0,2020.0,0,0,0,0,0,0,0,0,0,,,,,0,0,0,,0,0,0,,0,0,0,,,,,,,,,,,,,,,,,,6,2,0,0,0,0,0,0,231,209,409,565,607,26,69,260,147,129,386,4,0,0,0,0,269,282,500,245,515,570,9,66,77,32,212,30,66,391,103,94,85,104,85,67,,0,,,,,,,,,,,,1,,,,,,,,,,,0,0,0,0,0,0,0,0,0,0,0,0,0,0,0,0,0,0,0,,,0,,0,,0,,0,0,0,,0,,0,0,0,,0,,0,,0,,0,0,0,0,,0,0,0,,0,0,0,,0,0,0,,0,0,0,,0,0,0,,0,,,,0,0,0,0,,,0,0,0,,0,0,,0,0,0,0,0,0,0,0,0,,,,,,,,,,,,,,,,,,,,,,,,,,,,0,,,,,,,,,,,,,,,,,,,,,,,,,,,0,,,,,,,,,,,,,,,,,,,,,,,,,,,,,,,,,,,,,,0,0,0,0,0,0,,0,,0,0,0,,0,0,0,0,0,,0,,0,,,,,,,,,,,,,,1,,0,,,,,,,,,,,,0,,,,,,,,,,0,0,0,0,0,0,0,0,,,0,0,0,0,0,0,,0,0,,,,,,,0,0,0,0,0,0,0,96.0,95.52
63,0,0,0,2019.0,0,0,0,0,0,0,0,0,0,,,,,0,0,0,,0,0,0,,0,0,0,,,,,,,,,,,,,,,,,,1,388,1,61,103,154,110,171,585,409,159,639,513,404,222,216,436,180,126,397,2,36,23,196,23,100,64,632,319,48,557,449,266,80,8,184,90,123,103,94,85,104,85,67,,0,,,,,,,,,,,,1,,,,,,,,,,,0,0,0,0,0,0,0,0,0,0,0,0,0,0,0,0,0,0,0,,,0,,0,,0,,0,0,0,,0,,0,0,0,,0,,0,,0,,0,0,0,0,,0,0,0,,0,0,0,,0,0,0,,0,0,0,,0,0,0,,0,,,,0,0,0,0,,,0,0,0,,0,0,,0,0,0,0,0,0,0,0,0,,,,,,,,,,,,,,,,,,,,,,,,,,,,0,,,,,,,,,,,,,,,,,,,,,,,,,,,0,,,,,,,,,,,,,,,,,,,,,,,,,,,,,,,,,,,,,,0,0,0,0,0,0,,0,,0,0,0,,0,0,0,0,0,,0,,0,,,,,,,,,,,,,,4,,0,,,,,,,,,,,,0,,,,,,,,,,0,0,0,0,0,0,0,0,,,0,0,0,0,0,0,,0,0,,,,,,,0,0,0,0,0,0,0,97177.0,96925.76
11,0,0,0,2020.0,0,0,0,0,0,0,0,0,0,,,,,0,0,0,,0,0,0,,0,0,0,,,,,,,,,,,,,,,,,,5,64,0,61,74,104,88,125,438,12,543,359,207,127,651,581,90,132,314,114,14,69,22,170,357,56,490,173,648,460,328,127,629,367,221,222,1,345,103,94,85,104,85,67,,0,,,,,,,,,,,,1,,,,,,,,,,,0,0,0,0,0,0,0,0,0,0,0,0,0,0,0,0,0,0,0,,,0,,0,,0,,0,0,0,,0,,0,0,0,,0,,0,,0,,0,0,0,0,,0,0,0,,0,0,0,,0,0,0,,0,0,0,,0,0,0,,0,,,,0,0,0,0,,,0,0,0,,0,0,,0,0,0,0,0,0,0,0,0,,,,,,,,,,,,,,,,,,,,,,,,,,,,0,,,,,,,,,,,,,,,,,,,,,,,,,,,0,,,,,,,,,,,,,,,,,,,,,,,,,,,,,,,,,,,,,,0,0,0,0,0,0,,0,,0,0,0,,0,0,0,0,0,,0,,0,,,,,,,,,,,,,,1,,0,,,,,,,,,,,,0,,,,,,,,,,0,0,0,0,0,0,0,0,,,0,0,0,0,0,0,,0,0,,,,,,,0,0,0,0,0,0,0,26366.0,26370.155
144,0,0,0,2019.0,0,0,0,0,0,0,0,0,0,,,,,0,0,0,,0,0,0,,0,0,0,,,,,,,,,,,,,,,,,,1,680,4,81,146,218,278,183,492,565,296,171,76,617,441,603,482,234,385,684,31,170,234,305,382,67,11,692,470,231,98,36,514,267,574,384,143,390,60,57,53,65,16,35,,0,,,,,,,,,,,,1,,,,,,,,,,,0,0,0,0,0,0,0,0,0,0,0,0,0,0,0,0,0,0,0,,,0,,0,,0,,0,0,0,,0,,0,0,0,,0,,0,,0,,0,0,0,0,,0,0,0,,0,0,0,,0,0,0,,0,0,0,,0,0,0,,0,,,,0,0,0,0,,,0,0,0,,0,0,,0,0,0,0,0,0,0,0,0,,,,,,,,,,,,,,,,,,,,,,,,,,,,0,,,,,,,,,,,,,,,,,,,,,,,,,,,0,,,,,,,,,,,,,,,,,,,,,,,,,,,,,,,,,,,,,,0,0,0,0,0,0,,0,,0,0,0,,0,0,0,0,0,,0,,0,,,,,,,,,,,,,,1,,0,,,,,,,,,,,,0,,,,,,,,,,0,0,0,0,0,0,0,0,,,0,0,0,0,0,0,,0,0,,,,,,,0,0,0,0,0,0,0,102942.0,102817.88
26,0,0,0,2019.0,0,0,0,0,0,0,0,0,0,,,,,0,0,0,,0,0,0,,0,0,0,,,,,,,,,,,,,,,,,,1,84,0,61,144,217,206,268,504,40,454,164,627,421,89,558,460,40,209,188,19,106,124,269,82,197,591,228,659,369,113,605,399,107,406,201,72,249,103,94,85,104,85,67,,0,,,,,,,,,,,,1,,,,,,,,,,,0,0,0,0,0,0,0,0,0,0,0,0,0,0,0,0,0,0,0,,,0,,0,,0,,0,0,0,,0,,0,0,0,,0,,0,,0,,0,0,0,0,,0,0,0,,0,0,0,,0,0,0,,0,0,0,,0,0,0,,0,,,,0,0,0,0,,,0,0,0,,0,0,,0,0,0,0,0,0,0,0,0,,,,,,,,,,,,,,,,,,,,,,,,,,,,0,,,,,,,,,,,,,,,,,,,,,,,,,,,0,,,,,,,,,,,,,,,,,,,,,,,,,,,,,,,,,,,,,,0,0,0,0,0,0,,0,,0,0,0,,0,0,0,0,0,,0,,0,,,,,,,,,,,,,,3,,0,,,,,,,,,,,,0,,,,,,,,,,0,0,0,0,0,0,0,0,,,0,0,0,0,0,0,,0,0,,,,,,,0,0,0,0,0,0,0,34576.0,34554.81
115,0,0,0,2019.0,0,0,0,0,0,0,0,0,0,,,,,0,0,0,,0,0,0,,0,0,0,,,,,,,,,,,,,,,,,,1,124,0,0,0,0,0,0,532,552,631,69,137,270,287,402,241,79,386,90,0,0,0,1,7,49,318,448,653,54,183,261,320,219,278,364,107,391,103,94,85,104,85,67,,0,,,,,,,,,,,,1,,,,,,,,,,,0,0,0,0,0,0,0,0,0,0,0,0,0,0,0,0,0,0,0,,,0,,0,,0,,0,0,0,,0,,0,0,0,,0,,0,,0,,0,0,0,0,,0,0,0,,0,0,0,,0,0,0,,0,0,0,,0,0,0,,0,,,,0,0,0,0,,,0,0,0,,0,0,,0,0,0,0,0,0,0,0,0,,,,,,,,,,,,,,,,,,,,,,,,,,,,0,,,,,,,,,,,,,,,,,,,,,,,,,,,0,,,,,,,,,,,,,,,,,,,,,,,,,,,,,,,,,,,,,,0,0,0,0,0,0,,0,,0,0,0,,0,0,0,0,0,,0,,0,,,,,,,,,,,,,,5,,0,,,,,,,,,,,,0,,,,,,,,,,0,0,0,0,0,0,0,0,,,0,0,0,0,0,0,,0,0,,,,,,,0,0,0,0,0,0,0,305.0,304.495
129,0,0,0,2020.0,0,0,0,0,0,0,0,0,0,,,,,0,0,0,,0,0,0,,0,0,0,,,,,,,,,,,,,,,,,,6,55,0,0,0,0,1,9,481,464,541,635,67,192,233,382,257,112,386,88,0,0,0,214,345,54,293,427,640,698,66,180,305,226,341,70,8,391,103,94,85,104,85,67,,0,,,,,,,,,,,,1,,,,,,,,,,,0,0,0,0,0,0,0,0,0,0,0,0,0,0,0,0,0,0,0,,,0,,0,,0,,0,0,0,,0,,0,0,0,,0,,0,,0,,0,0,0,0,,0,0,0,,0,0,0,,0,0,0,,0,0,0,,0,0,0,,0,,,,0,0,0,0,,,0,0,0,,0,0,,0,0,0,0,0,0,0,0,0,,,,,,,,,,,,,,,,,,,,,,,,,,,,0,,,,,,,,,,,,,,,,,,,,,,,,,,,0,,,,,,,,,,,,,,,,,,,,,,,,,,,,,,,,,,,,,,0,0,0,0,0,0,,0,,0,0,0,,0,0,0,0,0,,0,,0,,,,,,,,,,,,,,1,,0,,,,,,,,,,,,0,,,,,,,,,,0,0,0,0,0,0,0,0,,,0,0,0,0,0,0,,0,0,,,,,,,0,0,0,0,0,0,0,285.0,286.635
36,0,0,0,2025.0,0,0,0,0,0,0,0,0,0,,,,,0,0,0,,0,0,0,,0,0,0,,,,,,,,,,,,,,,,,,2,93,0,61,134,184,190,242,546,95,520,208,656,434,133,16,43,1,93,212,19,85,117,268,92,201,638,289,710,427,173,663,418,127,507,286,0,81,103,94,85,104,85,67,,0,,,,,,,,,,,,1,,,,,,,,,,,0,0,0,0,0,0,0,0,0,0,0,0,0,0,0,0,0,0,0,,,0,,0,,0,,0,0,0,,0,,0,0,0,,0,,0,,0,,0,0,0,0,,0,0,0,,0,0,0,,0,0,0,,0,0,0,,0,0,0,,0,,,,0,0,0,0,,,0,0,0,,0,0,,0,0,0,0,0,0,0,0,0,,,,,,,,,,,,,,,,,,,,,,,,,,,,0,,,,,,,,,,,,,,,,,,,,,,,,,,,0,,,,,,,,,,,,,,,,,,,,,,,,,,,,,,,,,,,,,,0,0,0,0,0,0,,0,,0,0,0,,0,0,0,0,0,,0,,0,,,,,,,,,,,,,,1,,0,,,,,,,,,,,,0,,,,,,,,,,0,0,0,0,0,0,0,0,,,0,0,0,0,0,0,,0,0,,,,,,,0,0,0,0,0,0,0,48192.0,48190.95
163,0,0,0,2025.0,0,0,0,0,0,0,0,0,0,,,,,0,0,0,,0,0,0,,0,0,0,,,,,,,,,,,,,,,,,,0,607,0,0,0,0,0,0,502,460,640,27,39,652,471,411,11,18,112,605,0,0,0,0,213,253,383,244,590,668,19,13,579,352,237,252,109,227,103,94,85,104,85,67,,0,,,,,,,,,,,,1,,,,,,,,,,,0,0,0,0,0,0,0,0,0,0,0,0,0,0,0,0,0,0,0,,,0,,0,,0,,0,0,0,,0,,0,0,0,,0,,0,,0,,0,0,0,0,,0,0,0,,0,0,0,,0,0,0,,0,0,0,,0,0,0,,0,,,,0,0,0,0,,,0,0,0,,0,0,,0,0,0,0,0,0,0,0,0,,,,,,,,,,,,,,,,,,,,,,,,,,,,0,,,,,,,,,,,,,,,,,,,,,,,,,,,0,,,,,,,,,,,,,,,,,,,,,,,,,,,,,,,,,,,,,,0,0,0,0,0,0,,0,,0,0,0,,0,0,0,0,0,,0,,0,,,,,,,,,,,,,,1,,0,,,,,,,,,,,,0,,,,,,,,,,0,0,0,0,0,0,0,0,,,0,0,0,0,0,0,,0,0,,,,,,,0,0,0,0,0,0,0,1041.0,1405.14
124,0,0,0,2020.0,0,0,0,0,0,0,0,0,0,,,,,0,0,0,,0,0,0,,0,0,0,,,,,,,,,,,,,,,,,,5,557,0,68,72,14,82,166,257,312,187,78,32,673,572,43,353,183,386,569,0,166,110,164,296,30,255,452,234,96,21,14,636,458,519,149,19,391,103,94,85,104,85,67,,0,,,,,,,,,,,,1,,,,,,,,,,,0,0,0,0,0,0,0,0,0,0,0,0,0,0,0,0,0,0,0,,,0,,0,,0,,0,0,0,,0,,0,0,0,,0,,0,,0,,0,0,0,0,,0,0,0,,0,0,0,,0,0,0,,0,0,0,,0,0,0,,0,,,,0,0,0,0,,,0,0,0,,0,0,,0,0,0,0,0,0,0,0,0,,,,,,,,,,,,,,,,,,,,,,,,,,,,0,,,,,,,,,,,,,,,,,,,,,,,,,,,0,,,,,,,,,,,,,,,,,,,,,,,,,,,,,,,,,,,,,,0,0,0,0,0,0,,0,,0,0,0,,0,0,0,0,0,,0,,0,,,,,,,,,,,,,,1,,0,,,,,,,,,,,,0,,,,,,,,,,0,0,0,0,0,0,0,0,,,0,0,0,0,0,0,,0,0,,,,,,,0,0,0,0,0,0,0,92125.0,92012.12
163,0,0,0,2020.0,0,0,0,0,0,0,0,0,0,,,,,0,0,0,,0,0,0,,0,0,0,,,,,,,,,,,,,,,,,,0,607,0,0,0,0,0,0,502,460,640,27,39,652,471,411,11,18,112,605,0,0,0,0,213,253,383,244,590,668,19,13,579,352,237,252,109,227,103,94,85,104,85,67,,0,,,,,,,,,,,,1,,,,,,,,,,,0,0,0,0,0,0,0,0,0,0,0,0,0,0,0,0,0,0,0,,,0,,0,,0,,0,0,0,,0,,0,0,0,,0,,0,,0,,0,0,0,0,,0,0,0,,0,0,0,,0,0,0,,0,0,0,,0,0,0,,0,,,,0,0,0,0,,,0,0,0,,0,0,,0,0,0,0,0,0,0,0,0,,,,,,,,,,,,,,,,,,,,,,,,,,,,0,,,,,,,,,,,,,,,,,,,,,,,,,,,0,,,,,,,,,,,,,,,,,,,,,,,,,,,,,,,,,,,,,,0,0,0,0,0,0,,0,,0,0,0,,0,0,0,0,0,,0,,0,,,,,,,,,,,,,,1,,0,,,,,,,,,,,,0,,,,,,,,,,0,0,0,0,0,0,0,0,,,0,0,0,0,0,0,,0,0,,,,,,,0,0,0,0,0,0,0,1041.0,1404.45
24,0,0,0,2020.0,0,0,0,0,0,0,0,0,0,,,,,0,0,0,,0,0,0,,0,0,0,,,,,,,,,,,,,,,,,,6,389,0,0,0,0,0,0,411,309,339,271,203,193,55,61,212,34,363,246,0,0,0,111,7,59,577,196,306,244,207,118,29,449,346,264,72,328,103,94,85,104,85,67,,0,,,,,,,,,,,,1,,,,,,,,,,,0,0,0,0,0,0,0,0,0,0,0,0,0,0,0,0,0,0,0,,,0,,0,,0,,0,0,0,,0,,0,0,0,,0,,0,,0,,0,0,0,0,,0,0,0,,0,0,0,,0,0,0,,0,0,0,,0,0,0,,0,,,,0,0,0,0,,,0,0,0,,0,0,,0,0,0,0,0,0,0,0,0,,,,,,,,,,,,,,,,,,,,,,,,,,,,0,,,,,,,,,,,,,,,,,,,,,,,,,,,0,,,,,,,,,,,,,,,,,,,,,,,,,,,,,,,,,,,,,,0,0,0,0,0,0,,0,,0,0,0,,0,0,0,0,0,,0,,0,,,,,,,,,,,,,,1,,0,,,,,,,,,,,,0,,,,,,,,,,0,0,0,0,0,0,0,0,,,0,0,0,0,0,0,,0,0,,,,,,,0,0,0,0,0,0,0,1982.0,1983.77
28,0,0,0,2025.0,0,0,0,0,0,0,0,0,0,,,,,0,0,0,,0,0,0,,0,0,0,,,,,,,,,,,,,,,,,,5,168,0,71,143,202,201,259,516,92,632,493,369,275,113,107,262,228,219,260,28,88,114,253,71,180,610,256,23,565,452,335,149,558,422,251,1,251,103,94,85,104,85,67,,0,,,,,,,,,,,,1,,,,,,,,,,,0,0,0,0,0,0,0,0,0,0,0,0,0,0,0,0,0,0,0,,,0,,0,,0,,0,0,0,,0,,0,0,0,,0,,0,,0,,0,0,0,0,,0,0,0,,0,0,0,,0,0,0,,0,0,0,,0,0,0,,0,,,,0,0,0,0,,,0,0,0,,0,0,,0,0,0,0,0,0,0,0,0,,,,,,,,,,,,,,,,,,,,,,,,,,,,0,,,,,,,,,,,,,,,,,,,,,,,,,,,0,,,,,,,,,,,,,,,,,,,,,,,,,,,,,,,,,,,,,,0,0,0,0,0,0,,0,,0,0,0,,0,0,0,0,0,,0,,0,,,,,,,,,,,,,,1,,0,,,,,,,,,,,,0,,,,,,,,,,0,0,0,0,0,0,0,0,,,0,0,0,0,0,0,,0,0,,,,,,,0,0,0,0,0,0,0,38322.0,38407.97
58,0,0,0,2020.0,0,0,0,0,0,0,0,0,0,,,,,0,0,0,,0,0,0,,0,0,0,,,,,,,,,,,,,,,,,,5,375,0,71,107,143,124,178,17,375,95,613,499,369,198,184,355,66,156,388,5,6,13,198,46,113,99,580,280,14,524,428,219,16,522,339,0,162,103,94,85,104,85,67,,0,,,,,,,,,,,,1,,,,,,,,,,,0,0,0,0,0,0,0,0,0,0,0,0,0,0,0,0,0,0,0,,,0,,0,,0,,0,0,0,,0,,0,0,0,,0,,0,,0,,0,0,0,0,,0,0,0,,0,0,0,,0,0,0,,0,0,0,,0,0,0,,0,,,,0,0,0,0,,,0,0,0,,0,0,,0,0,0,0,0,0,0,0,0,,,,,,,,,,,,,,,,,,,,,,,,,,,,0,,,,,,,,,,,,,,,,,,,,,,,,,,,0,,,,,,,,,,,,,,,,,,,,,,,,,,,,,,,,,,,,,,0,0,0,0,0,0,,0,,0,0,0,,0,0,0,0,0,,0,,0,,,,,,,,,,,,,,1,,0,,,,,,,,,,,,0,,,,,,,,,,0,0,0,0,0,0,0,0,,,0,0,0,0,0,0,,0,0,,,,,,,0,0,0,0,0,0,0,92565.0,92589.18
13,0,0,0,2020.0,0,0,0,0,0,0,0,0,0,,,,,0,0,0,,0,0,0,,0,0,0,,,,,,,,,,,,,,,,,,5,56,0,2,97,102,93,127,441,15,537,386,209,140,649,4,99,218,287,93,24,61,37,176,359,61,489,179,649,464,340,134,647,365,235,180,72,313,103,94,85,104,85,67,,0,,,,,,,,,,,,1,,,,,,,,,,,0,0,0,0,0,0,0,0,0,0,0,0,0,0,0,0,0,0,0,,,0,,0,,0,,0,0,0,,0,,0,0,0,,0,,0,,0,,0,0,0,0,,0,0,0,,0,0,0,,0,0,0,,0,0,0,,0,0,0,,0,,,,0,0,0,0,,,0,0,0,,0,0,,0,0,0,0,0,0,0,0,0,,,,,,,,,,,,,,,,,,,,,,,,,,,,0,,,,,,,,,,,,,,,,,,,,,,,,,,,0,,,,,,,,,,,,,,,,,,,,,,,,,,,,,,,,,,,,,,0,0,0,0,0,0,,0,,0,0,0,,0,0,0,0,0,,0,,0,,,,,,,,,,,,,,1,,0,,,,,,,,,,,,0,,,,,,,,,,0,0,0,0,0,0,0,0,,,0,0,0,0,0,0,,0,0,,,,,,,0,0,0,0,0,0,0,26473.0,26468.745
108,0,0,0,2019.0,0,0,0,0,0,0,0,0,0,,,,,0,0,0,,0,0,0,,0,0,0,,,,,,,,,,,,,,,,,,1,170,0,0,0,0,0,0,434,668,35,142,202,310,315,367,190,37,184,138,0,0,1,62,269,367,327,558,54,184,227,314,313,206,215,312,107,136,103,94,85,104,85,67,,0,,,,,,,,,,,,1,,,,,,,,,,,0,0,0,0,0,0,0,0,0,0,0,0,0,0,0,0,0,0,0,,,0,,0,,0,,0,0,0,,0,,0,0,0,,0,,0,,0,,0,0,0,0,,0,0,0,,0,0,0,,0,0,0,,0,0,0,,0,0,0,,0,,,,0,0,0,0,,,0,0,0,,0,0,,0,0,0,0,0,0,0,0,0,,,,,,,,,,,,,,,,,,,,,,,,,,,,0,,,,,,,,,,,,,,,,,,,,,,,,,,,0,,,,,,,,,,,,,,,,,,,,,,,,,,,,,,,,,,,,,,0,0,0,0,0,0,,0,,0,0,0,,0,0,0,0,0,,0,,0,,,,,,,,,,,,,,5,,0,,,,,,,,,,,,0,,,,,,,,,,0,0,0,0,0,0,0,0,,,0,0,0,0,0,0,,0,0,,,,,,,0,0,0,0,0,0,0,335.0,766.705
168,0,0,0,2019.0,0,0,0,0,0,0,0,0,0,,,,,0,0,0,,0,0,0,,0,0,0,,,,,,,,,,,,,,,,,,1,223,0,0,0,0,0,0,2,155,2,429,442,198,156,1,1,0,0,284,0,0,0,0,0,0,0,641,568,2,3,198,6,197,0,0,0,0,103,94,85,104,85,67,,0,,,,,,,,,,,,1,,,,,,,,,,,0,0,0,0,0,0,0,0,0,0,0,0,0,0,0,0,0,0,0,,,0,,0,,0,,0,0,0,,0,,0,0,0,,0,,0,,0,,0,0,0,0,,0,0,0,,0,0,0,,0,0,0,,0,0,0,,0,0,0,,0,,,,0,0,0,0,,,0,0,0,,0,0,,0,0,0,0,0,0,0,0,0,,,,,,,,,,,,,,,,,,,,,,,,,,,,0,,,,,,,,,,,,,,,,,,,,,,,,,,,0,,,,,,,,,,,,,,,,,,,,,,,,,,,,,,,,,,,,,,0,0,0,0,0,0,,0,,0,0,0,,0,0,0,0,0,,0,,0,,,,,,,,,,,,,,2,,0,,,,,,,,,,,,0,,,,,,,,,,0,0,0,0,0,0,0,0,,,0,0,0,0,0,0,,0,0,,,,,,,0,0,0,0,0,0,0,5.0,6.18
35,0,0,0,2025.0,0,0,0,0,0,0,0,0,0,,,,,0,0,0,,0,0,0,,0,0,0,,,,,,,,,,,,,,,,,,2,103,1,67,144,208,191,252,538,80,512,215,642,436,67,8,43,1,140,220,16,104,121,267,94,203,627,275,704,425,155,631,412,132,516,286,72,141,103,94,85,104,85,67,,0,,,,,,,,,,,,1,,,,,,,,,,,0,0,0,0,0,0,0,0,0,0,0,0,0,0,0,0,0,0,0,,,0,,0,,0,,0,0,0,,0,,0,0,0,,0,,0,,0,,0,0,0,0,,0,0,0,,0,0,0,,0,0,0,,0,0,0,,0,0,0,,0,,,,0,0,0,0,,,0,0,0,,0,0,,0,0,0,0,0,0,0,0,0,,,,,,,,,,,,,,,,,,,,,,,,,,,,0,,,,,,,,,,,,,,,,,,,,,,,,,,,0,,,,,,,,,,,,,,,,,,,,,,,,,,,,,,,,,,,,,,0,0,0,0,0,0,,0,,0,0,0,,0,0,0,0,0,,0,,0,,,,,,,,,,,,,,1,,0,,,,,,,,,,,,0,,,,,,,,,,0,0,0,0,0,0,0,0,,,0,0,0,0,0,0,,0,0,,,,,,,0,0,0,0,0,0,0,46133.0,46310.7
161,0,0,0,2019.0,0,0,0,0,0,0,0,0,0,,,,,0,0,0,,0,0,0,,0,0,0,,,,,,,,,,,,,,,,,,1,75,0,15,93,65,239,319,238,514,280,47,488,202,639,482,51,32,0,153,0,168,130,299,165,258,377,525,463,188,602,383,75,408,257,325,11,0,103,94,85,104,85,67,,0,,,,,,,,,,,,1,,,,,,,,,,,0,0,0,0,0,0,0,0,0,0,0,0,0,0,0,0,0,0,0,,,0,,0,,0,,0,0,0,,0,,0,0,0,,0,,0,,0,,0,0,0,0,,0,0,0,,0,0,0,,0,0,0,,0,0,0,,0,0,0,,0,,,,0,0,0,0,,,0,0,0,,0,0,,0,0,0,0,0,0,0,0,0,,,,,,,,,,,,,,,,,,,,,,,,,,,,0,,,,,,,,,,,,,,,,,,,,,,,,,,,0,,,,,,,,,,,,,,,,,,,,,,,,,,,,,,,,,,,,,,0,0,0,0,0,0,,0,,0,0,0,,0,0,0,0,0,,0,,0,,,,,,,,,,,,,,3,,0,,,,,,,,,,,,0,,,,,,,,,,0,0,0,0,0,0,0,0,,,0,0,0,0,0,0,,0,0,,,,,,,0,0,0,0,0,0,0,57089.0,57069.98
171,0,0,0,2020.0,0,0,0,0,0,0,0,0,0,,,,,0,0,0,,0,0,0,,0,0,0,,,,,,,,,,,,,,,,,,5,610,4,81,146,218,278,298,282,32,687,590,547,519,306,235,438,10,0,661,31,170,234,305,382,259,518,122,192,75,591,546,445,266,119,193,90,0,103,94,85,104,85,67,,0,,,,,,,,,,,,1,,,,,,,,,,,0,0,0,0,0,0,0,0,0,0,0,0,0,0,0,0,0,0,0,,,0,,0,,0,,0,0,0,,0,,0,0,0,,0,,0,,0,,0,0,0,0,,0,0,0,,0,0,0,,0,0,0,,0,0,0,,0,0,0,,0,,,,0,0,0,0,,,0,0,0,,0,0,,0,0,0,0,0,0,0,0,0,,,,,,,,,,,,,,,,,,,,,,,,,,,,0,,,,,,,,,,,,,,,,,,,,,,,,,,,0,,,,,,,,,,,,,,,,,,,,,,,,,,,,,,,,,,,,,,0,0,0,0,0,0,,0,,0,0,0,,0,0,0,0,0,,0,,0,,,,,,,,,,,,,,1,,0,,,,,,,,,,,,0,,,,,,,,,,0,0,0,0,0,0,0,0,,,0,0,0,0,0,0,,0,0,,,,,,,0,0,0,0,0,0,0,897.0,896.86
127,0,0,0,2023.0,0,0,0,0,0,0,0,0,0,,,,,0,0,0,,0,0,0,,0,0,0,,,,,,,,,,,,,,,,,,1,680,4,81,146,218,278,80,133,57,663,578,485,435,311,603,482,234,385,684,31,170,234,305,382,376,299,126,62,646,538,447,299,68,574,384,143,390,97,43,6,89,77,10,,0,,,,,,,,,,,,1,,,,,,,,,,,0,0,0,0,0,0,0,0,0,0,0,0,0,0,0,0,0,0,0,,,0,,0,,0,,0,0,0,,0,,0,0,0,,0,,0,,0,,0,0,0,0,,0,0,0,,0,0,0,,0,0,0,,0,0,0,,0,0,0,,0,,,,0,0,0,0,,,0,0,0,,0,0,,0,0,0,0,0,0,0,0,0,,,,,,,,,,,,,,,,,,,,,,,,,,,,0,,,,,,,,,,,,,,,,,,,,,,,,,,,0,,,,,,,,,,,,,,,,,,,,,,,,,,,,,,,,,,,,,,0,0,0,0,0,0,,0,,0,0,0,,0,0,0,0,0,,0,,0,,,,,,,,,,,,,,1,,0,,,,,,,,,,,,0,,,,,,,,,,0,0,0,0,0,0,0,0,,,0,0,0,0,0,0,,0,0,,,,,,,0,0,0,0,0,0,0,161.4,161.72700000000037
98,0,0,0,2023.0,0,0,0,0,0,0,0,0,0,,,,,0,0,0,,0,0,0,,0,0,0,,,,,,,,,,,,,,,,,,6,417,0,0,0,44,0,72,242,214,336,346,408,407,355,421,166,22,304,445,0,0,125,182,216,276,335,463,499,394,361,378,294,181,179,272,42,257,103,94,85,104,85,67,,0,,,,,,,,,,,,1,,,,,,,,,,,0,0,0,0,0,0,0,0,0,0,0,0,0,0,0,0,0,0,0,,,0,,0,,0,,0,0,0,,0,,0,0,0,,0,,0,,0,,0,0,0,0,,0,0,0,,0,0,0,,0,0,0,,0,0,0,,0,0,0,,0,,,,0,0,0,0,,,0,0,0,,0,0,,0,0,0,0,0,0,0,0,0,,,,,,,,,,,,,,,,,,,,,,,,,,,,0,,,,,,,,,,,,,,,,,,,,,,,,,,,0,,,,,,,,,,,,,,,,,,,,,,,,,,,,,,,,,,,,,,0,0,0,0,0,0,,0,,0,0,0,,0,0,0,0,0,,0,,0,,,,,,,,,,,,,,1,,0,,,,,,,,,,,,0,,,,,,,,,,0,0,0,0,0,0,0,0,,,0,0,0,0,0,0,,0,0,,,,,,,0,0,0,0,0,0,0,1103.0,1078.627
126,0,0,0,2019.0,0,0,0,0,0,0,0,0,0,,,,,0,0,0,,0,0,0,,0,0,0,,,,,,,,,,,,,,,,,,1,680,4,81,146,218,278,145,211,328,194,59,683,662,482,603,482,234,385,684,31,170,234,305,382,429,177,449,255,106,678,641,586,371,574,384,143,390,74,79,75,77,43,51,,0,,,,,,,,,,,,1,,,,,,,,,,,0,0,0,0,0,0,0,0,0,0,0,0,0,0,0,0,0,0,0,,,0,,0,,0,,0,0,0,,0,,0,0,0,,0,,0,,0,,0,0,0,0,,0,0,0,,0,0,0,,0,0,0,,0,0,0,,0,0,0,,0,,,,0,0,0,0,,,0,0,0,,0,0,,0,0,0,0,0,0,0,0,0,,,,,,,,,,,,,,,,,,,,,,,,,,,,0,,,,,,,,,,,,,,,,,,,,,,,,,,,0,,,,,,,,,,,,,,,,,,,,,,,,,,,,,,,,,,,,,,0,0,0,0,0,0,,0,,0,0,0,,0,0,0,0,0,,0,,0,,,,,,,,,,,,,,1,,0,,,,,,,,,,,,0,,,,,,,,,,0,0,0,0,0,0,0,0,,,0,0,0,0,0,0,,0,0,,,,,,,0,0,0,0,0,0,0,88662.0,88620.455
169,0,0,0,2023.0,0,0,0,0,0,0,0,0,0,,,,,0,0,0,,0,0,0,,0,0,0,,,,,,,,,,,,,,,,,,2,595,4,81,146,218,278,318,343,29,667,576,524,443,247,98,378,205,0,625,31,170,234,305,382,216,511,119,114,686,517,457,314,83,492,53,103,0,103,94,85,104,85,67,,0,,,,,,,,,,,,1,,,,,,,,,,,0,0,0,0,0,0,0,0,0,0,0,0,0,0,0,0,0,0,0,,,0,,0,,0,,0,0,0,,0,,0,0,0,,0,,0,,0,,0,0,0,0,,0,0,0,,0,0,0,,0,0,0,,0,0,0,,0,0,0,,0,,,,0,0,0,0,,,0,0,0,,0,0,,0,0,0,0,0,0,0,0,0,,,,,,,,,,,,,,,,,,,,,,,,,,,,0,,,,,,,,,,,,,,,,,,,,,,,,,,,0,,,,,,,,,,,,,,,,,,,,,,,,,,,,,,,,,,,,,,0,0,0,0,0,0,,0,,0,0,0,,0,0,0,0,0,,0,,0,,,,,,,,,,,,,,1,,0,,,,,,,,,,,,0,,,,,,,,,,0,0,0,0,0,0,0,0,,,0,0,0,0,0,0,,0,0,,,,,,,0,0,0,0,0,0,0,989.0,963.645
137,0,0,0,2020.0,0,0,0,0,0,0,0,0,0,,,,,0,0,0,,0,0,0,,0,0,0,,,,,,,,,,,,,,,,,,0,667,0,0,41,0,215,288,263,120,190,54,644,520,290,171,300,42,386,659,0,0,1,292,317,351,559,108,137,141,676,555,381,87,533,66,2,391,103,94,85,104,85,67,,0,,,,,,,,,,,,1,,,,,,,,,,,0,0,0,0,0,0,0,0,0,0,0,0,0,0,0,0,0,0,0,,,0,,0,,0,,0,0,0,,0,,0,0,0,,0,,0,,0,,0,0,0,0,,0,0,0,,0,0,0,,0,0,0,,0,0,0,,0,0,0,,0,,,,0,0,0,0,,,0,0,0,,0,0,,0,0,0,0,0,0,0,0,0,,,,,,,,,,,,,,,,,,,,,,,,,,,,0,,,,,,,,,,,,,,,,,,,,,,,,,,,0,,,,,,,,,,,,,,,,,,,,,,,,,,,,,,,,,,,,,,0,0,0,0,0,0,,0,,0,0,0,,0,0,0,0,0,,0,,0,,,,,,,,,,,,,,1,,0,,,,,,,,,,,,0,,,,,,,,,,0,0,0,0,0,0,0,0,,,0,0,0,0,0,0,,0,0,,,,,,,0,0,0,0,0,0,0,12768.0,14827.84
68,0,0,0,2025.0,0,0,0,0,0,0,0,0,0,,,,,0,0,0,,0,0,0,,0,0,0,,,,,,,,,,,,,,,,,,0,573,0,0,0,0,0,0,2,658,34,37,637,360,116,557,1,0,0,584,0,0,0,0,0,0,284,654,78,30,542,365,34,5,136,0,0,88,103,94,85,104,85,67,,0,,,,,,,,,,,,1,,,,,,,,,,,0,0,0,0,0,0,0,0,0,0,0,0,0,0,0,0,0,0,0,,,0,,0,,0,,0,0,0,,0,,0,0,0,,0,,0,,0,,0,0,0,0,,0,0,0,,0,0,0,,0,0,0,,0,0,0,,0,0,0,,0,,,,0,0,0,0,,,0,0,0,,0,0,,0,0,0,0,0,0,0,0,0,,,,,,,,,,,,,,,,,,,,,,,,,,,,0,,,,,,,,,,,,,,,,,,,,,,,,,,,0,,,,,,,,,,,,,,,,,,,,,,,,,,,,,,,,,,,,,,0,0,0,0,0,0,,0,,0,0,0,,0,0,0,0,0,,0,,0,,,,,,,,,,,,,,1,,0,,,,,,,,,,,,0,,,,,,,,,,0,0,0,0,0,0,0,0,,,0,0,0,0,0,0,,0,0,,,,,,,0,0,0,0,0,0,0,28.0,46.805
26,0,0,0,2020.0,0,0,0,0,0,0,0,0,0,,,,,0,0,0,,0,0,0,,0,0,0,,,,,,,,,,,,,,,,,,5,169,0,61,144,217,207,269,505,84,599,477,342,261,95,88,235,23,238,262,19,106,124,270,83,198,596,248,19,543,426,293,151,544,396,239,112,271,103,94,85,104,85,67,,0,,,,,,,,,,,,1,,,,,,,,,,,0,0,0,0,0,0,0,0,0,0,0,0,0,0,0,0,0,0,0,,,0,,0,,0,,0,0,0,,0,,0,0,0,,0,,0,,0,,0,0,0,0,,0,0,0,,0,0,0,,0,0,0,,0,0,0,,0,0,0,,0,,,,0,0,0,0,,,0,0,0,,0,0,,0,0,0,0,0,0,0,0,0,,,,,,,,,,,,,,,,,,,,,,,,,,,,0,,,,,,,,,,,,,,,,,,,,,,,,,,,0,,,,,,,,,,,,,,,,,,,,,,,,,,,,,,,,,,,,,,0,0,0,0,0,0,,0,,0,0,0,,0,0,0,0,0,,0,,0,,,,,,,,,,,,,,1,,0,,,,,,,,,,,,0,,,,,,,,,,0,0,0,0,0,0,0,0,,,0,0,0,0,0,0,,0,0,,,,,,,0,0,0,0,0,0,0,36570.0,36723.155
172,0,0,0,2023.0,0,0,0,0,0,0,0,0,0,,,,,0,0,0,,0,0,0,,0,0,0,,,,,,,,,,,,,,,,,,1,680,4,81,146,218,278,328,1,1,1,1,1,1,1,603,482,234,385,684,31,170,234,305,382,434,1,1,1,1,1,1,1,1,574,384,143,390,0,0,0,0,0,68,,1,,,,,,,,,,,,2,,,,,,,,,,,0,0,0,0,0,0,0,0,0,0,0,0,0,0,0,0,0,0,0,,,0,,0,,0,,0,0,0,,0,,0,0,0,,0,,0,,0,,0,0,0,0,,0,0,0,,0,0,0,,0,0,0,,0,0,0,,0,0,0,,0,,,,0,0,0,0,,,0,0,0,,0,0,,0,0,0,0,0,0,0,0,0,,,,,,,,,,,,,,,,,,,,,,,,,,,,0,,,,,,,,,,,,,,,,,,,,,,,,,,,0,,,,,,,,,,,,,,,,,,,,,,,,,,,,,,,,,,,,,,0,0,0,0,0,0,,0,,0,0,0,,0,0,0,0,0,,0,,0,,,,,,,,,,,,,,1,,0,,,,,,,,,,,,0,,,,,,,,,,0,0,0,0,0,0,0,0,,,0,0,0,0,0,0,,0,0,,,,,,,0,0,0,0,0,0,0,0.2,0.22250000000000036
76,0,0,0,2023.0,0,0,0,0,0,0,0,0,0,,,,,0,0,0,,0,0,0,,0,0,0,,,,,,,,,,,,,,,,,,5,421,0,9,18,213,153,221,43,421,180,689,564,486,318,278,479,223,106,429,10,74,91,233,81,172,120,640,340,80,594,476,343,138,89,207,127,96,103,94,85,104,85,67,,0,,,,,,,,,,,,1,,,,,,,,,,,0,0,0,0,0,0,0,0,0,0,0,0,0,0,0,0,0,0,0,,,0,,0,,0,,0,0,0,,0,,0,0,0,,0,,0,,0,,0,0,0,0,,0,0,0,,0,0,0,,0,0,0,,0,0,0,,0,0,0,,0,,,,0,0,0,0,,,0,0,0,,0,0,,0,0,0,0,0,0,0,0,0,,,,,,,,,,,,,,,,,,,,,,,,,,,,0,,,,,,,,,,,,,,,,,,,,,,,,,,,0,,,,,,,,,,,,,,,,,,,,,,,,,,,,,,,,,,,,,,0,0,0,0,0,0,,0,,0,0,0,,0,0,0,0,0,,0,,0,,,,,,,,,,,,,,1,,0,,,,,,,,,,,,0,,,,,,,,,,0,0,0,0,0,0,0,0,,,0,0,0,0,0,0,,0,0,,,,,,,0,0,0,0,0,0,0,99552.0,99615.45
128,0,0,0,2023.0,0,0,0,0,0,0,0,0,0,,,,,0,0,0,,0,0,0,,0,0,0,,,,,,,,,,,,,,,,,,2,385,0,38,42,179,48,123,152,136,565,295,173,74,549,533,93,12,386,404,0,128,41,116,253,400,121,309,692,387,174,97,39,488,497,166,82,391,103,94,85,104,85,67,,0,,,,,,,,,,,,1,,,,,,,,,,,0,0,0,0,0,0,0,0,0,0,0,0,0,0,0,0,0,0,0,,,0,,0,,0,,0,0,0,,0,,0,0,0,,0,,0,,0,,0,0,0,0,,0,0,0,,0,0,0,,0,0,0,,0,0,0,,0,0,0,,0,,,,0,0,0,0,,,0,0,0,,0,0,,0,0,0,0,0,0,0,0,0,,,,,,,,,,,,,,,,,,,,,,,,,,,,0,,,,,,,,,,,,,,,,,,,,,,,,,,,0,,,,,,,,,,,,,,,,,,,,,,,,,,,,,,,,,,,,,,0,0,0,0,0,0,,0,,0,0,0,,0,0,0,0,0,,0,,0,,,,,,,,,,,,,,1,,0,,,,,,,,,,,,0,,,,,,,,,,0,0,0,0,0,0,0,0,,,0,0,0,0,0,0,,0,0,,,,,,,0,0,0,0,0,0,0,70569.0,70719.645
98,0,0,0,2025.0,0,0,0,0,0,0,0,0,0,,,,,0,0,0,,0,0,0,,0,0,0,,,,,,,,,,,,,,,,,,5,537,0,77,114,68,229,315,115,542,278,126,667,558,418,509,198,27,118,543,0,24,168,22,192,298,246,629,412,194,25,597,444,286,245,306,69,110,103,94,85,104,85,67,,0,,,,,,,,,,,,1,,,,,,,,,,,0,0,0,0,0,0,0,0,0,0,0,0,0,0,0,0,0,0,0,,,0,,0,,0,,0,0,0,,0,,0,0,0,,0,,0,,0,,0,0,0,0,,0,0,0,,0,0,0,,0,0,0,,0,0,0,,0,0,0,,0,,,,0,0,0,0,,,0,0,0,,0,0,,0,0,0,0,0,0,0,0,0,,,,,,,,,,,,,,,,,,,,,,,,,,,,0,,,,,,,,,,,,,,,,,,,,,,,,,,,0,,,,,,,,,,,,,,,,,,,,,,,,,,,,,,,,,,,,,,0,0,0,0,0,0,,0,,0,0,0,,0,0,0,0,0,,0,,0,,,,,,,,,,,,,,1,,0,,,,,,,,,,,,0,,,,,,,,,,0,0,0,0,0,0,0,0,,,0,0,0,0,0,0,,0,0,,,,,,,0,0,0,0,0,0,0,121516.0,121515.435
118,0,0,0,2025.0,0,0,0,0,0,0,0,0,0,,,,,0,0,0,,0,0,0,,0,0,0,,,,,,,,,,,,,,,,,,5,536,0,53,61,207,86,152,258,263,108,697,573,543,432,527,260,127,386,542,0,144,83,136,321,37,256,312,95,10,616,559,487,349,392,43,137,391,103,94,85,104,85,67,,0,,,,,,,,,,,,1,,,,,,,,,,,0,0,0,0,0,0,0,0,0,0,0,0,0,0,0,0,0,0,0,,,0,,0,,0,,0,0,0,,0,,0,0,0,,0,,0,,0,,0,0,0,0,,0,0,0,,0,0,0,,0,0,0,,0,0,0,,0,0,0,,0,,,,0,0,0,0,,,0,0,0,,0,0,,0,0,0,0,0,0,0,0,0,,,,,,,,,,,,,,,,,,,,,,,,,,,,0,,,,,,,,,,,,,,,,,,,,,,,,,,,0,,,,,,,,,,,,,,,,,,,,,,,,,,,,,,,,,,,,,,0,0,0,0,0,0,,0,,0,0,0,,0,0,0,0,0,,0,,0,,,,,,,,,,,,,,1,,0,,,,,,,,,,,,0,,,,,,,,,,0,0,0,0,0,0,0,0,,,0,0,0,0,0,0,,0,0,,,,,,,0,0,0,0,0,0,0,78886.0,80759.41
153,0,0,0,2020.0,0,0,0,0,0,0,0,0,0,,,,,0,0,0,,0,0,0,,0,0,0,,,,,,,,,,,,,,,,,,1,680,4,81,146,218,278,12,198,596,481,355,276,240,117,603,482,234,385,684,31,170,234,305,382,301,375,508,556,440,344,248,162,581,574,384,143,390,46,6,19,26,53,1,,0,,,,,,,,,,,,1,,,,,,,,,,,0,0,0,0,0,0,0,0,0,0,0,0,0,0,0,0,0,0,0,,,0,,0,,0,,0,0,0,,0,,0,0,0,,0,,0,,0,,0,0,0,0,,0,0,0,,0,0,0,,0,0,0,,0,0,0,,0,0,0,,0,,,,0,0,0,0,,,0,0,0,,0,0,,0,0,0,0,0,0,0,0,0,,,,,,,,,,,,,,,,,,,,,,,,,,,,0,,,,,,,,,,,,,,,,,,,,,,,,,,,0,,,,,,,,,,,,,,,,,,,,,,,,,,,,,,,,,,,,,,0,0,0,0,0,0,,0,,0,0,0,,0,0,0,0,0,,0,,0,,,,,,,,,,,,,,1,,0,,,,,,,,,,,,0,,,,,,,,,,0,0,0,0,0,0,0,0,,,0,0,0,0,0,0,,0,0,,,,,,,0,0,0,0,0,0,0,51.4,1164.2074999999966
63,0,0,0,2023.0,0,0,0,0,0,0,0,0,0,,,,,0,0,0,,0,0,0,,0,0,0,,,,,,,,,,,,,,,,,,5,388,1,61,103,154,110,171,585,409,159,639,513,404,222,216,436,180,126,397,2,36,23,196,23,100,64,632,319,48,557,449,266,80,8,184,90,123,103,94,85,104,85,67,,0,,,,,,,,,,,,1,,,,,,,,,,,0,0,0,0,0,0,0,0,0,0,0,0,0,0,0,0,0,0,0,,,0,,0,,0,,0,0,0,,0,,0,0,0,,0,,0,,0,,0,0,0,0,,0,0,0,,0,0,0,,0,0,0,,0,0,0,,0,0,0,,0,,,,0,0,0,0,,,0,0,0,,0,0,,0,0,0,0,0,0,0,0,0,,,,,,,,,,,,,,,,,,,,,,,,,,,,0,,,,,,,,,,,,,,,,,,,,,,,,,,,0,,,,,,,,,,,,,,,,,,,,,,,,,,,,,,,,,,,,,,0,0,0,0,0,0,,0,,0,0,0,,0,0,0,0,0,,0,,0,,,,,,,,,,,,,,1,,0,,,,,,,,,,,,0,,,,,,,,,,0,0,0,0,0,0,0,0,,,0,0,0,0,0,0,,0,0,,,,,,,0,0,0,0,0,0,0,97177.0,96945.435
82,0,0,0,2019.0,0,0,0,0,0,0,0,0,0,,,,,0,0,0,,0,0,0,,0,0,0,,,,,,,,,,,,,,,,,,1,274,0,0,0,0,0,0,98,186,308,294,366,368,273,291,40,213,260,87,0,0,0,0,171,120,309,36,249,298,276,262,188,77,73,213,17,180,103,94,85,104,85,67,,0,,,,,,,,,,,,1,,,,,,,,,,,0,0,0,0,0,0,0,0,0,0,0,0,0,0,0,0,0,0,0,,,0,,0,,0,,0,0,0,,0,,0,0,0,,0,,0,,0,,0,0,0,0,,0,0,0,,0,0,0,,0,0,0,,0,0,0,,0,0,0,,0,,,,0,0,0,0,,,0,0,0,,0,0,,0,0,0,0,0,0,0,0,0,,,,,,,,,,,,,,,,,,,,,,,,,,,,0,,,,,,,,,,,,,,,,,,,,,,,,,,,0,,,,,,,,,,,,,,,,,,,,,,,,,,,,,,,,,,,,,,0,0,0,0,0,0,,0,,0,0,0,,0,0,0,0,0,,0,,0,,,,,,,,,,,,,,5,,0,,,,,,,,,,,,0,,,,,,,,,,0,0,0,0,0,0,0,0,,,0,0,0,0,0,0,,0,0,,,,,,,0,0,0,0,0,0,0,1117.0,1115.31
149,0,0,0,2025.0,0,0,0,0,0,0,0,0,0,,,,,0,0,0,,0,0,0,,0,0,0,,,,,,,,,,,,,,,,,,6,647,0,0,0,0,0,0,445,113,264,420,525,659,648,162,109,108,0,637,0,0,0,0,1,5,336,49,430,502,563,632,660,508,117,362,39,0,103,94,85,104,85,67,,0,,,,,,,,,,,,1,,,,,,,,,,,0,0,0,0,0,0,0,0,0,0,0,0,0,0,0,0,0,0,0,,,0,,0,,0,,0,0,0,,0,,0,0,0,,0,,0,,0,,0,0,0,0,,0,0,0,,0,0,0,,0,0,0,,0,0,0,,0,0,0,,0,,,,0,0,0,0,,,0,0,0,,0,0,,0,0,0,0,0,0,0,0,0,,,,,,,,,,,,,,,,,,,,,,,,,,,,0,,,,,,,,,,,,,,,,,,,,,,,,,,,0,,,,,,,,,,,,,,,,,,,,,,,,,,,,,,,,,,,,,,0,0,0,0,0,0,,0,,0,0,0,,0,0,0,0,0,,0,,0,,,,,,,,,,,,,,1,,0,,,,,,,,,,,,0,,,,,,,,,,0,0,0,0,0,0,0,0,,,0,0,0,0,0,0,,0,0,,,,,,,0,0,0,0,0,0,0,57.0,56.9445
60,0,0,0,2019.0,0,0,0,0,0,0,0,0,0,,,,,0,0,0,,0,0,0,,0,0,0,,,,,,,,,,,,,,,,,,1,217,0,0,0,0,1,9,230,274,402,371,367,300,154,181,381,114,308,115,0,0,0,0,345,367,411,128,365,372,301,243,97,576,496,336,72,241,103,94,85,104,85,67,,0,,,,,,,,,,,,1,,,,,,,,,,,0,0,0,0,0,0,0,0,0,0,0,0,0,0,0,0,0,0,0,,,0,,0,,0,,0,0,0,,0,,0,0,0,,0,,0,,0,,0,0,0,0,,0,0,0,,0,0,0,,0,0,0,,0,0,0,,0,0,0,,0,,,,0,0,0,0,,,0,0,0,,0,0,,0,0,0,0,0,0,0,0,0,,,,,,,,,,,,,,,,,,,,,,,,,,,,0,,,,,,,,,,,,,,,,,,,,,,,,,,,0,,,,,,,,,,,,,,,,,,,,,,,,,,,,,,,,,,,,,,0,0,0,0,0,0,,0,,0,0,0,,0,0,0,0,0,,0,,0,,,,,,,,,,,,,,5,,0,,,,,,,,,,,,0,,,,,,,,,,0,0,0,0,0,0,0,0,,,0,0,0,0,0,0,,0,0,,,,,,,0,0,0,0,0,0,0,1367.0,1364.01
61,0,0,0,2020.0,0,0,0,0,0,0,0,0,0,,,,,0,0,0,,0,0,0,,0,0,0,,,,,,,,,,,,,,,,,,6,200,0,0,0,0,0,0,254,256,386,341,355,287,162,172,404,66,306,81,0,0,1,0,213,282,400,81,344,343,282,206,101,577,473,24,1,244,103,94,85,104,85,67,,0,,,,,,,,,,,,1,,,,,,,,,,,0,0,0,0,0,0,0,0,0,0,0,0,0,0,0,0,0,0,0,,,0,,0,,0,,0,0,0,,0,,0,0,0,,0,,0,,0,,0,0,0,0,,0,0,0,,0,0,0,,0,0,0,,0,0,0,,0,0,0,,0,,,,0,0,0,0,,,0,0,0,,0,0,,0,0,0,0,0,0,0,0,0,,,,,,,,,,,,,,,,,,,,,,,,,,,,0,,,,,,,,,,,,,,,,,,,,,,,,,,,0,,,,,,,,,,,,,,,,,,,,,,,,,,,,,,,,,,,,,,0,0,0,0,0,0,,0,,0,0,0,,0,0,0,0,0,,0,,0,,,,,,,,,,,,,,1,,0,,,,,,,,,,,,0,,,,,,,,,,0,0,0,0,0,0,0,0,,,0,0,0,0,0,0,,0,0,,,,,,,0,0,0,0,0,0,0,1313.0,1326.705
79,0,0,0,2020.0,0,0,0,0,0,0,0,0,0,,,,,0,0,0,,0,0,0,,0,0,0,,,,,,,,,,,,,,,,,,2,399,0,6,33,16,166,238,56,373,68,533,318,122,558,541,39,132,42,416,23,113,129,276,117,217,132,652,279,648,438,260,51,459,391,296,72,60,103,94,85,104,85,67,,0,,,,,,,,,,,,1,,,,,,,,,,,0,0,0,0,0,0,0,0,0,0,0,0,0,0,0,0,0,0,0,,,0,,0,,0,,0,0,0,,0,,0,0,0,,0,,0,,0,,0,0,0,0,,0,0,0,,0,0,0,,0,0,0,,0,0,0,,0,0,0,,0,,,,0,0,0,0,,,0,0,0,,0,0,,0,0,0,0,0,0,0,0,0,,,,,,,,,,,,,,,,,,,,,,,,,,,,0,,,,,,,,,,,,,,,,,,,,,,,,,,,0,,,,,,,,,,,,,,,,,,,,,,,,,,,,,,,,,,,,,,0,0,0,0,0,0,,0,,0,0,0,,0,0,0,0,0,,0,,0,,,,,,,,,,,,,,1,,0,,,,,,,,,,,,0,,,,,,,,,,0,0,0,0,0,0,0,0,,,0,0,0,0,0,0,,0,0,,,,,,,0,0,0,0,0,0,0,108562.0,108458.935
150,0,0,0,2020.0,0,0,0,0,0,0,0,0,0,,,,,0,0,0,,0,0,0,,0,0,0,,,,,,,,,,,,,,,,,,2,118,0,34,11,145,30,90,359,511,191,526,198,31,400,290,8,16,0,217,0,103,217,121,297,406,501,610,420,25,373,68,510,238,144,294,69,0,103,94,85,104,85,67,,0,,,,,,,,,,,,1,,,,,,,,,,,0,0,0,0,0,0,0,0,0,0,0,0,0,0,0,0,0,0,0,,,0,,0,,0,,0,0,0,,0,,0,0,0,,0,,0,,0,,0,0,0,0,,0,0,0,,0,0,0,,0,0,0,,0,0,0,,0,0,0,,0,,,,0,0,0,0,,,0,0,0,,0,0,,0,0,0,0,0,0,0,0,0,,,,,,,,,,,,,,,,,,,,,,,,,,,,0,,,,,,,,,,,,,,,,,,,,,,,,,,,0,,,,,,,,,,,,,,,,,,,,,,,,,,,,,,,,,,,,,,0,0,0,0,0,0,,0,,0,0,0,,0,0,0,0,0,,0,,0,,,,,,,,,,,,,,1,,0,,,,,,,,,,,,0,,,,,,,,,,0,0,0,0,0,0,0,0,,,0,0,0,0,0,0,,0,0,,,,,,,0,0,0,0,0,0,0,77393.0,77228.83
44,0,0,0,2019.0,0,0,0,0,0,0,0,0,0,,,,,0,0,0,,0,0,0,,0,0,0,,,,,,,,,,,,,,,,,,1,163,0,18,118,152,159,206,569,171,616,272,56,516,194,57,227,40,206,280,3,48,48,240,105,181,26,392,88,519,224,45,493,222,27,338,1,259,103,94,85,104,85,67,,0,,,,,,,,,,,,1,,,,,,,,,,,0,0,0,0,0,0,0,0,0,0,0,0,0,0,0,0,0,0,0,,,0,,0,,0,,0,0,0,,0,,0,0,0,,0,,0,,0,,0,0,0,0,,0,0,0,,0,0,0,,0,0,0,,0,0,0,,0,0,0,,0,,,,0,0,0,0,,,0,0,0,,0,0,,0,0,0,0,0,0,0,0,0,,,,,,,,,,,,,,,,,,,,,,,,,,,,0,,,,,,,,,,,,,,,,,,,,,,,,,,,0,,,,,,,,,,,,,,,,,,,,,,,,,,,,,,,,,,,,,,0,0,0,0,0,0,,0,,0,0,0,,0,0,0,0,0,,0,,0,,,,,,,,,,,,,,3,,0,,,,,,,,,,,,0,,,,,,,,,,0,0,0,0,0,0,0,0,,,0,0,0,0,0,0,,0,0,,,,,,,0,0,0,0,0,0,0,66095.0,65980.4
56,0,0,0,2025.0,0,0,0,0,0,0,0,0,0,,,,,0,0,0,,0,0,0,,0,0,0,,,,,,,,,,,,,,,,,,2,240,0,49,121,131,126,180,597,294,688,382,114,561,232,70,154,0,100,328,4,7,230,203,43,110,65,514,196,580,311,58,507,199,549,311,0,127,103,94,85,104,85,67,,0,,,,,,,,,,,,1,,,,,,,,,,,0,0,0,0,0,0,0,0,0,0,0,0,0,0,0,0,0,0,0,,,0,,0,,0,,0,0,0,,0,,0,0,0,,0,,0,,0,,0,0,0,0,,0,0,0,,0,0,0,,0,0,0,,0,0,0,,0,0,0,,0,,,,0,0,0,0,,,0,0,0,,0,0,,0,0,0,0,0,0,0,0,0,,,,,,,,,,,,,,,,,,,,,,,,,,,,0,,,,,,,,,,,,,,,,,,,,,,,,,,,0,,,,,,,,,,,,,,,,,,,,,,,,,,,,,,,,,,,,,,0,0,0,0,0,0,,0,,0,0,0,,0,0,0,0,0,,0,,0,,,,,,,,,,,,,,1,,0,,,,,,,,,,,,0,,,,,,,,,,0,0,0,0,0,0,0,0,,,0,0,0,0,0,0,,0,0,,,,,,,0,0,0,0,0,0,0,85816.0,85718.785
128,0,0,0,2020.0,0,0,0,0,0,0,0,0,0,,,,,0,0,0,,0,0,0,,0,0,0,,,,,,,,,,,,,,,,,,6,69,0,0,0,1,1,72,484,458,548,633,80,220,221,405,271,135,386,122,0,0,125,62,2,59,344,464,631,680,73,197,310,227,362,88,14,391,103,94,85,104,85,67,,0,,,,,,,,,,,,1,,,,,,,,,,,0,0,0,0,0,0,0,0,0,0,0,0,0,0,0,0,0,0,0,,,0,,0,,0,,0,0,0,,0,,0,0,0,,0,,0,,0,,0,0,0,0,,0,0,0,,0,0,0,,0,0,0,,0,0,0,,0,0,0,,0,,,,0,0,0,0,,,0,0,0,,0,0,,0,0,0,0,0,0,0,0,0,,,,,,,,,,,,,,,,,,,,,,,,,,,,0,,,,,,,,,,,,,,,,,,,,,,,,,,,0,,,,,,,,,,,,,,,,,,,,,,,,,,,,,,,,,,,,,,0,0,0,0,0,0,,0,,0,0,0,,0,0,0,0,0,,0,,0,,,,,,,,,,,,,,1,,0,,,,,,,,,,,,0,,,,,,,,,,0,0,0,0,0,0,0,0,,,0,0,0,0,0,0,,0,0,,,,,,,0,0,0,0,0,0,0,259.0,263.67
166,0,0,0,2020.0,0,0,0,0,0,0,0,0,0,,,,,0,0,0,,0,0,0,,0,0,0,,,,,,,,,,,,,,,,,,2,122,0,49,80,33,175,275,191,583,283,105,586,370,75,26,156,84,74,225,0,136,61,234,41,144,348,584,502,202,657,489,284,605,430,374,2,97,103,94,85,104,85,67,,0,,,,,,,,,,,,1,,,,,,,,,,,0,0,0,0,0,0,0,0,0,0,0,0,0,0,0,0,0,0,0,,,0,,0,,0,,0,0,0,,0,,0,0,0,,0,,0,,0,,0,0,0,0,,0,0,0,,0,0,0,,0,0,0,,0,0,0,,0,0,0,,0,,,,0,0,0,0,,,0,0,0,,0,0,,0,0,0,0,0,0,0,0,0,,,,,,,,,,,,,,,,,,,,,,,,,,,,0,,,,,,,,,,,,,,,,,,,,,,,,,,,0,,,,,,,,,,,,,,,,,,,,,,,,,,,,,,,,,,,,,,0,0,0,0,0,0,,0,,0,0,0,,0,0,0,0,0,,0,,0,,,,,,,,,,,,,,1,,0,,,,,,,,,,,,0,,,,,,,,,,0,0,0,0,0,0,0,0,,,0,0,0,0,0,0,,0,0,,,,,,,0,0,0,0,0,0,0,61184.0,61089.77
89,0,0,0,2023.0,0,0,0,0,0,0,0,0,0,,,,,0,0,0,,0,0,0,,0,0,0,,,,,,,,,,,,,,,,,,6,300,0,0,0,1,0,9,94,208,321,261,339,367,300,320,81,204,275,84,0,0,0,0,213,253,364,38,176,250,256,271,216,109,109,236,138,186,103,94,85,104,85,67,,0,,,,,,,,,,,,1,,,,,,,,,,,0,0,0,0,0,0,0,0,0,0,0,0,0,0,0,0,0,0,0,,,0,,0,,0,,0,0,0,,0,,0,0,0,,0,,0,,0,,0,0,0,0,,0,0,0,,0,0,0,,0,0,0,,0,0,0,,0,0,0,,0,,,,0,0,0,0,,,0,0,0,,0,0,,0,0,0,0,0,0,0,0,0,,,,,,,,,,,,,,,,,,,,,,,,,,,,0,,,,,,,,,,,,,,,,,,,,,,,,,,,0,,,,,,,,,,,,,,,,,,,,,,,,,,,,,,,,,,,,,,0,0,0,0,0,0,,0,,0,0,0,,0,0,0,0,0,,0,,0,,,,,,,,,,,,,,1,,0,,,,,,,,,,,,0,,,,,,,,,,0,0,0,0,0,0,0,0,,,0,0,0,0,0,0,,0,0,,,,,,,0,0,0,0,0,0,0,1066.0,1067.51
125,0,0,0,2020.0,0,0,0,0,0,0,0,0,0,,,,,0,0,0,,0,0,0,,0,0,0,,,,,,,,,,,,,,,,,,1,680,4,81,146,218,278,156,227,321,193,64,17,661,520,603,482,234,385,684,31,170,234,305,382,16,206,455,239,98,677,652,607,413,574,384,143,390,77,83,81,79,50,55,,0,,,,,,,,,,,,1,,,,,,,,,,,0,0,0,0,0,0,0,0,0,0,0,0,0,0,0,0,0,0,0,,,0,,0,,0,,0,0,0,,0,,0,0,0,,0,,0,,0,,0,0,0,0,,0,0,0,,0,0,0,,0,0,0,,0,0,0,,0,0,0,,0,,,,0,0,0,0,,,0,0,0,,0,0,,0,0,0,0,0,0,0,0,0,,,,,,,,,,,,,,,,,,,,,,,,,,,,0,,,,,,,,,,,,,,,,,,,,,,,,,,,0,,,,,,,,,,,,,,,,,,,,,,,,,,,,,,,,,,,,,,0,0,0,0,0,0,,0,,0,0,0,,0,0,0,0,0,,0,,0,,,,,,,,,,,,,,1,,0,,,,,,,,,,,,0,,,,,,,,,,0,0,0,0,0,0,0,0,,,0,0,0,0,0,0,,0,0,,,,,,,0,0,0,0,0,0,0,90582.0,90628.72
24,0,0,0,2019.0,0,0,0,0,0,0,0,0,0,,,,,0,0,0,,0,0,0,,0,0,0,,,,,,,,,,,,,,,,,,1,166,1,33,139,183,195,247,494,82,598,469,312,244,68,72,230,34,263,257,23,102,115,244,48,165,588,242,12,537,416,264,123,496,383,274,72,289,103,94,85,104,85,67,,0,,,,,,,,,,,,1,,,,,,,,,,,0,0,0,0,0,0,0,0,0,0,0,0,0,0,0,0,0,0,0,,,0,,0,,0,,0,0,0,,0,,0,0,0,,0,,0,,0,,0,0,0,0,,0,0,0,,0,0,0,,0,0,0,,0,0,0,,0,0,0,,0,,,,0,0,0,0,,,0,0,0,,0,0,,0,0,0,0,0,0,0,0,0,,,,,,,,,,,,,,,,,,,,,,,,,,,,0,,,,,,,,,,,,,,,,,,,,,,,,,,,0,,,,,,,,,,,,,,,,,,,,,,,,,,,,,,,,,,,,,,0,0,0,0,0,0,,0,,0,0,0,,0,0,0,0,0,,0,,0,,,,,,,,,,,,,,4,,0,,,,,,,,,,,,0,,,,,,,,,,0,0,0,0,0,0,0,0,,,0,0,0,0,0,0,,0,0,,,,,,,0,0,0,0,0,0,0,36306.0,36330.985
41,0,0,0,2020.0,0,0,0,0,0,0,0,0,0,,,,,0,0,0,,0,0,0,,0,0,0,,,,,,,,,,,,,,,,,,2,130,0,33,102,163,163,211,556,128,581,237,38,463,104,62,286,0,279,240,9,42,62,257,104,189,12,361,55,488,191,15,429,178,523,286,0,351,103,94,85,104,85,67,,0,,,,,,,,,,,,1,,,,,,,,,,,0,0,0,0,0,0,0,0,0,0,0,0,0,0,0,0,0,0,0,,,0,,0,,0,,0,0,0,,0,,0,0,0,,0,,0,,0,,0,0,0,0,,0,0,0,,0,0,0,,0,0,0,,0,0,0,,0,0,0,,0,,,,0,0,0,0,,,0,0,0,,0,0,,0,0,0,0,0,0,0,0,0,,,,,,,,,,,,,,,,,,,,,,,,,,,,0,,,,,,,,,,,,,,,,,,,,,,,,,,,0,,,,,,,,,,,,,,,,,,,,,,,,,,,,,,,,,,,,,,0,0,0,0,0,0,,0,,0,0,0,,0,0,0,0,0,,0,,0,,,,,,,,,,,,,,1,,0,,,,,,,,,,,,0,,,,,,,,,,0,0,0,0,0,0,0,0,,,0,0,0,0,0,0,,0,0,,,,,,,0,0,0,0,0,0,0,60375.0,60266.735
57,0,0,0,2023.0,0,0,0,0,0,0,0,0,0,,,,,0,0,0,,0,0,0,,0,0,0,,,,,,,,,,,,,,,,,,2,252,0,76,126,124,116,170,592,307,8,392,129,584,231,118,194,0,89,335,1,12,3,191,37,106,77,524,213,585,302,94,478,203,571,311,0,116,103,94,85,104,85,67,,0,,,,,,,,,,,,1,,,,,,,,,,,0,0,0,0,0,0,0,0,0,0,0,0,0,0,0,0,0,0,0,,,0,,0,,0,,0,0,0,,0,,0,0,0,,0,,0,,0,,0,0,0,0,,0,0,0,,0,0,0,,0,0,0,,0,0,0,,0,0,0,,0,,,,0,0,0,0,,,0,0,0,,0,0,,0,0,0,0,0,0,0,0,0,,,,,,,,,,,,,,,,,,,,,,,,,,,,0,,,,,,,,,,,,,,,,,,,,,,,,,,,0,,,,,,,,,,,,,,,,,,,,,,,,,,,,,,,,,,,,,,0,0,0,0,0,0,,0,,0,0,0,,0,0,0,0,0,,0,,0,,,,,,,,,,,,,,1,,0,,,,,,,,,,,,0,,,,,,,,,,0,0,0,0,0,0,0,0,,,0,0,0,0,0,0,,0,0,,,,,,,0,0,0,0,0,0,0,87424.0,87565.765
156,0,0,0,2025.0,0,0,0,0,0,0,0,0,0,,,,,0,0,0,,0,0,0,,0,0,0,,,,,,,,,,,,,,,,,,1,680,4,81,146,218,278,59,328,637,467,253,132,35,605,603,482,234,385,684,31,170,234,305,382,355,462,589,555,396,209,98,637,423,574,384,143,390,49,65,51,55,23,23,,0,,,,,,,,,,,,1,,,,,,,,,,,0,0,0,0,0,0,0,0,0,0,0,0,0,0,0,0,0,0,0,,,0,,0,,0,,0,0,0,,0,,0,0,0,,0,,0,,0,,0,0,0,0,,0,0,0,,0,0,0,,0,0,0,,0,0,0,,0,0,0,,0,,,,0,0,0,0,,,0,0,0,,0,0,,0,0,0,0,0,0,0,0,0,,,,,,,,,,,,,,,,,,,,,,,,,,,,0,,,,,,,,,,,,,,,,,,,,,,,,,,,0,,,,,,,,,,,,,,,,,,,,,,,,,,,,,,,,,,,,,,0,0,0,0,0,0,,0,,0,0,0,,0,0,0,0,0,,0,,0,,,,,,,,,,,,,,1,,0,,,,,,,,,,,,0,,,,,,,,,,0,0,0,0,0,0,0,0,,,0,0,0,0,0,0,,0,0,,,,,,,0,0,0,0,0,0,0,64701.0,60916.5105
49,0,0,0,2019.0,0,0,0,0,0,0,0,0,0,,,,,0,0,0,,0,0,0,,0,0,0,,,,,,,,,,,,,,,,,,1,208,0,61,120,134,144,193,10,237,654,318,85,518,196,55,266,40,149,309,2,33,32,221,98,150,58,462,141,555,247,48,436,155,34,360,0,189,103,94,85,104,85,67,,0,,,,,,,,,,,,1,,,,,,,,,,,0,0,0,0,0,0,0,0,0,0,0,0,0,0,0,0,0,0,0,,,0,,0,,0,,0,0,0,,0,,0,0,0,,0,,0,,0,,0,0,0,0,,0,0,0,,0,0,0,,0,0,0,,0,0,0,,0,0,0,,0,,,,0,0,0,0,,,0,0,0,,0,0,,0,0,0,0,0,0,0,0,0,,,,,,,,,,,,,,,,,,,,,,,,,,,,0,,,,,,,,,,,,,,,,,,,,,,,,,,,0,,,,,,,,,,,,,,,,,,,,,,,,,,,,,,,,,,,,,,0,0,0,0,0,0,,0,,0,0,0,,0,0,0,0,0,,0,,0,,,,,,,,,,,,,,3,,0,,,,,,,,,,,,0,,,,,,,,,,0,0,0,0,0,0,0,0,,,0,0,0,0,0,0,,0,0,,,,,,,0,0,0,0,0,0,0,77578.0,77334.345
86,0,0,0,2025.0,0,0,0,0,0,0,0,0,0,,,,,0,0,0,,0,0,0,,0,0,0,,,,,,,,,,,,,,,,,,5,481,0,10,46,22,185,262,59,500,142,653,541,481,360,340,76,230,60,489,0,157,139,293,152,252,176,706,377,67,585,474,357,177,127,249,138,47,103,94,85,104,85,67,,0,,,,,,,,,,,,1,,,,,,,,,,,0,0,0,0,0,0,0,0,0,0,0,0,0,0,0,0,0,0,0,,,0,,0,,0,,0,0,0,,0,,0,0,0,,0,,0,,0,,0,0,0,0,,0,0,0,,0,0,0,,0,0,0,,0,0,0,,0,0,0,,0,,,,0,0,0,0,,,0,0,0,,0,0,,0,0,0,0,0,0,0,0,0,,,,,,,,,,,,,,,,,,,,,,,,,,,,0,,,,,,,,,,,,,,,,,,,,,,,,,,,0,,,,,,,,,,,,,,,,,,,,,,,,,,,,,,,,,,,,,,0,0,0,0,0,0,,0,,0,0,0,,0,0,0,0,0,,0,,0,,,,,,,,,,,,,,1,,0,,,,,,,,,,,,0,,,,,,,,,,0,0,0,0,0,0,0,0,,,0,0,0,0,0,0,,0,0,,,,,,,0,0,0,0,0,0,0,134288.0,134325.675
143,0,0,0,2025.0,0,0,0,0,0,0,0,0,0,,,,,0,0,0,,0,0,0,,0,0,0,,,,,,,,,,,,,,,,,,6,678,0,0,0,0,0,0,231,180,391,519,582,666,40,234,130,117,386,679,0,0,0,1,171,253,565,218,471,528,631,26,10,580,169,8,53,391,103,94,85,104,85,67,,0,,,,,,,,,,,,1,,,,,,,,,,,0,0,0,0,0,0,0,0,0,0,0,0,0,0,0,0,0,0,0,,,0,,0,,0,,0,0,0,,0,,0,0,0,,0,,0,,0,,0,0,0,0,,0,0,0,,0,0,0,,0,0,0,,0,0,0,,0,0,0,,0,,,,0,0,0,0,,,0,0,0,,0,0,,0,0,0,0,0,0,0,0,0,,,,,,,,,,,,,,,,,,,,,,,,,,,,0,,,,,,,,,,,,,,,,,,,,,,,,,,,0,,,,,,,,,,,,,,,,,,,,,,,,,,,,,,,,,,,,,,0,0,0,0,0,0,,0,,0,0,0,,0,0,0,0,0,,0,,0,,,,,,,,,,,,,,1,,0,,,,,,,,,,,,0,,,,,,,,,,0,0,0,0,0,0,0,0,,,0,0,0,0,0,0,,0,0,,,,,,,0,0,0,0,0,0,0,103.0,102.43
27,0,0,0,2019.0,0,0,0,0,0,0,0,0,0,,,,,0,0,0,,0,0,0,,0,0,0,,,,,,,,,,,,,,,,,,1,403,0,0,0,0,1,9,449,320,367,303,233,223,73,86,217,24,346,269,0,0,0,1,355,412,592,203,335,294,235,140,56,489,408,230,0,292,103,94,85,104,85,67,,0,,,,,,,,,,,,1,,,,,,,,,,,0,0,0,0,0,0,0,0,0,0,0,0,0,0,0,0,0,0,0,,,0,,0,,0,,0,0,0,,0,,0,0,0,,0,,0,,0,,0,0,0,0,,0,0,0,,0,0,0,,0,0,0,,0,0,0,,0,0,0,,0,,,,0,0,0,0,,,0,0,0,,0,0,,0,0,0,0,0,0,0,0,0,,,,,,,,,,,,,,,,,,,,,,,,,,,,0,,,,,,,,,,,,,,,,,,,,,,,,,,,0,,,,,,,,,,,,,,,,,,,,,,,,,,,,,,,,,,,,,,0,0,0,0,0,0,,0,,0,0,0,,0,0,0,0,0,,0,,0,,,,,,,,,,,,,,5,,0,,,,,,,,,,,,0,,,,,,,,,,0,0,0,0,0,0,0,0,,,0,0,0,0,0,0,,0,0,,,,,,,0,0,0,0,0,0,0,2030.0,2031.39
39,0,0,0,2023.0,0,0,0,0,0,0,0,0,0,,,,,0,0,0,,0,0,0,,0,0,0,,,,,,,,,,,,,,,,,,6,278,0,0,0,0,0,0,380,355,410,343,293,226,115,129,292,63,160,117,0,0,0,0,312,299,492,159,332,316,265,181,63,527,435,251,90,64,103,94,85,104,85,67,,0,,,,,,,,,,,,1,,,,,,,,,,,0,0,0,0,0,0,0,0,0,0,0,0,0,0,0,0,0,0,0,,,0,,0,,0,,0,0,0,,0,,0,0,0,,0,,0,,0,,0,0,0,0,,0,0,0,,0,0,0,,0,0,0,,0,0,0,,0,0,0,,0,,,,0,0,0,0,,,0,0,0,,0,0,,0,0,0,0,0,0,0,0,0,,,,,,,,,,,,,,,,,,,,,,,,,,,,0,,,,,,,,,,,,,,,,,,,,,,,,,,,0,,,,,,,,,,,,,,,,,,,,,,,,,,,,,,,,,,,,,,0,0,0,0,0,0,,0,,0,0,0,,0,0,0,0,0,,0,,0,,,,,,,,,,,,,,1,,0,,,,,,,,,,,,0,,,,,,,,,,0,0,0,0,0,0,0,0,,,0,0,0,0,0,0,,0,0,,,,,,,0,0,0,0,0,0,0,1993.0,1995.535
100,0,0,0,2020.0,0,0,0,0,0,0,0,0,0,,,,,0,0,0,,0,0,0,,0,0,0,,,,,,,,,,,,,,,,,,0,449,0,0,0,0,1,9,433,659,608,499,329,82,512,292,373,40,322,399,0,0,0,1,172,136,296,664,607,506,317,119,563,234,36,311,0,156,103,94,85,104,85,67,,0,,,,,,,,,,,,1,,,,,,,,,,,0,0,0,0,0,0,0,0,0,0,0,0,0,0,0,0,0,0,0,,,0,,0,,0,,0,0,0,,0,,0,0,0,,0,,0,,0,,0,0,0,0,,0,0,0,,0,0,0,,0,0,0,,0,0,0,,0,0,0,,0,,,,0,0,0,0,,,0,0,0,,0,0,,0,0,0,0,0,0,0,0,0,,,,,,,,,,,,,,,,,,,,,,,,,,,,0,,,,,,,,,,,,,,,,,,,,,,,,,,,0,,,,,,,,,,,,,,,,,,,,,,,,,,,,,,,,,,,,,,0,0,0,0,0,0,,0,,0,0,0,,0,0,0,0,0,,0,,0,,,,,,,,,,,,,,1,,0,,,,,,,,,,,,0,,,,,,,,,,0,0,0,0,0,0,0,0,,,0,0,0,0,0,0,,0,0,,,,,,,0,0,0,0,0,0,0,5300.0,5179.385
167,0,0,0,2023.0,0,0,0,0,0,0,0,0,0,,,,,0,0,0,,0,0,0,,0,0,0,,,,,,,,,,,,,,,,,,5,254,0,9,85,27,137,248,122,601,375,206,152,88,635,592,258,190,166,322,0,140,21,177,368,69,324,568,535,291,169,130,67,493,433,107,80,213,103,94,85,104,85,67,,0,,,,,,,,,,,,1,,,,,,,,,,,0,0,0,0,0,0,0,0,0,0,0,0,0,0,0,0,0,0,0,,,0,,0,,0,,0,0,0,,0,,0,0,0,,0,,0,,0,,0,0,0,0,,0,0,0,,0,0,0,,0,0,0,,0,0,0,,0,0,0,,0,,,,0,0,0,0,,,0,0,0,,0,0,,0,0,0,0,0,0,0,0,0,,,,,,,,,,,,,,,,,,,,,,,,,,,,0,,,,,,,,,,,,,,,,,,,,,,,,,,,0,,,,,,,,,,,,,,,,,,,,,,,,,,,,,,,,,,,,,,0,0,0,0,0,0,,0,,0,0,0,,0,0,0,0,0,,0,,0,,,,,,,,,,,,,,1,,0,,,,,,,,,,,,0,,,,,,,,,,0,0,0,0,0,0,0,0,,,0,0,0,0,0,0,,0,0,,,,,,,0,0,0,0,0,0,0,57772.0,57680.81
85,0,0,0,2025.0,0,0,0,0,0,0,0,0,0,,,,,0,0,0,,0,0,0,,0,0,0,,,,,,,,,,,,,,,,,,2,415,0,32,49,25,176,260,18,433,32,476,251,98,553,475,452,80,383,437,0,153,142,297,144,245,141,681,285,628,444,236,55,496,405,260,0,29,103,94,85,104,85,67,,0,,,,,,,,,,,,1,,,,,,,,,,,0,0,0,0,0,0,0,0,0,0,0,0,0,0,0,0,0,0,0,,,0,,0,,0,,0,0,0,,0,,0,0,0,,0,,0,,0,,0,0,0,0,,0,0,0,,0,0,0,,0,0,0,,0,0,0,,0,0,0,,0,,,,0,0,0,0,,,0,0,0,,0,0,,0,0,0,0,0,0,0,0,0,,,,,,,,,,,,,,,,,,,,,,,,,,,,0,,,,,,,,,,,,,,,,,,,,,,,,,,,0,,,,,,,,,,,,,,,,,,,,,,,,,,,,,,,,,,,,,,0,0,0,0,0,0,,0,,0,0,0,,0,0,0,0,0,,0,,0,,,,,,,,,,,,,,1,,0,,,,,,,,,,,,0,,,,,,,,,,0,0,0,0,0,0,0,0,,,0,0,0,0,0,0,,0,0,,,,,,,0,0,0,0,0,0,0,122753.0,122440.4
66,0,0,0,2023.0,0,0,0,0,0,0,0,0,0,,,,,0,0,0,,0,0,0,,0,0,0,,,,,,,,,,,,,,,,,,2,377,0,2,144,187,155,213,20,411,115,549,261,27,391,218,364,40,37,396,12,67,85,238,88,177,103,630,309,687,435,167,608,299,120,162,1,54,103,94,85,104,85,67,,0,,,,,,,,,,,,1,,,,,,,,,,,0,0,0,0,0,0,0,0,0,0,0,0,0,0,0,0,0,0,0,,,0,,0,,0,,0,0,0,,0,,0,0,0,,0,,0,,0,,0,0,0,0,,0,0,0,,0,0,0,,0,0,0,,0,0,0,,0,0,0,,0,,,,0,0,0,0,,,0,0,0,,0,0,,0,0,0,0,0,0,0,0,0,,,,,,,,,,,,,,,,,,,,,,,,,,,,0,,,,,,,,,,,,,,,,,,,,,,,,,,,0,,,,,,,,,,,,,,,,,,,,,,,,,,,,,,,,,,,,,,0,0,0,0,0,0,,0,,0,0,0,,0,0,0,0,0,,0,,0,,,,,,,,,,,,,,1,,0,,,,,,,,,,,,0,,,,,,,,,,0,0,0,0,0,0,0,0,,,0,0,0,0,0,0,,0,0,,,,,,,0,0,0,0,0,0,0,99577.0,99354.395
169,0,0,0,2025.0,0,0,0,0,0,0,0,0,0,,,,,0,0,0,,0,0,0,,0,0,0,,,,,,,,,,,,,,,,,,3,6,0,0,0,0,0,0,2,155,2,191,0,0,0,0,0,0,0,12,0,0,0,0,0,0,0,335,451,213,0,4,6,0,0,0,0,0,103,94,85,104,85,67,,0,,,,,,,,,,,,1,,,,,,,,,,,0,0,0,0,0,0,0,0,0,0,0,0,0,0,0,0,0,0,0,,,0,,0,,0,,0,0,0,,0,,0,0,0,,0,,0,,0,,0,0,0,0,,0,0,0,,0,0,0,,0,0,0,,0,0,0,,0,0,0,,0,,,,0,0,0,0,,,0,0,0,,0,0,,0,0,0,0,0,0,0,0,0,,,,,,,,,,,,,,,,,,,,,,,,,,,,0,,,,,,,,,,,,,,,,,,,,,,,,,,,0,,,,,,,,,,,,,,,,,,,,,,,,,,,,,,,,,,,,,,0,0,0,0,0,0,,0,,0,0,0,,0,0,0,0,0,,0,,0,,,,,,,,,,,,,,1,,0,,,,,,,,,,,,0,,,,,,,,,,0,0,0,0,0,0,0,0,,,0,0,0,0,0,0,,0,0,,,,,,,0,0,0,0,0,0,0,5.0,4.945
105,0,0,0,2023.0,0,0,0,0,0,0,0,0,0,,,,,0,0,0,,0,0,0,,0,0,0,,,,,,,,,,,,,,,,,,2,426,0,72,119,64,227,313,156,322,52,548,354,153,561,511,71,205,233,443,0,44,194,49,211,326,218,384,133,589,472,376,199,591,502,11,112,363,103,94,85,104,85,67,,0,,,,,,,,,,,,1,,,,,,,,,,,0,0,0,0,0,0,0,0,0,0,0,0,0,0,0,0,0,0,0,,,0,,0,,0,,0,0,0,,0,,0,0,0,,0,,0,,0,,0,0,0,0,,0,0,0,,0,0,0,,0,0,0,,0,0,0,,0,0,0,,0,,,,0,0,0,0,,,0,0,0,,0,0,,0,0,0,0,0,0,0,0,0,,,,,,,,,,,,,,,,,,,,,,,,,,,,0,,,,,,,,,,,,,,,,,,,,,,,,,,,0,,,,,,,,,,,,,,,,,,,,,,,,,,,,,,,,,,,,,,0,0,0,0,0,0,,0,,0,0,0,,0,0,0,0,0,,0,,0,,,,,,,,,,,,,,1,,0,,,,,,,,,,,,0,,,,,,,,,,0,0,0,0,0,0,0,0,,,0,0,0,0,0,0,,0,0,,,,,,,0,0,0,0,0,0,0,90396.0,90630.25
170,0,0,0,2025.0,0,0,0,0,0,0,0,0,0,,,,,0,0,0,,0,0,0,,0,0,0,,,,,,,,,,,,,,,,,,6,556,0,0,0,0,0,0,2,445,610,73,273,423,470,58,17,135,0,559,0,0,0,0,0,0,412,125,586,107,189,444,516,446,38,331,51,163,103,94,85,104,85,67,,0,,,,,,,,,,,,1,,,,,,,,,,,0,0,0,0,0,0,0,0,0,0,0,0,0,0,0,0,0,0,0,,,0,,0,,0,,0,0,0,,0,,0,0,0,,0,,0,,0,,0,0,0,0,,0,0,0,,0,0,0,,0,0,0,,0,0,0,,0,0,0,,0,,,,0,0,0,0,,,0,0,0,,0,0,,0,0,0,0,0,0,0,0,0,,,,,,,,,,,,,,,,,,,,,,,,,,,,0,,,,,,,,,,,,,,,,,,,,,,,,,,,0,,,,,,,,,,,,,,,,,,,,,,,,,,,,,,,,,,,,,,0,0,0,0,0,0,,0,,0,0,0,,0,0,0,0,0,,0,,0,,,,,,,,,,,,,,1,,0,,,,,,,,,,,,0,,,,,,,,,,0,0,0,0,0,0,0,0,,,0,0,0,0,0,0,,0,0,,,,,,,0,0,0,0,0,0,0,8.0,9.385
139,0,0,0,2023.0,0,0,0,0,0,0,0,0,0,,,,,0,0,0,,0,0,0,,0,0,0,,,,,,,,,,,,,,,,,,0,670,0,0,0,95,77,280,228,121,175,108,648,532,308,188,311,34,386,667,0,0,1,59,334,398,514,103,149,125,45,557,392,106,559,81,35,391,103,94,85,104,85,67,,0,,,,,,,,,,,,1,,,,,,,,,,,0,0,0,0,0,0,0,0,0,0,0,0,0,0,0,0,0,0,0,,,0,,0,,0,,0,0,0,,0,,0,0,0,,0,,0,,0,,0,0,0,0,,0,0,0,,0,0,0,,0,0,0,,0,0,0,,0,0,0,,0,,,,0,0,0,0,,,0,0,0,,0,0,,0,0,0,0,0,0,0,0,0,,,,,,,,,,,,,,,,,,,,,,,,,,,,0,,,,,,,,,,,,,,,,,,,,,,,,,,,0,,,,,,,,,,,,,,,,,,,,,,,,,,,,,,,,,,,,,,0,0,0,0,0,0,,0,,0,0,0,,0,0,0,0,0,,0,,0,,,,,,,,,,,,,,1,,0,,,,,,,,,,,,0,,,,,,,,,,0,0,0,0,0,0,0,0,,,0,0,0,0,0,0,,0,0,,,,,,,0,0,0,0,0,0,0,12462.0,12161.83
160,0,0,0,2019.0,0,0,0,0,0,0,0,0,0,,,,,0,0,0,,0,0,0,,0,0,0,,,,,,,,,,,,,,,,,,1,680,4,81,146,218,278,16,240,544,418,227,135,24,547,603,482,234,385,684,31,170,234,305,382,265,382,549,486,327,188,106,622,401,574,384,143,390,24,75,39,29,34,29,,0,,,,,,,,,,,,1,,,,,,,,,,,0,0,0,0,0,0,0,0,0,0,0,0,0,0,0,0,0,0,0,,,0,,0,,0,,0,0,0,,0,,0,0,0,,0,,0,,0,,0,0,0,0,,0,0,0,,0,0,0,,0,0,0,,0,0,0,,0,0,0,,0,,,,0,0,0,0,,,0,0,0,,0,0,,0,0,0,0,0,0,0,0,0,,,,,,,,,,,,,,,,,,,,,,,,,,,,0,,,,,,,,,,,,,,,,,,,,,,,,,,,0,,,,,,,,,,,,,,,,,,,,,,,,,,,,,,,,,,,,,,0,0,0,0,0,0,,0,,0,0,0,,0,0,0,0,0,,0,,0,,,,,,,,,,,,,,1,,0,,,,,,,,,,,,0,,,,,,,,,,0,0,0,0,0,0,0,0,,,0,0,0,0,0,0,,0,0,,,,,,,0,0,0,0,0,0,0,57939.0,57933.37
32,0,0,0,2020.0,0,0,0,0,0,0,0,0,0,,,,,0,0,0,,0,0,0,,0,0,0,,,,,,,,,,,,,,,,,,6,310,0,0,0,0,122,134,392,284,365,290,210,189,66,97,269,24,295,193,0,0,0,1,345,385,547,185,289,263,217,150,25,470,369,239,0,243,103,94,85,104,85,67,,0,,,,,,,,,,,,1,,,,,,,,,,,0,0,0,0,0,0,0,0,0,0,0,0,0,0,0,0,0,0,0,,,0,,0,,0,,0,0,0,,0,,0,0,0,,0,,0,,0,,0,0,0,0,,0,0,0,,0,0,0,,0,0,0,,0,0,0,,0,0,0,,0,,,,0,0,0,0,,,0,0,0,,0,0,,0,0,0,0,0,0,0,0,0,,,,,,,,,,,,,,,,,,,,,,,,,,,,0,,,,,,,,,,,,,,,,,,,,,,,,,,,0,,,,,,,,,,,,,,,,,,,,,,,,,,,,,,,,,,,,,,0,0,0,0,0,0,,0,,0,0,0,,0,0,0,0,0,,0,,0,,,,,,,,,,,,,,1,,0,,,,,,,,,,,,0,,,,,,,,,,0,0,0,0,0,0,0,0,,,0,0,0,0,0,0,,0,0,,,,,,,0,0,0,0,0,0,0,1969.0,1976.34
72,0,0,0,2025.0,0,0,0,0,0,0,0,0,0,,,,,0,0,0,,0,0,0,,0,0,0,,,,,,,,,,,,,,,,,,0,16,0,0,0,0,0,0,316,306,357,233,99,571,238,39,1,0,112,5,0,0,0,0,0,0,583,238,370,227,55,517,298,291,136,0,0,227,103,94,85,104,85,67,,0,,,,,,,,,,,,1,,,,,,,,,,,0,0,0,0,0,0,0,0,0,0,0,0,0,0,0,0,0,0,0,,,0,,0,,0,,0,0,0,,0,,0,0,0,,0,,0,,0,,0,0,0,0,,0,0,0,,0,0,0,,0,0,0,,0,0,0,,0,0,0,,0,,,,0,0,0,0,,,0,0,0,,0,0,,0,0,0,0,0,0,0,0,0,,,,,,,,,,,,,,,,,,,,,,,,,,,,0,,,,,,,,,,,,,,,,,,,,,,,,,,,0,,,,,,,,,,,,,,,,,,,,,,,,,,,,,,,,,,,,,,0,0,0,0,0,0,,0,,0,0,0,,0,0,0,0,0,,0,,0,,,,,,,,,,,,,,1,,0,,,,,,,,,,,,0,,,,,,,,,,0,0,0,0,0,0,0,0,,,0,0,0,0,0,0,,0,0,,,,,,,0,0,0,0,0,0,0,174.0,178.825
165,0,0,0,2019.0,0,0,0,0,0,0,0,0,0,,,,,0,0,0,,0,0,0,,0,0,0,,,,,,,,,,,,,,,,,,1,680,4,81,146,218,278,4,559,589,477,326,229,200,116,603,482,234,385,684,31,170,234,305,382,8,193,428,588,456,283,222,163,42,574,384,143,390,15,9,44,13,63,6,,0,,,,,,,,,,,,1,,,,,,,,,,,0,0,0,0,0,0,0,0,0,0,0,0,0,0,0,0,0,0,0,,,0,,0,,0,,0,0,0,,0,,0,0,0,,0,,0,,0,,0,0,0,0,,0,0,0,,0,0,0,,0,0,0,,0,0,0,,0,0,0,,0,,,,0,0,0,0,,,0,0,0,,0,0,,0,0,0,0,0,0,0,0,0,,,,,,,,,,,,,,,,,,,,,,,,,,,,0,,,,,,,,,,,,,,,,,,,,,,,,,,,0,,,,,,,,,,,,,,,,,,,,,,,,,,,,,,,,,,,,,,0,0,0,0,0,0,,0,,0,0,0,,0,0,0,0,0,,0,,0,,,,,,,,,,,,,,1,,0,,,,,,,,,,,,0,,,,,,,,,,0,0,0,0,0,0,0,0,,,0,0,0,0,0,0,,0,0,,,,,,,0,0,0,0,0,0,0,38.6,38.57500000000012
60,0,0,0,2025.0,0,0,0,0,0,0,0,0,0,,,,,0,0,0,,0,0,0,,0,0,0,,,,,,,,,,,,,,,,,,2,266,0,33,116,123,104,158,587,327,37,451,146,602,267,109,384,177,62,341,11,15,8,190,24,95,66,553,237,605,364,121,543,243,58,78,72,85,103,94,85,104,85,67,,0,,,,,,,,,,,,1,,,,,,,,,,,0,0,0,0,0,0,0,0,0,0,0,0,0,0,0,0,0,0,0,,,0,,0,,0,,0,0,0,,0,,0,0,0,,0,,0,,0,,0,0,0,0,,0,0,0,,0,0,0,,0,0,0,,0,0,0,,0,0,0,,0,,,,0,0,0,0,,,0,0,0,,0,0,,0,0,0,0,0,0,0,0,0,,,,,,,,,,,,,,,,,,,,,,,,,,,,0,,,,,,,,,,,,,,,,,,,,,,,,,,,0,,,,,,,,,,,,,,,,,,,,,,,,,,,,,,,,,,,,,,0,0,0,0,0,0,,0,,0,0,0,,0,0,0,0,0,,0,,0,,,,,,,,,,,,,,1,,0,,,,,,,,,,,,0,,,,,,,,,,0,0,0,0,0,0,0,0,,,0,0,0,0,0,0,,0,0,,,,,,,0,0,0,0,0,0,0,89206.0,89308.325
166,0,0,0,2025.0,0,0,0,0,0,0,0,0,0,,,,,0,0,0,,0,0,0,,0,0,0,,,,,,,,,,,,,,,,,,0,601,0,0,0,0,0,0,447,412,574,678,29,681,517,487,80,28,1,602,0,0,0,0,1,5,320,199,564,601,670,21,614,409,303,324,122,227,103,94,85,104,85,67,,0,,,,,,,,,,,,1,,,,,,,,,,,0,0,0,0,0,0,0,0,0,0,0,0,0,0,0,0,0,0,0,,,0,,0,,0,,0,0,0,,0,,0,0,0,,0,,0,,0,,0,0,0,0,,0,0,0,,0,0,0,,0,0,0,,0,0,0,,0,0,0,,0,,,,0,0,0,0,,,0,0,0,,0,0,,0,0,0,0,0,0,0,0,0,,,,,,,,,,,,,,,,,,,,,,,,,,,,0,,,,,,,,,,,,,,,,,,,,,,,,,,,0,,,,,,,,,,,,,,,,,,,,,,,,,,,,,,,,,,,,,,0,0,0,0,0,0,,0,,0,0,0,,0,0,0,0,0,,0,,0,,,,,,,,,,,,,,1,,0,,,,,,,,,,,,0,,,,,,,,,,0,0,0,0,0,0,0,0,,,0,0,0,0,0,0,,0,0,,,,,,,0,0,0,0,0,0,0,824.0,828.175
155,0,0,0,2025.0,0,0,0,0,0,0,0,0,0,,,,,0,0,0,,0,0,0,,0,0,0,,,,,,,,,,,,,,,,,,6,628,0,0,0,0,0,0,445,72,255,351,479,583,10,120,38,109,0,614,0,0,0,1,0,5,316,703,338,446,515,586,596,559,86,295,18,0,103,94,85,104,85,67,,0,,,,,,,,,,,,1,,,,,,,,,,,0,0,0,0,0,0,0,0,0,0,0,0,0,0,0,0,0,0,0,,,0,,0,,0,,0,0,0,,0,,0,0,0,,0,,0,,0,,0,0,0,0,,0,0,0,,0,0,0,,0,0,0,,0,0,0,,0,0,0,,0,,,,0,0,0,0,,,0,0,0,,0,0,,0,0,0,0,0,0,0,0,0,,,,,,,,,,,,,,,,,,,,,,,,,,,,0,,,,,,,,,,,,,,,,,,,,,,,,,,,0,,,,,,,,,,,,,,,,,,,,,,,,,,,,,,,,,,,,,,0,0,0,0,0,0,,0,,0,0,0,,0,0,0,0,0,,0,,0,,,,,,,,,,,,,,1,,0,,,,,,,,,,,,0,,,,,,,,,,0,0,0,0,0,0,0,0,,,0,0,0,0,0,0,,0,0,,,,,,,0,0,0,0,0,0,0,50.0,268.0585
88,0,0,0,2023.0,0,0,0,0,0,0,0,0,0,,,,,0,0,0,,0,0,0,,0,0,0,,,,,,,,,,,,,,,,,,2,464,0,37,31,200,140,213,70,495,110,503,249,76,571,455,26,2,21,478,0,5,150,286,136,243,199,704,353,707,465,272,65,468,379,349,72,45,103,94,85,104,85,67,,0,,,,,,,,,,,,1,,,,,,,,,,,0,0,0,0,0,0,0,0,0,0,0,0,0,0,0,0,0,0,0,,,0,,0,,0,,0,0,0,,0,,0,0,0,,0,,0,,0,,0,0,0,0,,0,0,0,,0,0,0,,0,0,0,,0,0,0,,0,0,0,,0,,,,0,0,0,0,,,0,0,0,,0,0,,0,0,0,0,0,0,0,0,0,,,,,,,,,,,,,,,,,,,,,,,,,,,,0,,,,,,,,,,,,,,,,,,,,,,,,,,,0,,,,,,,,,,,,,,,,,,,,,,,,,,,,,,,,,,,,,,0,0,0,0,0,0,,0,,0,0,0,,0,0,0,0,0,,0,,0,,,,,,,,,,,,,,1,,0,,,,,,,,,,,,0,,,,,,,,,,0,0,0,0,0,0,0,0,,,0,0,0,0,0,0,,0,0,,,,,,,0,0,0,0,0,0,0,136965.0,136920.965
63,0,0,0,2019.0,0,0,0,0,0,0,0,0,0,,,,,0,0,0,,0,0,0,,0,0,0,,,,,,,,,,,,,,,,,,1,308,1,61,103,154,110,171,584,384,67,480,189,642,346,161,378,1,39,360,2,36,23,196,22,99,62,621,277,624,399,149,580,312,107,180,1,52,103,94,85,104,85,67,,0,,,,,,,,,,,,1,,,,,,,,,,,0,0,0,0,0,0,0,0,0,0,0,0,0,0,0,0,0,0,0,,,0,,0,,0,,0,0,0,,0,,0,0,0,,0,,0,,0,,0,0,0,0,,0,0,0,,0,0,0,,0,0,0,,0,0,0,,0,0,0,,0,,,,0,0,0,0,,,0,0,0,,0,0,,0,0,0,0,0,0,0,0,0,,,,,,,,,,,,,,,,,,,,,,,,,,,,0,,,,,,,,,,,,,,,,,,,,,,,,,,,0,,,,,,,,,,,,,,,,,,,,,,,,,,,,,,,,,,,,,,0,0,0,0,0,0,,0,,0,0,0,,0,0,0,0,0,,0,,0,,,,,,,,,,,,,,3,,0,,,,,,,,,,,,0,,,,,,,,,,0,0,0,0,0,0,0,0,,,0,0,0,0,0,0,,0,0,,,,,,,0,0,0,0,0,0,0,95897.0,95758.585
70,0,0,0,2019.0,0,0,0,0,0,0,0,0,0,,,,,0,0,0,,0,0,0,,0,0,0,,,,,,,,,,,,,,,,,,1,335,1,35,92,39,136,274,560,399,160,654,504,207,573,308,329,40,92,356,14,48,29,204,16,97,61,560,278,11,485,323,23,402,185,172,0,106,103,94,85,104,85,67,,0,,,,,,,,,,,,1,,,,,,,,,,,0,0,0,0,0,0,0,0,0,0,0,0,0,0,0,0,0,0,0,,,0,,0,,0,,0,0,0,,0,,0,0,0,,0,,0,,0,,0,0,0,0,,0,0,0,,0,0,0,,0,0,0,,0,0,0,,0,0,0,,0,,,,0,0,0,0,,,0,0,0,,0,0,,0,0,0,0,0,0,0,0,0,,,,,,,,,,,,,,,,,,,,,,,,,,,,0,,,,,,,,,,,,,,,,,,,,,,,,,,,0,,,,,,,,,,,,,,,,,,,,,,,,,,,,,,,,,,,,,,0,0,0,0,0,0,,0,,0,0,0,,0,0,0,0,0,,0,,0,,,,,,,,,,,,,,3,,0,,,,,,,,,,,,0,,,,,,,,,,0,0,0,0,0,0,0,0,,,0,0,0,0,0,0,,0,0,,,,,,,0,0,0,0,0,0,0,91147.0,91699.145
106,0,0,0,2025.0,0,0,0,0,0,0,0,0,0,,,,,0,0,0,,0,0,0,,0,0,0,,,,,,,,,,,,,,,,,,2,423,0,3,124,78,235,321,162,313,17,539,361,155,579,478,72,2,225,440,0,51,202,57,219,339,207,376,123,568,458,374,194,591,511,15,127,357,103,94,85,104,85,67,,0,,,,,,,,,,,,1,,,,,,,,,,,0,0,0,0,0,0,0,0,0,0,0,0,0,0,0,0,0,0,0,,,0,,0,,0,,0,0,0,,0,,0,0,0,,0,,0,,0,,0,0,0,0,,0,0,0,,0,0,0,,0,0,0,,0,0,0,,0,0,0,,0,,,,0,0,0,0,,,0,0,0,,0,0,,0,0,0,0,0,0,0,0,0,,,,,,,,,,,,,,,,,,,,,,,,,,,,0,,,,,,,,,,,,,,,,,,,,,,,,,,,0,,,,,,,,,,,,,,,,,,,,,,,,,,,,,,,,,,,,,,0,0,0,0,0,0,,0,,0,0,0,,0,0,0,0,0,,0,,0,,,,,,,,,,,,,,1,,0,,,,,,,,,,,,0,,,,,,,,,,0,0,0,0,0,0,0,0,,,0,0,0,0,0,0,,0,0,,,,,,,0,0,0,0,0,0,0,88895.0,88953.02
138,0,0,0,2023.0,0,0,0,0,0,0,0,0,0,,,,,0,0,0,,0,0,0,,0,0,0,,,,,,,,,,,,,,,,,,6,7,0,0,0,0,0,0,250,271,488,544,650,49,103,280,171,144,386,8,0,0,0,0,1,5,650,300,559,614,10,71,100,78,229,61,39,391,103,94,85,104,85,67,,0,,,,,,,,,,,,1,,,,,,,,,,,0,0,0,0,0,0,0,0,0,0,0,0,0,0,0,0,0,0,0,,,0,,0,,0,,0,0,0,,0,,0,0,0,,0,,0,,0,,0,0,0,0,,0,0,0,,0,0,0,,0,0,0,,0,0,0,,0,0,0,,0,,,,0,0,0,0,,,0,0,0,,0,0,,0,0,0,0,0,0,0,0,0,,,,,,,,,,,,,,,,,,,,,,,,,,,,0,,,,,,,,,,,,,,,,,,,,,,,,,,,0,,,,,,,,,,,,,,,,,,,,,,,,,,,,,,,,,,,,,,0,0,0,0,0,0,,0,,0,0,0,,0,0,0,0,0,,0,,0,,,,,,,,,,,,,,1,,0,,,,,,,,,,,,0,,,,,,,,,,0,0,0,0,0,0,0,0,,,0,0,0,0,0,0,,0,0,,,,,,,0,0,0,0,0,0,0,124.0,128.855
156,0,0,0,2019.0,0,0,0,0,0,0,0,0,0,,,,,0,0,0,,0,0,0,,0,0,0,,,,,,,,,,,,,,,,,,1,650,0,0,0,95,261,32,309,676,141,141,65,667,522,325,439,221,0,642,0,0,1,54,180,287,640,362,49,165,102,30,577,361,170,191,69,0,103,94,85,104,85,67,,0,,,,,,,,,,,,1,,,,,,,,,,,0,0,0,0,0,0,0,0,0,0,0,0,0,0,0,0,0,0,0,,,0,,0,,0,,0,0,0,,0,,0,0,0,,0,,0,,0,,0,0,0,0,,0,0,0,,0,0,0,,0,0,0,,0,0,0,,0,0,0,,0,,,,0,0,0,0,,,0,0,0,,0,0,,0,0,0,0,0,0,0,0,0,,,,,,,,,,,,,,,,,,,,,,,,,,,,0,,,,,,,,,,,,,,,,,,,,,,,,,,,0,,,,,,,,,,,,,,,,,,,,,,,,,,,,,,,,,,,,,,0,0,0,0,0,0,,0,,0,0,0,,0,0,0,0,0,,0,,0,,,,,,,,,,,,,,0,,0,,,,,,,,,,,,0,,,,,,,,,,0,0,0,0,0,0,0,0,,,0,0,0,0,0,0,,0,0,,,,,,,0,0,0,0,0,0,0,2069.0,2069.535
140,0,0,0,2023.0,0,0,0,0,0,0,0,0,0,,,,,0,0,0,,0,0,0,,0,0,0,,,,,,,,,,,,,,,,,,2,313,0,69,75,46,223,291,24,305,692,413,106,625,443,384,440,41,386,355,0,167,138,294,140,237,123,516,146,513,184,628,441,273,269,40,49,391,103,94,85,104,85,67,,0,,,,,,,,,,,,1,,,,,,,,,,,0,0,0,0,0,0,0,0,0,0,0,0,0,0,0,0,0,0,0,,,0,,0,,0,,0,0,0,,0,,0,0,0,,0,,0,,0,,0,0,0,0,,0,0,0,,0,0,0,,0,0,0,,0,0,0,,0,0,0,,0,,,,0,0,0,0,,,0,0,0,,0,0,,0,0,0,0,0,0,0,0,0,,,,,,,,,,,,,,,,,,,,,,,,,,,,0,,,,,,,,,,,,,,,,,,,,,,,,,,,0,,,,,,,,,,,,,,,,,,,,,,,,,,,,,,,,,,,,,,0,0,0,0,0,0,,0,,0,0,0,,0,0,0,0,0,,0,,0,,,,,,,,,,,,,,1,,0,,,,,,,,,,,,0,,,,,,,,,,0,0,0,0,0,0,0,0,,,0,0,0,0,0,0,,0,0,,,,,,,0,0,0,0,0,0,0,94536.0,94535.285
175,0,0,0,2023.0,0,0,0,0,0,0,0,0,0,,,,,0,0,0,,0,0,0,,0,0,0,,,,,,,,,,,,,,,,,,5,621,4,81,146,218,278,22,266,74,26,598,484,494,373,258,468,2,0,680,31,170,234,305,382,255,509,154,288,132,650,537,452,313,157,264,120,0,103,94,85,104,85,67,,0,,,,,,,,,,,,1,,,,,,,,,,,0,0,0,0,0,0,0,0,0,0,0,0,0,0,0,0,0,0,0,,,0,,0,,0,,0,0,0,,0,,0,0,0,,0,,0,,0,,0,0,0,0,,0,0,0,,0,0,0,,0,0,0,,0,0,0,,0,0,0,,0,,,,0,0,0,0,,,0,0,0,,0,0,,0,0,0,0,0,0,0,0,0,,,,,,,,,,,,,,,,,,,,,,,,,,,,0,,,,,,,,,,,,,,,,,,,,,,,,,,,0,,,,,,,,,,,,,,,,,,,,,,,,,,,,,,,,,,,,,,0,0,0,0,0,0,,0,,0,0,0,,0,0,0,0,0,,0,,0,,,,,,,,,,,,,,1,,0,,,,,,,,,,,,0,,,,,,,,,,0,0,0,0,0,0,0,0,,,0,0,0,0,0,0,,0,0,,,,,,,0,0,0,0,0,0,0,852.0,828.954
166,0,0,0,2023.0,0,0,0,0,0,0,0,0,0,,,,,0,0,0,,0,0,0,,0,0,0,,,,,,,,,,,,,,,,,,1,680,4,81,146,218,278,328,1,2,2,2,3,2,2,603,482,234,385,684,31,170,234,305,382,434,2,2,3,3,2,2,2,2,574,384,143,390,1,1,0,1,1,68,,1,,,,,,,,,,,,0,,,,,,,,,,,0,0,0,0,0,0,0,0,0,0,0,0,0,0,0,0,0,0,0,,,0,,0,,0,,0,0,0,,0,,0,0,0,,0,,0,,0,,0,0,0,0,,0,0,0,,0,0,0,,0,0,0,,0,0,0,,0,0,0,,0,,,,0,0,0,0,,,0,0,0,,0,0,,0,0,0,0,0,0,0,0,0,,,,,,,,,,,,,,,,,,,,,,,,,,,,0,,,,,,,,,,,,,,,,,,,,,,,,,,,0,,,,,,,,,,,,,,,,,,,,,,,,,,,,,,,,,,,,,,0,0,0,0,0,0,,0,,0,0,0,,0,0,0,0,0,,0,,0,,,,,,,,,,,,,,1,,0,,,,,,,,,,,,0,,,,,,,,,,0,0,0,0,0,0,0,0,,,0,0,0,0,0,0,,0,0,,,,,,,0,0,0,0,0,0,0,0.4,0.38700000000000023
36,0,0,0,2025.0,0,0,0,0,0,0,0,0,0,,,,,0,0,0,,0,0,0,,0,0,0,,,,,,,,,,,,,,,,,,6,337,0,0,0,1,0,9,393,342,401,362,260,222,96,124,309,34,217,191,0,0,0,0,345,367,525,171,346,302,262,161,78,505,448,281,0,171,103,94,85,104,85,67,,0,,,,,,,,,,,,1,,,,,,,,,,,0,0,0,0,0,0,0,0,0,0,0,0,0,0,0,0,0,0,0,,,0,,0,,0,,0,0,0,,0,,0,0,0,,0,,0,,0,,0,0,0,0,,0,0,0,,0,0,0,,0,0,0,,0,0,0,,0,0,0,,0,,,,0,0,0,0,,,0,0,0,,0,0,,0,0,0,0,0,0,0,0,0,,,,,,,,,,,,,,,,,,,,,,,,,,,,0,,,,,,,,,,,,,,,,,,,,,,,,,,,0,,,,,,,,,,,,,,,,,,,,,,,,,,,,,,,,,,,,,,0,0,0,0,0,0,,0,,0,0,0,,0,0,0,0,0,,0,,0,,,,,,,,,,,,,,1,,0,,,,,,,,,,,,0,,,,,,,,,,0,0,0,0,0,0,0,0,,,0,0,0,0,0,0,,0,0,,,,,,,0,0,0,0,0,0,0,2068.0,2054.52
144,0,0,0,2020.0,0,0,0,0,0,0,0,0,0,,,,,0,0,0,,0,0,0,,0,0,0,,,,,,,,,,,,,,,,,,6,677,0,0,0,0,0,0,196,172,341,525,583,664,34,220,137,131,386,678,0,0,0,0,1,5,544,221,474,533,612,38,12,568,154,21,43,391,103,94,85,104,85,67,,0,,,,,,,,,,,,1,,,,,,,,,,,0,0,0,0,0,0,0,0,0,0,0,0,0,0,0,0,0,0,0,,,0,,0,,0,,0,0,0,,0,,0,0,0,,0,,0,,0,,0,0,0,0,,0,0,0,,0,0,0,,0,0,0,,0,0,0,,0,0,0,,0,,,,0,0,0,0,,,0,0,0,,0,0,,0,0,0,0,0,0,0,0,0,,,,,,,,,,,,,,,,,,,,,,,,,,,,0,,,,,,,,,,,,,,,,,,,,,,,,,,,0,,,,,,,,,,,,,,,,,,,,,,,,,,,,,,,,,,,,,,0,0,0,0,0,0,,0,,0,0,0,,0,0,0,0,0,,0,,0,,,,,,,,,,,,,,1,,0,,,,,,,,,,,,0,,,,,,,,,,0,0,0,0,0,0,0,0,,,0,0,0,0,0,0,,0,0,,,,,,,0,0,0,0,0,0,0,80.0,82.05
118,0,0,0,2023.0,0,0,0,0,0,0,0,0,0,,,,,0,0,0,,0,0,0,,0,0,0,,,,,,,,,,,,,,,,,,6,119,0,0,0,44,189,280,253,553,602,92,128,248,277,405,233,111,386,112,0,0,0,214,53,105,358,487,629,45,159,285,319,230,306,381,131,391,103,94,85,104,85,67,,0,,,,,,,,,,,,1,,,,,,,,,,,0,0,0,0,0,0,0,0,0,0,0,0,0,0,0,0,0,0,0,,,0,,0,,0,,0,0,0,,0,,0,0,0,,0,,0,,0,,0,0,0,0,,0,0,0,,0,0,0,,0,0,0,,0,0,0,,0,0,0,,0,,,,0,0,0,0,,,0,0,0,,0,0,,0,0,0,0,0,0,0,0,0,,,,,,,,,,,,,,,,,,,,,,,,,,,,0,,,,,,,,,,,,,,,,,,,,,,,,,,,0,,,,,,,,,,,,,,,,,,,,,,,,,,,,,,,,,,,,,,0,0,0,0,0,0,,0,,0,0,0,,0,0,0,0,0,,0,,0,,,,,,,,,,,,,,1,,0,,,,,,,,,,,,0,,,,,,,,,,0,0,0,0,0,0,0,0,,,0,0,0,0,0,0,,0,0,,,,,,,0,0,0,0,0,0,0,485.0,491.58
155,0,0,0,2025.0,0,0,0,0,0,0,0,0,0,,,,,0,0,0,,0,0,0,,0,0,0,,,,,,,,,,,,,,,,,,1,680,4,81,146,218,278,10,197,631,515,443,414,325,206,603,482,234,385,684,31,170,234,305,382,300,370,554,606,503,410,352,276,63,574,384,143,390,54,31,43,46,66,3,,0,,,,,,,,,,,,1,,,,,,,,,,,0,0,0,0,0,0,0,0,0,0,0,0,0,0,0,0,0,0,0,,,0,,0,,0,,0,0,0,,0,,0,0,0,,0,,0,,0,,0,0,0,0,,0,0,0,,0,0,0,,0,0,0,,0,0,0,,0,0,0,,0,,,,0,0,0,0,,,0,0,0,,0,0,,0,0,0,0,0,0,0,0,0,,,,,,,,,,,,,,,,,,,,,,,,,,,,0,,,,,,,,,,,,,,,,,,,,,,,,,,,0,,,,,,,,,,,,,,,,,,,,,,,,,,,,,,,,,,,,,,0,0,0,0,0,0,,0,,0,0,0,,0,0,0,0,0,,0,,0,,,,,,,,,,,,,,1,,0,,,,,,,,,,,,0,,,,,,,,,,0,0,0,0,0,0,0,0,,,0,0,0,0,0,0,,0,0,,,,,,,0,0,0,0,0,0,0,51.8,51.776999999999944
142,0,0,0,2023.0,0,0,0,0,0,0,0,0,0,,,,,0,0,0,,0,0,0,,0,0,0,,,,,,,,,,,,,,,,,,5,469,0,62,56,32,197,282,553,524,279,177,60,624,438,440,199,159,386,475,0,147,127,242,30,159,59,688,442,215,115,673,512,270,291,79,57,391,103,94,85,104,85,67,,0,,,,,,,,,,,,1,,,,,,,,,,,0,0,0,0,0,0,0,0,0,0,0,0,0,0,0,0,0,0,0,,,0,,0,,0,,0,0,0,,0,,0,0,0,,0,,0,,0,,0,0,0,0,,0,0,0,,0,0,0,,0,0,0,,0,0,0,,0,0,0,,0,,,,0,0,0,0,,,0,0,0,,0,0,,0,0,0,0,0,0,0,0,0,,,,,,,,,,,,,,,,,,,,,,,,,,,,0,,,,,,,,,,,,,,,,,,,,,,,,,,,0,,,,,,,,,,,,,,,,,,,,,,,,,,,,,,,,,,,,,,0,0,0,0,0,0,,0,,0,0,0,,0,0,0,0,0,,0,,0,,,,,,,,,,,,,,1,,0,,,,,,,,,,,,0,,,,,,,,,,0,0,0,0,0,0,0,0,,,0,0,0,0,0,0,,0,0,,,,,,,0,0,0,0,0,0,0,107784.0,107673.915
54,0,0,0,2023.0,0,0,0,0,0,0,0,0,0,,,,,0,0,0,,0,0,0,,0,0,0,,,,,,,,,,,,,,,,,,6,253,0,0,0,0,0,0,296,324,422,393,371,309,149,162,351,70,345,170,0,0,1,0,213,282,495,207,409,388,318,214,104,543,490,305,90,295,103,94,85,104,85,67,,0,,,,,,,,,,,,1,,,,,,,,,,,0,0,0,0,0,0,0,0,0,0,0,0,0,0,0,0,0,0,0,,,0,,0,,0,,0,0,0,,0,,0,0,0,,0,,0,,0,,0,0,0,0,,0,0,0,,0,0,0,,0,0,0,,0,0,0,,0,0,0,,0,,,,0,0,0,0,,,0,0,0,,0,0,,0,0,0,0,0,0,0,0,0,,,,,,,,,,,,,,,,,,,,,,,,,,,,0,,,,,,,,,,,,,,,,,,,,,,,,,,,0,,,,,,,,,,,,,,,,,,,,,,,,,,,,,,,,,,,,,,0,0,0,0,0,0,,0,,0,0,0,,0,0,0,0,0,,0,,0,,,,,,,,,,,,,,1,,0,,,,,,,,,,,,0,,,,,,,,,,0,0,0,0,0,0,0,0,,,0,0,0,0,0,0,,0,0,,,,,,,0,0,0,0,0,0,0,1621.0,1622.485
33,0,0,0,2023.0,0,0,0,0,0,0,0,0,0,,,,,0,0,0,,0,0,0,,0,0,0,,,,,,,,,,,,,,,,,,2,74,2,78,140,191,182,233,525,64,490,195,649,415,82,22,67,1,150,171,9,94,106,259,56,175,620,262,685,389,137,640,407,75,489,311,1,153,103,94,85,104,85,67,,0,,,,,,,,,,,,1,,,,,,,,,,,0,0,0,0,0,0,0,0,0,0,0,0,0,0,0,0,0,0,0,,,0,,0,,0,,0,0,0,,0,,0,0,0,,0,,0,,0,,0,0,0,0,,0,0,0,,0,0,0,,0,0,0,,0,0,0,,0,0,0,,0,,,,0,0,0,0,,,0,0,0,,0,0,,0,0,0,0,0,0,0,0,0,,,,,,,,,,,,,,,,,,,,,,,,,,,,0,,,,,,,,,,,,,,,,,,,,,,,,,,,0,,,,,,,,,,,,,,,,,,,,,,,,,,,,,,,,,,,,,,0,0,0,0,0,0,,0,,0,0,0,,0,0,0,0,0,,0,,0,,,,,,,,,,,,,,1,,0,,,,,,,,,,,,0,,,,,,,,,,0,0,0,0,0,0,0,0,,,0,0,0,0,0,0,,0,0,,,,,,,0,0,0,0,0,0,0,42015.0,42160.19
90,0,0,0,2019.0,0,0,0,0,0,0,0,0,0,,,,,0,0,0,,0,0,0,,0,0,0,,,,,,,,,,,,,,,,,,1,470,0,46,78,37,158,273,68,507,156,521,281,97,586,458,19,177,20,485,0,14,163,20,155,277,182,697,368,24,478,322,93,492,442,339,1,38,103,94,85,104,85,67,,0,,,,,,,,,,,,1,,,,,,,,,,,0,0,0,0,0,0,0,0,0,0,0,0,0,0,0,0,0,0,0,,,0,,0,,0,,0,0,0,,0,,0,0,0,,0,,0,,0,,0,0,0,0,,0,0,0,,0,0,0,,0,0,0,,0,0,0,,0,0,0,,0,,,,0,0,0,0,,,0,0,0,,0,0,,0,0,0,0,0,0,0,0,0,,,,,,,,,,,,,,,,,,,,,,,,,,,,0,,,,,,,,,,,,,,,,,,,,,,,,,,,0,,,,,,,,,,,,,,,,,,,,,,,,,,,,,,,,,,,,,,0,0,0,0,0,0,,0,,0,0,0,,0,0,0,0,0,,0,,0,,,,,,,,,,,,,,3,,0,,,,,,,,,,,,0,,,,,,,,,,0,0,0,0,0,0,0,0,,,0,0,0,0,0,0,,0,0,,,,,,,0,0,0,0,0,0,0,137197.0,137120.025
166,0,0,0,2023.0,0,0,0,0,0,0,0,0,0,,,,,0,0,0,,0,0,0,,0,0,0,,,,,,,,,,,,,,,,,,1,680,4,81,146,218,278,3,530,564,487,338,268,214,126,603,482,234,385,684,31,170,234,305,382,7,192,429,573,458,284,244,165,69,574,384,143,390,18,9,49,15,66,7,,0,,,,,,,,,,,,1,,,,,,,,,,,0,0,0,0,0,0,0,0,0,0,0,0,0,0,0,0,0,0,0,,,0,,0,,0,,0,0,0,,0,,0,0,0,,0,,0,,0,,0,0,0,0,,0,0,0,,0,0,0,,0,0,0,,0,0,0,,0,0,0,,0,,,,0,0,0,0,,,0,0,0,,0,0,,0,0,0,0,0,0,0,0,0,,,,,,,,,,,,,,,,,,,,,,,,,,,,0,,,,,,,,,,,,,,,,,,,,,,,,,,,0,,,,,,,,,,,,,,,,,,,,,,,,,,,,,,,,,,,,,,0,0,0,0,0,0,,0,,0,0,0,,0,0,0,0,0,,0,,0,,,,,,,,,,,,,,1,,0,,,,,,,,,,,,0,,,,,,,,,,0,0,0,0,0,0,0,0,,,0,0,0,0,0,0,,0,0,,,,,,,0,0,0,0,0,0,0,38.9,271.0765
174,0,0,0,2023.0,0,0,0,0,0,0,0,0,0,,,,,0,0,0,,0,0,0,,0,0,0,,,,,,,,,,,,,,,,,,0,615,4,81,146,218,278,0,0,480,651,652,7,680,557,543,140,40,0,176,31,170,234,305,382,0,4,389,271,416,397,358,306,117,19,196,90,0,103,94,85,104,85,67,,0,,,,,,,,,,,,1,,,,,,,,,,,0,0,0,0,0,0,0,0,0,0,0,0,0,0,0,0,0,0,0,,,0,,0,,0,,0,0,0,,0,,0,0,0,,0,,0,,0,,0,0,0,0,,0,0,0,,0,0,0,,0,0,0,,0,0,0,,0,0,0,,0,,,,0,0,0,0,,,0,0,0,,0,0,,0,0,0,0,0,0,0,0,0,,,,,,,,,,,,,,,,,,,,,,,,,,,,0,,,,,,,,,,,,,,,,,,,,,,,,,,,0,,,,,,,,,,,,,,,,,,,,,,,,,,,,,,,,,,,,,,0,0,0,0,0,0,,0,,0,0,0,,0,0,0,0,0,,0,,0,,,,,,,,,,,,,,1,,0,,,,,,,,,,,,0,,,,,,,,,,0,0,0,0,0,0,0,0,,,0,0,0,0,0,0,,0,0,,,,,,,0,0,0,0,0,0,0,8.0,961.842
84,0,0,0,2023.0,0,0,0,0,0,0,0,0,0,,,,,0,0,0,,0,0,0,,0,0,0,,,,,,,,,,,,,,,,,,5,439,0,13,54,28,188,272,16,428,96,643,520,465,350,313,54,226,72,449,0,159,146,301,133,248,128,667,305,37,565,462,338,161,118,242,2,63,103,94,85,104,85,67,,0,,,,,,,,,,,,1,,,,,,,,,,,0,0,0,0,0,0,0,0,0,0,0,0,0,0,0,0,0,0,0,,,0,,0,,0,,0,0,0,,0,,0,0,0,,0,,0,,0,,0,0,0,0,,0,0,0,,0,0,0,,0,0,0,,0,0,0,,0,0,0,,0,,,,0,0,0,0,,,0,0,0,,0,0,,0,0,0,0,0,0,0,0,0,,,,,,,,,,,,,,,,,,,,,,,,,,,,0,,,,,,,,,,,,,,,,,,,,,,,,,,,0,,,,,,,,,,,,,,,,,,,,,,,,,,,,,,,,,,,,,,0,0,0,0,0,0,,0,,0,0,0,,0,0,0,0,0,,0,,0,,,,,,,,,,,,,,1,,0,,,,,,,,,,,,0,,,,,,,,,,0,0,0,0,0,0,0,0,,,0,0,0,0,0,0,,0,0,,,,,,,0,0,0,0,0,0,0,117565.0,117568.005
90,0,0,0,2020.0,0,0,0,0,0,0,0,0,0,,,,,0,0,0,,0,0,0,,0,0,0,,,,,,,,,,,,,,,,,,0,563,0,0,0,0,0,0,231,691,42,670,518,327,76,585,423,0,285,538,0,0,0,0,1,5,21,591,33,653,498,289,71,325,175,1,0,370,103,94,85,104,85,67,,0,,,,,,,,,,,,1,,,,,,,,,,,0,0,0,0,0,0,0,0,0,0,0,0,0,0,0,0,0,0,0,,,0,,0,,0,,0,0,0,,0,,0,0,0,,0,,0,,0,,0,0,0,0,,0,0,0,,0,0,0,,0,0,0,,0,0,0,,0,0,0,,0,,,,0,0,0,0,,,0,0,0,,0,0,,0,0,0,0,0,0,0,0,0,,,,,,,,,,,,,,,,,,,,,,,,,,,,0,,,,,,,,,,,,,,,,,,,,,,,,,,,0,,,,,,,,,,,,,,,,,,,,,,,,,,,,,,,,,,,,,,0,0,0,0,0,0,,0,,0,0,0,,0,0,0,0,0,,0,,0,,,,,,,,,,,,,,1,,0,,,,,,,,,,,,0,,,,,,,,,,0,0,0,0,0,0,0,0,,,0,0,0,0,0,0,,0,0,,,,,,,0,0,0,0,0,0,0,331.0,322.05
71,0,0,0,2023.0,0,0,0,0,0,0,0,0,0,,,,,0,0,0,,0,0,0,,0,0,0,,,,,,,,,,,,,,,,,,0,643,0,0,0,0,0,0,475,109,147,114,13,440,192,24,0,0,165,627,0,0,0,0,0,0,387,73,191,140,552,379,90,197,223,0,0,381,103,94,85,104,85,67,,0,,,,,,,,,,,,1,,,,,,,,,,,0,0,0,0,0,0,0,0,0,0,0,0,0,0,0,0,0,0,0,,,0,,0,,0,,0,0,0,,0,,0,0,0,,0,,0,,0,,0,0,0,0,,0,0,0,,0,0,0,,0,0,0,,0,0,0,,0,0,0,,0,,,,0,0,0,0,,,0,0,0,,0,0,,0,0,0,0,0,0,0,0,0,,,,,,,,,,,,,,,,,,,,,,,,,,,,0,,,,,,,,,,,,,,,,,,,,,,,,,,,0,,,,,,,,,,,,,,,,,,,,,,,,,,,,,,,,,,,,,,0,0,0,0,0,0,,0,,0,0,0,,0,0,0,0,0,,0,,0,,,,,,,,,,,,,,1,,0,,,,,,,,,,,,0,,,,,,,,,,0,0,0,0,0,0,0,0,,,0,0,0,0,0,0,,0,0,,,,,,,0,0,0,0,0,0,0,63.0,537.85
170,0,0,0,2023.0,0,0,0,0,0,0,0,0,0,,,,,0,0,0,,0,0,0,,0,0,0,,,,,,,,,,,,,,,,,,0,584,0,0,0,0,1,9,297,255,523,558,654,671,565,530,179,75,1,589,0,0,0,0,1,5,613,24,462,564,571,644,628,453,368,46,16,227,103,94,85,104,85,67,,0,,,,,,,,,,,,1,,,,,,,,,,,0,0,0,0,0,0,0,0,0,0,0,0,0,0,0,0,0,0,0,,,0,,0,,0,,0,0,0,,0,,0,0,0,,0,,0,,0,,0,0,0,0,,0,0,0,,0,0,0,,0,0,0,,0,0,0,,0,0,0,,0,,,,0,0,0,0,,,0,0,0,,0,0,,0,0,0,0,0,0,0,0,0,,,,,,,,,,,,,,,,,,,,,,,,,,,,0,,,,,,,,,,,,,,,,,,,,,,,,,,,0,,,,,,,,,,,,,,,,,,,,,,,,,,,,,,,,,,,,,,0,0,0,0,0,0,,0,,0,0,0,,0,0,0,0,0,,0,,0,,,,,,,,,,,,,,1,,0,,,,,,,,,,,,0,,,,,,,,,,0,0,0,0,0,0,0,0,,,0,0,0,0,0,0,,0,0,,,,,,,0,0,0,0,0,0,0,500.0,501.605
118,0,0,0,2023.0,0,0,0,0,0,0,0,0,0,,,,,0,0,0,,0,0,0,,0,0,0,,,,,,,,,,,,,,,,,,0,364,0,0,0,0,1,9,485,581,491,424,284,218,56,576,459,40,386,345,0,0,0,0,2,9,312,475,494,431,381,278,110,483,314,243,1,391,103,94,85,104,85,67,,0,,,,,,,,,,,,1,,,,,,,,,,,0,0,0,0,0,0,0,0,0,0,0,0,0,0,0,0,0,0,0,,,0,,0,,0,,0,0,0,,0,,0,0,0,,0,,0,,0,,0,0,0,0,,0,0,0,,0,0,0,,0,0,0,,0,0,0,,0,0,0,,0,,,,0,0,0,0,,,0,0,0,,0,0,,0,0,0,0,0,0,0,0,0,,,,,,,,,,,,,,,,,,,,,,,,,,,,0,,,,,,,,,,,,,,,,,,,,,,,,,,,0,,,,,,,,,,,,,,,,,,,,,,,,,,,,,,,,,,,,,,0,0,0,0,0,0,,0,,0,0,0,,0,0,0,0,0,,0,,0,,,,,,,,,,,,,,1,,0,,,,,,,,,,,,0,,,,,,,,,,0,0,0,0,0,0,0,0,,,0,0,0,0,0,0,,0,0,,,,,,,0,0,0,0,0,0,0,4598.0,4597.025
162,0,0,0,2019.0,0,0,0,0,0,0,0,0,0,,,,,0,0,0,,0,0,0,,0,0,0,,,,,,,,,,,,,,,,,,1,680,4,81,146,218,278,305,249,591,412,228,139,25,530,603,482,234,385,684,31,170,234,305,382,230,393,596,512,324,179,105,630,398,574,384,143,390,35,76,37,36,31,30,,0,,,,,,,,,,,,1,,,,,,,,,,,0,0,0,0,0,0,0,0,0,0,0,0,0,0,0,0,0,0,0,,,0,,0,,0,,0,0,0,,0,,0,0,0,,0,,0,,0,,0,0,0,0,,0,0,0,,0,0,0,,0,0,0,,0,0,0,,0,0,0,,0,,,,0,0,0,0,,,0,0,0,,0,0,,0,0,0,0,0,0,0,0,0,,,,,,,,,,,,,,,,,,,,,,,,,,,,0,,,,,,,,,,,,,,,,,,,,,,,,,,,0,,,,,,,,,,,,,,,,,,,,,,,,,,,,,,,,,,,,,,0,0,0,0,0,0,,0,,0,0,0,,0,0,0,0,0,,0,,0,,,,,,,,,,,,,,1,,0,,,,,,,,,,,,0,,,,,,,,,,0,0,0,0,0,0,0,0,,,0,0,0,0,0,0,,0,0,,,,,,,0,0,0,0,0,0,0,61743.0,61672.71
121,0,0,0,2025.0,0,0,0,0,0,0,0,0,0,,,,,0,0,0,,0,0,0,,0,0,0,,,,,,,,,,,,,,,,,,5,540,0,52,58,190,63,138,285,250,81,669,629,508,442,554,273,125,386,550,0,150,86,114,291,433,288,344,101,656,590,585,455,353,415,68,140,391,103,94,85,104,85,67,,0,,,,,,,,,,,,1,,,,,,,,,,,0,0,0,0,0,0,0,0,0,0,0,0,0,0,0,0,0,0,0,,,0,,0,,0,,0,0,0,,0,,0,0,0,,0,,0,,0,,0,0,0,0,,0,0,0,,0,0,0,,0,0,0,,0,0,0,,0,0,0,,0,,,,0,0,0,0,,,0,0,0,,0,0,,0,0,0,0,0,0,0,0,0,,,,,,,,,,,,,,,,,,,,,,,,,,,,0,,,,,,,,,,,,,,,,,,,,,,,,,,,0,,,,,,,,,,,,,,,,,,,,,,,,,,,,,,,,,,,,,,0,0,0,0,0,0,,0,,0,0,0,,0,0,0,0,0,,0,,0,,,,,,,,,,,,,,1,,0,,,,,,,,,,,,0,,,,,,,,,,0,0,0,0,0,0,0,0,,,0,0,0,0,0,0,,0,0,,,,,,,0,0,0,0,0,0,0,77424.0,77493.35
32,0,0,0,2025.0,0,0,0,0,0,0,0,0,0,,,,,0,0,0,,0,0,0,,0,0,0,,,,,,,,,,,,,,,,,,5,142,1,49,141,178,174,224,515,86,626,496,331,238,88,108,282,24,183,231,17,89,93,236,32,143,616,263,16,552,434,305,113,534,400,260,0,199,103,94,85,104,85,67,,0,,,,,,,,,,,,1,,,,,,,,,,,0,0,0,0,0,0,0,0,0,0,0,0,0,0,0,0,0,0,0,,,0,,0,,0,,0,0,0,,0,,0,0,0,,0,,0,,0,,0,0,0,0,,0,0,0,,0,0,0,,0,0,0,,0,0,0,,0,0,0,,0,,,,0,0,0,0,,,0,0,0,,0,0,,0,0,0,0,0,0,0,0,0,,,,,,,,,,,,,,,,,,,,,,,,,,,,0,,,,,,,,,,,,,,,,,,,,,,,,,,,0,,,,,,,,,,,,,,,,,,,,,,,,,,,,,,,,,,,,,,0,0,0,0,0,0,,0,,0,0,0,,0,0,0,0,0,,0,,0,,,,,,,,,,,,,,1,,0,,,,,,,,,,,,0,,,,,,,,,,0,0,0,0,0,0,0,0,,,0,0,0,0,0,0,,0,0,,,,,,,0,0,0,0,0,0,0,41364.0,41199.705
92,0,0,0,2020.0,0,0,0,0,0,0,0,0,0,,,,,0,0,0,,0,0,0,,0,0,0,,,,,,,,,,,,,,,,,,2,561,0,19,60,38,257,326,215,592,216,597,390,175,641,512,79,193,90,581,0,19,180,56,251,347,300,22,417,95,529,373,146,521,447,309,103,93,103,94,85,104,85,67,,0,,,,,,,,,,,,1,,,,,,,,,,,0,0,0,0,0,0,0,0,0,0,0,0,0,0,0,0,0,0,0,,,0,,0,,0,,0,0,0,,0,,0,0,0,,0,,0,,0,,0,0,0,0,,0,0,0,,0,0,0,,0,0,0,,0,0,0,,0,0,0,,0,,,,0,0,0,0,,,0,0,0,,0,0,,0,0,0,0,0,0,0,0,0,,,,,,,,,,,,,,,,,,,,,,,,,,,,0,,,,,,,,,,,,,,,,,,,,,,,,,,,0,,,,,,,,,,,,,,,,,,,,,,,,,,,,,,,,,,,,,,0,0,0,0,0,0,,0,,0,0,0,,0,0,0,0,0,,0,,0,,,,,,,,,,,,,,1,,0,,,,,,,,,,,,0,,,,,,,,,,0,0,0,0,0,0,0,0,,,0,0,0,0,0,0,,0,0,,,,,,,0,0,0,0,0,0,0,168899.0,168019.44
155,0,0,0,2020.0,0,0,0,0,0,0,0,0,0,,,,,0,0,0,,0,0,0,,0,0,0,,,,,,,,,,,,,,,,,,1,680,4,81,146,218,278,67,326,639,463,242,116,34,594,603,482,234,385,684,31,170,234,305,382,366,466,585,550,380,197,83,633,419,574,384,143,390,47,64,41,53,21,22,,0,,,,,,,,,,,,1,,,,,,,,,,,0,0,0,0,0,0,0,0,0,0,0,0,0,0,0,0,0,0,0,,,0,,0,,0,,0,0,0,,0,,0,0,0,,0,,0,,0,,0,0,0,0,,0,0,0,,0,0,0,,0,0,0,,0,0,0,,0,0,0,,0,,,,0,0,0,0,,,0,0,0,,0,0,,0,0,0,0,0,0,0,0,0,,,,,,,,,,,,,,,,,,,,,,,,,,,,0,,,,,,,,,,,,,,,,,,,,,,,,,,,0,,,,,,,,,,,,,,,,,,,,,,,,,,,,,,,,,,,,,,0,0,0,0,0,0,,0,,0,0,0,,0,0,0,0,0,,0,,0,,,,,,,,,,,,,,1,,0,,,,,,,,,,,,0,,,,,,,,,,0,0,0,0,0,0,0,0,,,0,0,0,0,0,0,,0,0,,,,,,,0,0,0,0,0,0,0,65568.0,65491.065
167,0,0,0,2025.0,0,0,0,0,0,0,0,0,0,,,,,0,0,0,,0,0,0,,0,0,0,,,,,,,,,,,,,,,,,,6,525,4,81,146,218,278,0,0,4,2,505,500,500,528,2,285,0,0,561,31,170,234,305,382,0,0,0,376,2,359,653,525,581,472,156,1,0,103,94,85,104,85,67,,0,,,,,,,,,,,,1,,,,,,,,,,,0,0,0,0,0,0,0,0,0,0,0,0,0,0,0,0,0,0,0,,,0,,0,,0,,0,0,0,,0,,0,0,0,,0,,0,,0,,0,0,0,0,,0,0,0,,0,0,0,,0,0,0,,0,0,0,,0,0,0,,0,,,,0,0,0,0,,,0,0,0,,0,0,,0,0,0,0,0,0,0,0,0,,,,,,,,,,,,,,,,,,,,,,,,,,,,0,,,,,,,,,,,,,,,,,,,,,,,,,,,0,,,,,,,,,,,,,,,,,,,,,,,,,,,,,,,,,,,,,,0,0,0,0,0,0,,0,,0,0,0,,0,0,0,0,0,,0,,0,,,,,,,,,,,,,,1,,0,,,,,,,,,,,,0,,,,,,,,,,0,0,0,0,0,0,0,0,,,0,0,0,0,0,0,,0,0,,,,,,,0,0,0,0,0,0,0,0.0,0.035
156,0,0,0,2023.0,0,0,0,0,0,0,0,0,0,,,,,0,0,0,,0,0,0,,0,0,0,,,,,,,,,,,,,,,,,,0,650,0,0,0,95,261,32,309,676,141,141,65,667,522,325,439,221,0,642,0,0,1,54,180,287,640,362,49,165,102,30,577,361,170,191,69,0,103,94,85,104,85,67,,0,,,,,,,,,,,,1,,,,,,,,,,,0,0,0,0,0,0,0,0,0,0,0,0,0,0,0,0,0,0,0,,,0,,0,,0,,0,0,0,,0,,0,0,0,,0,,0,,0,,0,0,0,0,,0,0,0,,0,0,0,,0,0,0,,0,0,0,,0,0,0,,0,,,,0,0,0,0,,,0,0,0,,0,0,,0,0,0,0,0,0,0,0,0,,,,,,,,,,,,,,,,,,,,,,,,,,,,0,,,,,,,,,,,,,,,,,,,,,,,,,,,0,,,,,,,,,,,,,,,,,,,,,,,,,,,,,,,,,,,,,,0,0,0,0,0,0,,0,,0,0,0,,0,0,0,0,0,,0,,0,,,,,,,,,,,,,,1,,0,,,,,,,,,,,,0,,,,,,,,,,0,0,0,0,0,0,0,0,,,0,0,0,0,0,0,,0,0,,,,,,,0,0,0,0,0,0,0,2069.0,2077.895
93,0,0,0,2020.0,0,0,0,0,0,0,0,0,0,,,,,0,0,0,,0,0,0,,0,0,0,,,,,,,,,,,,,,,,,,5,539,0,44,82,57,271,31,167,510,238,44,609,538,401,434,101,11,122,545,0,18,178,48,225,335,263,617,379,147,668,554,417,244,199,261,35,109,103,94,85,104,85,67,,0,,,,,,,,,,,,1,,,,,,,,,,,0,0,0,0,0,0,0,0,0,0,0,0,0,0,0,0,0,0,0,,,0,,0,,0,,0,0,0,,0,,0,0,0,,0,,0,,0,,0,0,0,0,,0,0,0,,0,0,0,,0,0,0,,0,0,0,,0,0,0,,0,,,,0,0,0,0,,,0,0,0,,0,0,,0,0,0,0,0,0,0,0,0,,,,,,,,,,,,,,,,,,,,,,,,,,,,0,,,,,,,,,,,,,,,,,,,,,,,,,,,0,,,,,,,,,,,,,,,,,,,,,,,,,,,,,,,,,,,,,,0,0,0,0,0,0,,0,,0,0,0,,0,0,0,0,0,,0,,0,,,,,,,,,,,,,,1,,0,,,,,,,,,,,,0,,,,,,,,,,0,0,0,0,0,0,0,0,,,0,0,0,0,0,0,,0,0,,,,,,,0,0,0,0,0,0,0,119255.0,119050.95
130,0,0,0,2023.0,0,0,0,0,0,0,0,0,0,,,,,0,0,0,,0,0,0,,0,0,0,,,,,,,,,,,,,,,,,,1,680,4,81,146,218,278,52,81,49,658,584,493,419,284,603,482,234,385,684,31,170,234,305,382,333,245,76,48,639,543,442,278,43,574,384,143,390,94,40,82,86,73,9,,0,,,,,,,,,,,,1,,,,,,,,,,,0,0,0,0,0,0,0,0,0,0,0,0,0,0,0,0,0,0,0,,,0,,0,,0,,0,0,0,,0,,0,0,0,,0,,0,,0,,0,0,0,0,,0,0,0,,0,0,0,,0,0,0,,0,0,0,,0,0,0,,0,,,,0,0,0,0,,,0,0,0,,0,0,,0,0,0,0,0,0,0,0,0,,,,,,,,,,,,,,,,,,,,,,,,,,,,0,,,,,,,,,,,,,,,,,,,,,,,,,,,0,,,,,,,,,,,,,,,,,,,,,,,,,,,,,,,,,,,,,,0,0,0,0,0,0,,0,,0,0,0,,0,0,0,0,0,,0,,0,,,,,,,,,,,,,,1,,0,,,,,,,,,,,,0,,,,,,,,,,0,0,0,0,0,0,0,0,,,0,0,0,0,0,0,,0,0,,,,,,,0,0,0,0,0,0,0,146.2,144.7710000000003
130,0,0,0,2025.0,0,0,0,0,0,0,0,0,0,,,,,0,0,0,,0,0,0,,0,0,0,,,,,,,,,,,,,,,,,,1,680,4,81,146,218,278,52,81,49,658,584,493,419,284,603,482,234,385,684,31,170,234,305,382,333,245,76,48,639,543,442,278,43,574,384,143,390,94,40,82,86,73,9,,0,,,,,,,,,,,,1,,,,,,,,,,,0,0,0,0,0,0,0,0,0,0,0,0,0,0,0,0,0,0,0,,,0,,0,,0,,0,0,0,,0,,0,0,0,,0,,0,,0,,0,0,0,0,,0,0,0,,0,0,0,,0,0,0,,0,0,0,,0,0,0,,0,,,,0,0,0,0,,,0,0,0,,0,0,,0,0,0,0,0,0,0,0,0,,,,,,,,,,,,,,,,,,,,,,,,,,,,0,,,,,,,,,,,,,,,,,,,,,,,,,,,0,,,,,,,,,,,,,,,,,,,,,,,,,,,,,,,,,,,,,,0,0,0,0,0,0,,0,,0,0,0,,0,0,0,0,0,,0,,0,,,,,,,,,,,,,,1,,0,,,,,,,,,,,,0,,,,,,,,,,0,0,0,0,0,0,0,0,,,0,0,0,0,0,0,,0,0,,,,,,,0,0,0,0,0,0,0,146.2,144.7685000000003
139,0,0,0,2019.0,0,0,0,0,0,0,0,0,0,,,,,0,0,0,,0,0,0,,0,0,0,,,,,,,,,,,,,,,,,,1,503,0,79,90,61,238,317,80,481,286,163,25,603,439,451,228,134,45,512,0,5,149,7,164,267,165,644,410,211,91,642,470,281,310,93,61,124,103,94,85,104,85,67,,0,,,,,,,,,,,,1,,,,,,,,,,,0,0,0,0,0,0,0,0,0,0,0,0,0,0,0,0,0,0,0,,,0,,0,,0,,0,0,0,,0,,0,0,0,,0,,0,,0,,0,0,0,0,,0,0,0,,0,0,0,,0,0,0,,0,0,0,,0,0,0,,0,,,,0,0,0,0,,,0,0,0,,0,0,,0,0,0,0,0,0,0,0,0,,,,,,,,,,,,,,,,,,,,,,,,,,,,0,,,,,,,,,,,,,,,,,,,,,,,,,,,0,,,,,,,,,,,,,,,,,,,,,,,,,,,,,,,,,,,,,,0,0,0,0,0,0,,0,,0,0,0,,0,0,0,0,0,,0,,0,,,,,,,,,,,,,,4,,0,,,,,,,,,,,,0,,,,,,,,,,0,0,0,0,0,0,0,0,,,0,0,0,0,0,0,,0,0,,,,,,,0,0,0,0,0,0,0,105458.0,108101.995
126,0,0,0,2025.0,0,0,0,0,0,0,0,0,0,,,,,0,0,0,,0,0,0,,0,0,0,,,,,,,,,,,,,,,,,,1,680,4,81,146,218,278,145,211,328,194,59,683,662,482,603,482,234,385,684,31,170,234,305,382,429,177,449,255,106,678,641,586,371,574,384,143,390,74,79,75,77,43,51,,0,,,,,,,,,,,,1,,,,,,,,,,,0,0,0,0,0,0,0,0,0,0,0,0,0,0,0,0,0,0,0,,,0,,0,,0,,0,0,0,,0,,0,0,0,,0,,0,,0,,0,0,0,0,,0,0,0,,0,0,0,,0,0,0,,0,0,0,,0,0,0,,0,,,,0,0,0,0,,,0,0,0,,0,0,,0,0,0,0,0,0,0,0,0,,,,,,,,,,,,,,,,,,,,,,,,,,,,0,,,,,,,,,,,,,,,,,,,,,,,,,,,0,,,,,,,,,,,,,,,,,,,,,,,,,,,,,,,,,,,,,,0,0,0,0,0,0,,0,,0,0,0,,0,0,0,0,0,,0,,0,,,,,,,,,,,,,,1,,0,,,,,,,,,,,,0,,,,,,,,,,0,0,0,0,0,0,0,0,,,0,0,0,0,0,0,,0,0,,,,,,,0,0,0,0,0,0,0,88662.0,88614.505
171,0,0,0,2023.0,0,0,0,0,0,0,0,0,0,,,,,0,0,0,,0,0,0,,0,0,0,,,,,,,,,,,,,,,,,,3,0,0,0,0,0,0,0,0,0,0,0,0,0,0,0,0,0,0,553,0,0,0,0,0,0,0,3,0,0,3,4,6,0,0,0,0,0,103,94,85,104,85,67,,0,,,,,,,,,,,,1,,,,,,,,,,,0,0,0,0,0,0,0,0,0,0,0,0,0,0,0,0,0,0,0,,,0,,0,,0,,0,0,0,,0,,0,0,0,,0,,0,,0,,0,0,0,0,,0,0,0,,0,0,0,,0,0,0,,0,0,0,,0,0,0,,0,,,,0,0,0,0,,,0,0,0,,0,0,,0,0,0,0,0,0,0,0,0,,,,,,,,,,,,,,,,,,,,,,,,,,,,0,,,,,,,,,,,,,,,,,,,,,,,,,,,0,,,,,,,,,,,,,,,,,,,,,,,,,,,,,,,,,,,,,,0,0,0,0,0,0,,0,,0,0,0,,0,0,0,0,0,,0,,0,,,,,,,,,,,,,,1,,0,,,,,,,,,,,,0,,,,,,,,,,0,0,0,0,0,0,0,0,,,0,0,0,0,0,0,,0,0,,,,,,,0,0,0,0,0,0,0,0.0,0.035
109,0,0,0,2025.0,0,0,0,0,0,0,0,0,0,,,,,0,0,0,,0,0,0,,0,0,0,,,,,,,,,,,,,,,,,,0,150,0,0,0,0,122,134,327,424,444,323,279,149,637,350,398,40,322,223,0,0,0,165,331,9,14,298,461,407,318,191,26,368,163,109,0,89,103,94,85,104,85,67,,0,,,,,,,,,,,,1,,,,,,,,,,,0,0,0,0,0,0,0,0,0,0,0,0,0,0,0,0,0,0,0,,,0,,0,,0,,0,0,0,,0,,0,0,0,,0,,0,,0,,0,0,0,0,,0,0,0,,0,0,0,,0,0,0,,0,0,0,,0,0,0,,0,,,,0,0,0,0,,,0,0,0,,0,0,,0,0,0,0,0,0,0,0,0,,,,,,,,,,,,,,,,,,,,,,,,,,,,0,,,,,,,,,,,,,,,,,,,,,,,,,,,0,,,,,,,,,,,,,,,,,,,,,,,,,,,,,,,,,,,,,,0,0,0,0,0,0,,0,,0,0,0,,0,0,0,0,0,,0,,0,,,,,,,,,,,,,,1,,0,,,,,,,,,,,,0,,,,,,,,,,0,0,0,0,0,0,0,0,,,0,0,0,0,0,0,,0,0,,,,,,,0,0,0,0,0,0,0,2308.0,2336.21
