age,workclass,fnlwgt,education,education_num,marital_status,relationship,race,sex,capital_gain,capital_loss,hours_per_week,native_country,income,actual_occupation,predicted_occupation
29,2,176683,9,13,4,1,4,1,0,0,50,38,1,Sales,Exec-managerial
53,2,117496,6,5,0,1,4,0,0,0,36,1,0,Other-service,Machine-op-inspct
33,2,290763,15,10,4,1,4,0,0,0,40,38,0,Sales,Adm-clerical
47,5,123219,12,14,2,0,4,1,0,0,38,38,1,Prof-specialty,Prof-specialty
25,2,69739,0,6,4,3,4,1,0,0,40,38,0,Machine-op-inspct,Farming-fishing
40,2,184655,7,12,4,2,4,1,0,0,25,38,0,Other-service,Sales
36,2,214378,11,9,0,3,4,0,0,0,40,38,1,Prof-specialty,Exec-managerial
55,2,182460,11,9,2,0,4,1,15024,0,35,38,1,Craft-repair,Craft-repair
25,2,150553,6,5,3,4,1,0,0,0,40,39,0,Adm-clerical,Machine-op-inspct
33,2,101345,11,9,2,5,4,0,0,0,42,1,1,Exec-managerial,Adm-clerical
30,2,185027,9,13,2,0,4,1,0,0,40,38,1,Prof-specialty,Sales
48,2,162096,6,5,2,2,1,0,0,0,45,2,0,Machine-op-inspct,Machine-op-inspct
44,5,136546,10,16,2,0,4,1,0,1902,40,38,1,Prof-specialty,Prof-specialty
41,2,168293,12,14,0,4,4,0,0,0,45,38,0,Exec-managerial,Exec-managerial
27,3,120126,9,13,2,0,4,1,0,1887,45,38,1,Exec-managerial,Exec-managerial
46,2,109089,11,9,0,1,4,1,0,0,37,38,0,Craft-repair,Craft-repair
35,2,61343,15,10,2,0,4,1,0,0,45,38,0,Sales,Craft-repair
49,0,115784,15,10,2,0,4,1,0,0,40,38,0,Craft-repair,Adm-clerical
30,3,292465,9,13,4,1,4,1,0,0,40,38,0,Exec-managerial,Other-service
26,2,113571,11,9,4,1,4,1,0,0,70,38,0,Transport-moving,Transport-moving
25,2,187653,11,9,4,1,4,1,0,0,48,38,0,Handlers-cleaners,Craft-repair
18,2,198614,1,7,4,3,2,0,0,0,8,38,0,Sales,Sales
28,2,142264,6,5,4,1,4,1,0,0,50,5,0,Machine-op-inspct,Craft-repair
45,2,148171,8,11,2,0,4,1,15024,0,40,38,1,Craft-repair,Exec-managerial
27,2,84977,11,9,2,0,4,1,0,0,40,38,0,Craft-repair,Machine-op-inspct
34,2,52537,11,9,4,4,2,1,0,0,30,38,0,Transport-moving,Other-service
50,2,175029,11,9,2,0,4,1,0,0,40,38,1,Handlers-cleaners,Handlers-cleaners
25,2,390316,6,5,2,0,4,1,0,0,40,25,0,Craft-repair,Machine-op-inspct
33,2,296538,11,9,2,0,4,1,0,0,45,38,1,Sales,Exec-managerial
36,2,198841,12,14,2,0,4,1,0,0,40,38,1,Exec-managerial,Exec-managerial
27,2,44767,11,9,2,0,4,1,0,0,40,38,0,Farming-fishing,Craft-repair
24,5,208826,10,16,4,1,4,0,0,0,99,8,0,Prof-specialty,Prof-specialty
24,5,165201,15,10,2,5,4,0,0,0,45,38,0,Adm-clerical,Adm-clerical
21,2,301199,15,10,4,3,4,0,0,0,40,38,0,Machine-op-inspct,Adm-clerical
46,5,102628,12,14,6,4,4,1,0,0,40,38,0,Protective-serv,Exec-managerial
30,2,230224,9,13,4,1,4,1,0,0,55,38,1,Exec-managerial,Prof-specialty
60,3,93272,5,4,2,0,4,1,0,0,60,38,0,Sales,Transport-moving
25,2,273792,11,9,4,3,4,1,0,0,37,38,0,Craft-repair,Machine-op-inspct
48,2,317360,15,10,0,1,4,0,0,0,50,38,0,Adm-clerical,Exec-managerial
40,2,178417,11,9,2,0,4,1,0,0,35,38,0,Craft-repair,Transport-moving
31,2,164190,15,10,2,0,4,1,0,0,50,38,1,Prof-specialty,Farming-fishing
44,2,113324,11,9,2,0,4,1,0,0,40,38,0,Craft-repair,Machine-op-inspct
50,2,258819,11,9,0,1,4,1,0,0,40,38,1,Craft-repair,Craft-repair
28,2,266070,14,15,4,1,4,0,0,0,50,38,0,Prof-specialty,Prof-specialty
51,4,95435,11,9,2,0,4,1,0,0,60,38,1,Sales,Transport-moving
58,2,31732,15,10,2,0,4,1,0,0,45,38,1,Sales,Sales
31,2,147654,11,9,4,3,4,1,0,0,40,38,0,Exec-managerial,Exec-managerial
56,3,187355,15,10,2,5,4,0,0,0,60,1,1,Sales,Sales
53,2,150980,15,10,2,0,4,1,3137,0,40,38,0,Machine-op-inspct,Sales
75,2,104896,11,9,2,0,4,1,2653,0,20,38,0,Sales,Sales
74,2,188709,14,15,2,0,4,1,99999,0,50,38,1,Prof-specialty,Prof-specialty
57,2,262642,11,9,4,2,4,0,0,0,40,38,0,Adm-clerical,Adm-clerical
21,2,26842,15,10,4,1,4,0,0,0,20,38,0,Sales,Sales
43,2,242488,15,10,2,0,4,1,5013,0,40,38,0,Adm-clerical,Sales
20,2,157541,15,10,4,3,4,1,0,0,40,38,0,Craft-repair,Farming-fishing
32,2,116138,12,14,4,1,1,1,0,0,11,35,0,Tech-support,Prof-specialty
59,0,43280,15,10,4,3,2,0,0,0,40,38,0,Exec-managerial,Prof-specialty
42,1,96524,11,9,2,0,4,1,0,0,60,38,1,Exec-managerial,Protective-serv
25,2,266820,13,1,4,1,4,1,0,0,35,25,0,Farming-fishing,Craft-repair
41,2,171550,11,9,2,0,4,1,0,0,40,38,1,Exec-managerial,Transport-moving
33,2,162572,11,9,2,0,4,1,0,0,55,38,1,Transport-moving,Prof-specialty
25,2,202091,12,14,4,3,4,0,0,0,60,38,0,Prof-specialty,Prof-specialty
35,0,226916,9,13,6,1,4,1,0,0,40,38,1,Adm-clerical,Prof-specialty
37,5,191841,9,13,4,1,4,0,8614,0,40,38,1,Adm-clerical,Prof-specialty
37,2,305597,9,13,2,0,4,1,0,0,45,38,1,Prof-specialty,Exec-managerial
55,2,191367,11,9,2,0,4,1,0,0,40,38,0,Sales,Craft-repair
25,2,98283,9,13,4,3,1,1,0,0,40,38,0,Prof-specialty,Exec-managerial
26,5,53903,11,9,4,4,4,1,0,0,50,38,0,Craft-repair,Other-service
29,2,499197,15,10,2,0,4,1,0,0,40,38,0,Prof-specialty,Craft-repair
54,5,166774,12,14,4,1,4,0,0,0,45,38,1,Prof-specialty,Prof-specialty
35,2,129573,11,9,2,0,4,1,0,0,65,38,0,Transport-moving,Transport-moving
43,5,101383,11,9,2,0,4,1,0,0,40,38,1,Craft-repair,Exec-managerial
22,2,97508,11,9,4,3,4,1,0,0,50,38,0,Other-service,Tech-support
38,2,130813,11,9,0,2,4,0,0,0,40,38,0,Machine-op-inspct,Priv-house-serv
55,3,138594,11,9,2,0,4,1,0,1977,45,38,1,Exec-managerial,Exec-managerial
41,2,287306,7,12,2,0,4,1,15024,0,60,38,1,Prof-specialty,Sales
32,2,97723,11,9,2,0,4,1,0,1672,40,38,0,Craft-repair,Craft-repair
46,2,265097,11,9,4,2,4,1,0,0,5,38,0,Handlers-cleaners,Exec-managerial
46,1,222115,9,13,0,1,4,0,99999,0,40,38,1,Adm-clerical,Prof-specialty
73,4,300404,15,10,2,0,4,1,0,0,6,38,1,Sales,Exec-managerial
50,1,92486,15,10,2,0,4,1,0,0,40,38,0,Craft-repair,Exec-managerial
61,2,183735,15,10,2,0,4,1,0,0,45,38,1,Sales,Sales
19,2,206599,15,10,4,3,4,0,0,0,16,38,0,Adm-clerical,Sales
22,5,334693,15,10,4,3,4,0,0,0,40,38,0,Adm-clerical,Protective-serv
36,4,295127,11,9,2,0,4,1,0,0,84,38,0,Farming-fishing,Farming-fishing
27,2,146719,11,9,0,3,4,0,0,0,35,38,0,Sales,Other-service
24,2,117767,7,12,4,3,4,1,0,0,20,38,0,Sales,Sales
35,1,387777,7,12,2,0,4,1,0,0,52,38,0,Protective-serv,Protective-serv
18,2,130849,15,10,4,3,4,0,0,0,15,38,0,Sales,Other-service
44,2,164678,12,14,2,5,4,0,0,0,45,38,0,Prof-specialty,Prof-specialty
23,2,522881,4,3,2,0,4,1,0,0,35,25,0,Other-service,Farming-fishing
28,2,29444,11,9,2,0,0,1,0,0,40,38,0,Handlers-cleaners,Transport-moving
37,2,205339,11,9,0,1,4,1,0,0,49,38,0,Craft-repair,Craft-repair
24,2,223367,1,7,4,4,4,1,0,0,40,38,0,Craft-repair,Farming-fishing
28,2,308709,9,13,4,1,4,0,0,0,48,38,0,Sales,Prof-specialty
41,5,70884,11,9,2,0,4,1,0,0,40,38,0,Tech-support,Transport-moving
40,2,175674,9,13,2,0,4,1,0,0,50,38,1,Sales,Exec-managerial
41,2,374764,9,13,6,4,4,1,0,0,20,38,0,Exec-managerial,Adm-clerical
29,2,34292,11,9,4,3,4,1,0,0,38,38,0,Other-service,Handlers-cleaners
33,2,123157,11,9,4,1,2,1,0,0,38,38,0,Other-service,Other-service
40,2,439919,6,5,2,0,4,1,0,0,40,25,0,Machine-op-inspct,Farming-fishing
20,2,284317,15,10,4,3,4,0,0,0,35,38,0,Other-service,Adm-clerical
49,2,200471,1,7,4,1,4,1,0,0,60,38,0,Other-service,Transport-moving
31,4,323020,15,10,2,5,4,0,0,0,30,38,0,Other-service,Exec-managerial
51,2,168660,11,9,2,0,4,1,0,0,50,38,0,Exec-managerial,Craft-repair
40,2,82161,9,13,4,1,4,1,0,0,40,38,0,Adm-clerical,Exec-managerial
21,2,133471,15,10,4,3,4,1,0,0,40,38,0,Exec-managerial,Sales
24,2,216129,11,9,4,3,4,1,0,0,40,38,0,Adm-clerical,Craft-repair
20,2,283499,15,10,4,3,4,1,0,0,30,38,0,Transport-moving,Sales
30,3,443546,8,11,2,0,4,1,0,0,35,38,0,Sales,Craft-repair
18,2,252993,2,8,4,3,4,1,0,0,40,3,0,Handlers-cleaners,Other-service
26,2,187248,11,9,2,1,2,1,0,0,40,38,0,Prof-specialty,Adm-clerical
24,2,99386,9,13,3,3,4,0,0,0,40,38,0,Prof-specialty,Tech-support
42,4,79036,9,13,2,0,4,1,0,0,65,38,0,Farming-fishing,Farming-fishing
33,0,88913,15,10,4,3,1,0,0,0,40,38,0,Adm-clerical,Adm-clerical
53,2,113995,9,13,2,0,4,1,0,0,45,38,1,Exec-managerial,Exec-managerial
19,2,552354,2,8,4,3,4,1,0,0,40,38,0,Machine-op-inspct,Handlers-cleaners
21,2,308237,4,3,2,0,4,1,0,0,40,25,0,Handlers-cleaners,Machine-op-inspct
21,2,329530,1,7,2,0,4,1,0,0,40,25,0,Craft-repair,Handlers-cleaners
27,2,274964,9,13,4,1,4,1,0,0,65,38,0,Farming-fishing,Prof-specialty
41,2,95168,11,9,4,4,2,0,0,0,40,38,0,Machine-op-inspct,Machine-op-inspct
26,2,181666,15,10,2,5,4,0,0,0,40,38,0,Machine-op-inspct,Sales
54,3,129432,9,13,2,0,4,1,15024,0,40,38,1,Exec-managerial,Exec-managerial
23,2,24395,11,9,4,3,4,0,0,0,30,38,0,Handlers-cleaners,Other-service
40,2,346964,11,9,0,4,4,0,0,0,40,38,0,Tech-support,Protective-serv
22,1,164775,4,3,4,2,4,1,0,0,40,12,1,Handlers-cleaners,Handlers-cleaners
20,2,170091,15,10,4,3,4,0,0,0,10,38,0,Adm-clerical,Prof-specialty
46,2,122026,11,9,2,0,4,1,0,0,50,38,0,Craft-repair,Exec-managerial
26,0,185885,15,10,4,4,4,0,0,0,15,38,0,Adm-clerical,Adm-clerical
40,2,104719,15,10,2,0,4,1,0,0,40,38,0,Handlers-cleaners,Craft-repair
37,5,34996,11,9,5,4,4,0,0,0,40,38,0,Other-service,Adm-clerical
42,2,178074,11,9,0,1,4,0,0,0,40,38,0,Adm-clerical,Adm-clerical
44,2,103233,9,13,4,4,2,0,0,0,40,38,0,Adm-clerical,Prof-specialty
39,2,247733,11,9,0,4,2,0,0,0,16,38,0,Priv-house-serv,Other-service
24,2,140001,9,13,4,1,4,1,0,0,40,38,0,Adm-clerical,Exec-managerial
23,2,233711,11,9,2,0,4,1,0,0,50,38,0,Other-service,Machine-op-inspct
40,2,173321,11,9,2,5,2,0,0,0,32,38,0,Other-service,Adm-clerical
45,2,261278,9,13,2,5,1,0,5178,0,40,29,1,Prof-specialty,Adm-clerical
31,2,173495,11,9,2,0,4,1,0,0,40,38,0,Craft-repair,Machine-op-inspct
40,4,33310,14,15,0,1,4,0,0,2339,35,38,0,Other-service,Prof-specialty
23,2,101885,0,6,4,1,4,0,0,0,40,38,0,Craft-repair,Craft-repair
36,2,199739,11,9,2,0,4,1,7298,0,60,38,1,Transport-moving,Craft-repair
31,2,59083,15,10,2,0,4,1,0,1672,50,38,0,Other-service,Craft-repair
44,2,107218,9,13,2,0,1,1,0,0,40,38,0,Exec-managerial,Tech-support
39,3,216473,9,13,2,0,4,1,0,0,60,38,1,Exec-managerial,Prof-specialty
42,2,111949,11,9,2,5,4,0,0,0,35,38,0,Adm-clerical,Other-service
34,2,245173,11,9,0,1,4,1,0,1669,45,38,0,Sales,Transport-moving
36,2,218490,8,11,2,0,4,1,0,0,60,38,0,Sales,Farming-fishing
43,1,108945,9,13,0,4,4,0,0,0,48,38,0,Prof-specialty,Prof-specialty
51,1,209320,14,15,4,1,4,1,3325,0,40,38,0,Prof-specialty,Prof-specialty
41,2,223548,3,2,2,0,4,1,0,0,40,25,0,Machine-op-inspct,Handlers-cleaners
23,2,140915,15,10,4,2,1,1,0,0,25,29,0,Sales,Adm-clerical
47,3,105779,9,13,4,3,4,1,0,0,40,38,1,Sales,Exec-managerial
32,2,188246,11,9,0,3,4,1,0,0,40,38,0,Craft-repair,Craft-repair
35,3,340110,15,10,2,0,4,1,0,0,50,38,1,Sales,Exec-managerial
19,2,162621,15,10,4,3,4,1,0,0,14,38,0,Tech-support,Other-service
19,2,293928,11,9,4,3,4,0,0,0,20,38,0,Adm-clerical,Other-service
23,2,188505,9,13,4,3,4,0,0,0,25,38,0,Other-service,Sales
35,2,28160,9,13,3,4,4,0,0,0,40,38,0,Exec-managerial,Exec-managerial
22,2,48347,9,13,4,3,4,1,0,0,40,38,0,Farming-fishing,Sales
33,2,220362,8,11,2,0,4,1,0,0,84,38,1,Transport-moving,Transport-moving
19,2,331433,11,9,4,1,4,1,0,0,32,38,0,Protective-serv,Other-service
61,1,176731,11,9,2,0,4,1,0,0,40,38,0,Handlers-cleaners,Other-service
39,0,65324,14,15,4,1,4,1,0,0,55,38,1,Prof-specialty,Prof-specialty
20,2,130840,0,6,4,3,4,1,0,0,40,38,0,Handlers-cleaners,Other-service
27,2,221912,11,9,4,3,4,1,0,0,40,38,0,Handlers-cleaners,Machine-op-inspct
36,0,203836,15,10,2,0,4,1,0,0,50,38,0,Handlers-cleaners,Adm-clerical
37,2,222450,4,3,2,0,4,1,0,0,40,25,0,Machine-op-inspct,Sales
42,1,254817,15,10,4,1,4,0,0,1340,40,38,0,Prof-specialty,Adm-clerical
31,2,467579,9,13,2,0,2,1,0,1887,40,38,1,Exec-managerial,Prof-specialty
34,2,107624,15,10,2,0,4,1,0,0,50,38,0,Craft-repair,Other-service
67,5,132819,15,10,2,0,4,1,0,0,41,38,1,Protective-serv,Protective-serv
44,2,126199,15,10,0,4,4,1,1831,0,50,38,0,Transport-moving,Sales
42,2,211450,12,14,4,1,4,1,0,0,45,38,1,Exec-managerial,Prof-specialty
53,4,263925,9,13,2,0,4,1,0,0,40,1,1,Sales,Exec-managerial
55,4,111625,11,9,2,0,4,1,0,0,60,38,0,Craft-repair,Farming-fishing
26,2,299810,11,9,4,1,4,0,0,0,50,38,0,Sales,Transport-moving
34,4,179673,14,15,2,0,4,1,7688,0,60,38,1,Prof-specialty,Prof-specialty
58,2,372181,11,9,0,4,4,0,0,0,40,38,1,Sales,Exec-managerial
48,2,120131,11,9,2,0,4,1,0,0,70,38,1,Adm-clerical,Machine-op-inspct
26,2,39014,2,8,2,5,3,0,0,0,40,5,0,Priv-house-serv,Machine-op-inspct
20,2,39477,15,10,4,1,4,0,0,0,40,38,0,Farming-fishing,Tech-support
34,2,165737,12,14,2,0,1,1,0,0,43,18,1,Prof-specialty,Prof-specialty
32,2,200323,14,15,4,1,4,1,0,0,60,38,0,Prof-specialty,Prof-specialty
33,1,169652,8,11,4,3,4,1,0,1669,55,38,0,Adm-clerical,Protective-serv
25,2,476334,11,9,2,0,4,1,0,0,48,38,0,Sales,Machine-op-inspct
52,2,110748,12,14,2,0,4,1,0,0,50,38,1,Prof-specialty,Exec-managerial
24,2,403671,15,10,4,1,4,1,0,0,40,38,0,Machine-op-inspct,Handlers-cleaners
30,2,446358,11,9,4,4,4,1,0,0,41,38,0,Adm-clerical,Craft-repair
50,3,240374,12,14,2,0,4,1,0,0,40,38,1,Sales,Sales
20,2,22966,15,10,4,3,4,1,0,0,12,1,0,Other-service,Adm-clerical
52,2,241444,3,2,2,0,3,1,0,0,50,32,0,Craft-repair,Transport-moving
26,2,102106,0,6,2,5,4,0,0,0,40,38,0,Adm-clerical,Farming-fishing
32,2,312667,9,13,2,0,4,1,15024,0,50,38,1,Prof-specialty,Sales
19,2,158118,11,9,4,1,4,0,0,1719,40,38,0,Other-service,Sales
46,2,465974,1,7,4,3,4,1,0,0,30,38,0,Transport-moving,Other-service
30,2,181651,9,13,2,0,4,1,0,0,50,38,0,Exec-managerial,Prof-specialty
23,2,227594,9,13,4,3,4,0,0,0,38,38,0,Prof-specialty,Exec-managerial
53,3,220786,15,10,6,1,4,0,0,0,60,38,0,Sales,Exec-managerial
40,1,27444,9,13,4,1,4,1,0,0,50,38,1,Prof-specialty,Prof-specialty
26,2,120238,9,13,4,1,4,1,3325,0,40,38,0,Craft-repair,Sales
43,4,32451,11,9,2,0,4,1,0,0,40,38,0,Craft-repair,Craft-repair
27,2,363053,6,5,4,4,4,0,0,0,24,25,0,Priv-house-serv,Other-service
34,2,173730,11,9,2,0,4,1,0,0,50,38,0,Sales,Craft-repair
46,2,155890,9,13,2,0,4,1,0,0,40,38,1,Transport-moving,Exec-managerial
39,2,144688,11,9,2,5,2,0,0,0,50,38,0,Adm-clerical,Prof-specialty
27,2,167737,15,10,4,1,4,1,0,0,48,38,0,Handlers-cleaners,Sales
26,2,186950,8,11,2,5,4,0,0,0,40,38,1,Adm-clerical,Prof-specialty
43,5,198965,12,14,2,0,4,1,0,0,40,38,1,Prof-specialty,Prof-specialty
35,2,243357,1,7,5,4,2,0,0,0,40,38,0,Other-service,Craft-repair
43,2,266439,11,9,0,1,4,1,0,0,45,38,0,Machine-op-inspct,Craft-repair
37,2,340599,1,7,5,4,2,0,0,0,40,38,0,Other-service,Other-service
26,2,391349,9,13,2,5,4,0,0,0,40,38,1,Adm-clerical,Tech-support
51,2,254230,15,10,2,0,4,1,0,0,40,38,1,Exec-managerial,Transport-moving
23,2,218215,7,12,4,3,4,0,0,0,35,38,0,Other-service,Sales
27,2,209472,9,13,4,1,4,1,0,0,50,38,0,Exec-managerial,Prof-specialty
47,2,170850,9,13,2,0,4,1,0,0,48,38,0,Tech-support,Craft-repair
37,2,259846,8,11,2,0,4,1,3471,0,40,38,0,Adm-clerical,Exec-managerial
24,2,374253,11,9,5,1,4,0,0,0,55,38,0,Other-service,Machine-op-inspct
38,2,174242,15,10,2,0,4,1,0,0,40,38,1,Tech-support,Protective-serv
19,2,183258,15,10,4,3,4,1,0,0,40,38,0,Adm-clerical,Adm-clerical
17,2,151141,2,8,4,3,4,1,0,0,20,38,0,Sales,Other-service
62,2,115387,11,9,4,2,2,0,0,0,40,38,0,Handlers-cleaners,Exec-managerial
22,1,412316,11,9,4,3,2,1,0,0,40,38,0,Handlers-cleaners,Handlers-cleaners
59,2,195835,5,4,0,1,4,1,0,0,40,38,0,Transport-moving,Machine-op-inspct
40,2,146653,9,13,0,4,4,0,0,0,20,38,0,Adm-clerical,Prof-specialty
45,2,185385,11,9,2,0,4,1,0,0,47,38,1,Craft-repair,Machine-op-inspct
21,2,47541,11,9,0,2,4,1,0,0,40,38,0,Machine-op-inspct,Machine-op-inspct
38,2,252662,9,13,0,1,4,1,0,0,40,38,0,Exec-managerial,Prof-specialty
36,2,250238,3,2,4,2,3,0,0,0,40,7,0,Other-service,Other-service
32,2,188557,11,9,4,1,4,1,0,0,40,38,0,Machine-op-inspct,Farming-fishing
35,1,102938,11,9,2,0,4,1,0,0,40,38,0,Other-service,Craft-repair
37,4,301568,11,9,2,5,4,0,0,0,35,38,1,Prof-specialty,Adm-clerical
45,2,199058,12,14,2,0,4,1,7298,0,50,38,1,Exec-managerial,Exec-managerial
20,2,266525,15,10,4,2,2,0,594,0,20,38,0,Prof-specialty,Adm-clerical
42,0,108183,12,14,2,0,1,1,0,1902,40,34,1,Prof-specialty,Prof-specialty
26,2,195734,11,9,4,3,4,0,2354,0,40,38,0,Adm-clerical,Machine-op-inspct
27,2,177351,9,13,4,1,4,1,0,0,45,38,0,Sales,Exec-managerial
45,2,221780,15,10,0,1,4,1,0,0,30,38,0,Handlers-cleaners,Exec-managerial
48,2,181758,15,10,0,4,4,0,0,0,40,38,0,Adm-clerical,Other-service
74,0,39890,15,10,6,1,4,0,0,0,18,38,0,Transport-moving,Tech-support
52,2,229983,14,15,2,5,4,0,3103,0,30,38,1,Prof-specialty,Prof-specialty
29,2,195284,10,16,0,1,4,0,0,0,60,38,1,Prof-specialty,Prof-specialty
53,2,194995,4,3,2,0,4,1,0,0,45,21,0,Craft-repair,Other-service
47,2,103757,7,12,2,0,4,1,0,0,40,38,0,Craft-repair,Craft-repair
55,2,354923,7,12,0,4,4,0,0,0,40,38,0,Adm-clerical,Adm-clerical
35,2,172571,9,13,2,0,4,1,0,0,50,38,0,Prof-specialty,Sales
33,2,309630,11,9,2,0,4,1,0,0,40,38,0,Other-service,Adm-clerical
29,2,144592,14,15,2,0,4,1,0,0,50,38,1,Prof-specialty,Prof-specialty
30,2,181992,15,10,4,1,2,0,0,0,35,38,0,Sales,Other-service
53,4,321865,14,15,0,1,4,1,0,0,60,38,1,Prof-specialty,Prof-specialty
32,2,53206,9,13,0,1,4,1,0,0,50,38,1,Craft-repair,Exec-managerial
21,2,200153,11,9,4,3,4,0,0,0,32,38,0,Other-service,Adm-clerical
21,2,83580,15,10,4,3,0,0,0,0,4,38,0,Prof-specialty,Other-service
45,0,171335,12,14,2,0,4,1,0,0,50,38,1,Sales,Prof-specialty
33,2,124827,11,9,2,0,4,1,0,0,40,38,0,Transport-moving,Craft-repair
26,2,270276,11,9,4,1,4,0,0,0,40,38,0,Adm-clerical,Adm-clerical
43,3,83348,11,9,2,0,4,1,0,0,60,38,0,Craft-repair,Sales
27,2,61580,15,10,0,2,4,0,0,0,40,38,0,Adm-clerical,Adm-clerical
30,2,75755,8,11,2,0,4,1,0,0,40,38,0,Prof-specialty,Adm-clerical
45,2,172960,15,10,0,1,4,1,0,0,70,38,0,Protective-serv,Exec-managerial
19,2,164320,11,9,4,3,4,1,0,0,40,38,0,Transport-moving,Other-service
31,4,36592,11,9,2,0,4,1,0,0,91,38,0,Farming-fishing,Farming-fishing
38,2,103474,9,13,4,1,4,0,0,0,45,38,0,Tech-support,Prof-specialty
73,2,220019,6,5,6,4,4,0,0,0,9,38,0,Other-service,Sales
67,3,168370,15,10,2,0,4,1,0,0,40,38,0,Sales,Exec-managerial
25,1,44216,11,9,0,1,0,0,0,0,35,38,0,Adm-clerical,Adm-clerical
24,2,92609,9,13,4,3,4,1,0,0,45,38,0,Exec-managerial,Sales
56,2,229525,6,5,2,0,2,1,0,0,40,38,0,Transport-moving,Craft-repair
33,4,202729,9,13,2,0,4,1,0,0,40,38,1,Craft-repair,Prof-specialty
37,2,338033,12,14,4,1,4,0,0,0,40,38,0,Prof-specialty,Prof-specialty
22,2,446140,11,9,4,3,4,1,0,0,55,38,0,Sales,Craft-repair
63,0,95680,15,10,2,0,4,1,0,0,18,38,1,Tech-support,Tech-support
33,2,229051,15,10,4,1,4,1,0,0,52,38,0,Prof-specialty,Sales
36,1,61778,11,9,2,0,4,1,15024,0,40,38,1,Prof-specialty,Protective-serv
64,2,153894,9,13,4,4,4,0,0,0,40,28,0,Sales,Prof-specialty
30,2,222162,11,9,2,0,4,1,0,0,66,38,0,Handlers-cleaners,Transport-moving
27,0,196386,7,12,2,0,4,1,4064,0,40,7,0,Adm-clerical,Protective-serv
35,2,189092,9,13,2,0,4,1,0,0,40,38,1,Exec-managerial,Sales
20,2,204641,11,9,4,3,4,1,0,0,20,38,0,Adm-clerical,Craft-repair
38,5,108293,12,14,4,2,4,0,0,0,40,38,0,Prof-specialty,Exec-managerial
26,0,352768,11,9,0,3,4,0,0,0,40,38,0,Adm-clerical,Adm-clerical
22,2,204160,11,9,0,3,4,0,0,0,40,38,0,Machine-op-inspct,Adm-clerical
27,2,192236,9,13,4,1,4,1,0,0,45,38,0,Prof-specialty,Tech-support
30,3,119422,15,10,2,0,4,1,0,0,70,38,0,Exec-managerial,Craft-repair
33,4,131568,11,9,2,0,4,1,0,0,66,38,0,Sales,Farming-fishing
49,2,180532,12,14,3,1,4,1,0,0,40,38,0,Prof-specialty,Exec-managerial
32,2,227669,15,10,4,3,2,0,0,0,40,38,0,Machine-op-inspct,Adm-clerical
45,1,164427,9,13,0,4,4,0,0,0,40,38,0,Prof-specialty,Prof-specialty
27,2,165412,11,9,2,0,4,1,0,0,40,38,0,Craft-repair,Other-service
45,4,328051,12,14,4,1,4,0,0,0,60,38,0,Prof-specialty,Prof-specialty
29,2,337693,4,3,4,3,4,0,0,0,40,7,0,Other-service,Priv-house-serv
71,4,78786,5,4,2,0,4,1,0,0,10,38,0,Farming-fishing,Farming-fishing
37,2,323155,3,2,2,0,4,1,0,0,85,25,0,Farming-fishing,Other-service
42,4,99185,15,10,2,0,4,1,0,0,40,38,1,Exec-managerial,Craft-repair
38,2,234807,9,13,2,5,4,0,0,0,50,38,1,Exec-managerial,Exec-managerial
41,2,207578,7,12,2,0,2,1,0,0,50,18,1,Exec-managerial,Exec-managerial
45,2,285060,9,13,2,0,4,1,0,0,50,38,1,Exec-managerial,Exec-managerial
51,2,161691,11,9,2,5,4,0,0,0,40,38,0,Adm-clerical,Adm-clerical
43,2,110970,9,13,2,0,4,1,0,1902,40,38,1,Prof-specialty,Exec-managerial
59,2,109015,11,9,0,4,4,0,0,0,40,38,0,Tech-support,Adm-clerical
55,2,349910,11,9,2,0,4,1,0,0,45,38,1,Farming-fishing,Exec-managerial
43,2,253759,11,9,0,4,2,0,0,0,45,38,0,Adm-clerical,Exec-managerial
29,2,106179,9,13,4,1,4,0,0,0,35,1,0,Adm-clerical,Exec-managerial
29,2,196420,11,9,4,1,4,0,0,0,45,38,0,Exec-managerial,Adm-clerical
48,2,46677,7,12,0,4,4,0,0,0,42,38,0,Exec-managerial,Prof-specialty
18,2,130849,1,7,4,3,4,0,0,0,8,38,0,Other-service,Sales
64,2,316627,4,3,0,1,4,1,0,0,40,38,0,Craft-repair,Transport-moving
53,0,155594,9,13,2,0,4,1,0,0,40,38,1,Prof-specialty,Prof-specialty
19,2,188568,15,10,4,1,4,0,0,0,40,38,0,Priv-house-serv,Sales
24,2,34506,11,9,4,4,4,0,0,0,40,38,0,Machine-op-inspct,Handlers-cleaners
40,2,92036,11,9,2,0,4,1,0,0,40,38,1,Handlers-cleaners,Other-service
61,1,180079,10,16,2,0,4,1,4064,0,40,38,0,Exec-managerial,Prof-specialty
40,2,169995,11,9,0,4,4,1,0,0,40,38,0,Craft-repair,Handlers-cleaners
63,4,28612,11,9,6,1,4,1,0,0,70,38,0,Sales,Farming-fishing
17,2,121037,2,8,4,3,4,0,0,0,15,38,0,Sales,Sales
34,2,30497,9,13,2,0,4,1,15024,0,60,38,1,Exec-managerial,Sales
35,2,133906,11,9,0,4,4,0,0,0,40,38,0,Adm-clerical,Machine-op-inspct
61,2,195595,5,4,3,1,4,1,0,0,40,12,0,Machine-op-inspct,Craft-repair
78,3,188044,9,13,2,0,4,1,0,2392,40,38,1,Exec-managerial,Exec-managerial
52,2,127315,12,14,2,0,4,1,0,0,40,38,1,Prof-specialty,Exec-managerial
61,2,153790,11,9,2,5,2,0,0,0,40,38,0,Adm-clerical,Adm-clerical
24,2,186314,15,10,5,3,4,1,0,0,54,38,0,Prof-specialty,Craft-repair
56,2,101128,7,12,3,1,4,1,0,0,25,19,0,Other-service,Other-service
36,2,185744,15,10,2,5,4,0,0,0,35,38,1,Exec-managerial,Adm-clerical
46,2,358533,15,10,2,0,2,1,0,0,40,38,1,Protective-serv,Craft-repair
21,2,213041,11,9,4,3,4,0,0,0,40,4,0,Adm-clerical,Adm-clerical
46,2,155489,11,9,2,0,4,1,0,0,58,38,1,Adm-clerical,Machine-op-inspct
50,3,287598,15,10,2,0,4,1,0,0,70,38,0,Craft-repair,Sales
42,1,193537,5,4,3,1,4,0,0,0,35,32,0,Other-service,Other-service
25,2,182866,11,9,4,3,4,1,0,0,40,38,0,Machine-op-inspct,Machine-op-inspct
58,2,177368,11,9,2,0,4,1,0,0,40,38,1,Craft-repair,Sales
30,1,211654,12,14,2,0,4,1,0,0,40,38,1,Prof-specialty,Prof-specialty
19,2,167087,11,9,4,1,4,0,0,0,40,38,0,Adm-clerical,Sales
48,4,219021,14,15,2,0,4,1,0,0,35,38,1,Prof-specialty,Prof-specialty
29,4,141185,15,10,2,0,4,1,0,0,55,38,0,Farming-fishing,Craft-repair
39,5,122353,9,13,2,0,4,1,0,0,45,38,1,Prof-specialty,Prof-specialty
42,2,42703,11,9,0,4,4,0,0,0,40,38,0,Adm-clerical,Sales
26,2,89389,15,10,0,1,4,0,0,0,40,38,0,Prof-specialty,Exec-managerial
48,2,119471,10,16,2,0,1,1,0,0,40,18,1,Prof-specialty,Prof-specialty
27,2,107458,9,13,4,1,4,1,0,0,40,38,0,Prof-specialty,Prof-specialty
32,2,131584,11,9,2,0,4,1,7298,0,40,38,1,Sales,Transport-moving
22,2,234731,11,9,0,3,4,1,0,0,40,38,0,Handlers-cleaners,Exec-managerial
50,4,334273,9,13,2,0,4,1,0,0,8,38,0,Sales,Exec-managerial
36,2,219814,6,5,2,0,4,1,0,0,35,12,0,Craft-repair,Craft-repair
57,2,191983,15,10,2,0,4,1,0,0,50,38,0,Protective-serv,Handlers-cleaners
60,2,240951,11,9,0,2,4,0,0,0,40,38,0,Adm-clerical,Sales
20,2,745817,15,10,4,3,4,0,0,0,15,38,0,Tech-support,Adm-clerical
22,2,216181,1,7,4,3,4,1,0,0,45,38,0,Craft-repair,Handlers-cleaners
39,2,67433,9,13,4,1,4,0,0,0,40,38,0,Exec-managerial,Prof-specialty
41,5,88913,7,12,0,4,1,0,0,0,36,38,0,Prof-specialty,Adm-clerical
39,2,338320,0,6,2,0,4,1,0,0,60,38,1,Craft-repair,Craft-repair
35,5,226789,12,14,2,0,4,1,0,0,75,38,0,Prof-specialty,Prof-specialty
30,2,26543,9,13,0,1,4,1,0,0,40,38,0,Other-service,Prof-specialty
34,4,234960,9,13,2,0,2,1,0,1887,48,38,1,Prof-specialty,Exec-managerial
58,2,105060,15,10,4,1,2,0,0,0,37,38,0,Adm-clerical,Adm-clerical
31,2,347166,15,10,0,3,4,1,4650,0,40,38,0,Craft-repair,Craft-repair
62,2,416829,1,7,5,1,2,0,0,0,21,38,0,Other-service,Other-service
27,2,314240,7,12,4,1,4,1,3325,0,40,38,0,Exec-managerial,Prof-specialty
18,2,91525,11,9,4,2,4,1,0,0,25,38,0,Sales,Other-service
33,2,185336,8,11,2,5,2,0,0,0,40,38,0,Adm-clerical,Adm-clerical
42,2,319588,9,13,3,1,4,1,0,0,60,38,0,Transport-moving,Exec-managerial
31,2,283268,9,13,4,4,4,0,0,0,36,38,0,Prof-specialty,Prof-specialty
52,3,89041,12,14,2,0,4,1,15024,0,60,38,1,Exec-managerial,Exec-managerial
54,2,177927,12,14,2,0,4,1,0,0,60,38,0,Prof-specialty,Prof-specialty
37,2,136028,8,11,2,0,4,1,0,0,40,38,0,Other-service,Craft-repair
51,4,94432,11,9,2,0,4,1,0,0,55,38,1,Farming-fishing,Sales
22,2,188274,7,12,4,3,4,1,0,0,40,38,0,Handlers-cleaners,Other-service
26,2,108542,11,9,4,3,4,1,0,0,35,38,0,Craft-repair,Handlers-cleaners
30,2,100734,9,13,2,5,4,0,0,0,38,38,0,Prof-specialty,Adm-clerical
20,2,113307,5,4,4,2,4,1,0,0,40,38,0,Machine-op-inspct,Machine-op-inspct
24,2,326587,15,10,4,1,4,1,0,0,40,38,0,Sales,Prof-specialty
21,0,181096,15,10,4,3,2,1,0,0,20,38,0,Tech-support,Adm-clerical
23,3,214542,15,10,4,1,4,1,0,0,50,38,0,Prof-specialty,Sales
29,2,59231,15,10,2,0,4,1,0,0,42,38,0,Craft-repair,Craft-repair
23,2,211678,15,10,4,1,4,1,0,0,40,38,0,Machine-op-inspct,Craft-repair
36,2,383518,15,10,2,5,2,0,99999,0,40,38,1,Adm-clerical,Adm-clerical
26,2,284250,11,9,4,4,2,0,0,0,40,38,0,Craft-repair,Adm-clerical
56,2,98418,11,9,0,1,4,1,0,0,30,38,0,Transport-moving,Other-service
19,2,451951,11,9,4,1,4,0,0,0,40,38,0,Sales,Craft-repair
21,5,204425,15,10,4,3,4,0,0,0,20,38,0,Exec-managerial,Other-service
55,2,306164,11,9,2,0,2,1,0,0,40,38,0,Other-service,Machine-op-inspct
50,2,166565,11,9,2,0,4,1,0,0,40,38,0,Transport-moving,Craft-repair
30,2,65278,11,9,2,0,4,1,0,0,40,38,1,Tech-support,Craft-repair
56,2,345730,9,13,2,0,4,1,0,0,45,38,1,Prof-specialty,Exec-managerial
45,2,81534,11,9,2,0,1,1,0,0,84,23,1,Other-service,Craft-repair
67,4,354405,11,9,6,1,4,0,0,0,20,38,0,Other-service,Other-service
40,2,207025,11,9,4,1,4,0,6849,0,38,38,0,Adm-clerical,Adm-clerical
38,2,220585,11,9,2,0,4,1,0,0,40,38,0,Craft-repair,Craft-repair
48,2,176732,6,5,0,1,4,0,0,0,40,38,0,Sales,Other-service
49,2,353824,15,10,0,1,4,1,0,0,45,38,1,Prof-specialty,Prof-specialty
25,2,123095,15,10,4,3,4,1,0,1590,40,38,0,Adm-clerical,Adm-clerical
37,3,382802,10,16,2,0,2,1,0,0,99,38,1,Prof-specialty,Prof-specialty
35,2,194809,1,7,0,4,4,0,0,0,40,38,0,Machine-op-inspct,Other-service
52,3,134854,11,9,2,0,4,1,0,0,40,38,1,Exec-managerial,Sales
33,2,213226,11,9,0,1,4,1,0,0,50,38,0,Sales,Transport-moving
35,1,116960,12,14,2,0,4,1,0,1887,40,38,1,Prof-specialty,Prof-specialty
45,2,100651,11,9,0,1,4,1,0,1980,40,38,0,Other-service,Craft-repair
17,2,136363,0,6,4,3,4,1,0,0,20,38,0,Other-service,Prof-specialty
33,2,194901,11,9,4,1,4,1,0,0,45,38,0,Craft-repair,Sales
39,2,149943,12,14,4,1,1,1,0,0,40,2,0,Sales,Prof-specialty
37,2,49626,8,11,2,0,4,1,0,0,43,38,0,Tech-support,Other-service
38,2,123833,15,10,4,1,4,1,0,1408,40,38,0,Other-service,Craft-repair
23,2,56774,11,9,4,3,4,1,0,0,40,38,0,Craft-repair,Machine-op-inspct
18,2,201554,15,10,4,1,4,0,0,0,15,38,0,Machine-op-inspct,Sales
22,2,64292,11,9,4,1,4,0,0,0,40,38,0,Tech-support,Other-service
54,1,219276,9,13,2,0,1,1,0,0,40,29,1,Exec-managerial,Prof-specialty
20,2,89991,15,10,4,3,4,0,0,0,32,38,0,Other-service,Other-service
54,2,155233,9,13,4,1,4,0,14084,0,40,38,1,Adm-clerical,Adm-clerical
52,2,284129,15,10,2,0,4,1,0,0,40,38,1,Craft-repair,Tech-support
27,2,220754,11,9,4,1,4,0,0,0,70,38,0,Adm-clerical,Other-service
42,0,557644,11,9,4,4,4,0,0,0,40,38,0,Adm-clerical,Adm-clerical
20,2,166527,15,10,4,3,3,0,0,0,20,38,0,Adm-clerical,Sales
35,2,64922,9,13,2,0,4,1,7688,0,50,38,1,Exec-managerial,Sales
24,2,207940,11,9,2,5,4,0,0,0,30,38,0,Other-service,Other-service
31,2,236861,11,9,2,0,4,1,0,0,60,38,0,Craft-repair,Sales
41,2,82393,9,13,4,1,1,1,0,0,50,38,0,Adm-clerical,Sales
57,2,89182,11,9,6,1,4,0,0,0,40,38,0,Adm-clerical,Adm-clerical
47,2,161950,9,13,0,1,4,0,0,0,25,10,0,Other-service,Prof-specialty
54,2,169785,15,10,0,1,4,0,0,0,40,21,0,Exec-managerial,Adm-clerical
17,2,160968,1,7,4,3,4,1,0,0,16,38,0,Adm-clerical,Handlers-cleaners
32,1,199539,15,10,2,0,4,1,0,0,40,38,1,Protective-serv,Protective-serv
59,2,530099,15,10,2,0,4,1,0,1887,55,38,1,Craft-repair,Sales
38,2,342448,15,10,2,0,4,1,0,0,55,38,1,Exec-managerial,Sales
33,2,348592,11,9,4,1,4,1,0,0,40,38,1,Craft-repair,Adm-clerical
61,1,28375,12,14,0,1,4,0,0,0,70,38,0,Prof-specialty,Prof-specialty
28,2,199903,9,13,4,1,4,0,0,0,20,38,0,Adm-clerical,Sales
27,2,151382,5,4,0,4,4,1,0,974,40,38,0,Machine-op-inspct,Craft-repair
32,2,171215,15,10,0,1,4,1,0,0,48,38,0,Adm-clerical,Adm-clerical
38,4,114835,9,13,2,5,4,0,0,0,60,38,1,Sales,Prof-specialty
45,1,167159,9,13,2,0,4,1,0,0,50,38,1,Protective-serv,Exec-managerial
19,2,266635,11,9,4,3,2,1,0,0,30,38,0,Other-service,Other-service
44,2,164043,11,9,2,0,4,1,0,0,40,38,0,Sales,Machine-op-inspct
34,3,186824,14,15,2,0,4,1,15024,0,40,38,1,Prof-specialty,Prof-specialty
18,2,312353,2,8,4,3,2,1,0,0,20,38,0,Other-service,Handlers-cleaners
61,2,142922,11,9,2,0,4,1,0,0,40,38,0,Transport-moving,Other-service
49,2,34446,15,10,2,0,4,1,0,0,40,38,0,Transport-moving,Exec-managerial
57,2,99364,6,5,2,0,4,1,0,0,40,32,0,Machine-op-inspct,Craft-repair
59,2,69884,14,15,3,4,4,1,0,0,50,38,0,Prof-specialty,Prof-specialty
39,2,225605,11,9,2,0,4,1,0,0,24,38,0,Farming-fishing,Handlers-cleaners
19,2,168601,1,7,4,2,4,1,0,0,30,38,0,Other-service,Other-service
21,2,230429,11,9,4,1,4,1,0,0,35,38,0,Craft-repair,Other-service
29,2,167737,11,9,4,2,4,1,0,0,50,38,0,Transport-moving,Craft-repair
49,2,50748,15,10,0,4,4,0,0,0,55,8,0,Sales,Adm-clerical
46,1,175428,12,14,2,0,4,1,0,0,40,38,1,Prof-specialty,Prof-specialty
38,4,172342,15,10,0,4,4,0,0,0,40,38,0,Other-service,Prof-specialty
29,2,215504,11,9,2,0,4,1,0,0,40,38,0,Machine-op-inspct,Craft-repair
27,2,318639,0,6,4,1,4,1,0,0,60,25,0,Other-service,Other-service
53,2,150726,15,10,0,1,4,0,0,0,40,38,0,Adm-clerical,Adm-clerical
49,0,105586,8,11,2,0,1,1,0,0,40,38,1,Craft-repair,Craft-repair
43,2,193672,11,9,2,0,4,1,0,0,40,38,0,Machine-op-inspct,Craft-repair
36,2,178815,9,13,4,1,4,1,8614,0,40,38,1,Exec-managerial,Exec-managerial
19,2,466458,15,10,4,3,4,0,0,0,20,38,0,Adm-clerical,Other-service
34,2,265706,12,14,4,4,4,1,0,0,60,38,1,Sales,Exec-managerial
60,2,145493,15,10,0,1,4,0,0,0,40,38,0,Adm-clerical,Adm-clerical
39,2,680390,11,9,5,4,4,0,0,0,24,38,0,Machine-op-inspct,Other-service
34,2,221396,15,10,2,0,4,1,0,0,40,38,0,Adm-clerical,Transport-moving
34,2,164190,9,13,2,0,4,1,0,0,40,38,0,Exec-managerial,Transport-moving
25,2,248990,0,6,2,0,4,1,0,0,40,12,0,Machine-op-inspct,Other-service
67,2,158301,11,9,0,1,4,1,0,0,60,38,0,Transport-moving,Sales
51,4,276456,7,12,2,0,4,1,3103,0,30,38,1,Sales,Sales
27,2,101618,11,9,2,0,4,1,0,0,50,38,0,Exec-managerial,Machine-op-inspct
29,2,250967,8,11,2,0,4,1,0,1887,48,38,1,Machine-op-inspct,Craft-repair
26,2,154571,15,10,4,1,1,1,0,0,45,38,1,Machine-op-inspct,Sales
36,4,111957,15,10,2,0,4,1,0,0,52,38,0,Exec-managerial,Craft-repair
23,2,257509,15,10,4,1,4,1,0,0,25,38,0,Sales,Other-service
32,2,183811,11,9,2,0,4,1,2829,0,40,38,0,Handlers-cleaners,Craft-repair
37,2,329026,11,9,2,5,4,0,0,0,40,38,1,Adm-clerical,Other-service
58,2,280309,7,12,2,0,4,1,5178,0,60,38,1,Exec-managerial,Sales
35,2,209609,11,9,2,0,4,1,0,0,60,38,0,Transport-moving,Craft-repair
51,2,172281,9,13,5,1,4,1,0,0,40,38,0,Sales,Prof-specialty
34,4,198664,9,13,2,0,1,1,15024,0,70,34,1,Craft-repair,Exec-managerial
48,4,115971,11,9,2,0,4,1,0,0,50,38,0,Sales,Farming-fishing
41,2,82778,3,2,2,0,4,1,0,0,40,25,0,Farming-fishing,Handlers-cleaners
41,2,187336,11,9,5,4,4,0,0,0,40,38,0,Adm-clerical,Adm-clerical
56,2,179625,0,6,5,4,4,0,0,0,32,38,0,Other-service,Other-service
35,3,202027,15,10,0,1,4,1,0,0,60,38,0,Exec-managerial,Exec-managerial
54,2,36480,11,9,2,0,4,1,15024,0,50,38,1,Sales,Exec-managerial
23,2,308498,15,10,4,3,4,1,0,0,15,38,0,Craft-repair,Handlers-cleaners
39,2,252327,6,5,5,3,4,1,0,0,35,25,0,Craft-repair,Handlers-cleaners
38,4,164526,14,15,4,1,4,1,0,2824,45,38,1,Prof-specialty,Prof-specialty
42,2,339346,12,14,0,1,4,0,0,0,25,38,0,Adm-clerical,Prof-specialty
37,3,175360,11,9,2,0,4,1,0,0,40,38,1,Craft-repair,Exec-managerial
52,3,206054,15,10,2,0,4,1,0,0,40,38,0,Craft-repair,Sales
28,1,213195,7,12,2,5,4,0,0,0,40,38,1,Adm-clerical,Adm-clerical
48,2,440706,5,4,2,0,4,1,0,0,40,38,1,Machine-op-inspct,Exec-managerial
31,2,332379,11,9,4,1,4,1,0,0,40,38,0,Machine-op-inspct,Other-service
19,2,192453,15,10,4,2,4,0,0,0,25,38,0,Other-service,Other-service
42,2,203542,11,9,4,1,4,1,0,0,40,38,0,Craft-repair,Craft-repair
29,2,35032,15,10,2,0,4,1,0,0,60,38,0,Handlers-cleaners,Craft-repair
38,2,161141,15,10,2,0,4,1,0,0,48,38,1,Craft-repair,Craft-repair
44,2,169397,11,9,2,0,4,1,0,0,40,38,1,Craft-repair,Craft-repair
21,2,136610,2,8,4,3,4,1,0,0,32,38,0,Handlers-cleaners,Other-service
34,2,192002,9,13,2,0,4,1,0,0,40,38,1,Exec-managerial,Exec-managerial
35,2,102268,9,13,2,0,4,1,0,0,45,38,0,Exec-managerial,Exec-managerial
39,2,207568,11,9,2,0,4,1,0,0,48,38,1,Handlers-cleaners,Craft-repair
53,2,155963,9,13,2,0,4,1,0,0,30,38,0,Sales,Prof-specialty
42,1,147510,9,13,5,4,4,1,0,0,40,38,0,Prof-specialty,Prof-specialty
65,5,326691,15,10,2,0,2,1,0,0,40,38,1,Machine-op-inspct,Protective-serv
27,4,442612,11,9,2,0,4,1,0,0,65,38,1,Sales,Other-service
24,2,137876,11,9,4,3,4,1,0,0,50,38,0,Craft-repair,Farming-fishing
37,2,103408,11,9,4,1,2,1,0,0,40,38,0,Farming-fishing,Craft-repair
28,2,263128,15,10,4,1,4,0,0,0,60,38,0,Adm-clerical,Adm-clerical
24,2,180060,12,14,4,3,4,1,6849,0,90,38,0,Exec-managerial,Prof-specialty
45,5,130206,11,9,0,2,4,0,0,0,40,38,0,Adm-clerical,Tech-support
34,4,289731,1,7,2,0,4,1,0,0,40,38,0,Machine-op-inspct,Craft-repair
35,2,202027,9,13,0,1,4,1,27828,0,50,38,1,Exec-managerial,Prof-specialty
41,2,140886,11,9,2,0,4,1,0,0,40,38,0,Farming-fishing,Craft-repair
53,2,375134,15,10,2,0,4,1,0,0,60,38,1,Sales,Craft-repair
58,5,136982,11,9,3,4,2,0,0,0,40,15,0,Other-service,Adm-clerical
46,2,117849,15,10,2,0,4,1,15024,0,40,38,1,Sales,Sales
20,5,200819,11,9,4,3,4,1,0,0,40,38,0,Transport-moving,Other-service
55,0,145401,9,13,2,0,4,1,0,0,40,38,1,Exec-managerial,Prof-specialty
31,1,50649,12,14,4,1,4,0,0,0,50,38,0,Prof-specialty,Prof-specialty
33,2,183612,11,9,2,0,4,1,0,0,20,38,0,Transport-moving,Sales
45,0,155659,15,10,2,0,4,1,0,0,40,38,1,Prof-specialty,Adm-clerical
33,4,123424,9,13,2,0,4,1,0,0,40,38,1,Exec-managerial,Exec-managerial
18,2,114008,11,9,4,3,4,1,0,0,35,38,0,Other-service,Other-service
49,1,321851,7,12,0,1,4,0,0,0,30,38,0,Adm-clerical,Prof-specialty
49,2,43910,11,9,2,5,4,0,0,0,30,38,0,Adm-clerical,Other-service
31,2,574005,9,13,2,0,4,1,0,0,44,38,1,Craft-repair,Exec-managerial
34,4,124052,9,13,2,0,4,1,0,0,30,38,0,Sales,Prof-specialty
22,1,123727,15,10,4,1,4,0,0,0,21,38,0,Prof-specialty,Adm-clerical
22,2,254547,15,10,4,2,2,0,0,0,30,22,0,Adm-clerical,Other-service
57,2,195835,15,10,3,1,4,1,0,0,40,38,0,Adm-clerical,Craft-repair
31,2,100997,15,10,2,0,0,1,0,0,40,38,0,Prof-specialty,Sales
28,2,115945,10,16,4,3,4,1,0,0,18,38,0,Adm-clerical,Prof-specialty
62,3,56248,9,13,2,0,4,1,0,2415,60,38,1,Farming-fishing,Exec-managerial
67,4,179285,9,13,2,0,4,1,0,0,30,38,0,Sales,Prof-specialty
31,2,42900,9,13,4,1,4,1,0,0,37,38,0,Tech-support,Tech-support
31,2,354464,11,9,2,0,4,1,0,0,40,38,0,Other-service,Craft-repair
37,2,42645,11,9,2,0,4,1,0,0,40,38,0,Farming-fishing,Machine-op-inspct
40,2,124747,11,9,2,5,4,0,7298,0,40,38,1,Craft-repair,Machine-op-inspct
46,2,185041,11,9,2,0,4,1,0,0,50,38,0,Machine-op-inspct,Other-service
46,1,344172,7,12,2,0,4,1,0,0,49,38,1,Protective-serv,Exec-managerial
39,2,257942,9,13,2,0,4,1,0,0,60,38,1,Sales,Prof-specialty
23,2,239322,11,9,0,1,4,1,0,0,40,38,0,Sales,Transport-moving
21,2,255957,15,10,4,1,4,0,4101,0,40,38,0,Exec-managerial,Other-service
42,2,56483,7,12,0,4,4,0,0,0,40,38,0,Adm-clerical,Adm-clerical
37,2,173968,11,9,2,0,4,1,0,0,40,38,0,Transport-moving,Craft-repair
28,4,398918,9,13,4,1,4,1,0,0,50,38,1,Prof-specialty,Sales
56,2,107165,11,9,2,0,4,1,0,0,18,38,0,Handlers-cleaners,Adm-clerical
42,4,98061,8,11,2,0,4,1,0,0,50,38,0,Exec-managerial,Prof-specialty
21,1,38771,15,10,4,3,4,1,0,0,40,38,0,Adm-clerical,Adm-clerical
49,1,34021,9,13,4,3,4,0,0,0,50,38,0,Prof-specialty,Prof-specialty
66,4,262552,15,10,2,0,4,1,0,0,7,38,0,Farming-fishing,Farming-fishing
20,2,203003,11,9,4,2,4,1,0,0,40,38,0,Transport-moving,Craft-repair
39,2,181661,11,9,2,0,4,1,0,0,40,38,0,Handlers-cleaners,Machine-op-inspct
22,2,197613,8,11,4,1,4,0,0,0,30,38,0,Other-service,Sales
30,2,229772,0,6,2,0,4,1,0,0,40,38,0,Craft-repair,Craft-repair
55,4,161334,11,9,6,1,4,0,0,0,25,26,0,Other-service,Other-service
26,2,403788,7,12,4,3,2,1,0,0,40,38,0,Other-service,Craft-repair
30,2,227146,9,13,2,0,4,1,0,0,40,38,1,Sales,Exec-managerial
46,3,276934,9,13,2,0,4,1,0,0,70,38,1,Sales,Sales
56,2,178202,15,10,2,0,4,1,0,0,40,38,0,Machine-op-inspct,Craft-repair
20,2,225811,11,9,4,3,4,0,0,0,23,38,0,Sales,Other-service
32,4,92531,11,9,0,4,4,1,0,0,40,38,0,Craft-repair,Craft-repair
29,2,71067,14,15,4,1,4,0,0,0,55,38,0,Prof-specialty,Prof-specialty
34,4,87209,12,14,2,0,4,1,0,0,60,38,0,Farming-fishing,Prof-specialty
45,3,120131,11,9,2,0,4,1,0,0,50,38,1,Craft-repair,Sales
41,2,182370,7,12,0,3,4,1,0,0,40,38,0,Craft-repair,Craft-repair
36,2,108293,11,9,6,4,4,0,0,0,24,38,0,Other-service,Other-service
52,2,326156,15,10,0,1,4,1,0,0,40,38,1,Prof-specialty,Craft-repair
24,1,33432,7,12,2,5,4,0,0,0,40,38,0,Other-service,Prof-specialty
68,4,241174,5,4,2,0,4,1,0,0,16,38,0,Exec-managerial,Transport-moving
28,2,194690,5,4,5,3,4,1,0,0,60,25,0,Other-service,Farming-fishing
46,5,248895,9,13,2,0,4,1,0,0,40,38,1,Exec-managerial,Exec-managerial
45,2,387074,8,11,2,0,4,1,0,0,40,38,0,Craft-repair,Handlers-cleaners
33,2,79923,15,10,2,0,4,1,0,0,20,38,0,Sales,Handlers-cleaners
36,2,143486,11,9,2,0,4,1,7298,0,50,38,1,Transport-moving,Craft-repair
57,2,174353,11,9,4,1,4,1,0,0,40,38,0,Exec-managerial,Handlers-cleaners
60,2,118197,15,10,2,0,4,1,0,0,65,38,0,Craft-repair,Craft-repair
45,2,108859,11,9,5,4,2,0,0,0,40,38,0,Craft-repair,Exec-managerial
60,4,88570,8,11,2,5,4,0,0,0,15,10,1,Transport-moving,Exec-managerial
30,2,77266,11,9,0,1,4,1,0,0,55,38,0,Transport-moving,Craft-repair
36,5,76767,15,10,0,1,4,0,0,0,39,38,0,Exec-managerial,Adm-clerical
44,2,265266,0,6,2,0,4,1,0,0,40,38,0,Transport-moving,Adm-clerical
50,0,186272,15,10,2,0,4,1,0,0,40,38,0,Exec-managerial,Adm-clerical
47,1,80282,9,13,2,0,4,1,3137,0,40,38,0,Prof-specialty,Prof-specialty
38,2,181716,2,8,2,0,4,1,0,0,48,38,0,Craft-repair,Craft-repair
27,1,204098,11,9,2,2,4,1,0,0,50,38,0,Handlers-cleaners,Handlers-cleaners
40,2,239708,11,9,0,1,4,1,0,0,50,38,0,Craft-repair,Exec-managerial
35,2,172186,15,10,4,3,4,1,0,0,40,38,0,Craft-repair,Transport-moving
54,4,310774,9,13,2,0,4,1,0,0,40,38,0,Sales,Exec-managerial
21,5,196827,7,12,4,3,4,1,0,0,10,38,0,Tech-support,Prof-specialty
64,0,161926,11,9,2,0,4,1,0,0,8,38,0,Prof-specialty,Other-service
24,2,235894,11,9,2,0,4,1,0,0,38,38,0,Craft-repair,Craft-repair
17,2,141590,1,7,4,3,4,0,0,0,12,38,0,Priv-house-serv,Sales
27,2,213421,14,15,4,1,4,1,0,0,50,38,0,Prof-specialty,Prof-specialty
49,2,186078,12,14,2,5,4,0,0,0,50,38,1,Prof-specialty,Prof-specialty
49,1,219021,15,10,0,4,4,1,0,0,48,38,1,Exec-managerial,Protective-serv
20,2,245297,15,10,4,1,4,0,0,0,20,38,0,Other-service,Other-service
29,2,200468,0,6,4,1,4,1,0,0,40,38,0,Prof-specialty,Craft-repair
28,2,271572,6,5,4,2,4,1,0,0,52,38,0,Other-service,Craft-repair
54,2,37237,9,13,2,0,4,1,0,0,40,38,1,Prof-specialty,Craft-repair
47,2,70943,11,9,2,0,4,1,5178,0,40,38,1,Machine-op-inspct,Craft-repair
23,2,113601,15,10,4,3,4,1,0,0,30,38,0,Handlers-cleaners,Handlers-cleaners
17,2,36877,0,6,4,3,4,0,0,0,10,38,0,Sales,Other-service
31,5,373432,9,13,2,0,4,1,7298,0,55,38,1,Prof-specialty,Exec-managerial
44,2,206878,11,9,4,2,4,0,0,0,15,38,0,Sales,Other-service
45,1,304973,11,9,2,0,4,1,0,0,78,38,1,Protective-serv,Adm-clerical
35,4,120066,15,10,2,0,0,1,0,0,60,38,0,Craft-repair,Sales
59,2,245196,0,6,2,0,2,1,0,0,40,38,1,Transport-moving,Craft-repair
22,5,134192,15,10,4,3,4,0,0,0,10,38,0,Tech-support,Other-service
29,4,189346,15,10,0,1,4,1,2202,0,50,38,0,Craft-repair,Craft-repair
59,0,212448,11,9,6,4,4,0,0,0,40,10,0,Sales,Adm-clerical
69,2,108196,0,6,4,2,4,1,0,0,40,38,0,Craft-repair,Other-service
53,1,135102,11,9,2,0,4,1,0,2002,45,38,0,Other-service,Transport-moving
28,2,190391,9,13,4,1,4,1,0,0,40,38,0,Sales,Machine-op-inspct
27,2,381789,2,8,2,3,4,1,0,0,55,38,0,Farming-fishing,Craft-repair
36,2,169426,11,9,2,0,4,1,7298,0,40,38,1,Machine-op-inspct,Craft-repair
34,2,98656,15,10,4,1,4,0,0,0,40,38,0,Prof-specialty,Adm-clerical
46,2,251474,9,13,2,0,4,1,0,0,60,38,1,Exec-managerial,Exec-managerial
29,3,190450,11,9,2,0,1,1,0,0,40,10,0,Sales,Craft-repair
25,2,105693,9,13,4,1,4,0,0,0,40,38,0,Prof-specialty,Prof-specialty
45,2,120131,15,10,2,0,4,1,0,1887,40,38,1,Craft-repair,Transport-moving
65,2,205309,11,9,2,0,4,1,0,0,24,38,0,Farming-fishing,Protective-serv
57,4,190554,0,6,0,3,4,1,0,0,60,38,1,Exec-managerial,Craft-repair
28,1,179759,15,10,3,4,4,0,0,0,40,38,0,Adm-clerical,Adm-clerical
30,2,162442,9,13,2,5,4,0,7688,0,50,38,1,Prof-specialty,Prof-specialty
43,2,26915,8,11,2,0,4,1,0,0,45,38,1,Exec-managerial,Craft-repair
27,2,101709,11,9,4,3,1,1,0,0,40,38,0,Sales,Other-service
47,2,166634,15,10,0,4,4,0,0,0,40,10,0,Exec-managerial,Sales
36,2,156400,15,10,0,4,4,0,0,0,40,38,0,Adm-clerical,Sales
21,2,305446,15,10,4,1,4,1,0,0,40,38,0,Exec-managerial,Craft-repair
58,2,159378,11,9,2,0,4,1,0,0,45,38,1,Machine-op-inspct,Exec-managerial
80,4,132728,11,9,4,1,4,1,0,0,20,38,0,Exec-managerial,Machine-op-inspct
53,4,100109,12,14,2,0,4,1,0,1977,40,38,1,Exec-managerial,Prof-specialty
50,1,254148,15,10,2,0,4,1,0,0,40,25,0,Farming-fishing,Handlers-cleaners
36,2,225399,11,9,2,0,4,1,7298,0,40,38,1,Craft-repair,Machine-op-inspct
37,4,76855,15,10,0,4,4,0,0,0,40,38,0,Exec-managerial,Adm-clerical
36,2,358373,11,9,5,1,2,0,0,0,36,38,0,Machine-op-inspct,Sales
49,2,348751,5,4,2,0,4,1,0,0,40,38,0,Machine-op-inspct,Machine-op-inspct
46,2,171095,7,12,0,4,4,0,0,0,38,38,0,Sales,Adm-clerical
36,2,189404,9,13,2,0,4,1,0,1977,35,38,1,Sales,Exec-managerial
19,2,195805,11,9,4,3,4,0,0,0,12,38,0,Sales,Other-service
57,2,300908,7,12,0,1,4,1,0,0,75,38,0,Machine-op-inspct,Prof-specialty
38,2,170174,0,6,2,0,4,1,0,0,40,38,1,Machine-op-inspct,Machine-op-inspct
46,2,165138,8,11,2,0,4,1,0,0,40,38,0,Craft-repair,Exec-managerial
32,5,198211,15,10,4,1,4,1,0,0,38,38,0,Adm-clerical,Craft-repair
35,2,112512,11,9,6,3,4,0,0,0,40,38,0,Other-service,Adm-clerical
27,2,501172,4,3,2,0,4,1,0,0,40,25,0,Transport-moving,Farming-fishing
55,1,110490,9,13,2,5,4,0,0,0,60,38,0,Prof-specialty,Prof-specialty
43,2,130126,9,13,2,0,4,1,15024,0,50,38,1,Exec-managerial,Exec-managerial
60,2,85995,12,14,2,0,1,1,0,0,50,34,1,Adm-clerical,Exec-managerial
47,2,583755,11,9,2,0,2,1,0,0,40,38,1,Adm-clerical,Other-service
22,2,237498,11,9,4,3,4,1,0,0,40,38,0,Other-service,Handlers-cleaners
44,2,523484,9,13,2,0,2,1,0,0,40,38,1,Exec-managerial,Exec-managerial
20,2,216972,11,9,4,1,4,1,0,0,30,38,0,Sales,Other-service
49,2,64216,11,9,0,1,4,1,0,0,90,38,0,Transport-moving,Transport-moving
38,2,103323,15,10,2,0,4,1,7688,0,40,38,1,Craft-repair,Sales
30,2,382368,11,9,2,0,4,1,0,0,40,38,0,Handlers-cleaners,Tech-support
30,2,426431,12,14,4,1,4,1,10520,0,40,38,1,Prof-specialty,Prof-specialty
58,2,233193,11,9,6,1,4,0,0,0,27,38,0,Adm-clerical,Sales
28,0,183151,7,12,2,0,4,1,0,0,60,38,0,Adm-clerical,Protective-serv
27,2,193122,11,9,2,0,4,1,0,0,40,38,0,Machine-op-inspct,Craft-repair
46,2,87250,9,13,5,4,4,0,0,0,40,38,0,Tech-support,Prof-specialty
37,2,200153,11,9,2,0,4,1,0,0,40,38,0,Craft-repair,Farming-fishing
45,5,183710,11,9,0,1,4,1,0,0,48,38,0,Transport-moving,Craft-repair
28,2,282398,15,10,5,4,4,1,0,0,40,38,1,Tech-support,Craft-repair
34,2,140571,8,11,0,4,2,0,0,0,40,38,0,Tech-support,Other-service
23,2,82777,11,9,2,0,4,1,0,0,30,38,0,Exec-managerial,Transport-moving
25,0,50053,9,13,4,1,4,1,0,0,45,38,0,Tech-support,Prof-specialty
31,0,203488,7,12,4,1,4,1,0,0,40,38,0,Adm-clerical,Adm-clerical
34,2,398988,9,13,4,1,4,1,0,0,40,38,0,Sales,Prof-specialty
28,2,115677,7,12,4,3,4,1,0,0,32,38,0,Adm-clerical,Sales
46,2,155664,15,10,4,1,4,1,0,0,40,38,0,Handlers-cleaners,Other-service
17,2,27415,1,7,4,3,0,1,0,0,20,38,0,Handlers-cleaners,Other-service
47,2,101299,11,9,2,0,4,1,0,0,40,38,0,Craft-repair,Adm-clerical
29,3,130856,11,9,2,0,4,1,0,0,45,38,0,Exec-managerial,Other-service
52,4,103794,8,11,0,1,4,0,0,0,35,38,0,Prof-specialty,Adm-clerical
48,1,407495,7,12,2,0,4,1,0,0,56,38,1,Protective-serv,Protective-serv
56,2,204049,15,10,2,0,4,1,0,1848,50,38,1,Sales,Craft-repair
42,4,53956,11,9,0,4,4,1,0,0,55,38,0,Exec-managerial,Farming-fishing
22,2,125010,8,11,4,1,4,0,0,0,30,38,0,Priv-house-serv,Sales
24,2,103064,11,9,4,3,4,0,0,0,55,38,0,Sales,Adm-clerical
25,1,109526,11,9,2,0,4,1,0,0,38,38,0,Craft-repair,Adm-clerical
27,2,37933,15,10,4,4,2,0,0,0,40,38,0,Adm-clerical,Adm-clerical
17,2,171080,2,8,4,3,4,1,0,0,20,38,0,Handlers-cleaners,Other-service
55,2,160662,10,16,2,0,4,1,0,0,80,38,1,Exec-managerial,Prof-specialty
52,2,363405,11,9,5,2,4,0,0,0,40,38,0,Adm-clerical,Machine-op-inspct
33,2,142675,9,13,4,1,4,1,0,0,30,38,0,Handlers-cleaners,Protective-serv
21,2,170108,15,10,4,3,4,1,0,0,40,38,0,Other-service,Other-service
40,4,95226,9,13,4,1,4,1,0,0,50,38,0,Exec-managerial,Sales
47,3,362835,9,13,2,0,4,1,0,0,50,38,1,Exec-managerial,Exec-managerial
55,4,99551,9,13,6,4,4,0,0,0,15,38,0,Sales,Prof-specialty
31,2,101761,11,9,2,0,4,1,0,0,51,38,0,Craft-repair,Machine-op-inspct
62,4,204085,15,10,2,0,4,1,0,0,25,38,0,Sales,Farming-fishing
37,2,44780,7,12,0,1,4,0,0,0,40,38,0,Exec-managerial,Prof-specialty
50,2,171852,9,13,5,3,3,0,0,0,40,38,0,Prof-specialty,Prof-specialty
31,2,25216,9,13,0,4,4,0,0,0,40,38,0,Exec-managerial,Other-service
22,1,195532,15,10,4,2,4,0,0,0,43,38,0,Protective-serv,Adm-clerical
30,2,219838,2,8,0,1,4,1,0,0,40,38,0,Machine-op-inspct,Craft-repair
26,2,192262,11,9,2,0,4,1,0,0,40,38,0,Other-service,Transport-moving
49,2,298659,11,9,2,0,4,1,0,0,15,25,0,Sales,Other-service
22,2,208946,15,10,4,1,4,1,0,0,40,38,0,Machine-op-inspct,Craft-repair
39,5,85566,9,13,2,0,4,1,0,0,40,38,0,Prof-specialty,Exec-managerial
30,2,316606,9,13,2,5,4,0,0,0,40,38,0,Other-service,Exec-managerial
25,4,37741,9,13,2,5,4,0,0,0,40,38,0,Exec-managerial,Exec-managerial
27,2,98769,9,13,4,1,4,1,0,0,45,38,0,Sales,Craft-repair
25,2,262885,1,7,4,4,2,0,0,0,32,38,0,Other-service,Other-service
46,4,101722,15,10,2,0,4,1,3137,0,40,38,0,Exec-managerial,Exec-managerial
48,2,235646,15,10,2,0,4,1,3103,0,40,38,1,Sales,Sales
19,2,188669,15,10,4,3,4,0,0,0,25,38,0,Sales,Other-service
35,2,352188,11,9,4,1,4,1,0,0,40,38,0,Tech-support,Handlers-cleaners
35,2,296478,15,10,2,0,4,1,0,0,40,38,0,Sales,Transport-moving
25,0,339956,15,10,2,0,2,1,0,0,40,38,0,Protective-serv,Adm-clerical
25,1,222800,9,13,4,1,4,1,0,0,40,38,0,Prof-specialty,Prof-specialty
20,2,236769,15,10,4,3,4,1,0,0,40,38,0,Handlers-cleaners,Other-service
50,2,36480,11,9,2,0,4,1,0,0,40,38,0,Exec-managerial,Craft-repair
32,2,151053,11,9,2,0,4,1,0,0,40,38,1,Handlers-cleaners,Machine-op-inspct
31,1,243665,11,9,2,0,4,1,0,0,41,38,1,Protective-serv,Protective-serv
49,4,110457,15,10,2,0,4,1,0,0,50,38,1,Craft-repair,Exec-managerial
26,2,292692,2,8,4,1,4,1,0,0,40,25,0,Craft-repair,Craft-repair
34,4,192259,14,15,2,0,4,1,0,0,35,38,1,Prof-specialty,Prof-specialty
60,2,238913,9,13,2,0,4,1,0,0,46,38,1,Sales,Exec-managerial
40,2,225432,15,10,2,0,4,1,0,0,45,38,0,Machine-op-inspct,Craft-repair
61,2,103575,11,9,2,0,4,1,0,0,37,38,0,Craft-repair,Sales
25,2,218667,4,3,2,3,4,1,0,0,40,38,0,Handlers-cleaners,Machine-op-inspct
66,2,201197,9,13,2,0,4,1,0,0,45,38,1,Prof-specialty,Exec-managerial
41,2,32121,11,9,2,0,4,1,0,0,40,38,1,Machine-op-inspct,Craft-repair
34,2,196164,11,9,4,1,4,0,0,0,35,38,0,Other-service,Other-service
43,4,152958,11,9,2,0,4,1,0,0,35,38,1,Exec-managerial,Sales
17,2,198124,1,7,4,3,4,1,0,0,20,38,0,Sales,Other-service
46,2,26781,11,9,2,0,0,1,0,0,40,38,0,Craft-repair,Craft-repair
30,2,302438,11,9,4,1,4,1,0,0,40,38,0,Machine-op-inspct,Craft-repair
63,4,289741,12,14,2,0,4,1,41310,0,50,38,0,Farming-fishing,Exec-managerial
36,4,109133,9,13,2,0,4,1,0,0,50,38,1,Sales,Exec-managerial
53,0,266598,11,9,2,0,4,1,0,0,40,38,1,Prof-specialty,Craft-repair
37,1,212005,8,11,2,0,4,1,0,0,40,38,1,Exec-managerial,Protective-serv
43,2,88233,15,10,2,0,4,1,0,0,60,38,0,Transport-moving,Exec-managerial
19,2,118352,15,10,4,3,4,0,0,0,16,38,0,Other-service,Sales
19,2,445728,11,9,4,1,4,1,0,0,40,38,0,Craft-repair,Other-service
18,4,230373,1,7,4,3,4,0,594,0,4,38,0,Other-service,Other-service
33,4,359428,11,9,2,0,4,1,0,0,60,38,0,Sales,Craft-repair
18,2,56613,15,10,4,3,4,0,0,0,20,38,0,Protective-serv,Sales
41,4,443508,11,9,2,0,4,1,0,0,50,38,0,Exec-managerial,Farming-fishing
56,3,105582,15,10,2,0,4,1,7688,0,50,38,1,Exec-managerial,Sales
31,2,356689,9,13,4,1,4,1,0,0,40,38,0,Farming-fishing,Prof-specialty
59,2,142182,11,9,2,0,4,1,0,0,40,38,1,Other-service,Adm-clerical
69,2,102874,11,9,6,1,4,0,0,0,24,38,0,Adm-clerical,Sales
53,2,156843,12,14,4,1,4,0,0,1564,54,38,1,Prof-specialty,Exec-managerial
20,2,528616,4,3,4,2,4,1,0,0,40,25,0,Other-service,Craft-repair
49,1,170846,12,14,0,1,4,0,0,0,40,38,0,Exec-managerial,Prof-specialty
33,2,392812,15,10,2,0,4,1,0,0,50,38,1,Handlers-cleaners,Exec-managerial
35,4,190895,12,14,2,0,4,1,0,0,40,38,1,Sales,Sales
45,2,317360,9,13,0,4,4,0,0,0,50,38,0,Prof-specialty,Sales
29,2,53181,12,14,2,0,4,1,0,0,55,38,1,Prof-specialty,Exec-managerial
64,0,316246,9,13,0,1,2,0,0,0,40,38,0,Adm-clerical,Prof-specialty
55,1,166502,12,14,4,1,4,0,0,0,45,38,0,Prof-specialty,Prof-specialty
40,2,111020,11,9,5,1,4,0,0,0,40,38,0,Machine-op-inspct,Adm-clerical
26,2,291968,14,15,2,0,4,1,0,1977,40,38,1,Prof-specialty,Prof-specialty
32,1,209900,9,13,2,0,4,1,0,0,65,38,1,Prof-specialty,Protective-serv
19,3,170125,11,9,4,3,4,1,0,0,40,38,0,Sales,Other-service
31,2,87950,8,11,0,1,0,0,0,0,40,38,0,Sales,Adm-clerical
40,5,91949,10,16,4,1,2,0,0,0,40,38,0,Prof-specialty,Prof-specialty
18,2,173585,11,9,4,3,2,0,0,0,18,38,0,Sales,Other-service
35,2,188888,9,13,4,1,4,1,0,0,40,38,1,Sales,Prof-specialty
51,2,138852,11,9,2,0,4,1,7298,0,40,7,1,Other-service,Machine-op-inspct
22,2,305466,11,9,4,1,4,1,0,0,40,38,0,Handlers-cleaners,Handlers-cleaners
44,2,192381,9,13,2,0,4,1,0,1848,40,38,1,Prof-specialty,Prof-specialty
46,2,133616,15,10,0,4,4,0,0,0,40,38,0,Adm-clerical,Sales
50,4,167728,10,16,2,0,4,1,0,0,60,38,1,Prof-specialty,Prof-specialty
59,2,233312,15,10,2,0,4,1,0,0,40,38,1,Craft-repair,Tech-support
34,2,101345,9,13,2,5,4,0,0,0,40,38,1,Sales,Exec-managerial
17,2,152696,2,8,4,3,4,0,0,0,30,38,0,Other-service,Adm-clerical
44,2,205706,11,9,4,1,4,0,0,0,40,38,0,Exec-managerial,Adm-clerical
49,2,48120,11,9,4,4,2,0,1506,0,40,38,0,Transport-moving,Adm-clerical
32,2,258406,15,10,4,4,4,1,0,0,72,25,0,Craft-repair,Sales
45,3,204205,15,10,2,0,4,1,0,0,50,38,1,Exec-managerial,Exec-managerial
43,2,221172,9,13,0,1,4,1,0,0,35,38,0,Exec-managerial,Prof-specialty
43,1,188291,14,15,2,0,4,1,15024,0,45,38,1,Prof-specialty,Prof-specialty
18,2,362600,4,3,4,3,4,1,0,0,40,38,0,Handlers-cleaners,Other-service
31,5,286911,15,10,2,0,4,1,0,0,38,38,0,Adm-clerical,Adm-clerical
40,2,212847,15,10,2,0,4,1,0,2179,40,38,0,Machine-op-inspct,Transport-moving
27,2,116531,9,13,4,1,4,0,0,0,40,38,0,Exec-managerial,Sales
74,4,392886,11,9,6,1,4,0,0,0,14,38,0,Farming-fishing,Other-service
39,2,237713,14,15,2,0,4,1,0,2415,99,38,1,Sales,Prof-specialty
41,2,222596,9,13,2,0,4,1,15024,0,45,38,1,Sales,Exec-managerial
50,4,57758,8,11,2,0,4,1,0,0,60,38,1,Sales,Farming-fishing
35,4,95455,9,13,0,4,4,0,0,0,55,38,0,Exec-managerial,Prof-specialty
64,4,289741,15,10,2,0,4,1,0,0,20,38,0,Sales,Farming-fishing
28,2,180299,11,9,2,0,4,1,0,0,70,38,0,Transport-moving,Exec-managerial
53,0,68985,11,9,2,0,4,1,0,0,40,38,0,Adm-clerical,Transport-moving
57,3,124137,15,10,2,0,4,1,0,0,40,38,0,Exec-managerial,Exec-managerial
40,2,163434,11,9,4,1,4,1,0,0,50,38,0,Craft-repair,Sales
63,0,217994,15,10,0,4,4,0,0,0,40,38,0,Exec-managerial,Adm-clerical
30,4,167990,8,11,2,0,4,1,15024,0,65,38,1,Prof-specialty,Farming-fishing
32,2,167990,12,14,4,1,4,1,14084,0,40,38,1,Exec-managerial,Prof-specialty
19,2,375077,11,9,4,3,4,1,0,0,50,38,0,Sales,Handlers-cleaners
32,5,147215,9,13,2,5,4,0,0,0,55,38,1,Exec-managerial,Prof-specialty
46,4,342907,11,9,2,0,2,1,0,0,60,38,1,Sales,Craft-repair
26,2,105787,11,9,4,3,4,1,0,0,36,38,0,Craft-repair,Handlers-cleaners
21,2,91819,8,11,4,1,4,1,0,0,30,38,0,Other-service,Prof-specialty
23,2,179413,11,9,4,4,4,1,0,0,40,38,0,Craft-repair,Sales
53,0,186087,11,9,0,4,4,1,0,0,40,38,0,Tech-support,Transport-moving
53,2,223696,2,8,3,1,3,1,0,0,56,5,0,Handlers-cleaners,Craft-repair
43,2,39581,11,9,4,1,2,0,0,0,45,38,0,Other-service,Machine-op-inspct
67,4,107138,15,10,2,0,4,1,0,0,40,38,0,Sales,Exec-managerial
33,2,220860,11,9,0,1,4,1,0,0,45,38,0,Transport-moving,Transport-moving
44,0,344060,14,15,2,0,4,1,0,0,40,38,1,Prof-specialty,Prof-specialty
25,2,224943,15,10,3,4,2,1,0,0,40,38,0,Prof-specialty,Handlers-cleaners
32,2,244147,11,9,4,4,4,1,0,0,10,38,0,Craft-repair,Other-service
34,2,454508,9,13,2,0,4,1,0,0,65,19,0,Prof-specialty,Adm-clerical
72,2,284080,3,2,0,1,2,1,0,0,40,38,0,Other-service,Transport-moving
58,3,89922,8,11,2,0,4,1,15024,0,40,38,1,Exec-managerial,Sales
46,2,96552,15,10,0,3,4,0,0,0,17,38,0,Machine-op-inspct,Prof-specialty
34,2,309513,11,9,2,0,4,1,0,0,40,38,0,Machine-op-inspct,Adm-clerical
50,5,229272,11,9,2,0,2,1,0,0,40,38,1,Craft-repair,Protective-serv
26,2,216010,11,9,5,3,4,0,0,0,40,38,0,Exec-managerial,Machine-op-inspct
19,2,183589,15,10,4,3,4,1,0,0,25,38,0,Transport-moving,Handlers-cleaners
43,4,99203,8,11,2,0,4,1,0,0,40,38,0,Craft-repair,Craft-repair
23,5,101094,15,10,4,3,4,1,0,0,60,38,0,Protective-serv,Farming-fishing
25,2,512771,6,5,2,0,4,1,0,0,45,38,0,Transport-moving,Machine-op-inspct
20,2,118462,11,9,4,3,4,1,0,0,43,38,0,Handlers-cleaners,Transport-moving
34,4,168906,15,10,0,4,4,0,0,0,50,38,0,Adm-clerical,Exec-managerial
37,1,251396,7,12,2,0,4,1,0,0,45,1,1,Prof-specialty,Exec-managerial
58,2,29928,15,10,2,5,4,0,0,0,36,38,0,Sales,Adm-clerical
47,4,192755,11,9,2,5,4,0,0,0,20,38,1,Machine-op-inspct,Adm-clerical
24,2,149342,9,13,4,1,4,0,0,0,40,38,0,Sales,Adm-clerical
31,2,31600,9,13,4,1,4,0,0,0,40,38,0,Prof-specialty,Prof-specialty
28,2,138269,11,9,4,1,4,1,0,0,40,38,0,Craft-repair,Adm-clerical
32,2,136480,9,13,2,0,4,1,0,0,60,38,1,Sales,Exec-managerial
53,2,95469,9,13,2,0,4,1,0,1902,40,38,1,Adm-clerical,Exec-managerial
24,2,119156,11,9,4,3,4,1,0,0,40,38,0,Handlers-cleaners,Machine-op-inspct
25,2,304032,11,9,4,3,4,1,0,0,36,38,0,Adm-clerical,Machine-op-inspct
22,2,34747,11,9,4,3,4,0,0,0,35,38,0,Other-service,Other-service
45,2,169180,15,10,6,4,4,0,0,0,45,38,0,Other-service,Adm-clerical
28,2,114158,9,13,2,5,4,0,0,1977,24,38,1,Prof-specialty,Exec-managerial
33,2,177331,8,11,2,0,2,1,0,0,40,38,0,Craft-repair,Craft-repair
71,2,149040,2,8,4,1,4,0,0,0,40,38,0,Other-service,Other-service
40,2,193524,10,16,2,0,4,1,0,0,60,38,1,Prof-specialty,Prof-specialty
34,2,242984,11,9,4,1,4,1,0,0,48,38,0,Adm-clerical,Machine-op-inspct
20,2,315877,11,9,4,4,4,1,0,2001,40,38,0,Other-service,Sales
28,2,119793,8,11,0,1,4,1,10520,0,50,38,1,Exec-managerial,Sales
32,2,29933,9,13,2,0,4,1,0,0,50,38,1,Handlers-cleaners,Exec-managerial
45,4,94962,11,9,2,0,4,1,0,0,40,8,0,Craft-repair,Craft-repair
30,2,323054,0,6,0,1,0,1,0,0,40,38,0,Other-service,Craft-repair
51,2,141645,15,10,5,1,2,0,0,0,40,38,0,Exec-managerial,Adm-clerical
53,2,89534,11,9,2,0,4,1,0,0,48,38,1,Transport-moving,Machine-op-inspct
30,2,185177,9,13,2,0,4,1,0,0,43,38,0,Exec-managerial,Exec-managerial
21,2,347292,11,9,4,1,4,1,0,0,40,38,0,Craft-repair,Sales
55,2,195329,11,9,6,1,4,0,2202,0,35,21,0,Other-service,Sales
40,2,226388,11,9,2,0,2,1,0,0,40,38,0,Craft-repair,Craft-repair
31,2,120672,1,7,0,2,2,1,0,1721,40,38,0,Handlers-cleaners,Handlers-cleaners
39,3,222641,9,13,2,0,4,1,0,0,40,38,0,Sales,Prof-specialty
43,2,456236,11,9,2,0,4,1,0,0,40,38,1,Craft-repair,Craft-repair
56,2,201344,15,10,6,4,4,0,0,0,38,38,0,Craft-repair,Tech-support
35,2,255635,6,5,2,0,3,1,0,0,40,25,0,Craft-repair,Other-service
52,2,109413,11,9,4,1,4,1,0,0,40,38,0,Sales,Handlers-cleaners
43,2,172401,11,9,2,0,4,1,0,0,40,38,1,Sales,Machine-op-inspct
39,2,100669,15,10,2,3,1,1,0,0,40,38,0,Craft-repair,Craft-repair
51,0,73670,10,16,2,0,4,1,4386,0,52,38,1,Prof-specialty,Prof-specialty
27,5,271243,15,10,0,4,2,1,0,0,40,22,0,Adm-clerical,Adm-clerical
38,2,108140,9,13,0,2,4,1,0,0,40,38,0,Tech-support,Prof-specialty
52,2,186303,15,10,2,0,4,1,15024,0,55,1,1,Exec-managerial,Transport-moving
35,2,58343,11,9,2,0,4,1,0,0,44,38,0,Sales,Craft-repair
29,2,120359,11,9,2,0,4,1,0,0,40,38,0,Adm-clerical,Craft-repair
23,2,177087,1,7,4,4,2,1,0,0,35,38,0,Adm-clerical,Craft-repair
41,2,193882,9,13,2,0,4,1,0,0,40,38,0,Farming-fishing,Prof-specialty
24,4,172047,7,12,4,3,4,1,0,0,40,38,0,Craft-repair,Craft-repair
20,2,275385,11,9,4,2,4,1,0,0,45,38,0,Handlers-cleaners,Handlers-cleaners
28,2,114053,9,13,4,1,4,1,0,0,55,38,0,Transport-moving,Exec-managerial
41,2,45156,11,9,4,1,4,1,2174,0,41,38,0,Machine-op-inspct,Handlers-cleaners
40,2,311534,11,9,2,0,4,1,0,0,40,38,1,Handlers-cleaners,Transport-moving
35,2,268661,15,10,2,0,4,1,0,0,50,38,0,Sales,Exec-managerial
50,2,171338,15,10,2,0,4,1,99999,0,50,38,1,Exec-managerial,Exec-managerial
39,2,316211,9,13,4,1,4,1,0,0,40,38,1,Prof-specialty,Prof-specialty
62,2,88055,9,13,2,0,4,1,0,0,40,38,0,Machine-op-inspct,Adm-clerical
24,2,194096,11,9,4,3,4,0,0,0,45,38,0,Prof-specialty,Other-service
34,5,595000,12,14,2,5,2,0,0,0,40,38,1,Prof-specialty,Prof-specialty
20,2,50648,11,9,4,3,4,1,0,0,35,38,0,Handlers-cleaners,Other-service
21,2,231053,11,9,4,3,4,1,0,0,30,38,0,Machine-op-inspct,Handlers-cleaners
34,4,114691,11,9,2,0,4,1,0,0,40,38,1,Prof-specialty,Craft-repair
49,5,213307,15,10,2,0,4,1,0,0,40,38,0,Prof-specialty,Craft-repair
43,2,178976,11,9,4,4,4,0,0,0,40,38,0,Adm-clerical,Other-service
48,2,98719,11,9,6,1,4,0,0,0,44,38,0,Other-service,Machine-op-inspct
51,2,673764,12,14,4,1,4,1,27828,0,40,38,1,Prof-specialty,Prof-specialty
42,2,139012,10,16,2,0,1,1,0,0,40,35,1,Prof-specialty,Prof-specialty
26,2,112847,11,9,4,1,4,1,0,0,40,38,0,Handlers-cleaners,Machine-op-inspct
52,2,230657,11,9,2,0,3,1,3781,0,40,3,0,Machine-op-inspct,Sales
29,0,440647,15,10,4,2,4,1,0,0,40,38,0,Adm-clerical,Tech-support
50,1,186888,11,9,2,5,2,0,0,0,40,38,1,Exec-managerial,Adm-clerical
36,2,203482,7,12,2,0,4,1,0,0,40,38,1,Prof-specialty,Machine-op-inspct
46,2,216999,9,13,4,1,4,1,0,0,55,38,1,Exec-managerial,Sales
19,2,146679,15,10,4,3,2,1,0,0,30,38,0,Exec-managerial,Exec-managerial
46,2,81497,11,9,0,1,4,0,0,0,48,38,0,Handlers-cleaners,Exec-managerial
29,2,200511,9,13,2,0,4,1,0,0,50,38,0,Sales,Prof-specialty
39,1,167864,1,7,2,0,4,1,0,0,30,38,0,Transport-moving,Craft-repair
19,2,218956,11,9,4,3,4,1,0,0,40,38,0,Prof-specialty,Farming-fishing
90,2,250832,0,6,2,0,4,1,0,0,40,38,0,Exec-managerial,Protective-serv
36,2,128382,15,10,4,4,4,1,0,0,45,38,0,Machine-op-inspct,Craft-repair
52,2,195635,11,9,2,0,4,1,0,2051,38,38,0,Machine-op-inspct,Craft-repair
67,2,126849,0,6,2,0,0,1,0,0,20,38,0,Transport-moving,Handlers-cleaners
28,2,187397,11,9,4,2,3,1,0,0,48,25,0,Other-service,Machine-op-inspct
28,2,84547,9,13,2,0,4,1,0,0,40,38,1,Tech-support,Prof-specialty
24,2,306779,15,10,4,1,4,1,0,0,65,38,0,Sales,Other-service
36,2,58343,9,13,2,0,4,1,3103,0,42,38,1,Tech-support,Exec-managerial
55,4,396878,15,10,2,0,2,1,0,0,25,38,0,Exec-managerial,Craft-repair
47,4,134671,11,9,3,1,4,1,0,0,40,38,0,Craft-repair,Craft-repair
21,2,204641,15,10,4,3,4,1,0,0,40,38,0,Other-service,Adm-clerical
30,2,370183,11,9,2,0,4,1,0,0,40,38,0,Tech-support,Tech-support
39,2,186183,12,14,2,0,4,1,0,0,40,38,1,Prof-specialty,Prof-specialty
49,0,311671,15,10,2,0,4,1,0,0,40,38,1,Exec-managerial,Exec-managerial
29,2,113464,11,9,4,2,3,1,0,0,40,5,0,Transport-moving,Machine-op-inspct
77,2,123959,11,9,6,1,4,0,0,0,32,38,0,Adm-clerical,Sales
34,2,143699,11,9,2,5,4,0,0,0,15,38,0,Sales,Other-service
24,2,172146,6,5,4,1,4,1,0,1721,40,38,0,Machine-op-inspct,Machine-op-inspct
17,2,191910,0,6,4,3,4,1,0,0,25,38,0,Other-service,Other-service
24,5,249385,9,13,4,2,4,0,0,0,10,38,0,Adm-clerical,Prof-specialty
49,2,128736,9,13,4,4,4,0,0,0,40,38,0,Prof-specialty,Exec-managerial
23,2,275244,11,9,4,1,2,1,0,0,35,38,0,Machine-op-inspct,Other-service
23,2,62339,9,13,4,3,4,1,0,0,40,38,0,Prof-specialty,Exec-managerial
23,2,182615,15,10,4,3,4,1,0,0,40,38,0,Adm-clerical,Adm-clerical
21,2,176262,15,10,4,3,4,0,0,0,30,38,0,Exec-managerial,Sales
22,4,357612,11,9,2,0,4,1,0,0,60,38,0,Craft-repair,Craft-repair
27,2,267989,15,10,2,0,4,1,0,0,40,38,0,Machine-op-inspct,Craft-repair
28,2,303440,9,13,5,1,4,0,0,0,50,38,1,Exec-managerial,Prof-specialty
33,2,236818,8,11,4,4,2,0,0,0,26,38,0,Prof-specialty,Other-service
61,3,61040,15,10,2,0,4,1,7688,0,36,38,1,Sales,Exec-managerial
39,2,218490,9,13,2,0,4,1,0,1848,40,38,1,Sales,Prof-specialty
36,2,348960,11,9,4,1,4,1,0,0,50,38,0,Tech-support,Transport-moving
44,4,234885,11,9,2,5,4,0,0,0,40,38,1,Sales,Prof-specialty
38,2,233194,11,9,2,0,2,1,0,0,40,38,1,Sales,Craft-repair
29,5,198493,8,11,2,0,4,1,0,0,40,38,1,Protective-serv,Exec-managerial
50,2,38795,9,13,2,0,4,1,0,0,50,38,0,Prof-specialty,Prof-specialty
29,2,253752,0,6,2,5,4,0,0,0,40,38,0,Farming-fishing,Farming-fishing
71,4,163293,14,15,2,0,4,1,0,0,2,38,0,Farming-fishing,Prof-specialty
27,0,188343,11,9,5,4,2,0,0,0,40,38,0,Exec-managerial,Adm-clerical
41,4,32533,8,11,2,0,4,1,0,0,45,38,0,Farming-fishing,Craft-repair
60,2,389254,11,9,2,0,4,1,0,0,40,38,0,Adm-clerical,Craft-repair
25,4,72338,11,9,4,4,1,0,0,0,40,38,0,Sales,Adm-clerical
59,4,188003,9,13,6,1,4,0,0,0,50,38,1,Prof-specialty,Prof-specialty
73,1,232871,5,4,2,0,4,1,2228,0,10,38,0,Protective-serv,Prof-specialty
31,2,176831,0,6,0,2,4,0,0,0,40,38,0,Sales,Machine-op-inspct
46,2,83064,7,12,2,0,4,1,0,0,40,38,1,Machine-op-inspct,Exec-managerial
52,0,312500,8,11,0,1,4,0,0,0,40,38,0,Farming-fishing,Adm-clerical
38,2,29874,8,11,2,0,4,1,0,0,40,38,0,Craft-repair,Tech-support
26,2,160300,11,9,3,1,4,1,0,0,40,38,0,Protective-serv,Machine-op-inspct
54,1,29887,11,9,2,0,4,1,0,0,56,38,0,Exec-managerial,Exec-managerial
32,2,90969,8,11,2,0,4,1,0,0,45,38,1,Transport-moving,Tech-support
28,2,410216,1,7,2,1,4,1,0,0,60,38,1,Craft-repair,Craft-repair
45,4,162923,11,9,2,0,4,1,0,0,60,38,0,Craft-repair,Craft-repair
28,3,31717,11,9,2,0,4,1,0,0,45,38,1,Exec-managerial,Craft-repair
18,2,220836,1,7,4,1,4,0,0,0,20,38,0,Other-service,Adm-clerical
43,4,64112,15,10,2,0,4,1,0,0,50,38,0,Farming-fishing,Farming-fishing
44,2,85440,11,9,2,0,4,1,0,0,45,38,0,Adm-clerical,Sales
38,2,82622,15,10,0,4,4,1,0,0,40,38,0,Craft-repair,Craft-repair
33,0,78307,9,13,2,0,4,1,0,0,40,38,0,Prof-specialty,Prof-specialty
23,2,435604,8,11,5,3,4,0,0,0,40,38,0,Exec-managerial,Adm-clerical
65,3,208452,15,10,2,0,4,1,0,0,35,38,1,Sales,Exec-managerial
25,2,206600,0,6,4,1,4,1,0,0,24,26,0,Other-service,Craft-repair
22,2,152878,11,9,2,0,4,1,0,0,40,38,0,Transport-moving,Other-service
22,2,235733,11,9,4,1,4,0,0,0,45,38,0,Other-service,Adm-clerical
53,0,221791,11,9,0,1,2,1,0,0,40,38,0,Craft-repair,Adm-clerical
45,2,240356,15,10,0,1,4,0,0,0,55,38,0,Sales,Adm-clerical
36,1,212856,1,7,4,4,4,0,0,0,23,38,0,Other-service,Other-service
49,2,248895,11,9,2,0,4,1,0,0,45,38,0,Machine-op-inspct,Craft-repair
26,2,247025,8,11,0,3,4,1,0,0,40,38,0,Craft-repair,Craft-repair
45,4,220978,11,9,2,0,4,1,0,0,50,38,0,Exec-managerial,Transport-moving
28,1,304960,7,12,4,1,4,0,0,1980,40,38,0,Adm-clerical,Prof-specialty
28,2,184078,2,8,0,1,4,0,0,0,40,38,0,Machine-op-inspct,Other-service
35,2,180988,15,10,0,4,4,0,0,0,39,38,0,Adm-clerical,Adm-clerical
58,2,222247,0,6,2,0,4,1,0,1887,40,38,1,Transport-moving,Craft-repair
28,2,338376,9,13,4,3,4,1,0,0,40,38,0,Prof-specialty,Adm-clerical
57,2,348430,3,2,0,4,4,1,0,0,40,31,0,Craft-repair,Machine-op-inspct
64,1,158412,11,9,6,1,4,0,0,0,40,38,0,Adm-clerical,Transport-moving
28,2,205337,11,9,2,0,4,1,0,0,40,38,0,Craft-repair,Machine-op-inspct
26,2,354784,15,10,4,3,4,1,0,0,20,38,0,Adm-clerical,Other-service
52,5,125796,12,14,2,5,2,0,0,1848,40,38,1,Prof-specialty,Prof-specialty
54,4,406468,11,9,2,0,2,1,0,0,40,38,0,Sales,Exec-managerial
39,2,49436,7,12,0,4,4,0,0,1380,40,38,0,Prof-specialty,Other-service
26,1,197530,12,14,3,1,4,0,0,0,40,38,0,Prof-specialty,Prof-specialty
20,2,493443,1,7,4,1,4,1,0,0,40,38,0,Handlers-cleaners,Handlers-cleaners
33,4,155343,15,10,4,1,4,1,0,0,72,38,0,Farming-fishing,Craft-repair
55,2,169611,1,7,6,4,4,0,0,0,40,38,0,Adm-clerical,Other-service
18,4,29582,1,7,4,3,4,1,0,0,40,38,0,Craft-repair,Farming-fishing
31,2,104509,9,13,4,1,4,0,0,0,65,38,1,Sales,Prof-specialty
39,2,139647,15,10,0,4,4,0,0,0,56,38,0,Exec-managerial,Exec-managerial
18,2,675421,6,5,4,3,4,1,594,0,40,38,0,Handlers-cleaners,Other-service
44,2,219591,15,10,0,3,4,1,0,0,40,38,0,Handlers-cleaners,Craft-repair
50,2,69345,8,11,2,0,4,1,3103,0,55,38,1,Transport-moving,Craft-repair
26,2,44308,9,13,4,1,4,1,0,0,40,38,0,Tech-support,Prof-specialty
46,2,94809,15,10,0,4,4,0,0,0,30,38,0,Priv-house-serv,Prof-specialty
24,2,281221,9,13,4,2,1,0,0,0,40,35,0,Adm-clerical,Sales
27,2,68037,15,10,4,1,4,1,0,0,45,38,0,Exec-managerial,Sales
32,5,104509,11,9,0,1,4,0,0,0,25,38,0,Other-service,Other-service
58,2,298601,6,5,2,0,2,1,3781,0,40,38,0,Machine-op-inspct,Machine-op-inspct
20,2,352139,15,10,0,3,4,0,0,0,29,38,0,Other-service,Sales
53,4,151159,0,6,3,1,4,1,0,0,99,38,0,Transport-moving,Exec-managerial
33,2,159247,9,13,2,0,4,1,0,0,40,38,1,Prof-specialty,Exec-managerial
61,0,160155,15,10,2,0,4,1,0,0,40,38,1,Exec-managerial,Adm-clerical
30,2,93884,9,13,2,0,4,1,0,0,45,38,1,Prof-specialty,Exec-managerial
52,2,189728,11,9,5,1,4,0,0,0,50,38,0,Priv-house-serv,Sales
40,0,219240,11,9,0,4,4,0,0,0,22,38,0,Adm-clerical,Adm-clerical
23,2,260254,11,9,4,3,4,1,0,0,40,38,0,Sales,Transport-moving
46,5,193047,9,13,2,0,4,1,0,0,37,38,0,Prof-specialty,Prof-specialty
23,2,140462,11,9,4,3,4,1,0,0,40,38,0,Machine-op-inspct,Sales
46,2,143189,4,3,4,3,4,0,0,0,40,5,0,Machine-op-inspct,Machine-op-inspct
40,2,140559,11,9,6,4,4,0,0,0,25,38,0,Other-service,Other-service
50,1,311551,12,14,2,0,4,1,7688,0,50,38,1,Prof-specialty,Exec-managerial
24,2,138768,7,12,4,3,4,1,0,0,30,38,0,Handlers-cleaners,Sales
41,2,359696,9,13,2,0,4,1,15024,0,60,38,1,Protective-serv,Exec-managerial
25,2,129784,15,10,4,3,4,0,0,0,40,38,0,Other-service,Other-service
29,4,109001,15,10,2,0,4,1,0,0,35,38,0,Craft-repair,Craft-repair
32,4,174789,9,13,2,0,4,1,0,0,50,38,1,Prof-specialty,Exec-managerial
50,2,138270,11,9,2,5,2,0,0,0,40,38,0,Sales,Adm-clerical
65,2,344152,12,14,2,0,4,1,5556,0,50,38,1,Prof-specialty,Exec-managerial
55,2,105582,11,9,2,0,4,1,3103,0,40,38,1,Handlers-cleaners,Exec-managerial
59,1,93211,9,13,2,5,4,0,0,0,22,38,1,Exec-managerial,Prof-specialty
47,2,312088,11,9,2,0,4,1,0,0,40,38,0,Craft-repair,Sales
35,2,77146,9,13,2,0,4,1,0,0,45,38,1,Sales,Exec-managerial
54,1,168553,9,13,2,0,4,1,0,0,40,38,0,Exec-managerial,Prof-specialty
27,4,70657,15,10,4,1,4,1,0,0,35,38,0,Craft-repair,Craft-repair
47,2,162034,9,13,2,0,4,1,0,0,60,38,1,Sales,Sales
40,2,110028,15,10,2,0,4,1,0,0,40,38,0,Craft-repair,Craft-repair
29,2,193152,11,9,4,1,4,1,0,1408,40,38,0,Handlers-cleaners,Craft-repair
27,2,420351,11,9,4,3,4,1,0,0,40,38,0,Transport-moving,Craft-repair
44,3,269733,9,13,2,0,4,1,0,0,30,38,0,Sales,Prof-specialty
43,2,403276,11,9,2,0,4,1,0,0,40,38,0,Craft-repair,Handlers-cleaners
34,3,62396,9,13,4,1,4,0,0,0,62,38,1,Prof-specialty,Exec-managerial
33,2,157747,7,12,2,0,4,1,0,0,40,38,0,Handlers-cleaners,Craft-repair
27,2,186454,9,13,4,1,1,1,13550,0,40,38,1,Prof-specialty,Prof-specialty
65,2,222810,8,11,0,1,4,0,0,0,40,38,0,Exec-managerial,Adm-clerical
26,2,139098,12,14,2,0,4,1,5013,0,40,38,0,Prof-specialty,Prof-specialty
60,2,183162,11,9,6,1,4,0,0,0,40,38,0,Machine-op-inspct,Handlers-cleaners
35,2,244803,11,9,4,2,4,1,0,0,40,28,0,Handlers-cleaners,Craft-repair
56,2,274475,6,5,6,4,4,0,0,0,40,38,0,Sales,Other-service
55,2,156797,15,10,0,1,4,0,0,0,40,38,0,Machine-op-inspct,Adm-clerical
34,2,241885,11,9,2,0,4,1,0,0,45,38,0,Transport-moving,Adm-clerical
45,2,197418,15,10,0,1,4,0,0,0,48,38,0,Adm-clerical,Adm-clerical
36,4,224886,9,13,2,0,4,1,2407,0,40,38,0,Exec-managerial,Prof-specialty
54,2,68684,11,9,2,0,4,1,0,0,44,38,0,Craft-repair,Exec-managerial
28,2,246974,11,9,4,1,4,1,0,0,40,38,0,Other-service,Adm-clerical
34,2,213307,11,9,4,4,4,0,7443,0,35,38,0,Handlers-cleaners,Adm-clerical
19,2,258470,11,9,4,1,4,1,0,0,40,38,0,Handlers-cleaners,Machine-op-inspct
37,5,117651,9,13,4,2,4,1,0,0,40,38,0,Prof-specialty,Prof-specialty
61,2,97030,15,10,0,1,4,0,0,0,30,38,0,Other-service,Adm-clerical
20,2,42706,15,10,4,1,4,1,0,0,25,38,0,Adm-clerical,Other-service
50,2,177896,10,16,2,0,4,1,0,0,40,38,1,Prof-specialty,Prof-specialty
45,0,283037,9,13,2,0,4,1,0,0,40,38,0,Exec-managerial,Prof-specialty
59,0,243612,11,9,6,4,4,0,0,0,40,38,0,Machine-op-inspct,Adm-clerical
18,4,212207,11,9,4,3,4,1,0,0,11,38,0,Farming-fishing,Adm-clerical
30,2,38848,11,9,2,0,4,1,0,0,40,38,0,Transport-moving,Sales
25,2,194897,11,9,4,3,0,1,6849,0,40,38,0,Sales,Machine-op-inspct
42,0,294431,12,14,2,0,4,1,0,0,40,38,0,Prof-specialty,Craft-repair
35,2,112077,11,9,2,0,4,1,5013,0,40,38,0,Handlers-cleaners,Craft-repair
20,2,270436,11,9,4,3,4,1,0,0,40,38,0,Machine-op-inspct,Sales
49,2,165152,11,9,2,0,4,1,0,0,48,38,1,Sales,Machine-op-inspct
36,2,103605,11,9,2,0,4,1,0,0,40,38,0,Handlers-cleaners,Machine-op-inspct
20,2,180497,11,9,4,1,2,0,0,0,40,38,0,Other-service,Sales
59,2,277034,11,9,0,4,4,1,0,0,60,38,1,Tech-support,Craft-repair
21,2,163870,15,10,4,3,4,1,0,0,40,38,0,Adm-clerical,Adm-clerical
39,2,456922,9,13,0,1,4,1,0,0,40,38,0,Tech-support,Prof-specialty
39,2,314007,0,6,2,0,4,1,0,2051,40,38,0,Craft-repair,Craft-repair
33,2,312055,9,13,4,1,4,1,0,0,40,38,0,Exec-managerial,Prof-specialty
47,2,183522,15,10,2,5,2,0,0,0,40,38,1,Exec-managerial,Adm-clerical
38,2,129591,15,10,2,0,4,1,0,0,40,38,0,Craft-repair,Craft-repair
26,2,456618,15,10,4,3,4,1,2597,0,40,38,0,Adm-clerical,Other-service
37,3,395831,9,13,2,0,4,1,0,0,80,38,1,Exec-managerial,Prof-specialty
21,5,99199,12,14,4,3,4,1,0,0,15,38,0,Transport-moving,Prof-specialty
39,2,409189,4,3,2,0,4,1,0,0,40,25,0,Other-service,Craft-repair
28,2,115549,15,10,4,3,4,1,0,0,60,38,0,Machine-op-inspct,Craft-repair
37,4,241463,11,9,2,0,4,1,0,1848,65,38,1,Exec-managerial,Farming-fishing
36,0,44364,11,9,4,3,2,0,0,0,36,38,0,Adm-clerical,Adm-clerical
56,0,61885,9,13,4,1,2,1,0,2001,65,38,0,Transport-moving,Exec-managerial
41,2,191814,11,9,2,3,4,1,0,0,40,38,0,Adm-clerical,Craft-repair
45,0,106910,11,9,4,4,1,0,0,0,40,38,0,Transport-moving,Adm-clerical
23,3,284651,9,13,0,1,4,0,0,0,43,38,0,Sales,Prof-specialty
39,2,65382,15,10,2,0,4,1,0,0,40,38,0,Exec-managerial,Craft-repair
19,2,89397,11,9,4,3,4,1,0,0,40,38,0,Other-service,Farming-fishing
26,2,57512,11,9,4,1,4,1,0,0,40,38,0,Transport-moving,Farming-fishing
59,4,32552,11,9,2,0,4,1,0,0,48,38,0,Transport-moving,Transport-moving
53,2,89587,15,10,2,0,4,1,7298,0,45,38,1,Transport-moving,Craft-repair
26,2,193945,7,12,4,1,4,1,0,0,45,38,0,Tech-support,Sales
25,5,180884,15,10,2,5,2,0,0,0,40,38,0,Adm-clerical,Prof-specialty
40,2,197462,9,13,2,0,4,1,0,0,40,38,1,Tech-support,Adm-clerical
43,2,313181,11,9,0,2,2,1,0,0,38,38,0,Adm-clerical,Machine-op-inspct
32,4,410615,11,9,2,0,4,1,0,1887,60,38,1,Transport-moving,Sales
30,2,156718,15,10,5,1,4,0,0,0,40,38,0,Adm-clerical,Sales
30,4,609789,8,11,4,1,4,1,0,0,40,38,0,Craft-repair,Prof-specialty
29,2,192924,8,11,0,1,4,0,0,0,40,38,0,Adm-clerical,Adm-clerical
32,2,167990,11,9,2,0,4,1,0,0,40,20,0,Exec-managerial,Sales
51,2,147200,11,9,4,1,2,0,0,0,40,38,0,Adm-clerical,Other-service
45,0,56904,9,13,2,0,4,1,5013,0,45,38,0,Adm-clerical,Prof-specialty
57,4,437281,15,10,2,0,4,1,0,0,38,38,1,Tech-support,Craft-repair
26,2,195555,9,13,4,1,4,0,0,0,40,38,0,Sales,Exec-managerial
30,2,160634,8,11,4,3,4,1,0,0,40,38,1,Craft-repair,Craft-repair
22,2,226508,9,13,4,3,4,0,0,0,50,38,0,Exec-managerial,Exec-managerial
33,2,125249,11,9,5,3,4,0,0,0,40,38,0,Protective-serv,Machine-op-inspct
43,2,35210,15,10,0,4,4,0,0,0,40,38,0,Adm-clerical,Adm-clerical
44,2,216907,7,12,2,0,4,1,0,1848,40,38,1,Craft-repair,Craft-repair
41,2,306405,15,10,2,5,4,0,0,0,40,38,0,Tech-support,Other-service
40,2,26892,9,13,2,0,4,1,0,0,40,38,1,Adm-clerical,Prof-specialty
18,2,283637,15,10,4,1,4,1,0,0,40,38,0,Adm-clerical,Adm-clerical
23,2,257683,9,13,4,3,4,1,0,0,40,38,0,Prof-specialty,Machine-op-inspct
40,2,63745,8,11,4,1,4,0,0,0,40,38,0,Adm-clerical,Adm-clerical
25,2,153841,15,10,4,3,4,0,0,0,40,38,0,Adm-clerical,Sales
26,2,147638,9,13,4,2,1,0,0,0,40,16,0,Adm-clerical,Adm-clerical
46,2,198774,12,14,0,4,4,0,0,323,45,38,0,Exec-managerial,Prof-specialty
50,2,358740,11,9,0,4,4,0,0,0,40,8,0,Adm-clerical,Adm-clerical
40,2,329924,11,9,5,1,2,1,0,0,30,38,0,Handlers-cleaners,Handlers-cleaners
41,0,36651,12,14,2,0,4,1,0,1848,40,38,1,Exec-managerial,Prof-specialty
45,0,88564,15,10,2,0,4,1,7688,0,40,38,1,Exec-managerial,Tech-support
62,4,182998,5,4,2,0,4,1,0,0,10,38,0,Craft-repair,Sales
37,2,224947,8,11,4,1,4,1,0,0,40,38,0,Other-service,Craft-repair
80,2,148623,14,15,2,0,4,1,0,0,35,38,1,Prof-specialty,Prof-specialty
18,2,183930,11,9,4,3,4,1,0,0,12,38,0,Other-service,Other-service
34,2,321709,11,9,4,1,4,0,0,0,28,38,0,Other-service,Other-service
31,2,217460,9,13,2,0,4,1,0,0,40,38,1,Exec-managerial,Exec-managerial
36,2,129591,11,9,4,1,4,1,0,0,40,38,0,Other-service,Craft-repair
60,2,159049,14,15,2,0,4,1,0,0,70,10,1,Prof-specialty,Prof-specialty
32,2,159187,8,11,4,1,4,1,0,0,40,38,0,Prof-specialty,Prof-specialty
40,1,293809,9,13,2,0,4,1,0,0,20,38,0,Prof-specialty,Prof-specialty
26,0,48099,9,13,4,1,4,0,0,0,40,38,0,Exec-managerial,Prof-specialty
28,2,156300,12,14,4,1,2,0,0,0,45,38,0,Exec-managerial,Prof-specialty
28,2,211184,15,10,4,1,4,0,0,0,50,38,0,Sales,Adm-clerical
50,2,104501,11,9,2,0,4,1,0,0,40,38,1,Craft-repair,Craft-repair
47,1,154033,15,10,0,1,4,0,0,1876,40,38,0,Prof-specialty,Adm-clerical
58,3,183870,0,6,2,5,4,0,0,0,40,38,0,Transport-moving,Other-service
32,2,473133,12,14,2,0,4,1,0,0,40,38,1,Prof-specialty,Prof-specialty
41,2,167106,9,13,2,0,1,1,3103,0,35,29,1,Adm-clerical,Exec-managerial
46,2,176552,1,7,0,4,0,1,0,0,40,38,1,Prof-specialty,Transport-moving
19,2,405526,11,9,4,3,4,1,0,0,40,38,0,Handlers-cleaners,Craft-repair
39,2,19914,15,10,0,4,0,0,0,0,40,38,0,Adm-clerical,Adm-clerical
39,2,80324,15,10,2,0,4,1,0,1977,62,38,1,Exec-managerial,Transport-moving
43,2,118001,5,4,5,1,2,1,0,0,40,38,0,Farming-fishing,Transport-moving
30,2,214063,15,10,4,2,2,1,0,0,72,38,0,Farming-fishing,Sales
49,4,343742,0,6,4,1,2,1,0,0,32,38,0,Craft-repair,Craft-repair
33,3,40444,15,10,2,0,4,1,0,0,40,38,0,Exec-managerial,Craft-repair
59,2,192983,11,9,5,1,4,0,0,0,40,38,0,Other-service,Craft-repair
31,5,123037,15,10,4,1,4,1,0,0,13,38,0,Tech-support,Craft-repair
24,2,259865,11,9,4,1,4,0,0,0,30,38,0,Adm-clerical,Other-service
35,2,87556,12,14,4,1,4,1,0,0,45,38,1,Prof-specialty,Exec-managerial
17,2,108273,0,6,4,3,4,0,0,0,12,38,0,Sales,Sales
57,2,226875,5,4,2,0,4,1,0,0,50,38,0,Sales,Farming-fishing
24,2,100321,15,10,0,1,4,1,0,0,48,38,0,Craft-repair,Other-service
26,2,135845,15,10,4,1,4,0,0,0,37,38,0,Sales,Sales
23,2,35633,15,10,4,1,4,1,0,0,40,38,0,Sales,Sales
33,1,115488,9,13,2,0,4,1,0,0,50,38,0,Prof-specialty,Prof-specialty
41,2,151504,9,13,2,0,4,1,7688,0,50,38,1,Exec-managerial,Sales
60,2,225014,11,9,0,1,4,0,0,0,40,38,0,Other-service,Adm-clerical
62,2,81534,15,10,2,0,1,1,0,0,40,38,1,Sales,Sales
30,2,172304,8,11,2,0,4,1,0,0,55,38,0,Exec-managerial,Craft-repair
23,2,170070,2,8,4,1,4,0,0,0,38,38,0,Other-service,Sales
43,4,316820,15,10,2,0,4,1,0,0,84,38,0,Farming-fishing,Farming-fishing
66,2,234743,15,10,2,0,4,1,0,0,24,38,0,Exec-managerial,Sales
51,2,508891,11,9,0,3,2,1,0,0,40,38,0,Machine-op-inspct,Craft-repair
48,2,73434,11,9,2,5,4,0,0,0,40,10,1,Adm-clerical,Adm-clerical
40,2,128700,15,10,0,4,4,0,0,0,40,38,0,Adm-clerical,Adm-clerical
36,2,208358,14,15,0,1,4,1,99999,0,45,38,1,Prof-specialty,Prof-specialty
42,2,126098,11,9,5,4,2,0,0,0,40,38,0,Craft-repair,Machine-op-inspct
30,2,95299,11,9,2,0,1,1,0,0,40,39,1,Machine-op-inspct,Craft-repair
47,2,199058,9,13,2,0,4,1,0,0,60,38,1,Prof-specialty,Exec-managerial
37,2,191137,7,12,0,4,4,1,0,0,25,38,0,Prof-specialty,Adm-clerical
46,2,309212,11,9,0,1,4,0,0,0,25,38,0,Priv-house-serv,Other-service
52,2,99736,12,14,0,4,4,1,15020,0,50,38,1,Prof-specialty,Exec-managerial
20,2,193586,15,10,4,1,4,0,0,0,18,38,0,Prof-specialty,Other-service
26,2,174921,9,13,4,1,4,0,0,0,40,38,0,Prof-specialty,Sales
37,2,188503,9,13,4,1,4,0,0,0,35,38,0,Adm-clerical,Adm-clerical
21,2,223811,8,11,4,3,4,1,0,0,40,38,0,Exec-managerial,Machine-op-inspct
43,2,112131,15,10,2,0,4,1,0,0,40,38,0,Exec-managerial,Protective-serv
60,2,160625,15,10,0,1,4,1,0,0,47,38,0,Craft-repair,Adm-clerical
23,2,178272,9,13,4,1,4,0,0,0,40,38,0,Prof-specialty,Adm-clerical
27,2,194652,11,9,4,3,2,1,0,0,40,38,0,Craft-repair,Handlers-cleaners
34,2,172928,11,9,2,0,4,1,0,0,65,38,0,Sales,Craft-repair
52,3,561489,12,14,0,1,2,0,0,0,50,38,0,Exec-managerial,Prof-specialty
47,2,158451,12,14,2,5,4,0,0,0,2,38,1,Prof-specialty,Prof-specialty
39,2,32146,12,14,4,1,4,1,0,0,60,38,0,Prof-specialty,Prof-specialty
68,4,234859,15,10,2,0,4,1,0,0,30,38,0,Other-service,Craft-repair
32,0,454508,9,13,2,0,4,1,0,0,40,38,0,Exec-managerial,Prof-specialty
31,2,202822,15,10,0,4,2,0,0,0,40,38,0,Adm-clerical,Adm-clerical
47,0,224559,11,9,2,0,2,1,0,0,40,38,1,Transport-moving,Transport-moving
44,2,124924,11,9,2,0,4,1,0,0,40,25,0,Exec-managerial,Farming-fishing
27,2,209891,15,10,4,1,2,1,0,0,50,38,0,Handlers-cleaners,Sales
61,2,171429,1,7,0,4,4,0,0,0,36,38,0,Other-service,Other-service
32,2,356689,11,9,0,4,4,1,3887,0,40,38,0,Adm-clerical,Craft-repair
28,2,96226,11,9,2,0,4,1,0,0,45,38,0,Craft-repair,Machine-op-inspct
36,2,592930,11,9,2,0,2,1,0,0,50,38,1,Transport-moving,Handlers-cleaners
31,2,295922,15,10,4,1,4,1,0,0,40,38,0,Adm-clerical,Protective-serv
30,2,196396,15,10,4,1,4,1,0,0,40,38,0,Machine-op-inspct,Machine-op-inspct
30,4,45427,8,11,0,1,4,1,0,0,49,38,0,Craft-repair,Craft-repair
24,2,211968,15,10,4,1,4,0,0,0,24,38,0,Sales,Exec-managerial
31,2,308540,15,10,2,0,4,1,0,0,40,38,1,Craft-repair,Exec-managerial
34,4,137223,0,6,4,3,4,0,0,0,40,38,0,Other-service,Other-service
24,4,117210,11,9,0,1,4,1,0,0,50,38,0,Craft-repair,Craft-repair
37,5,108293,7,12,0,4,4,0,0,0,38,38,0,Prof-specialty,Adm-clerical
25,2,157900,15,10,5,4,4,0,0,0,40,38,0,Adm-clerical,Adm-clerical
19,2,177945,15,10,4,3,4,1,0,0,25,38,0,Sales,Other-service
46,0,97863,8,11,2,0,4,1,5178,0,40,38,1,Adm-clerical,Craft-repair
17,5,117906,0,6,4,3,4,1,0,0,40,38,0,Farming-fishing,Other-service
47,2,117849,7,12,0,3,4,1,0,0,44,38,0,Sales,Craft-repair
50,2,164198,7,12,2,0,2,1,15024,0,45,38,1,Handlers-cleaners,Sales
20,2,211968,8,11,4,3,4,0,0,0,20,38,0,Other-service,Adm-clerical
21,2,219086,11,9,4,3,4,1,0,0,35,38,0,Other-service,Other-service
22,2,99829,15,10,4,3,4,0,0,0,30,38,0,Machine-op-inspct,Other-service
22,2,163911,15,10,4,3,4,0,0,0,20,38,0,Adm-clerical,Sales
34,2,185063,15,10,2,0,4,1,0,0,45,38,1,Machine-op-inspct,Sales
42,4,178780,12,14,2,0,4,1,0,0,50,38,1,Exec-managerial,Exec-managerial
30,2,112115,11,9,2,0,4,1,0,0,60,20,1,Machine-op-inspct,Other-service
51,4,120781,14,15,2,0,3,1,99999,0,70,18,1,Prof-specialty,Prof-specialty
63,2,43313,0,6,2,0,4,1,0,0,40,38,0,Craft-repair,Other-service
27,2,81540,11,9,2,0,4,1,0,0,40,38,1,Craft-repair,Transport-moving
27,2,181659,11,9,2,0,4,1,0,0,40,38,0,Machine-op-inspct,Handlers-cleaners
44,2,204235,11,9,2,0,4,1,0,0,40,38,0,Transport-moving,Machine-op-inspct
36,2,165799,12,14,2,0,4,1,0,0,50,38,1,Sales,Exec-managerial
59,2,139344,15,10,2,5,4,0,0,0,40,38,1,Adm-clerical,Sales
32,2,255424,9,13,2,0,4,1,0,0,60,38,1,Sales,Sales
28,4,112403,9,13,4,3,4,1,0,0,40,38,0,Protective-serv,Prof-specialty
34,2,209317,11,9,2,0,4,1,0,0,40,32,0,Transport-moving,Transport-moving
56,2,129836,11,9,2,5,4,0,0,0,10,38,0,Other-service,Sales
60,2,187458,5,4,2,0,4,1,0,0,40,38,0,Craft-repair,Craft-repair
38,2,34996,15,10,5,4,4,0,0,0,40,38,0,Other-service,Prof-specialty
23,2,481175,15,10,4,3,3,1,0,0,24,28,0,Exec-managerial,Adm-clerical
45,2,99355,11,9,2,0,2,1,0,0,40,38,1,Protective-serv,Adm-clerical
17,2,132680,0,6,4,3,4,0,0,1602,10,38,0,Other-service,Other-service
38,4,129573,12,14,4,1,4,1,0,0,40,38,1,Prof-specialty,Exec-managerial
53,2,324568,1,7,2,0,4,1,0,0,45,38,0,Craft-repair,Craft-repair
33,2,100135,11,9,2,5,4,0,0,1740,25,38,0,Adm-clerical,Other-service
30,2,171598,9,13,3,1,4,0,0,0,50,38,0,Sales,Exec-managerial
19,4,137578,11,9,4,3,4,1,0,0,53,38,0,Other-service,Farming-fishing
39,2,91367,12,14,2,0,4,1,0,1848,45,38,1,Exec-managerial,Prof-specialty
50,2,134766,9,13,2,0,4,1,0,1902,50,38,1,Exec-managerial,Exec-managerial
42,2,296982,15,10,0,4,4,1,0,0,40,38,0,Sales,Craft-repair
41,2,353541,11,9,2,0,4,1,0,0,40,25,0,Machine-op-inspct,Other-service
41,2,206066,15,10,2,0,4,1,0,0,40,38,0,Machine-op-inspct,Craft-repair
27,2,189589,15,10,0,1,4,0,0,0,40,38,0,Tech-support,Adm-clerical
39,3,188069,8,11,2,0,4,1,0,0,60,38,1,Exec-managerial,Sales
54,2,111469,15,10,0,1,4,0,0,0,40,38,0,Exec-managerial,Adm-clerical
28,2,190525,12,14,4,3,4,1,0,0,40,38,0,Prof-specialty,Prof-specialty
60,2,26756,11,9,6,1,4,0,0,0,50,38,0,Sales,Priv-house-serv
49,4,182752,10,16,2,5,4,0,0,0,35,38,1,Prof-specialty,Prof-specialty
29,2,133696,9,13,4,1,4,1,8614,0,45,38,1,Prof-specialty,Exec-managerial
62,2,167098,9,13,2,0,4,1,0,0,40,38,1,Exec-managerial,Exec-managerial
39,2,184659,11,9,2,0,4,1,0,0,40,38,0,Machine-op-inspct,Exec-managerial
21,2,260617,0,6,2,0,4,1,0,0,36,38,0,Machine-op-inspct,Handlers-cleaners
35,3,187046,12,14,2,0,4,1,0,0,50,38,0,Adm-clerical,Prof-specialty
33,2,92865,15,10,4,3,4,0,0,0,40,38,0,Adm-clerical,Adm-clerical
64,2,292639,15,10,2,5,4,0,10566,0,35,38,0,Exec-managerial,Adm-clerical
34,2,116910,11,9,2,0,4,1,0,0,50,38,0,Craft-repair,Prof-specialty
37,2,169426,11,9,2,0,4,1,0,0,60,38,1,Craft-repair,Adm-clerical
68,2,144056,11,9,2,0,4,1,3818,0,40,38,0,Adm-clerical,Sales
43,2,160246,15,10,0,4,2,0,0,0,40,38,0,Prof-specialty,Adm-clerical
30,2,399522,1,7,3,4,4,0,0,0,40,38,0,Handlers-cleaners,Other-service
43,2,161226,9,13,2,0,0,1,0,0,40,38,0,Machine-op-inspct,Sales
37,0,419053,11,9,0,1,4,1,0,0,40,38,0,Craft-repair,Adm-clerical
50,4,105010,11,9,2,0,4,1,0,2051,20,38,0,Farming-fishing,Craft-repair
24,2,265567,1,7,4,3,4,1,0,0,35,38,0,Craft-repair,Craft-repair
41,2,27444,15,10,2,0,4,1,0,0,46,38,1,Adm-clerical,Sales
49,2,148549,9,13,2,0,4,1,0,1902,50,38,1,Exec-managerial,Prof-specialty
22,2,141698,11,9,4,3,4,1,0,0,40,38,0,Craft-repair,Handlers-cleaners
25,4,136450,7,12,2,5,4,0,0,0,35,38,1,Adm-clerical,Adm-clerical
43,0,155106,9,13,2,0,4,1,0,0,53,38,0,Handlers-cleaners,Prof-specialty
43,2,183096,15,10,5,4,4,0,0,0,10,38,0,Sales,Exec-managerial
36,2,257691,9,13,4,1,4,0,0,0,20,38,0,Sales,Adm-clerical
38,2,141550,0,6,0,1,4,1,0,0,40,38,0,Craft-repair,Transport-moving
45,3,145290,11,9,2,0,4,1,0,0,40,38,1,Other-service,Exec-managerial
38,2,203169,8,11,2,0,4,1,0,0,50,38,1,Craft-repair,Exec-managerial
59,5,202682,11,9,2,0,4,1,0,0,40,38,0,Sales,Other-service
21,2,253583,11,9,4,3,4,1,0,0,40,38,0,Handlers-cleaners,Other-service
38,5,142022,11,9,2,5,2,0,0,0,40,38,0,Adm-clerical,Adm-clerical
18,2,173255,11,9,4,3,4,1,1055,0,25,38,0,Transport-moving,Other-service
38,2,96330,8,11,0,4,2,0,0,0,40,38,0,Adm-clerical,Adm-clerical
31,2,174201,7,12,2,0,4,1,0,0,40,38,0,Exec-managerial,Craft-repair
33,2,111985,15,10,2,0,4,1,0,0,58,38,0,Craft-repair,Transport-moving
41,5,187322,9,13,4,1,4,1,0,0,40,38,0,Prof-specialty,Prof-specialty
34,2,130369,11,9,0,4,4,0,1151,0,48,10,0,Transport-moving,Machine-op-inspct
51,1,146181,6,5,2,0,2,1,0,0,40,38,0,Transport-moving,Craft-repair
53,2,238481,8,11,2,0,4,1,0,1485,40,38,0,Exec-managerial,Adm-clerical
50,2,146310,6,5,2,0,4,1,0,0,40,38,0,Machine-op-inspct,Transport-moving
48,5,130561,15,10,4,1,2,0,0,0,24,38,0,Prof-specialty,Other-service
46,1,359193,15,10,0,4,4,0,0,0,45,38,0,Adm-clerical,Adm-clerical
50,2,92969,3,2,5,4,2,0,0,0,40,38,0,Prof-specialty,Other-service
25,2,254781,9,13,4,1,4,0,0,0,40,38,0,Exec-managerial,Adm-clerical
31,2,134613,8,11,2,5,2,0,0,0,43,38,0,Exec-managerial,Adm-clerical
24,2,85088,11,9,4,3,4,0,0,1762,32,38,0,Sales,Other-service
64,3,80333,11,9,2,0,4,1,0,0,40,38,1,Exec-managerial,Exec-managerial
18,2,198616,2,8,4,3,4,1,594,0,20,38,0,Craft-repair,Other-service
26,2,206600,1,7,4,2,4,1,0,0,30,25,0,Other-service,Craft-repair
37,2,32668,9,13,2,0,4,1,0,0,43,38,1,Machine-op-inspct,Exec-managerial
59,4,325732,11,9,2,0,4,1,0,1902,52,38,1,Exec-managerial,Sales
22,2,137876,15,10,4,1,4,1,0,0,20,38,0,Protective-serv,Sales
49,2,195554,11,9,2,0,4,1,0,0,44,38,0,Transport-moving,Craft-repair
20,2,227491,11,9,4,1,1,0,0,0,25,38,0,Sales,Sales
47,2,192835,11,9,2,0,4,1,0,0,50,38,1,Adm-clerical,Transport-moving
27,2,152683,11,9,2,0,4,1,3908,0,35,38,0,Transport-moving,Craft-repair
35,2,111128,0,6,4,3,4,1,0,0,40,38,0,Adm-clerical,Craft-repair
40,1,42703,15,10,2,5,4,0,0,0,40,38,1,Adm-clerical,Adm-clerical
38,2,234962,11,9,2,0,4,1,2829,0,30,25,0,Handlers-cleaners,Craft-repair
18,2,164441,15,10,4,3,4,0,0,0,38,38,0,Adm-clerical,Other-service
26,2,137658,15,10,4,1,4,0,0,0,45,38,0,Adm-clerical,Adm-clerical
17,2,32607,0,6,4,3,4,1,0,0,20,38,0,Farming-fishing,Other-service
30,2,345898,11,9,4,1,2,1,0,0,46,38,0,Craft-repair,Machine-op-inspct
34,2,187203,7,12,4,4,4,1,0,0,50,38,0,Sales,Craft-repair
50,2,128478,11,9,2,0,4,1,0,0,60,38,1,Craft-repair,Sales
33,2,112358,15,10,4,1,4,1,0,0,32,38,0,Other-service,Sales
51,4,111939,11,9,2,0,4,1,0,0,35,38,1,Transport-moving,Sales
20,2,194630,11,9,4,1,4,1,0,0,40,38,0,Sales,Craft-repair
41,2,220694,9,13,0,1,4,1,0,0,37,38,0,Other-service,Prof-specialty
41,5,144928,9,13,2,0,4,1,0,0,40,38,1,Prof-specialty,Exec-managerial
50,5,159219,9,13,2,0,4,1,0,0,40,1,1,Exec-managerial,Exec-managerial
34,2,176831,9,13,0,4,4,0,0,0,40,38,1,Prof-specialty,Exec-managerial
31,2,202729,11,9,2,0,4,1,0,0,50,38,0,Transport-moving,Transport-moving
24,2,225515,9,13,4,1,4,0,0,0,40,38,0,Exec-managerial,Craft-repair
45,2,123681,11,9,2,0,4,1,0,0,40,38,1,Sales,Adm-clerical
45,2,26781,11,9,2,0,0,1,0,0,40,38,0,Farming-fishing,Craft-repair
41,2,45366,11,9,2,0,4,1,0,0,72,38,1,Craft-repair,Farming-fishing
25,2,122075,9,13,4,1,4,1,0,0,50,38,0,Exec-managerial,Prof-specialty
64,2,285052,15,10,6,1,4,0,0,0,10,38,0,Exec-managerial,Sales
59,2,146391,8,11,2,0,4,1,7298,0,40,38,1,Tech-support,Tech-support
25,2,247025,9,13,4,1,4,1,3325,0,48,38,0,Sales,Exec-managerial
42,4,79531,15,10,2,0,4,1,0,0,55,38,1,Exec-managerial,Craft-repair
52,1,30118,15,10,2,0,4,1,3137,0,42,38,0,Protective-serv,Adm-clerical
46,3,285335,15,10,2,0,4,1,0,0,60,38,1,Sales,Exec-managerial
36,2,342642,12,14,4,1,4,1,0,0,15,38,0,Exec-managerial,Exec-managerial
31,2,155781,9,13,2,0,4,1,0,0,40,38,1,Sales,Tech-support
63,2,176696,11,9,2,0,4,1,0,0,40,38,1,Craft-repair,Exec-managerial
35,2,206253,6,5,4,1,4,0,0,0,40,38,0,Exec-managerial,Other-service
35,5,80771,12,14,4,1,4,0,0,0,40,38,0,Prof-specialty,Prof-specialty
23,2,352139,15,10,4,1,4,0,0,0,24,38,0,Other-service,Adm-clerical
51,2,254211,9,13,2,0,4,1,0,0,20,38,1,Craft-repair,Tech-support
37,2,372525,12,14,0,4,4,1,0,0,48,38,0,Prof-specialty,Exec-managerial
38,1,162613,12,14,4,1,4,0,0,2258,60,38,0,Prof-specialty,Prof-specialty
22,2,127768,15,10,4,3,4,1,0,0,32,38,1,Other-service,Sales
20,2,184678,11,9,4,1,4,0,0,0,32,38,0,Sales,Sales
62,4,120939,15,10,0,1,4,1,0,0,40,38,0,Sales,Craft-repair
58,2,136841,9,13,2,5,4,0,99999,0,35,38,1,Prof-specialty,Adm-clerical
43,2,74581,11,9,2,0,4,1,0,0,48,38,1,Craft-repair,Machine-op-inspct
54,4,57101,11,9,2,0,4,1,0,0,35,38,0,Craft-repair,Craft-repair
36,2,181065,7,12,2,0,4,1,0,0,40,38,1,Tech-support,Adm-clerical
36,4,136028,6,5,2,0,4,1,0,0,30,38,0,Craft-repair,Craft-repair
59,2,155976,11,9,6,1,4,0,0,0,40,38,0,Adm-clerical,Adm-clerical
25,2,75759,11,9,2,0,4,1,0,0,44,38,1,Transport-moving,Transport-moving
53,2,246117,11,9,2,0,4,1,0,0,40,25,0,Craft-repair,Craft-repair
19,2,25429,15,10,4,3,4,0,0,0,16,38,0,Adm-clerical,Adm-clerical
19,5,127085,15,10,4,3,4,1,0,0,10,38,0,Other-service,Farming-fishing
21,2,141453,11,9,4,3,4,0,0,0,40,38,0,Other-service,Adm-clerical
47,2,89146,11,9,2,0,0,1,0,0,40,38,1,Transport-moving,Craft-repair
20,2,146879,11,9,4,1,4,1,0,2001,40,38,0,Other-service,Craft-repair
57,2,161964,11,9,2,0,4,1,0,0,55,38,0,Craft-repair,Transport-moving
22,2,116800,7,12,4,3,4,1,0,0,60,38,0,Protective-serv,Craft-repair
43,2,128212,4,3,2,5,1,0,0,0,40,39,1,Machine-op-inspct,Other-service
37,2,257042,11,9,0,4,4,1,1506,0,40,38,0,Craft-repair,Craft-repair
26,2,67257,9,13,6,1,4,0,0,0,55,38,0,Exec-managerial,Exec-managerial
34,2,164280,0,6,2,0,4,1,0,0,40,31,0,Handlers-cleaners,Craft-repair
36,2,179468,11,9,0,1,4,1,0,0,40,38,0,Craft-repair,Craft-repair
43,2,233851,9,13,0,1,4,0,0,0,40,38,0,Adm-clerical,Exec-managerial
51,3,162943,14,15,2,0,4,1,0,0,40,38,1,Prof-specialty,Prof-specialty
52,4,313243,11,9,2,0,4,1,0,0,55,38,1,Craft-repair,Sales
51,3,195638,15,10,5,1,4,0,0,0,40,38,0,Sales,Adm-clerical
62,1,113443,12,14,0,1,4,0,10520,0,33,38,1,Prof-specialty,Prof-specialty
53,0,130703,11,9,2,0,2,1,0,0,40,38,0,Adm-clerical,Transport-moving
28,2,269786,11,9,2,0,4,1,0,0,40,38,0,Transport-moving,Sales
32,2,164243,11,9,2,0,4,1,0,0,60,38,1,Tech-support,Transport-moving
44,2,112262,9,13,2,0,4,1,5178,0,40,38,1,Tech-support,Exec-managerial
21,2,307315,15,10,4,4,4,1,0,0,40,38,0,Adm-clerical,Craft-repair
43,2,180599,14,15,2,0,4,1,15024,0,60,38,1,Prof-specialty,Prof-specialty
59,2,159937,11,9,2,0,4,1,0,0,48,38,0,Sales,Craft-repair
49,2,142287,15,10,2,0,4,1,0,1902,50,38,1,Adm-clerical,Exec-managerial
18,2,151386,11,9,3,3,2,1,0,0,40,22,0,Other-service,Machine-op-inspct
68,2,156000,0,6,6,4,2,0,0,0,20,38,0,Other-service,Other-service
44,2,198282,12,14,2,0,4,1,15024,0,40,38,1,Exec-managerial,Prof-specialty
20,2,196643,15,10,4,3,4,1,0,0,20,38,0,Other-service,Sales
28,5,37250,9,13,4,3,4,1,0,0,16,38,0,Prof-specialty,Tech-support
39,2,188391,11,9,2,0,4,1,7298,0,50,38,1,Craft-repair,Exec-managerial
22,2,239612,11,9,4,3,4,1,0,0,20,38,0,Adm-clerical,Adm-clerical
48,4,181758,10,16,4,4,4,0,0,0,60,38,1,Prof-specialty,Prof-specialty
19,2,418176,11,9,4,1,2,1,0,0,32,38,0,Exec-managerial,Other-service
39,2,98941,9,13,4,1,4,1,0,0,40,38,1,Prof-specialty,Prof-specialty
33,2,232475,15,10,4,3,4,1,0,0,45,38,0,Sales,Exec-managerial
79,3,97082,2,8,6,1,4,1,18481,0,45,38,1,Sales,Exec-managerial
48,2,39530,11,9,0,1,4,0,0,0,40,38,0,Adm-clerical,Other-service
59,2,214052,4,3,0,4,4,0,0,0,40,38,0,Machine-op-inspct,Machine-op-inspct
28,2,133043,11,9,0,4,4,0,0,0,50,38,0,Adm-clerical,Other-service
31,5,181824,9,13,2,5,4,0,0,1902,35,38,1,Prof-specialty,Exec-managerial
39,5,218249,15,10,5,4,2,0,0,0,37,38,0,Prof-specialty,Adm-clerical
53,2,209906,3,2,2,0,2,1,0,0,35,32,0,Other-service,Craft-repair
32,2,141410,11,9,2,0,2,1,0,0,40,38,0,Machine-op-inspct,Exec-managerial
22,2,112130,11,9,4,1,2,0,0,0,40,38,0,Other-service,Adm-clerical
20,2,158206,15,10,4,1,4,1,0,0,30,38,0,Sales,Sales
54,2,155408,11,9,6,4,4,0,0,0,40,38,0,Handlers-cleaners,Adm-clerical
47,1,36169,12,14,2,0,4,1,0,0,60,38,1,Prof-specialty,Exec-managerial
73,2,301210,3,2,2,0,4,1,0,1735,20,38,0,Transport-moving,Transport-moving
34,0,436341,15,10,1,5,4,0,0,0,40,38,1,Adm-clerical,Exec-managerial
55,2,169071,15,10,0,1,4,0,0,0,20,38,0,Other-service,Adm-clerical
20,2,494784,11,9,4,2,2,0,0,0,35,38,0,Sales,Adm-clerical
68,2,211287,12,14,2,0,4,1,0,2392,40,38,1,Exec-managerial,Exec-managerial
31,2,84130,15,10,2,0,4,1,0,0,50,38,1,Adm-clerical,Sales
40,2,179508,11,9,2,0,4,1,0,0,55,38,0,Machine-op-inspct,Transport-moving
45,2,160724,11,9,2,0,1,1,0,0,40,39,0,Craft-repair,Adm-clerical
40,2,271393,7,12,0,1,4,0,0,0,40,38,0,Exec-managerial,Adm-clerical
27,2,19395,15,10,2,5,4,0,0,0,35,38,0,Handlers-cleaners,Adm-clerical
23,2,174754,15,10,4,1,4,0,0,0,30,38,0,Sales,Other-service
35,2,57640,11,9,2,0,4,1,0,0,35,38,0,Craft-repair,Exec-managerial
41,3,75742,14,15,2,0,4,1,0,0,45,7,1,Prof-specialty,Prof-specialty
35,2,330664,15,10,4,1,4,1,0,0,40,38,0,Sales,Adm-clerical
31,2,131568,5,4,0,4,4,1,0,0,20,38,0,Transport-moving,Craft-repair
54,2,162238,12,14,0,1,4,1,0,0,50,38,1,Exec-managerial,Exec-managerial
47,2,140045,11,9,5,4,4,0,0,0,40,38,0,Adm-clerical,Machine-op-inspct
25,2,108542,9,13,4,3,4,1,0,0,35,38,0,Exec-managerial,Adm-clerical
23,2,147548,11,9,0,4,4,0,0,0,30,38,0,Other-service,Other-service
24,2,218678,15,10,4,1,4,1,0,0,49,38,0,Sales,Other-service
22,2,396895,4,3,2,0,4,1,0,0,35,25,0,Craft-repair,Craft-repair
33,2,389932,11,9,0,1,2,1,0,0,55,38,0,Transport-moving,Exec-managerial
26,4,137795,9,13,2,0,4,1,0,0,20,38,0,Exec-managerial,Exec-managerial
23,2,109952,15,10,2,0,4,1,0,0,60,38,0,Craft-repair,Sales
57,2,206343,11,9,5,1,4,1,2174,0,40,4,0,Machine-op-inspct,Craft-repair
34,4,108247,14,15,2,0,4,1,0,0,55,38,1,Prof-specialty,Prof-specialty
42,2,194636,11,9,2,0,4,1,0,0,40,38,0,Sales,Handlers-cleaners
22,2,137862,15,10,4,2,4,0,0,0,16,38,0,Adm-clerical,Sales
40,5,150533,9,13,2,2,4,1,0,0,40,38,0,Prof-specialty,Prof-specialty
34,2,294064,12,14,2,0,4,1,0,0,50,9,0,Exec-managerial,Prof-specialty
29,2,246933,11,9,4,2,4,1,0,0,40,25,0,Adm-clerical,Craft-repair
30,2,105908,11,9,2,0,4,1,0,0,40,38,0,Craft-repair,Protective-serv
56,2,235197,11,9,4,1,4,0,0,0,38,38,0,Adm-clerical,Adm-clerical
51,2,99064,8,11,2,0,4,1,5013,0,40,38,0,Craft-repair,Craft-repair
69,4,76968,6,5,2,0,4,1,0,0,25,38,0,Farming-fishing,Craft-repair
38,3,269318,15,10,2,0,4,1,7298,0,40,38,1,Exec-managerial,Exec-managerial
27,2,113054,11,9,5,1,4,1,0,0,43,38,0,Machine-op-inspct,Craft-repair
32,2,169240,11,9,0,1,4,0,0,0,38,38,0,Machine-op-inspct,Other-service
34,2,299635,12,14,2,0,4,1,0,1902,50,38,1,Exec-managerial,Exec-managerial
56,4,157486,0,6,0,3,4,1,0,0,40,38,0,Sales,Craft-repair
34,2,226296,1,7,2,0,4,1,0,0,40,38,0,Handlers-cleaners,Craft-repair
27,2,100168,5,4,2,5,4,0,0,0,40,38,0,Other-service,Other-service
33,4,195891,15,10,2,0,4,1,0,0,45,38,0,Exec-managerial,Craft-repair
31,4,325355,9,13,2,5,4,0,0,1902,40,38,1,Exec-managerial,Prof-specialty
25,2,25386,8,11,4,4,0,0,0,0,40,38,0,Other-service,Adm-clerical
49,2,105449,9,13,4,1,4,1,0,0,25,38,0,Priv-house-serv,Prof-specialty
37,2,174912,11,9,5,3,4,1,0,0,40,38,0,Craft-repair,Exec-managerial
45,1,119199,7,12,0,4,4,0,0,0,48,38,0,Prof-specialty,Prof-specialty
49,4,168191,5,4,2,0,4,1,0,0,70,21,0,Other-service,Farming-fishing
30,2,369027,11,9,2,0,2,1,0,0,45,38,0,Transport-moving,Machine-op-inspct
32,2,309513,7,12,2,0,4,1,0,0,40,38,0,Craft-repair,Prof-specialty
25,2,278404,9,13,4,1,4,1,0,0,40,38,0,Prof-specialty,Adm-clerical
40,2,190290,15,10,0,1,4,1,0,0,40,38,0,Sales,Handlers-cleaners
41,4,113324,8,11,2,0,4,1,0,0,70,38,1,Farming-fishing,Farming-fishing
37,2,121772,11,9,4,1,1,1,0,0,40,16,0,Craft-repair,Other-service
40,2,272240,11,9,0,1,4,0,0,0,40,38,0,Machine-op-inspct,Other-service
19,2,159796,15,10,4,3,4,0,0,0,12,38,0,Other-service,Adm-clerical
18,2,414721,1,7,4,3,2,1,0,1602,23,38,0,Other-service,Craft-repair
51,2,40641,15,10,2,0,4,1,0,0,60,38,1,Exec-managerial,Sales
57,4,315460,14,15,2,0,4,1,0,0,36,38,0,Prof-specialty,Prof-specialty
51,1,123325,14,15,6,1,4,0,0,0,40,38,0,Prof-specialty,Prof-specialty
40,2,191544,11,9,4,1,4,0,0,0,35,38,0,Other-service,Other-service
30,1,118500,9,13,4,1,4,0,0,0,40,38,0,Prof-specialty,Prof-specialty
67,4,345236,9,13,2,0,4,1,0,0,55,38,0,Exec-managerial,Exec-managerial
41,1,90692,11,9,0,4,1,0,0,0,40,38,0,Prof-specialty,Adm-clerical
21,2,118023,11,9,4,3,4,1,0,0,24,38,0,Farming-fishing,Handlers-cleaners
40,0,112388,12,14,4,1,4,1,0,0,40,38,0,Prof-specialty,Prof-specialty
81,2,122651,15,10,2,0,4,1,0,0,15,38,0,Sales,Prof-specialty
50,1,320386,7,12,0,1,4,0,0,0,40,38,0,Prof-specialty,Prof-specialty
23,2,315065,0,6,4,4,4,1,0,0,60,25,0,Other-service,Farming-fishing
34,2,33945,11,9,0,1,4,1,6849,0,55,38,0,Craft-repair,Craft-repair
52,2,117295,3,2,2,0,4,1,0,0,50,38,1,Exec-managerial,Transport-moving
52,2,61735,1,7,2,0,4,1,0,0,40,38,0,Other-service,Craft-repair
47,2,61885,9,13,2,0,4,1,15024,0,50,38,1,Prof-specialty,Exec-managerial
54,2,200783,15,10,2,0,4,1,0,0,40,38,0,Sales,Farming-fishing
20,2,238685,15,10,4,1,4,0,0,0,30,38,0,Sales,Other-service
22,2,138513,15,10,4,3,4,1,0,0,40,38,0,Craft-repair,Sales
47,2,358465,15,10,0,1,4,0,0,0,40,38,0,Adm-clerical,Machine-op-inspct
33,2,199170,15,10,4,1,2,1,0,0,40,38,0,Craft-repair,Prof-specialty
39,2,214896,11,9,5,1,4,0,0,0,40,7,0,Other-service,Other-service
43,4,187322,11,9,0,4,4,1,0,0,45,38,0,Other-service,Craft-repair
23,2,46561,11,9,0,1,4,1,0,0,60,38,0,Craft-repair,Transport-moving
52,4,194791,15,10,2,0,4,1,0,0,40,38,0,Craft-repair,Transport-moving
45,0,235891,7,12,4,1,4,1,0,0,40,3,0,Adm-clerical,Adm-clerical
51,2,84278,9,13,2,0,4,1,0,0,55,38,1,Prof-specialty,Exec-managerial
37,4,607848,9,13,2,0,4,1,0,0,40,38,1,Tech-support,Prof-specialty
28,2,246595,11,9,4,3,4,1,0,0,70,38,0,Craft-repair,Sales
41,2,225193,11,9,2,0,4,1,0,0,40,38,0,Sales,Craft-repair
27,5,23740,11,9,4,1,0,1,0,0,38,38,1,Transport-moving,Transport-moving
38,2,51100,9,13,0,1,4,1,3325,0,40,38,0,Exec-managerial,Prof-specialty
55,2,387569,11,9,2,0,4,1,4386,0,40,38,1,Craft-repair,Sales
28,2,100829,9,13,2,5,4,0,0,0,50,38,1,Exec-managerial,Exec-managerial
52,3,77392,11,9,2,0,4,1,0,0,60,38,0,Farming-fishing,Farming-fishing
53,2,288020,9,13,2,0,1,1,0,0,40,23,0,Prof-specialty,Adm-clerical
45,2,347321,11,9,4,1,4,1,0,0,40,38,0,Craft-repair,Sales
46,2,192208,0,6,2,0,4,1,0,0,45,38,0,Craft-repair,Craft-repair
23,2,176724,1,7,2,0,4,1,0,0,40,32,0,Machine-op-inspct,Craft-repair
34,2,196385,8,11,2,0,4,1,0,0,40,38,0,Exec-managerial,Machine-op-inspct
28,3,115705,15,10,4,1,4,1,0,0,50,38,0,Exec-managerial,Sales
40,3,169878,7,12,2,5,4,0,0,0,40,38,1,Exec-managerial,Exec-managerial
27,2,159897,11,9,4,1,2,0,0,0,37,38,0,Exec-managerial,Other-service
69,2,168139,11,9,2,5,4,0,0,0,40,38,0,Sales,Adm-clerical
25,2,181528,12,14,4,1,4,0,0,0,43,38,0,Exec-managerial,Prof-specialty
31,2,269654,9,13,4,1,4,1,0,0,48,38,0,Sales,Sales
20,2,203240,7,12,4,1,4,0,0,0,30,38,0,Adm-clerical,Adm-clerical
59,2,177120,6,5,2,0,4,1,0,0,40,38,0,Other-service,Machine-op-inspct
28,2,375313,11,9,4,1,1,1,0,0,50,38,0,Tech-support,Machine-op-inspct
18,2,120544,6,5,4,3,2,1,0,0,15,38,0,Other-service,Other-service
50,2,171924,9,13,2,0,4,1,0,0,43,38,1,Prof-specialty,Exec-managerial
30,2,167990,14,15,2,0,4,1,0,0,60,38,1,Prof-specialty,Prof-specialty
38,2,156728,9,13,2,0,4,1,0,0,56,38,0,Adm-clerical,Transport-moving
36,2,112497,6,5,2,3,4,1,0,0,50,38,1,Sales,Craft-repair
66,4,182470,14,15,2,0,4,1,0,0,25,38,1,Prof-specialty,Prof-specialty
27,2,190525,11,9,4,1,4,1,0,0,50,38,1,Sales,Sales
33,2,104525,11,9,2,0,4,1,0,0,40,38,0,Handlers-cleaners,Craft-repair
49,2,452402,15,10,5,4,2,0,0,0,60,38,0,Exec-managerial,Exec-managerial
31,2,184306,8,11,4,3,4,1,0,1980,60,38,0,Transport-moving,Sales
36,2,114605,8,11,2,0,4,1,0,0,40,38,1,Adm-clerical,Tech-support
47,2,102569,9,13,2,0,4,1,0,0,40,38,1,Adm-clerical,Exec-managerial
20,2,243878,15,10,4,3,4,1,0,0,40,38,0,Craft-repair,Other-service
17,2,225106,0,6,4,3,4,0,0,1602,18,38,0,Other-service,Other-service
45,2,26502,9,13,2,0,4,1,0,0,72,38,1,Craft-repair,Prof-specialty
25,2,208117,9,13,4,2,4,1,0,0,40,38,0,Prof-specialty,Adm-clerical
55,2,213894,1,7,5,4,2,0,0,0,40,38,0,Adm-clerical,Other-service
31,2,212235,15,10,4,1,4,1,0,0,45,38,0,Sales,Sales
38,2,32916,15,10,2,0,4,1,0,0,45,38,0,Exec-managerial,Craft-repair
28,2,190367,11,9,2,0,4,1,0,0,45,38,0,Machine-op-inspct,Machine-op-inspct
35,4,350247,14,15,2,0,4,1,0,0,50,38,1,Prof-specialty,Prof-specialty
23,0,216853,8,11,2,0,4,1,0,0,25,38,0,Handlers-cleaners,Adm-clerical
41,2,95047,8,11,2,5,4,0,7688,0,44,38,1,Adm-clerical,Exec-managerial
29,2,164711,15,10,4,2,4,1,0,0,40,38,0,Handlers-cleaners,Machine-op-inspct
65,4,37092,8,11,2,0,4,1,0,0,25,38,0,Farming-fishing,Farming-fishing
38,2,98360,12,14,2,0,4,1,0,0,40,38,1,Prof-specialty,Exec-managerial
40,2,201764,11,9,0,1,4,1,0,0,40,38,0,Craft-repair,Craft-repair
36,2,68273,9,13,2,0,4,1,0,0,40,38,1,Sales,Exec-managerial
47,1,324791,12,14,2,0,4,1,0,1887,50,38,1,Prof-specialty,Exec-managerial
47,4,274800,9,13,2,0,4,1,0,0,60,38,0,Prof-specialty,Sales
50,2,221791,7,12,2,0,2,1,0,0,40,38,0,Tech-support,Sales
39,2,172855,11,9,0,4,2,0,0,0,40,38,0,Adm-clerical,Adm-clerical
31,2,197252,5,4,2,0,4,1,0,0,40,25,0,Other-service,Transport-moving
44,2,187821,9,13,2,0,4,1,0,0,55,38,0,Transport-moving,Exec-managerial
58,3,143266,9,13,2,0,4,1,0,0,40,38,0,Prof-specialty,Adm-clerical
26,2,459548,11,9,4,1,4,1,0,0,20,25,0,Handlers-cleaners,Other-service
49,1,46537,11,9,0,1,4,0,594,0,10,38,0,Adm-clerical,Adm-clerical
53,2,55139,11,9,4,1,4,1,0,0,10,38,0,Farming-fishing,Machine-op-inspct
36,2,218490,7,12,2,0,4,1,0,0,35,38,0,Craft-repair,Craft-repair
50,4,172281,11,9,2,0,4,1,7688,0,50,38,1,Exec-managerial,Craft-repair
28,2,201861,15,10,2,0,4,1,0,0,45,38,0,Machine-op-inspct,Protective-serv
44,2,278476,15,10,2,0,4,1,0,0,60,38,1,Sales,Craft-repair
24,2,653574,11,9,4,3,4,1,0,0,40,7,0,Craft-repair,Other-service
59,2,144092,11,9,2,0,4,1,0,0,40,38,0,Craft-repair,Craft-repair
38,2,377486,11,9,4,1,4,1,0,0,36,38,0,Craft-repair,Other-service
53,2,312446,9,13,2,0,4,1,0,0,60,38,1,Exec-managerial,Prof-specialty
37,2,186934,1,7,2,0,4,1,3103,0,44,38,1,Machine-op-inspct,Handlers-cleaners
38,2,186359,15,10,2,0,4,1,0,0,40,38,1,Exec-managerial,Craft-repair
47,2,362835,9,13,2,0,4,1,0,0,60,38,1,Sales,Prof-specialty
56,2,37394,12,14,2,0,4,1,0,0,40,38,0,Exec-managerial,Exec-managerial
44,4,343190,15,10,2,0,4,1,0,1887,55,38,1,Craft-repair,Sales
43,2,124692,9,13,2,0,4,1,0,0,40,38,1,Sales,Exec-managerial
24,2,88095,15,10,4,1,4,0,0,0,24,25,0,Machine-op-inspct,Adm-clerical
37,4,348960,7,12,2,0,4,1,0,0,50,38,1,Transport-moving,Exec-managerial
49,2,242987,9,13,2,0,4,1,0,0,40,3,0,Prof-specialty,Prof-specialty
36,4,36270,11,9,0,1,4,1,0,0,60,38,0,Transport-moving,Farming-fishing
42,2,24982,15,10,2,0,4,1,7688,0,40,38,1,Craft-repair,Sales
26,2,238367,11,9,4,1,4,1,0,0,40,38,0,Craft-repair,Handlers-cleaners
33,2,203488,15,10,0,1,4,1,0,0,40,38,0,Sales,Prof-specialty
44,2,165599,11,9,2,0,4,1,0,0,48,38,0,Machine-op-inspct,Craft-repair
57,0,278763,11,9,0,4,4,0,0,0,40,38,0,Adm-clerical,Adm-clerical
30,4,180859,15,10,4,3,4,1,0,0,8,38,0,Craft-repair,Sales
38,2,154410,11,9,2,0,4,1,0,2051,40,30,0,Craft-repair,Craft-repair
30,2,149118,11,9,0,1,4,0,0,0,40,38,0,Craft-repair,Adm-clerical
45,5,50567,11,9,2,5,4,0,0,0,40,38,0,Exec-managerial,Other-service
24,2,197387,11,9,4,3,4,1,0,0,40,25,0,Other-service,Machine-op-inspct
50,2,196975,11,9,2,0,4,1,0,0,40,38,1,Craft-repair,Craft-repair
43,2,54611,11,9,0,1,4,1,0,0,60,38,0,Transport-moving,Transport-moving
39,2,176335,12,14,2,0,4,1,7688,0,65,38,1,Exec-managerial,Prof-specialty
29,2,160512,11,9,5,3,4,0,0,0,40,38,0,Adm-clerical,Adm-clerical
54,5,197184,9,13,2,0,4,1,0,0,38,38,0,Exec-managerial,Adm-clerical
19,2,109854,11,9,4,3,4,0,0,0,40,38,0,Adm-clerical,Other-service
30,1,319280,11,9,2,0,4,1,0,0,40,38,1,Protective-serv,Craft-repair
25,2,267284,11,9,4,2,4,1,0,0,40,38,0,Handlers-cleaners,Other-service
42,0,31621,7,12,0,1,4,0,0,0,40,38,0,Adm-clerical,Prof-specialty
45,2,99179,1,7,6,4,4,0,0,0,40,38,0,Adm-clerical,Handlers-cleaners
23,2,104443,15,10,4,3,4,0,0,0,40,38,0,Adm-clerical,Protective-serv
51,0,163671,9,13,2,0,4,1,0,1902,40,38,0,Exec-managerial,Prof-specialty
55,5,199713,9,13,2,0,4,1,0,0,15,38,0,Prof-specialty,Exec-managerial
28,2,286452,0,6,4,4,4,0,0,0,40,38,0,Machine-op-inspct,Other-service
33,2,319854,9,13,5,1,4,1,4650,0,35,38,0,Prof-specialty,Prof-specialty
52,2,188644,4,3,3,2,4,1,0,0,40,25,0,Craft-repair,Craft-repair
60,2,54800,11,9,2,5,4,0,0,0,40,38,0,Other-service,Adm-clerical
23,2,128604,11,9,4,3,1,1,0,0,48,34,0,Sales,Craft-repair
22,5,347803,15,10,4,1,3,1,0,0,20,38,0,Adm-clerical,Other-service
29,2,227890,11,9,4,2,2,1,0,0,40,38,0,Protective-serv,Craft-repair
56,4,51662,1,7,2,5,4,0,0,0,40,38,0,Other-service,Other-service
18,2,167147,2,8,4,3,4,1,0,0,24,38,0,Sales,Other-service
36,2,197202,11,9,2,0,2,1,0,0,40,38,0,Other-service,Transport-moving
47,2,186534,11,9,2,0,4,1,0,0,55,38,1,Sales,Transport-moving
49,2,125421,11,9,2,5,4,0,0,0,40,38,1,Craft-repair,Other-service
48,2,173938,11,9,2,0,4,1,0,0,60,38,0,Exec-managerial,Transport-moving
24,0,130534,9,13,4,1,4,1,0,0,40,38,0,Exec-managerial,Prof-specialty
46,2,265266,9,13,2,0,4,1,0,1902,40,38,1,Prof-specialty,Sales
34,1,124827,15,10,2,0,4,1,0,0,40,38,1,Exec-managerial,Protective-serv
46,2,184632,8,11,2,0,4,1,0,0,50,38,0,Craft-repair,Craft-repair
31,2,182162,11,9,2,5,4,0,0,0,37,38,0,Adm-clerical,Tech-support
29,2,200515,15,10,2,0,4,1,0,0,38,38,0,Machine-op-inspct,Exec-managerial
54,2,123011,15,10,2,0,4,1,0,0,45,38,1,Sales,Exec-managerial
44,3,121352,15,10,2,0,4,1,0,0,50,38,0,Exec-managerial,Exec-managerial
32,5,167049,2,8,4,4,4,0,0,0,40,38,0,Adm-clerical,Other-service
43,5,125405,11,9,2,0,4,1,0,0,40,38,0,Protective-serv,Protective-serv
50,2,55527,7,12,0,1,2,1,0,0,45,38,0,Craft-repair,Craft-repair
39,3,163057,15,10,0,1,4,1,0,0,99,38,0,Craft-repair,Craft-repair
22,2,306967,15,10,4,1,4,0,0,0,25,38,0,Adm-clerical,Other-service
37,2,117567,9,13,2,0,4,1,0,0,60,38,1,Exec-managerial,Sales
45,2,371886,9,13,4,1,4,1,0,0,46,38,0,Prof-specialty,Sales
56,2,340171,11,9,2,0,2,1,0,0,40,38,0,Transport-moving,Craft-repair
68,2,161744,0,6,2,0,4,1,0,0,16,38,0,Sales,Sales
22,2,140001,9,13,4,1,4,1,0,0,40,38,0,Adm-clerical,Sales
27,2,191822,11,9,2,5,4,0,0,0,50,38,0,Sales,Adm-clerical
56,3,98418,14,15,2,0,4,1,99999,0,40,38,1,Prof-specialty,Prof-specialty
29,2,181822,9,13,4,1,4,1,0,0,40,38,0,Sales,Craft-repair
62,2,77884,4,3,2,0,1,1,0,0,40,29,0,Farming-fishing,Other-service
39,2,176634,7,12,4,1,4,0,0,0,40,38,0,Tech-support,Adm-clerical
33,2,130021,11,9,2,0,4,1,0,0,40,38,0,Transport-moving,Craft-repair
77,3,84979,10,16,2,0,4,1,20051,0,40,38,1,Farming-fishing,Exec-managerial
29,3,241431,10,16,2,0,4,1,0,0,35,38,1,Prof-specialty,Prof-specialty
56,2,169133,11,9,2,0,4,1,0,0,50,40,0,Other-service,Craft-repair
57,2,225927,0,6,2,0,4,1,0,0,40,38,0,Machine-op-inspct,Craft-repair
43,2,326379,11,9,0,1,4,1,0,0,40,38,0,Craft-repair,Machine-op-inspct
37,2,401998,11,9,6,4,4,0,0,0,20,38,0,Machine-op-inspct,Other-service
59,3,200453,12,14,2,0,4,1,0,0,40,38,0,Sales,Prof-specialty
25,2,197651,15,10,4,3,4,0,0,0,43,38,0,Tech-support,Tech-support
49,2,203067,15,10,2,0,4,1,0,0,40,38,1,Prof-specialty,Sales
37,2,143771,11,9,2,0,4,1,0,0,60,38,1,Exec-managerial,Craft-repair
44,2,139338,2,8,0,4,2,1,0,0,40,38,0,Transport-moving,Transport-moving
63,2,96299,11,9,0,4,4,1,0,0,45,38,1,Transport-moving,Craft-repair
32,2,206609,9,13,2,0,4,1,0,0,60,38,1,Exec-managerial,Sales
71,2,110380,11,9,2,0,4,1,0,2467,52,38,0,Sales,Craft-repair
25,2,220220,1,7,4,3,4,1,0,0,45,38,0,Handlers-cleaners,Craft-repair
55,1,219775,11,9,0,4,4,0,0,0,38,38,0,Other-service,Adm-clerical
41,3,112262,11,9,2,0,4,1,0,0,50,38,0,Craft-repair,Exec-managerial
30,2,112115,9,13,2,0,4,1,0,0,50,38,1,Exec-managerial,Sales
65,2,171584,9,13,4,1,4,1,0,0,40,38,0,Exec-managerial,Prof-specialty
33,2,357954,11,9,2,0,4,1,0,0,35,18,0,Handlers-cleaners,Craft-repair
57,1,190561,11,9,0,1,2,0,0,0,30,38,0,Handlers-cleaners,Adm-clerical
42,2,173938,11,9,5,3,4,0,0,0,40,38,0,Sales,Machine-op-inspct
80,4,562336,11,9,2,0,4,1,0,0,20,38,0,Farming-fishing,Sales
29,4,178551,11,9,2,0,4,1,0,0,40,38,0,Craft-repair,Craft-repair
36,5,77146,12,14,4,1,4,1,0,0,40,38,0,Prof-specialty,Prof-specialty
25,2,36984,9,13,4,1,4,0,0,0,50,38,0,Prof-specialty,Exec-managerial
36,2,174938,9,13,2,0,4,1,0,1887,50,38,1,Prof-specialty,Exec-managerial
21,5,151790,15,10,4,3,4,0,0,0,30,38,0,Adm-clerical,Adm-clerical
32,2,248754,15,10,2,0,4,1,0,0,40,38,0,Machine-op-inspct,Craft-repair
52,2,108914,11,9,2,0,4,1,0,0,40,38,1,Sales,Craft-repair
50,1,138358,15,10,5,4,2,0,0,0,28,38,0,Other-service,Adm-clerical
46,0,341762,9,13,2,0,4,1,7688,0,45,38,1,Prof-specialty,Exec-managerial
41,5,106900,12,14,2,0,4,1,7298,0,60,38,1,Prof-specialty,Exec-managerial
52,0,123011,11,9,0,1,4,1,0,0,45,38,0,Adm-clerical,Adm-clerical
20,2,262749,15,10,4,3,4,1,0,0,35,38,0,Other-service,Other-service
20,5,223515,7,12,4,3,4,1,0,1719,20,38,0,Other-service,Handlers-cleaners
34,2,286675,11,9,2,0,4,1,0,0,40,38,0,Transport-moving,Craft-repair
19,2,200136,15,10,4,3,4,0,0,0,20,38,0,Sales,Sales
30,2,142675,2,8,2,0,4,1,0,0,50,38,0,Craft-repair,Craft-repair
46,1,238162,7,12,2,0,4,1,0,1887,50,38,1,Protective-serv,Exec-managerial
35,5,184659,11,9,2,0,4,1,0,1485,40,38,1,Craft-repair,Protective-serv
33,5,400943,12,14,2,0,4,1,0,0,50,38,1,Prof-specialty,Prof-specialty
20,2,47791,2,8,0,1,4,0,0,0,10,38,0,Other-service,Other-service
67,1,204123,9,13,2,0,4,1,0,0,10,38,0,Prof-specialty,Prof-specialty
58,2,132606,4,3,0,1,2,1,0,0,40,38,0,Machine-op-inspct,Transport-moving
50,3,52565,15,10,2,0,4,1,0,1485,40,38,0,Sales,Exec-managerial
32,2,330715,11,9,2,0,4,1,99999,0,40,38,1,Craft-repair,Exec-managerial
44,3,49249,15,10,0,4,4,1,0,0,80,38,0,Other-service,Craft-repair
38,2,108140,9,13,4,1,4,1,0,0,20,38,0,Other-service,Craft-repair
27,2,212041,11,9,4,1,4,1,0,0,50,38,0,Craft-repair,Sales
20,2,210338,15,10,4,3,4,0,0,0,15,38,0,Other-service,Prof-specialty
28,2,339372,9,13,4,1,4,1,0,1408,40,38,0,Adm-clerical,Adm-clerical
46,4,131091,9,13,2,0,4,1,0,1902,40,38,1,Sales,Exec-managerial
25,2,252803,11,9,4,4,2,0,0,0,40,38,0,Other-service,Adm-clerical
39,2,301867,9,13,0,1,1,0,0,0,24,29,0,Adm-clerical,Other-service
28,2,197484,11,9,4,3,4,1,0,0,40,38,0,Handlers-cleaners,Craft-repair
22,2,191324,15,10,4,3,4,1,0,0,25,38,0,Protective-serv,Machine-op-inspct
51,2,154342,5,4,2,0,4,1,0,0,40,38,0,Protective-serv,Transport-moving
25,2,557082,11,9,4,1,4,0,0,0,38,38,0,Adm-clerical,Machine-op-inspct
33,4,281030,11,9,2,0,4,1,0,0,94,38,0,Farming-fishing,Farming-fishing
39,2,370795,11,9,4,4,2,0,0,0,40,38,0,Adm-clerical,Adm-clerical
67,4,268514,9,13,0,1,4,1,0,0,40,38,0,Prof-specialty,Prof-specialty
49,2,176814,9,13,2,0,4,1,5178,0,40,38,1,Adm-clerical,Craft-repair
41,2,101739,7,12,2,5,4,0,0,0,50,38,1,Exec-managerial,Exec-managerial
23,2,153044,11,9,4,4,2,0,0,0,7,38,0,Handlers-cleaners,Adm-clerical
41,3,117721,15,10,2,0,4,1,0,0,65,38,0,Farming-fishing,Farming-fishing
63,0,97855,12,14,2,0,4,1,0,0,50,38,1,Exec-managerial,Exec-managerial
47,4,122307,9,13,2,0,4,1,0,1887,40,38,1,Sales,Exec-managerial
53,1,86600,11,9,2,0,2,1,0,0,40,38,0,Other-service,Transport-moving
27,4,207948,15,10,4,1,2,1,0,0,40,38,0,Other-service,Sales
44,2,111502,11,9,2,5,4,0,0,0,40,38,0,Sales,Machine-op-inspct
45,0,183804,15,10,4,3,4,1,0,0,40,38,0,Adm-clerical,Adm-clerical
34,2,169605,0,6,5,4,4,0,0,0,36,38,0,Other-service,Other-service
37,2,254202,9,13,2,0,4,1,0,0,50,38,0,Sales,Sales
46,2,162030,11,9,6,4,4,0,0,0,43,38,0,Adm-clerical,Machine-op-inspct
24,0,29591,9,13,4,1,3,0,0,0,40,38,0,Prof-specialty,Prof-specialty
27,2,208725,7,12,4,1,4,1,0,0,42,38,0,Sales,Prof-specialty
74,2,54732,15,10,2,0,4,1,0,0,20,38,1,Sales,Sales
18,2,234428,1,7,4,3,4,1,0,0,20,38,0,Other-service,Other-service
48,2,191858,15,10,2,0,4,1,0,0,40,38,0,Craft-repair,Prof-specialty
75,4,218521,15,10,3,1,4,1,0,0,30,38,0,Craft-repair,Craft-repair
39,2,219483,9,13,2,5,4,0,5013,0,32,38,0,Prof-specialty,Adm-clerical
40,2,210013,11,9,2,0,4,1,0,0,50,38,0,Transport-moving,Craft-repair
29,2,197565,8,11,4,3,4,0,0,0,35,38,0,Adm-clerical,Other-service
59,5,268700,11,9,2,0,4,1,0,0,40,38,0,Other-service,Craft-repair
28,2,51961,15,10,4,3,2,1,0,0,24,38,0,Tech-support,Tech-support
55,2,141877,9,13,2,0,4,1,0,0,40,38,0,Machine-op-inspct,Craft-repair
49,2,144396,1,7,0,1,4,0,0,0,38,38,0,Exec-managerial,Other-service
24,4,32921,11,9,4,1,4,1,0,0,40,38,0,Sales,Farming-fishing
24,2,388885,11,9,4,1,4,1,0,0,48,38,0,Machine-op-inspct,Sales
31,1,219883,11,9,4,1,2,1,0,0,40,38,0,Protective-serv,Protective-serv
61,4,196773,5,4,2,0,4,1,0,0,30,38,1,Sales,Transport-moving
35,2,190194,11,9,4,1,4,0,0,0,40,38,0,Adm-clerical,Adm-clerical
54,0,51048,11,9,2,0,4,1,0,0,40,38,1,Prof-specialty,Adm-clerical
26,2,189185,11,9,0,3,4,0,0,0,40,38,0,Adm-clerical,Sales
35,2,126675,11,9,2,0,4,1,0,0,48,38,0,Exec-managerial,Craft-repair
39,2,375452,14,15,2,5,4,0,15024,0,48,38,1,Exec-managerial,Prof-specialty
35,2,135162,15,10,2,0,4,1,0,0,50,38,0,Craft-repair,Exec-managerial
29,2,110442,11,9,2,0,4,1,0,0,45,38,0,Handlers-cleaners,Adm-clerical
33,2,155343,11,9,2,0,4,1,3103,0,40,38,1,Sales,Exec-managerial
34,2,148291,11,9,2,5,4,0,0,0,32,38,0,Tech-support,Other-service
27,2,105598,11,9,4,1,4,1,0,0,40,38,0,Adm-clerical,Craft-repair
50,2,97741,11,9,2,0,4,1,0,0,45,38,1,Machine-op-inspct,Craft-repair
22,2,43535,15,10,2,5,4,0,0,0,40,38,0,Exec-managerial,Sales
26,5,175044,15,10,4,3,4,1,0,0,40,38,0,Protective-serv,Handlers-cleaners
44,2,75012,11,9,2,0,4,1,0,0,80,38,0,Farming-fishing,Sales
34,2,242984,9,13,4,1,4,1,0,0,40,38,0,Sales,Handlers-cleaners
38,0,325538,14,15,2,0,4,1,0,0,50,38,1,Prof-specialty,Prof-specialty
57,2,176079,11,9,0,1,4,0,0,0,40,38,0,Adm-clerical,Adm-clerical
49,2,54772,11,9,2,0,4,1,3103,0,45,38,1,Craft-repair,Transport-moving
33,2,171876,15,10,0,4,4,0,0,0,40,38,0,Other-service,Adm-clerical
44,2,171484,0,6,2,0,4,1,0,0,40,38,1,Machine-op-inspct,Machine-op-inspct
62,4,171315,9,13,2,0,4,1,0,0,60,38,1,Prof-specialty,Craft-repair
29,2,169544,8,11,4,1,4,1,0,0,40,38,0,Tech-support,Exec-managerial
53,2,161691,11,9,6,1,4,0,0,0,35,38,0,Sales,Sales
43,2,245317,11,9,2,0,4,1,0,0,50,38,0,Transport-moving,Transport-moving
32,2,137076,15,10,2,0,4,1,15024,0,60,38,1,Exec-managerial,Exec-managerial
45,2,189890,7,12,0,4,4,0,5455,0,38,38,0,Prof-specialty,Adm-clerical
46,2,324601,3,2,5,3,4,0,0,0,40,12,0,Machine-op-inspct,Other-service
40,5,119578,9,13,4,4,4,0,0,0,20,38,0,Prof-specialty,Prof-specialty
30,2,231413,15,10,2,0,4,1,0,0,40,38,1,Craft-repair,Adm-clerical
62,2,185503,9,13,2,0,4,1,0,0,50,38,1,Prof-specialty,Exec-managerial
40,2,124692,9,13,2,0,4,1,0,0,40,38,1,Exec-managerial,Exec-managerial
51,1,152754,9,13,2,0,4,1,0,0,40,38,1,Adm-clerical,Prof-specialty
27,2,158156,10,16,4,1,4,0,0,0,70,38,0,Prof-specialty,Prof-specialty
61,2,34632,2,8,3,1,4,1,0,0,40,38,0,Prof-specialty,Transport-moving
52,2,53497,8,11,2,0,4,1,0,0,40,38,0,Craft-repair,Craft-repair
36,4,90159,15,10,2,5,4,0,0,0,40,38,0,Other-service,Sales
41,2,201981,11,9,0,3,4,1,0,0,40,38,0,Craft-repair,Machine-op-inspct
35,0,205584,4,3,4,1,4,1,0,0,40,25,0,Craft-repair,Other-service
57,2,98926,15,10,6,1,4,0,0,0,16,38,0,Tech-support,Adm-clerical
46,3,112320,9,13,0,1,4,0,0,0,50,38,0,Exec-managerial,Sales
53,4,168539,6,5,2,0,4,1,0,0,70,38,0,Farming-fishing,Farming-fishing
50,2,162327,15,10,2,0,4,1,0,0,50,38,0,Handlers-cleaners,Sales
27,2,223751,15,10,4,1,4,1,0,0,45,38,0,Craft-repair,Sales
19,2,38619,1,7,4,1,4,1,0,0,10,38,0,Machine-op-inspct,Transport-moving
46,2,149388,9,13,2,0,4,1,0,0,40,38,1,Craft-repair,Exec-managerial
39,2,403489,1,7,0,3,4,1,0,0,40,38,0,Transport-moving,Craft-repair
29,2,82242,14,15,4,4,4,1,27828,0,45,10,1,Prof-specialty,Prof-specialty
28,2,51331,7,12,2,5,4,0,0,0,16,38,1,Exec-managerial,Adm-clerical
22,0,146538,11,9,4,3,4,1,0,0,40,38,0,Adm-clerical,Adm-clerical
24,2,216984,15,10,2,3,1,0,0,0,35,38,0,Other-service,Adm-clerical
48,2,54744,11,9,2,0,4,1,0,0,40,38,0,Craft-repair,Craft-repair
65,2,90907,4,3,2,0,1,1,0,0,40,38,0,Other-service,Craft-repair
43,2,152159,9,13,2,0,2,1,0,0,40,38,0,Machine-op-inspct,Craft-repair
19,2,344414,15,10,4,3,4,1,0,0,40,38,0,Transport-moving,Exec-managerial
42,4,206066,12,14,2,0,4,1,0,0,65,38,0,Prof-specialty,Sales
30,1,257796,15,10,0,1,4,0,0,0,40,38,0,Adm-clerical,Adm-clerical
36,4,105021,15,10,2,0,4,1,0,0,55,38,1,Exec-managerial,Craft-repair
26,2,58426,11,9,2,0,4,1,0,0,50,38,0,Prof-specialty,Other-service
38,2,222450,15,10,5,4,4,1,0,0,40,38,0,Exec-managerial,Adm-clerical
50,2,129673,9,13,0,1,4,0,0,0,50,38,1,Exec-managerial,Prof-specialty
49,2,94215,2,8,0,1,4,0,0,0,40,38,0,Machine-op-inspct,Machine-op-inspct
43,2,240504,11,9,2,0,4,1,0,0,40,38,0,Handlers-cleaners,Craft-repair
29,3,87745,15,10,4,1,4,1,0,0,60,38,0,Exec-managerial,Sales
19,0,215891,15,10,4,3,4,0,0,0,10,38,0,Adm-clerical,Adm-clerical
40,2,198316,0,6,2,0,4,1,0,0,40,38,1,Exec-managerial,Transport-moving
44,2,313022,8,11,2,0,2,1,0,0,40,38,1,Exec-managerial,Sales
23,2,204641,0,6,4,4,4,1,0,0,50,38,0,Handlers-cleaners,Craft-repair
18,4,213024,15,10,4,3,4,1,0,0,30,38,0,Farming-fishing,Handlers-cleaners
34,2,424988,11,9,2,0,4,1,0,0,45,38,0,Craft-repair,Sales
37,2,291981,11,9,0,1,4,1,0,0,40,38,0,Machine-op-inspct,Sales
29,2,134152,11,9,5,1,4,1,0,0,40,38,0,Machine-op-inspct,Craft-repair
59,5,163047,15,10,0,1,4,0,0,0,38,38,0,Adm-clerical,Prof-specialty
23,2,129767,15,10,4,1,4,0,0,1721,40,38,0,Adm-clerical,Adm-clerical
35,2,67728,15,10,2,0,4,1,0,2051,45,38,0,Craft-repair,Handlers-cleaners
56,2,136413,3,2,2,0,4,1,0,0,40,38,0,Craft-repair,Farming-fishing
25,2,101812,8,11,2,0,4,1,0,0,41,38,0,Sales,Transport-moving
37,2,126675,11,9,4,1,4,1,0,0,40,38,0,Craft-repair,Transport-moving
43,2,355728,11,9,0,3,4,1,0,0,40,38,0,Machine-op-inspct,Machine-op-inspct
65,2,209831,8,11,2,5,4,0,0,0,40,38,0,Adm-clerical,Other-service
38,2,359001,8,11,2,0,4,1,0,0,42,38,0,Prof-specialty,Tech-support
46,2,95636,15,10,0,1,4,1,0,0,45,38,0,Handlers-cleaners,Exec-managerial
43,2,225193,11,9,2,0,4,1,0,0,40,38,0,Sales,Craft-repair
27,1,162973,8,11,4,1,4,1,0,0,56,38,0,Protective-serv,Protective-serv
29,2,191535,11,9,0,1,4,1,0,0,60,38,0,Craft-repair,Transport-moving
17,2,126832,0,6,4,3,4,1,0,0,30,38,0,Other-service,Sales
17,2,121287,6,5,4,3,4,1,0,0,40,38,0,Craft-repair,Other-service
52,2,284329,15,10,2,0,4,1,0,0,45,38,1,Craft-repair,Prof-specialty
66,2,127139,9,13,2,0,4,1,0,0,40,38,1,Prof-specialty,Prof-specialty
19,2,323421,15,10,4,3,4,1,0,0,20,38,0,Handlers-cleaners,Other-service
40,2,237671,15,10,2,5,4,0,0,0,40,38,1,Tech-support,Adm-clerical
23,1,203353,9,13,4,3,4,0,0,0,12,38,0,Exec-managerial,Prof-specialty
34,2,40067,15,10,2,0,4,1,0,0,40,38,0,Craft-repair,Exec-managerial
84,2,132806,11,9,6,1,4,0,0,0,13,38,0,Other-service,Exec-managerial
50,2,421561,15,10,0,1,4,1,0,0,40,38,0,Exec-managerial,Craft-repair
42,2,250121,1,7,2,5,4,0,0,0,40,38,0,Other-service,Machine-op-inspct
20,2,117244,11,9,4,4,4,0,0,0,45,38,0,Machine-op-inspct,Adm-clerical
52,2,373367,1,7,6,1,4,1,0,0,40,38,0,Craft-repair,Machine-op-inspct
33,2,69251,8,11,4,3,1,1,0,0,40,29,0,Sales,Exec-managerial
34,2,42596,15,10,2,0,4,1,0,0,45,38,0,Exec-managerial,Exec-managerial
50,2,28952,15,10,2,5,4,0,0,0,39,38,0,Sales,Other-service
46,2,269045,14,15,2,0,2,1,0,0,40,38,1,Prof-specialty,Prof-specialty
48,4,383384,11,9,2,0,4,1,0,0,40,38,1,Craft-repair,Craft-repair
65,2,225580,11,9,0,1,4,0,0,0,20,38,0,Sales,Other-service
37,1,186035,15,10,2,0,4,1,0,0,45,38,1,Tech-support,Protective-serv
45,4,271828,9,13,2,0,4,1,0,0,20,38,0,Craft-repair,Prof-specialty
44,3,212760,9,13,2,0,4,1,0,0,60,38,1,Exec-managerial,Sales
41,2,173682,8,11,2,0,4,1,0,0,43,38,1,Craft-repair,Exec-managerial
73,4,130391,11,9,4,1,4,0,0,0,36,38,0,Other-service,Other-service
41,2,106679,12,14,4,1,4,1,27828,0,50,38,1,Exec-managerial,Exec-managerial
49,2,198759,7,12,2,0,4,1,15024,0,60,38,1,Sales,Sales
44,2,358199,15,10,2,0,4,1,0,0,45,38,1,Sales,Prof-specialty
53,2,335481,11,9,2,5,2,0,0,0,32,38,0,Adm-clerical,Other-service
24,2,51973,9,13,4,1,4,0,0,0,45,38,0,Adm-clerical,Exec-managerial
47,4,88500,11,9,2,0,4,1,0,0,35,38,0,Farming-fishing,Craft-repair
29,2,143582,11,9,2,5,1,0,0,0,35,39,0,Adm-clerical,Sales
21,2,89991,15,10,4,3,4,0,0,0,40,38,0,Adm-clerical,Sales
24,2,192017,15,10,2,0,4,1,0,0,30,38,0,Handlers-cleaners,Handlers-cleaners
32,2,116365,11,9,2,5,4,0,0,0,20,38,0,Adm-clerical,Other-service
27,2,72208,15,10,4,3,2,1,0,0,40,38,0,Adm-clerical,Handlers-cleaners
43,2,190403,9,13,2,0,4,1,0,0,40,38,0,Other-service,Exec-managerial
39,2,198097,9,13,0,1,4,1,0,0,50,38,0,Exec-managerial,Exec-managerial
36,4,122493,11,9,2,0,4,1,0,0,47,38,0,Craft-repair,Craft-repair
19,2,165310,11,9,2,2,4,1,0,0,20,38,0,Machine-op-inspct,Sales
22,2,51985,15,10,4,3,4,1,0,0,30,38,0,Craft-repair,Sales
42,2,134220,8,11,0,3,0,0,0,0,40,38,0,Exec-managerial,Adm-clerical
39,2,216256,9,13,2,0,4,1,0,0,60,21,1,Exec-managerial,Exec-managerial
43,2,96483,11,9,0,3,1,0,0,0,40,34,0,Other-service,Adm-clerical
32,2,188246,15,10,2,0,4,1,0,0,40,38,1,Sales,Exec-managerial
22,2,153516,9,13,4,1,4,1,0,0,40,38,0,Prof-specialty,Sales
27,2,46868,9,13,4,1,4,0,0,0,15,38,0,Tech-support,Sales
44,2,54310,12,14,2,0,4,1,7298,0,40,38,1,Prof-specialty,Exec-managerial
42,2,198096,15,10,2,0,4,1,0,0,40,38,1,Other-service,Prof-specialty
31,2,188108,11,9,4,3,4,1,4101,0,40,38,0,Craft-repair,Craft-repair
78,2,111189,5,4,4,1,4,0,0,0,35,5,0,Machine-op-inspct,Other-service
47,2,184005,11,9,0,1,0,0,3325,0,45,38,0,Exec-managerial,Adm-clerical
50,2,89041,11,9,2,0,4,1,15024,0,50,38,1,Craft-repair,Exec-managerial
50,1,183390,9,13,5,1,4,1,0,0,40,38,1,Prof-specialty,Prof-specialty
17,2,170455,1,7,4,3,4,0,0,0,8,38,0,Sales,Other-service
58,2,97562,11,9,2,5,4,0,0,0,38,38,0,Sales,Adm-clerical
28,4,51461,11,9,2,0,4,1,0,0,40,38,0,Farming-fishing,Transport-moving
47,4,94100,9,13,4,1,4,1,0,0,65,38,0,Farming-fishing,Sales
36,2,149833,11,9,2,5,4,0,0,0,40,38,0,Exec-managerial,Prof-specialty
44,2,193459,8,11,2,0,4,1,3411,0,40,38,0,Craft-repair,Exec-managerial
45,4,34446,11,9,2,0,4,1,0,0,50,38,0,Transport-moving,Farming-fishing
31,2,151484,11,9,4,3,4,0,0,0,8,38,0,Adm-clerical,Other-service
26,2,34393,15,10,0,1,4,0,0,0,40,38,0,Adm-clerical,Adm-clerical
27,2,250314,6,5,2,0,4,1,0,0,40,12,0,Protective-serv,Machine-op-inspct
19,2,182355,15,10,4,3,2,0,0,0,20,38,0,Adm-clerical,Other-service
50,2,43764,10,16,2,0,4,1,15024,0,50,38,1,Prof-specialty,Prof-specialty
45,1,236586,12,14,2,0,4,1,7688,0,55,38,1,Prof-specialty,Exec-managerial
20,2,124751,15,10,4,3,4,0,0,0,20,38,0,Priv-house-serv,Other-service
40,3,45054,15,10,2,0,4,1,0,0,40,38,1,Transport-moving,Exec-managerial
67,2,336163,11,9,2,0,4,1,0,0,24,38,0,Handlers-cleaners,Protective-serv
69,4,170877,11,9,2,0,4,1,0,0,48,38,0,Sales,Farming-fishing
36,2,35429,15,10,2,0,4,1,0,0,60,38,0,Exec-managerial,Craft-repair
32,2,163604,12,14,4,1,4,0,0,0,20,38,0,Prof-specialty,Prof-specialty
55,2,282023,9,13,2,0,4,1,15024,0,50,38,1,Sales,Exec-managerial
39,2,166744,11,9,4,3,4,0,0,0,38,38,0,Other-service,Exec-managerial
17,2,295308,1,7,4,3,4,0,0,0,20,38,0,Priv-house-serv,Sales
41,2,154668,15,10,2,0,4,1,0,0,40,38,0,Prof-specialty,Craft-repair
41,2,325786,11,9,2,0,4,1,0,0,40,38,0,Machine-op-inspct,Sales
37,4,241306,11,9,0,1,4,1,0,0,40,38,0,Craft-repair,Craft-repair
63,2,145212,11,9,0,1,4,0,0,0,40,38,0,Exec-managerial,Other-service
38,2,245372,9,13,2,0,4,1,7688,0,45,38,1,Prof-specialty,Exec-managerial
36,1,191161,15,10,2,0,4,1,0,0,57,38,1,Protective-serv,Protective-serv
27,2,114158,8,11,4,3,4,0,0,0,35,38,0,Adm-clerical,Adm-clerical
41,2,267252,15,10,2,0,2,1,0,1902,40,38,1,Machine-op-inspct,Exec-managerial
38,2,242559,11,9,4,1,4,0,0,0,38,38,0,Adm-clerical,Other-service
24,2,376393,8,11,4,1,4,0,0,0,40,38,0,Sales,Adm-clerical
44,1,165304,15,10,2,0,4,1,0,1485,40,38,1,Exec-managerial,Transport-moving
43,2,413297,11,9,2,0,4,1,0,0,45,38,0,Craft-repair,Handlers-cleaners
61,2,51385,9,13,2,0,4,1,0,0,50,38,1,Sales,Prof-specialty
43,2,156745,15,10,2,0,2,1,0,0,40,38,0,Craft-repair,Machine-op-inspct
61,5,130466,11,9,6,4,0,0,0,0,40,38,0,Adm-clerical,Adm-clerical
33,5,174171,15,10,5,1,4,1,0,0,12,38,0,Tech-support,Other-service
35,2,98948,9,13,2,5,4,0,0,0,32,38,0,Other-service,Prof-specialty
18,2,120029,15,10,4,2,4,0,0,0,20,38,0,Adm-clerical,Other-service
17,2,240143,1,7,4,3,4,1,0,0,30,38,0,Craft-repair,Sales
29,5,67053,11,9,4,1,1,1,0,0,40,36,0,Other-service,Craft-repair
46,2,197332,12,14,2,0,4,1,7688,0,46,38,1,Prof-specialty,Prof-specialty
73,2,198526,11,9,6,2,4,0,0,0,32,38,0,Other-service,Sales
58,2,142158,9,13,0,4,4,0,0,0,35,38,0,Exec-managerial,Adm-clerical
37,2,213726,11,9,0,1,1,0,0,0,40,29,0,Machine-op-inspct,Adm-clerical
26,2,156976,8,11,5,1,2,1,0,0,40,38,0,Other-service,Craft-repair
38,2,680390,11,9,0,4,4,0,0,0,20,38,0,Adm-clerical,Sales
56,2,208451,9,13,2,0,4,1,0,0,40,38,1,Prof-specialty,Prof-specialty
24,2,95552,11,9,4,3,4,1,0,0,40,38,0,Tech-support,Machine-op-inspct
81,4,136063,11,9,2,0,4,1,0,0,30,38,0,Exec-managerial,Farming-fishing
27,1,221317,1,7,2,0,4,1,0,0,40,25,0,Craft-repair,Other-service
27,2,369522,11,9,4,3,4,1,0,0,45,38,0,Machine-op-inspct,Handlers-cleaners
50,1,231725,11,9,2,0,4,1,0,0,40,38,0,Handlers-cleaners,Other-service
30,5,126414,9,13,3,1,4,1,0,0,40,38,0,Adm-clerical,Prof-specialty
33,2,235109,11,9,4,4,4,0,0,0,40,38,0,Adm-clerical,Machine-op-inspct
32,2,218322,11,9,2,0,4,1,0,0,40,38,0,Craft-repair,Machine-op-inspct
46,2,153501,11,9,4,1,0,1,0,0,40,38,0,Transport-moving,Craft-repair
40,4,57233,8,11,2,0,4,1,0,0,40,38,1,Exec-managerial,Craft-repair
36,2,186035,1,7,2,0,4,1,5178,0,40,38,1,Craft-repair,Craft-repair
41,2,171234,15,10,0,1,4,0,0,0,55,38,0,Adm-clerical,Adm-clerical
37,2,195189,15,10,0,4,2,0,0,0,40,38,0,Other-service,Exec-managerial
24,2,215243,9,13,4,1,4,0,0,0,42,38,0,Adm-clerical,Craft-repair
33,2,91811,11,9,5,1,4,1,0,0,40,38,0,Transport-moving,Transport-moving
42,2,194710,15,10,4,1,4,0,0,0,40,38,0,Exec-managerial,Other-service
37,2,272950,11,9,0,1,4,1,0,0,40,38,0,Craft-repair,Sales
34,2,179378,11,9,2,5,2,0,0,0,40,38,0,Exec-managerial,Machine-op-inspct
33,2,198003,15,10,2,0,4,1,7298,0,50,38,1,Craft-repair,Sales
42,2,247695,11,9,2,0,4,1,0,0,45,38,1,Machine-op-inspct,Craft-repair
18,2,236272,11,9,4,3,4,0,0,0,35,38,0,Adm-clerical,Sales
38,2,188888,9,13,4,1,4,1,0,1340,40,38,0,Exec-managerial,Exec-managerial
34,2,473133,11,9,2,0,4,1,0,0,60,38,0,Sales,Protective-serv
32,2,38797,8,11,4,1,4,1,0,0,40,38,0,Craft-repair,Craft-repair
52,2,128272,11,9,2,0,4,1,0,0,14,38,0,Sales,Sales
40,2,346847,8,11,5,2,4,0,0,0,40,38,0,Prof-specialty,Craft-repair
73,2,336007,9,13,2,0,4,1,0,2246,40,38,1,Prof-specialty,Exec-managerial
64,3,59145,10,16,2,0,4,1,0,1902,60,38,1,Exec-managerial,Prof-specialty
42,2,29320,9,13,2,0,4,1,0,0,40,38,0,Prof-specialty,Sales
54,4,269068,14,15,2,0,1,1,99999,0,50,29,1,Prof-specialty,Prof-specialty
35,0,133935,9,13,2,0,4,1,0,0,40,38,1,Craft-repair,Prof-specialty
59,2,221336,0,6,6,2,1,0,0,0,40,29,0,Other-service,Other-service
39,2,89419,8,11,0,1,0,0,0,0,40,3,0,Other-service,Adm-clerical
37,2,171968,8,11,2,0,4,1,0,0,40,38,0,Adm-clerical,Other-service
26,2,231638,11,9,4,3,4,0,0,0,40,38,0,Exec-managerial,Handlers-cleaners
46,2,166546,15,10,0,1,4,0,0,0,24,38,0,Adm-clerical,Adm-clerical
51,2,85423,11,9,2,0,4,1,0,0,55,38,1,Sales,Exec-managerial
50,2,99476,12,14,0,1,4,0,0,0,35,38,0,Prof-specialty,Prof-specialty
18,2,163787,11,9,2,5,4,0,0,0,40,38,0,Exec-managerial,Adm-clerical
18,2,111256,11,9,4,3,4,0,0,0,20,38,0,Adm-clerical,Craft-repair
31,2,191001,11,9,4,1,4,0,0,0,40,38,0,Sales,Adm-clerical
53,2,104413,11,9,6,4,2,0,0,0,20,38,0,Other-service,Other-service
75,2,71898,13,1,4,1,1,0,0,0,48,29,0,Priv-house-serv,Other-service
36,2,188563,15,10,2,0,4,1,5178,0,50,38,1,Sales,Sales
24,0,44075,9,13,4,1,1,1,0,0,40,38,0,Prof-specialty,Prof-specialty
42,2,230684,9,13,2,0,4,1,5013,0,40,38,0,Prof-specialty,Transport-moving
31,2,129804,6,5,4,1,4,1,0,0,40,32,0,Farming-fishing,Machine-op-inspct
38,2,52596,15,10,4,3,2,0,0,0,40,38,0,Adm-clerical,Adm-clerical
31,2,594187,11,9,2,0,4,1,0,0,40,38,0,Machine-op-inspct,Craft-repair
60,3,90915,1,7,2,0,4,1,0,0,40,38,1,Transport-moving,Exec-managerial
48,2,187505,15,10,2,0,4,1,0,0,50,38,1,Sales,Sales
36,4,257250,5,4,4,3,4,1,0,0,75,38,0,Farming-fishing,Farming-fishing
19,2,530454,11,9,4,1,4,0,0,0,50,38,0,Other-service,Machine-op-inspct
38,4,243484,9,13,2,5,4,0,0,0,28,38,1,Adm-clerical,Prof-specialty
61,2,380462,5,4,2,0,2,1,0,0,40,38,0,Farming-fishing,Machine-op-inspct
57,2,299358,11,9,6,2,4,0,0,1719,25,38,0,Other-service,Other-service
57,2,96346,11,9,6,1,4,0,0,0,57,38,0,Prof-specialty,Adm-clerical
40,2,247469,10,16,2,5,4,0,0,0,30,38,1,Prof-specialty,Prof-specialty
51,2,98791,15,10,2,0,4,1,0,0,40,38,1,Sales,Craft-repair
30,2,151967,15,10,2,0,4,1,0,0,58,38,0,Craft-repair,Craft-repair
36,2,133569,3,2,4,1,4,1,0,0,40,25,0,Farming-fishing,Handlers-cleaners
32,2,187560,14,15,2,0,4,1,3908,0,40,38,0,Prof-specialty,Prof-specialty
31,2,59496,15,10,2,0,4,1,0,0,50,38,0,Adm-clerical,Adm-clerical
33,3,239018,10,16,2,0,4,1,0,0,60,38,0,Prof-specialty,Prof-specialty
32,3,345489,15,10,2,0,4,1,0,0,55,38,1,Exec-managerial,Exec-managerial
47,4,330416,15,10,4,1,4,1,0,0,60,38,0,Farming-fishing,Sales
42,2,91836,0,6,2,0,4,1,0,0,40,38,0,Craft-repair,Craft-repair
29,3,260729,11,9,2,5,4,0,0,1977,25,38,1,Sales,Adm-clerical
47,4,159726,11,9,2,0,4,1,0,0,40,38,1,Craft-repair,Sales
65,2,113323,7,12,2,0,4,1,3818,0,40,38,0,Exec-managerial,Craft-repair
24,1,117109,9,13,4,3,2,0,0,0,27,38,0,Adm-clerical,Prof-specialty
31,2,196125,11,9,2,0,4,1,0,0,40,38,0,Handlers-cleaners,Other-service
48,1,102076,9,13,4,4,4,0,0,0,35,38,0,Adm-clerical,Prof-specialty
80,2,252466,8,11,2,0,4,1,0,0,24,38,0,Craft-repair,Transport-moving
48,1,195949,15,10,2,0,4,1,0,0,42,38,1,Protective-serv,Protective-serv
25,2,130302,11,9,2,0,4,1,0,0,40,38,0,Machine-op-inspct,Handlers-cleaners
64,2,144182,11,9,6,1,4,0,0,0,23,38,0,Prof-specialty,Other-service
47,1,123681,12,14,2,0,4,1,7688,0,60,38,1,Prof-specialty,Exec-managerial
45,2,84298,8,11,2,0,4,1,0,1977,50,38,1,Exec-managerial,Sales
47,1,203067,9,13,0,1,4,1,0,0,50,38,0,Prof-specialty,Prof-specialty
30,2,191385,1,7,2,0,4,1,0,0,40,38,0,Machine-op-inspct,Machine-op-inspct
56,4,94156,14,15,2,0,4,1,0,1977,50,38,1,Prof-specialty,Prof-specialty
40,2,799281,11,9,0,4,4,0,0,0,38,38,0,Adm-clerical,Adm-clerical
23,4,174714,0,6,4,1,4,1,0,0,60,38,0,Craft-repair,Craft-repair
61,2,128230,5,4,2,0,4,1,0,0,50,38,1,Sales,Transport-moving
47,4,235646,12,14,2,0,4,1,0,0,40,38,1,Prof-specialty,Exec-managerial
44,4,127482,11,9,2,0,4,1,7298,0,50,8,1,Craft-repair,Sales
25,0,406955,11,9,4,2,4,0,0,0,40,38,0,Adm-clerical,Adm-clerical
55,2,199067,9,13,2,0,4,1,15024,0,42,38,1,Exec-managerial,Prof-specialty
48,2,176917,11,9,2,0,4,1,0,0,55,38,0,Craft-repair,Transport-moving
26,5,152457,11,9,4,1,4,1,0,0,40,38,0,Protective-serv,Exec-managerial
49,2,98010,9,13,0,1,4,0,0,0,50,38,0,Prof-specialty,Sales
35,2,160910,15,10,2,0,4,1,0,0,50,38,0,Sales,Exec-managerial
39,2,50700,11,9,2,0,4,1,0,0,40,38,0,Prof-specialty,Exec-managerial
23,2,223019,11,9,4,3,4,0,0,0,40,38,0,Adm-clerical,Adm-clerical
51,2,158948,11,9,2,0,4,1,0,0,84,38,1,Transport-moving,Transport-moving
31,2,318647,1,7,4,1,4,1,0,0,40,38,0,Craft-repair,Craft-repair
40,1,183765,7,12,4,1,4,1,0,0,40,38,1,Prof-specialty,Protective-serv
34,2,202046,11,9,2,0,4,1,0,0,35,38,1,Craft-repair,Craft-repair
46,1,36228,11,9,2,0,4,1,0,1902,40,38,0,Craft-repair,Transport-moving
39,2,139906,11,9,0,4,4,0,0,0,81,38,0,Other-service,Other-service
33,2,229732,9,13,4,1,4,1,0,0,45,38,1,Sales,Prof-specialty
33,2,162930,9,13,2,0,4,1,0,0,50,21,0,Prof-specialty,Prof-specialty
28,2,201954,7,12,4,1,4,1,0,0,65,38,1,Exec-managerial,Exec-managerial
34,2,93169,15,10,0,4,2,0,0,0,40,38,0,Other-service,Adm-clerical
41,2,206565,15,10,4,1,2,1,0,0,45,38,0,Craft-repair,Transport-moving
40,2,202872,15,10,0,4,4,0,0,0,24,38,0,Adm-clerical,Machine-op-inspct
46,2,109209,15,10,2,0,4,1,0,0,40,38,1,Adm-clerical,Exec-managerial
45,4,364365,9,13,4,1,4,0,0,0,35,38,0,Sales,Adm-clerical
25,1,163101,9,13,4,1,4,1,0,0,45,38,0,Prof-specialty,Prof-specialty
55,3,222615,12,14,2,0,4,1,0,0,60,38,0,Exec-managerial,Sales
62,4,136684,11,9,6,2,4,0,0,0,30,38,0,Adm-clerical,Other-service
32,2,209184,9,13,2,0,3,1,0,0,40,32,0,Sales,Prof-specialty
36,2,263130,12,14,4,1,4,0,0,0,40,38,0,Prof-specialty,Prof-specialty
29,2,183639,11,9,2,0,4,1,0,0,97,38,0,Farming-fishing,Transport-moving
28,2,319768,12,14,2,0,4,1,0,0,45,9,1,Sales,Exec-managerial
23,2,177526,9,13,4,1,4,1,0,0,40,38,0,Exec-managerial,Handlers-cleaners
31,2,181372,11,9,0,4,4,0,0,0,35,38,0,Adm-clerical,Other-service
55,3,67433,11,9,2,0,4,1,0,0,60,38,0,Exec-managerial,Farming-fishing
58,2,175127,11,9,2,0,4,1,0,0,40,38,0,Machine-op-inspct,Other-service
42,2,34037,10,16,4,1,4,1,0,0,50,38,0,Prof-specialty,Prof-specialty
51,2,114927,8,11,2,0,4,1,7298,0,40,38,1,Tech-support,Tech-support
60,4,92845,4,3,2,0,4,1,0,0,40,38,0,Farming-fishing,Craft-repair
53,2,126977,11,9,5,1,4,1,0,0,35,38,0,Craft-repair,Craft-repair
26,5,141838,9,13,2,0,2,1,0,0,40,38,1,Exec-managerial,Prof-specialty
48,3,184787,5,4,2,0,4,1,0,0,50,38,1,Craft-repair,Craft-repair
65,4,144822,6,5,2,0,4,1,0,0,45,38,0,Craft-repair,Farming-fishing
39,2,269186,11,9,2,0,4,1,0,0,40,38,0,Craft-repair,Craft-repair
19,2,85690,11,9,4,4,4,1,0,0,30,38,0,Machine-op-inspct,Handlers-cleaners
29,2,133420,15,10,2,0,4,1,5013,0,40,38,0,Craft-repair,Sales
41,4,254818,12,14,0,4,4,1,0,0,40,28,0,Handlers-cleaners,Prof-specialty
37,2,69481,11,9,0,1,4,1,0,0,40,38,0,Machine-op-inspct,Craft-repair
23,2,83891,11,9,4,3,1,1,0,0,40,38,0,Sales,Machine-op-inspct
28,2,221317,15,10,2,0,4,1,0,0,40,25,0,Handlers-cleaners,Handlers-cleaners
60,4,148492,11,9,2,0,4,1,0,1485,50,38,1,Craft-repair,Craft-repair
45,2,126141,9,13,2,0,4,1,0,0,40,38,1,Exec-managerial,Exec-managerial
42,2,270721,9,13,4,1,4,1,0,0,32,38,0,Prof-specialty,Prof-specialty
29,1,177398,12,14,2,5,4,0,0,0,40,38,1,Prof-specialty,Prof-specialty
24,2,196269,1,7,2,0,3,1,0,0,40,38,0,Handlers-cleaners,Craft-repair
34,2,260560,11,9,2,0,4,1,0,0,40,38,0,Machine-op-inspct,Other-service
50,2,31621,11,9,2,0,4,1,0,0,40,38,1,Craft-repair,Craft-repair
44,4,104196,11,9,2,0,4,1,0,0,84,38,0,Exec-managerial,Farming-fishing
46,2,173243,11,9,2,0,4,1,0,0,40,38,0,Craft-repair,Craft-repair
22,2,214716,11,9,4,3,4,0,0,0,40,38,0,Other-service,Other-service
29,2,122000,15,10,4,1,4,1,0,0,60,38,0,Sales,Sales
29,2,172865,11,9,2,0,4,1,0,0,50,38,0,Machine-op-inspct,Sales
35,5,211115,15,10,4,1,2,1,0,0,40,38,0,Protective-serv,Craft-repair
23,2,107801,15,10,4,3,4,0,0,1617,25,38,0,Adm-clerical,Other-service
43,2,211860,11,9,4,4,2,0,0,0,24,38,0,Other-service,Other-service
25,2,152046,9,13,4,3,4,0,0,0,40,12,0,Prof-specialty,Adm-clerical
40,2,139193,11,9,0,1,4,1,0,1980,48,38,0,Machine-op-inspct,Craft-repair
55,2,190514,5,4,2,0,4,1,0,0,75,38,0,Adm-clerical,Transport-moving
26,2,291968,11,9,2,0,4,1,0,0,44,38,0,Transport-moving,Machine-op-inspct
31,2,196227,11,9,5,1,4,0,0,0,40,38,0,Other-service,Other-service
26,2,105059,6,5,2,0,4,1,0,0,20,38,0,Craft-repair,Craft-repair
37,2,188069,11,9,2,0,4,1,0,0,40,38,0,Machine-op-inspct,Transport-moving
40,2,174395,11,9,2,0,4,1,0,0,40,38,0,Craft-repair,Craft-repair
32,2,96016,9,13,4,1,4,1,0,0,45,38,0,Prof-specialty,Sales
60,4,88055,15,10,2,0,4,1,0,0,24,38,0,Craft-repair,Craft-repair
21,2,278254,11,9,2,0,2,1,0,0,40,38,0,Machine-op-inspct,Farming-fishing
23,2,220993,11,9,4,1,4,1,0,1590,48,38,0,Sales,Sales
21,2,131230,15,10,4,3,4,1,0,0,10,38,0,Sales,Other-service
25,1,366796,9,13,4,1,4,0,0,0,40,38,0,Prof-specialty,Prof-specialty
46,5,27243,10,16,2,0,4,1,7688,0,45,38,1,Prof-specialty,Prof-specialty
18,3,147612,11,9,4,3,4,0,0,0,8,38,0,Farming-fishing,Sales
28,2,142712,11,9,4,3,4,1,0,0,40,38,0,Handlers-cleaners,Craft-repair
68,2,185537,15,10,0,1,4,0,0,0,20,38,0,Sales,Adm-clerical
31,2,184307,15,10,2,0,4,1,0,0,50,22,1,Exec-managerial,Craft-repair
37,2,137229,8,11,0,1,4,1,0,0,45,38,1,Sales,Prof-specialty
42,2,204235,11,9,2,0,4,1,0,0,40,38,0,Sales,Handlers-cleaners
52,2,400004,8,11,2,0,4,1,0,0,40,38,1,Exec-managerial,Craft-repair
28,2,112403,11,9,4,4,4,1,2354,0,40,38,0,Craft-repair,Craft-repair
55,2,176904,0,6,2,0,4,1,0,0,50,38,0,Transport-moving,Transport-moving
28,4,420054,11,9,2,0,4,1,0,0,40,21,0,Craft-repair,Machine-op-inspct
65,2,95303,11,9,2,0,4,1,0,0,40,38,1,Exec-managerial,Exec-managerial
46,2,28334,11,9,2,0,4,1,0,0,40,38,0,Transport-moving,Adm-clerical
21,2,191460,1,7,4,4,2,0,0,0,40,38,0,Other-service,Other-service
35,2,159179,15,10,4,1,4,1,0,0,40,38,0,Sales,Craft-repair
36,2,245521,5,4,2,0,4,1,0,0,35,25,0,Farming-fishing,Craft-repair
50,2,195638,0,6,5,4,4,0,0,0,40,38,0,Adm-clerical,Adm-clerical
23,2,140414,11,9,2,0,4,1,0,0,40,38,0,Craft-repair,Craft-repair
62,2,65868,11,9,6,1,4,0,0,0,43,38,0,Sales,Adm-clerical
30,2,126242,15,10,2,5,4,0,0,0,40,38,0,Other-service,Adm-clerical
20,2,39615,15,10,4,3,4,1,0,0,40,38,0,Craft-repair,Handlers-cleaners
43,2,240698,9,13,2,0,4,1,0,0,40,38,1,Adm-clerical,Prof-specialty
28,2,274679,12,14,4,1,4,1,0,0,50,38,0,Prof-specialty,Prof-specialty
22,2,208946,15,10,4,3,4,1,0,0,25,38,0,Adm-clerical,Farming-fishing
46,2,110171,15,10,2,0,4,1,7688,0,40,38,1,Craft-repair,Craft-repair
28,1,218990,8,11,2,0,2,1,0,0,46,38,0,Protective-serv,Protective-serv
59,2,191965,1,7,2,5,4,0,3908,0,28,38,0,Other-service,Other-service
49,2,287647,12,14,0,1,4,1,4787,0,45,38,1,Sales,Exec-managerial
55,2,226875,11,9,2,0,4,1,4064,0,40,38,0,Sales,Craft-repair
36,1,117312,15,10,2,5,4,0,0,0,40,38,0,Transport-moving,Other-service
26,2,236068,15,10,4,2,4,0,0,0,20,38,0,Sales,Adm-clerical
48,2,47686,1,7,2,5,4,0,0,0,40,38,0,Other-service,Other-service
28,2,133696,9,13,4,4,4,1,0,0,65,38,0,Sales,Exec-managerial
39,2,379350,0,6,2,0,4,1,0,0,40,38,0,Craft-repair,Craft-repair
18,2,160984,1,7,4,3,4,0,0,0,15,38,0,Other-service,Other-service
37,3,107164,0,6,4,1,4,1,0,2559,50,38,1,Transport-moving,Craft-repair
19,2,189574,11,9,4,1,4,0,0,0,30,38,0,Other-service,Other-service
50,2,121685,15,10,2,0,4,1,0,0,45,38,1,Sales,Tech-support
37,1,239161,15,10,5,3,3,1,0,0,52,38,0,Protective-serv,Adm-clerical
62,2,135480,11,9,2,0,4,1,0,0,16,38,0,Sales,Transport-moving
19,2,418324,15,10,4,3,4,1,0,0,36,38,0,Sales,Sales
43,2,153489,9,13,2,0,4,1,0,0,50,38,0,Sales,Exec-managerial
26,2,187652,7,12,4,3,4,1,0,0,40,38,0,Tech-support,Craft-repair
41,2,144032,11,9,2,0,4,1,0,0,60,38,0,Exec-managerial,Transport-moving
32,2,295282,11,9,2,0,4,1,0,0,48,38,0,Craft-repair,Machine-op-inspct
42,5,222884,9,13,0,1,4,1,0,0,40,38,0,Adm-clerical,Prof-specialty
32,2,323055,11,9,2,0,4,1,0,0,40,38,0,Craft-repair,Adm-clerical
48,2,99835,7,12,2,0,4,1,0,0,50,38,1,Exec-managerial,Prof-specialty
45,2,168038,9,13,2,0,4,1,0,0,32,38,0,Exec-managerial,Prof-specialty
50,1,20795,15,10,2,0,4,1,0,0,40,38,1,Protective-serv,Exec-managerial
43,5,134782,7,12,3,4,4,0,0,0,30,38,0,Other-service,Transport-moving
30,2,340899,14,15,4,1,4,1,0,1590,80,38,0,Prof-specialty,Prof-specialty
60,2,131681,9,13,2,0,4,1,0,0,50,38,1,Exec-managerial,Sales
43,2,48193,7,12,2,0,4,1,0,0,40,38,0,Tech-support,Tech-support
45,0,162410,15,10,6,1,4,0,0,0,45,38,1,Tech-support,Exec-managerial
17,2,194612,1,7,4,3,4,1,0,0,25,38,0,Other-service,Other-service
40,2,231991,11,9,0,4,4,0,0,0,40,38,0,Exec-managerial,Tech-support
44,2,260046,11,9,0,1,4,1,0,0,40,38,0,Transport-moving,Machine-op-inspct
48,3,213140,11,9,2,0,4,1,0,0,80,38,0,Exec-managerial,Transport-moving
27,4,153546,9,13,4,3,4,0,0,0,40,38,0,Prof-specialty,Exec-managerial
64,2,319371,9,13,2,0,4,1,15024,0,40,38,1,Exec-managerial,Sales
19,2,231688,15,10,4,3,4,1,0,0,20,38,0,Machine-op-inspct,Other-service
26,2,245465,7,12,4,3,4,1,0,0,30,38,0,Sales,Handlers-cleaners
37,5,160402,9,13,2,0,4,1,0,0,55,38,1,Prof-specialty,Exec-managerial
32,2,211028,15,10,4,1,4,0,0,0,40,38,0,Adm-clerical,Adm-clerical
43,2,293176,9,13,2,0,4,1,0,0,40,38,1,Sales,Prof-specialty
51,2,179646,11,9,0,4,4,0,0,0,40,38,0,Adm-clerical,Prof-specialty
41,2,173858,11,9,2,0,1,1,0,0,40,2,0,Other-service,Other-service
46,4,277946,7,12,5,1,4,1,0,0,40,38,0,Craft-repair,Sales
54,2,175594,11,9,2,0,4,1,0,0,40,38,0,Craft-repair,Other-service
39,2,188540,11,9,0,1,4,1,0,0,45,38,0,Exec-managerial,Craft-repair
25,2,374918,2,8,2,5,4,0,0,0,40,38,0,Other-service,Machine-op-inspct
43,2,191712,9,13,4,1,4,1,0,1741,40,38,0,Adm-clerical,Exec-managerial
51,2,249741,15,10,2,0,4,1,0,0,40,38,0,Sales,Prof-specialty
58,2,94429,15,10,2,0,4,1,0,0,40,38,1,Craft-repair,Craft-repair
46,2,191389,11,9,2,5,4,0,0,0,28,38,1,Exec-managerial,Other-service
33,2,36539,9,13,2,5,4,0,0,0,40,38,1,Exec-managerial,Exec-managerial
52,2,76860,11,9,2,0,1,1,0,0,8,29,0,Handlers-cleaners,Other-service
42,1,201723,15,10,4,1,4,1,0,0,40,38,0,Craft-repair,Protective-serv
57,2,61474,15,10,2,0,4,1,7688,0,45,38,1,Exec-managerial,Sales
48,2,155862,11,9,0,1,4,1,0,0,65,38,0,Transport-moving,Sales
17,2,195262,1,7,4,3,4,1,0,0,17,38,0,Craft-repair,Other-service
28,2,214689,9,13,4,2,4,1,0,0,25,38,0,Handlers-cleaners,Adm-clerical
41,1,184466,12,14,2,0,4,1,0,0,38,38,1,Prof-specialty,Prof-specialty
31,2,196788,11,9,2,5,4,0,0,0,40,38,0,Adm-clerical,Adm-clerical
38,2,136137,15,10,2,2,4,1,0,0,50,38,1,Exec-managerial,Exec-managerial
67,1,181220,15,10,0,1,2,0,0,0,20,38,0,Adm-clerical,Adm-clerical
27,2,109611,6,5,2,5,4,0,0,0,37,31,0,Machine-op-inspct,Machine-op-inspct
18,2,217743,1,7,4,3,4,0,0,0,40,38,0,Sales,Sales
29,2,370509,9,13,2,0,4,1,0,0,50,9,1,Exec-managerial,Exec-managerial
34,2,204461,10,16,2,0,4,1,0,0,60,38,1,Prof-specialty,Prof-specialty
24,2,140001,9,13,4,1,4,1,0,0,40,38,0,Exec-managerial,Exec-managerial
29,0,184723,15,10,4,1,4,0,0,0,40,38,1,Other-service,Protective-serv
25,2,321205,9,13,4,1,4,1,4101,0,35,38,0,Exec-managerial,Prof-specialty
36,2,549174,11,9,2,0,4,1,0,0,40,38,0,Craft-repair,Machine-op-inspct
19,2,100999,9,13,4,3,4,0,0,0,30,38,0,Prof-specialty,Adm-clerical
52,2,190762,3,2,2,0,4,1,0,0,40,25,0,Machine-op-inspct,Craft-repair
30,2,329425,11,9,2,0,4,1,0,0,40,38,0,Craft-repair,Tech-support
42,2,185057,11,9,5,4,4,0,0,0,35,33,0,Adm-clerical,Adm-clerical
46,2,154430,12,14,0,1,4,0,0,0,50,38,1,Exec-managerial,Exec-managerial
51,3,230095,8,11,4,3,4,0,0,0,40,38,0,Adm-clerical,Exec-managerial
42,4,64632,11,9,2,0,4,1,0,0,50,38,0,Exec-managerial,Farming-fishing
33,4,361497,11,9,2,0,4,1,0,0,40,38,0,Craft-repair,Craft-repair
52,2,282674,11,9,2,0,0,1,0,0,40,38,1,Transport-moving,Transport-moving
33,2,212918,15,10,4,1,4,1,0,0,70,38,0,Tech-support,Transport-moving
34,3,215382,12,14,5,1,4,0,4787,0,40,38,1,Prof-specialty,Prof-specialty
30,2,75573,9,13,4,1,4,0,0,0,45,10,0,Exec-managerial,Tech-support
26,5,272986,7,12,4,3,2,0,0,0,8,38,0,Adm-clerical,Adm-clerical
43,2,320277,9,13,2,0,4,1,0,0,40,38,0,Exec-managerial,Transport-moving
40,2,83953,15,10,2,0,4,1,0,0,50,38,1,Transport-moving,Sales
36,2,66304,15,10,2,0,4,1,0,0,45,38,0,Transport-moving,Craft-repair
33,2,377283,9,13,5,1,4,0,0,0,50,38,1,Sales,Prof-specialty
29,2,258862,9,13,4,1,4,0,0,0,45,38,0,Craft-repair,Exec-managerial
40,2,306225,11,9,0,1,1,0,0,0,40,23,0,Craft-repair,Adm-clerical
57,4,138892,1,7,2,0,4,1,0,0,15,38,0,Sales,Craft-repair
23,2,125106,9,13,4,3,4,0,0,0,40,38,0,Prof-specialty,Sales
29,2,47429,11,9,2,5,4,0,0,0,40,38,1,Adm-clerical,Other-service
60,2,227332,8,11,6,1,4,1,0,0,40,38,0,Adm-clerical,Prof-specialty
28,2,55191,7,12,4,1,4,1,0,0,45,38,0,Handlers-cleaners,Tech-support
46,2,330087,9,13,2,0,4,1,15024,0,45,38,1,Exec-managerial,Sales
33,2,180551,11,9,0,4,4,0,0,0,40,38,0,Exec-managerial,Other-service
42,2,303388,15,10,2,0,4,1,0,0,65,38,0,Exec-managerial,Machine-op-inspct
44,2,302424,11,9,0,1,4,1,0,0,55,38,0,Machine-op-inspct,Transport-moving
46,2,176814,14,15,2,0,4,1,99999,0,50,38,1,Prof-specialty,Prof-specialty
36,2,309122,11,9,0,4,4,0,0,0,35,38,0,Adm-clerical,Other-service
30,2,633742,15,10,4,1,2,1,0,0,45,38,0,Craft-repair,Sales
50,2,289390,11,9,2,0,4,1,0,0,47,38,0,Craft-repair,Craft-repair
20,2,201204,11,9,4,3,4,1,0,0,40,38,0,Handlers-cleaners,Handlers-cleaners
47,2,110669,9,13,5,4,4,0,0,0,50,38,0,Prof-specialty,Exec-managerial
59,2,114678,11,9,4,1,2,1,0,0,60,38,0,Craft-repair,Exec-managerial
38,2,252250,1,7,0,1,4,1,0,0,65,38,0,Machine-op-inspct,Transport-moving
27,2,200733,11,9,2,0,4,1,0,0,55,38,0,Machine-op-inspct,Transport-moving
33,5,290614,11,9,2,0,4,1,0,0,40,38,0,Other-service,Craft-repair
27,2,280758,1,7,4,2,4,1,0,0,60,38,0,Craft-repair,Transport-moving
41,1,201435,11,9,2,0,2,1,0,0,40,38,0,Transport-moving,Craft-repair
23,2,265356,9,13,4,4,4,1,0,0,40,38,0,Exec-managerial,Sales
26,3,366662,11,9,4,3,4,1,0,0,50,38,0,Sales,Sales
26,2,253841,11,9,4,1,4,1,0,0,45,38,0,Handlers-cleaners,Handlers-cleaners
39,4,274683,15,10,2,0,4,1,7688,0,50,38,1,Sales,Sales
55,2,143372,11,9,0,4,2,0,0,0,40,38,0,Sales,Prof-specialty
60,2,199378,11,9,2,0,4,1,0,0,40,38,0,Craft-repair,Craft-repair
34,4,213887,10,16,2,0,4,1,0,0,32,1,1,Prof-specialty,Prof-specialty
64,2,60940,11,9,6,1,4,0,8614,0,50,9,1,Sales,Adm-clerical
36,2,120760,12,14,2,0,1,1,0,0,40,2,0,Prof-specialty,Prof-specialty
18,2,215110,11,9,4,3,2,1,0,0,40,38,0,Handlers-cleaners,Machine-op-inspct
36,2,460437,6,5,0,1,4,0,0,0,40,38,0,Sales,Other-service
45,2,82797,9,13,2,0,4,1,0,0,45,38,1,Exec-managerial,Exec-managerial
33,2,155198,6,5,0,1,4,1,0,0,35,38,0,Machine-op-inspct,Other-service
29,2,24153,15,10,2,5,0,0,0,0,40,38,0,Other-service,Exec-managerial
46,2,249686,14,15,5,1,4,1,0,0,50,38,1,Prof-specialty,Prof-specialty
29,4,58744,7,12,4,3,4,1,0,0,60,38,0,Other-service,Sales
37,4,36214,9,13,2,0,4,1,0,0,65,38,1,Craft-repair,Exec-managerial
47,0,137917,15,10,2,0,2,1,0,0,40,38,1,Adm-clerical,Adm-clerical
31,4,226624,6,5,2,0,4,1,0,0,60,38,0,Craft-repair,Craft-repair
20,2,215495,6,5,4,2,4,0,0,0,40,25,0,Exec-managerial,Other-service
30,2,54608,9,13,2,0,4,1,0,0,40,38,0,Adm-clerical,Sales
41,2,152292,9,13,2,0,4,1,0,0,50,38,1,Prof-specialty,Sales
20,2,109813,1,7,4,2,4,1,0,0,40,38,0,Tech-support,Transport-moving
34,2,346122,11,9,4,1,4,1,0,0,40,38,0,Tech-support,Handlers-cleaners
42,2,162140,9,13,2,0,4,1,7298,0,45,38,1,Exec-managerial,Tech-support
48,3,192945,11,9,2,0,4,1,7688,0,40,38,1,Exec-managerial,Craft-repair
62,1,151369,11,9,4,1,4,1,0,0,40,38,0,Craft-repair,Other-service
46,1,146497,11,9,0,1,4,0,0,0,40,38,0,Prof-specialty,Adm-clerical
55,4,100569,11,9,5,4,4,0,0,0,55,38,0,Farming-fishing,Exec-managerial
38,2,809585,9,13,2,0,4,1,0,0,40,38,1,Sales,Prof-specialty
19,2,417657,11,9,4,3,4,1,0,0,50,38,0,Handlers-cleaners,Handlers-cleaners
48,0,166634,9,13,2,5,4,0,7688,0,40,38,1,Adm-clerical,Exec-managerial
18,2,88642,15,10,4,3,4,1,0,0,15,38,0,Sales,Other-service
39,2,187847,15,10,4,1,4,1,0,0,40,38,0,Craft-repair,Craft-repair
27,2,263552,11,9,4,1,4,1,0,0,50,38,0,Adm-clerical,Sales
57,3,33725,9,13,2,0,4,1,0,0,50,38,1,Craft-repair,Exec-managerial
28,2,37821,15,10,0,4,4,0,0,0,45,38,0,Sales,Adm-clerical
29,2,304595,12,14,4,1,4,1,0,0,50,38,1,Sales,Prof-specialty
45,5,36032,11,9,0,4,2,0,0,0,40,38,0,Protective-serv,Adm-clerical
39,4,134475,9,13,0,1,4,1,0,1762,40,38,0,Adm-clerical,Exec-managerial
45,2,297884,9,13,0,1,4,1,0,0,40,38,1,Exec-managerial,Sales
30,4,20098,8,11,0,1,4,0,0,0,40,38,0,Machine-op-inspct,Adm-clerical
81,4,137018,11,9,6,1,4,0,0,0,20,38,0,Adm-clerical,Sales
24,2,255474,1,7,2,0,4,1,0,0,40,38,0,Sales,Transport-moving
53,2,317313,11,9,2,0,4,1,0,0,60,38,1,Transport-moving,Sales
43,2,184105,11,9,2,0,4,1,0,0,50,38,0,Handlers-cleaners,Transport-moving
77,2,344425,6,5,2,5,2,0,0,0,10,38,0,Priv-house-serv,Other-service
36,5,37931,11,9,2,0,4,1,0,0,48,38,1,Protective-serv,Machine-op-inspct
25,2,169679,11,9,2,0,4,1,0,0,40,38,0,Transport-moving,Transport-moving
55,1,209535,12,14,2,0,4,1,0,0,40,38,1,Prof-specialty,Prof-specialty
22,2,214635,11,9,4,1,4,1,0,0,42,38,0,Machine-op-inspct,Handlers-cleaners
18,2,126071,11,9,4,3,4,1,0,0,40,38,0,Craft-repair,Adm-clerical
20,2,320047,0,6,3,1,4,1,0,0,40,38,0,Handlers-cleaners,Craft-repair
17,2,175465,0,6,4,3,4,0,0,0,14,38,0,Other-service,Other-service
31,2,381153,0,6,2,0,4,1,0,0,40,38,1,Tech-support,Craft-repair
24,2,283092,11,9,4,2,2,1,0,0,40,22,0,Adm-clerical,Handlers-cleaners
56,4,403072,15,10,2,0,4,1,0,0,50,38,1,Craft-repair,Sales
43,5,438427,15,10,0,1,2,0,0,0,40,38,0,Adm-clerical,Adm-clerical
64,2,239450,15,10,2,0,4,1,0,0,40,38,0,Sales,Prof-specialty
35,2,454843,15,10,2,0,4,1,0,0,40,38,1,Craft-repair,Craft-repair
30,2,94413,15,10,0,1,4,1,0,0,30,38,0,Transport-moving,Other-service
35,5,35626,15,10,0,4,4,0,0,0,15,38,0,Adm-clerical,Adm-clerical
47,2,160647,11,9,4,4,4,0,0,0,46,38,0,Farming-fishing,Other-service
17,2,193748,1,7,4,3,4,1,0,0,15,38,0,Sales,Adm-clerical
29,2,214881,11,9,4,1,4,1,0,0,40,38,0,Exec-managerial,Craft-repair
33,2,122672,11,9,2,0,4,1,0,0,50,38,0,Farming-fishing,Exec-managerial
28,5,119793,15,10,2,0,4,1,0,0,40,38,0,Protective-serv,Protective-serv
18,2,123714,1,7,4,1,2,1,0,0,40,38,0,Handlers-cleaners,Other-service
22,2,445758,4,3,4,1,4,1,0,0,40,25,0,Handlers-cleaners,Craft-repair
39,2,78171,15,10,3,4,0,0,0,0,40,38,0,Adm-clerical,Adm-clerical
62,0,224277,15,10,6,1,4,0,0,0,40,38,0,Protective-serv,Adm-clerical
37,2,143058,0,6,2,0,4,1,0,0,50,38,0,Craft-repair,Transport-moving
26,4,117125,6,5,2,0,4,1,0,0,40,31,0,Craft-repair,Craft-repair
69,3,169717,9,13,2,0,4,1,6418,0,45,38,1,Exec-managerial,Exec-managerial
29,2,138332,15,10,2,3,4,0,0,0,6,38,0,Adm-clerical,Prof-specialty
28,2,496526,11,9,4,1,4,0,0,0,40,38,0,Adm-clerical,Adm-clerical
58,2,205410,11,9,2,0,4,1,0,0,40,38,0,Craft-repair,Machine-op-inspct
22,5,96862,15,10,4,3,4,0,0,0,40,38,0,Adm-clerical,Adm-clerical
34,2,111985,11,9,2,0,4,1,0,0,45,38,0,Craft-repair,Transport-moving
41,4,95708,12,14,4,1,1,1,0,0,45,38,1,Exec-managerial,Exec-managerial
31,2,110643,9,13,2,0,4,1,0,1977,55,38,1,Exec-managerial,Exec-managerial
36,2,34744,7,12,0,4,4,0,0,0,37,38,0,Other-service,Machine-op-inspct
40,2,226505,11,9,2,5,4,0,0,0,46,38,1,Adm-clerical,Craft-repair
49,2,185041,11,9,2,0,4,1,0,0,40,38,0,Machine-op-inspct,Farming-fishing
22,2,147397,9,13,4,1,4,1,0,0,20,38,0,Farming-fishing,Prof-specialty
65,2,154171,14,15,2,0,4,1,20051,0,60,38,1,Prof-specialty,Prof-specialty
27,4,30244,11,9,4,3,4,1,0,0,80,38,0,Farming-fishing,Farming-fishing
42,2,322385,8,11,2,0,4,1,2407,0,40,38,0,Machine-op-inspct,Craft-repair
35,2,184655,9,13,4,1,4,1,0,0,40,38,0,Prof-specialty,Prof-specialty
48,2,239058,2,8,6,4,4,0,0,0,50,38,0,Handlers-cleaners,Other-service
49,2,199448,8,11,0,4,4,0,0,0,40,38,0,Sales,Other-service
48,2,401333,11,9,0,1,4,1,0,0,40,38,0,Sales,Craft-repair
27,1,200492,9,13,4,3,4,0,0,0,40,38,0,Prof-specialty,Prof-specialty
44,2,377018,8,11,2,0,4,1,0,0,40,38,1,Craft-repair,Sales
19,2,227491,11,9,4,1,1,0,0,0,40,38,0,Sales,Other-service
30,3,68330,15,10,2,0,4,1,0,0,50,38,0,Sales,Craft-repair
38,2,171150,7,12,2,0,4,1,0,0,40,38,1,Prof-specialty,Exec-managerial
41,2,136419,7,12,2,0,4,1,0,0,75,38,1,Tech-support,Sales
22,2,157145,8,11,4,3,4,1,0,0,50,38,0,Craft-repair,Craft-repair
50,2,198362,8,11,6,4,4,0,0,0,40,38,0,Exec-managerial,Prof-specialty
43,2,208613,9,13,5,1,4,1,0,0,40,38,0,Tech-support,Prof-specialty
53,2,304353,15,10,2,0,4,1,0,0,36,38,1,Craft-repair,Craft-repair
39,4,160808,15,10,2,0,2,1,0,0,40,38,0,Other-service,Craft-repair
47,2,161950,11,9,0,4,4,0,0,0,32,38,0,Other-service,Machine-op-inspct
34,2,200117,0,6,2,0,4,1,0,0,40,38,0,Craft-repair,Craft-repair
49,3,246739,15,10,2,0,4,1,0,0,45,38,1,Craft-repair,Exec-managerial
46,2,83064,15,10,2,0,4,1,0,0,40,38,0,Machine-op-inspct,Machine-op-inspct
25,2,189656,9,13,4,1,4,1,0,0,60,38,1,Tech-support,Sales
26,2,166051,9,13,4,3,4,0,0,0,40,38,0,Adm-clerical,Exec-managerial
38,2,129573,11,9,2,0,4,1,0,0,41,38,0,Craft-repair,Craft-repair
20,2,234640,15,10,4,3,4,0,0,0,40,38,0,Adm-clerical,Adm-clerical
38,2,177305,11,9,2,0,4,1,0,0,45,38,0,Craft-repair,Craft-repair
39,2,160123,11,9,6,1,4,0,0,0,40,38,0,Adm-clerical,Sales
50,2,339954,8,11,2,0,4,1,0,0,40,38,1,Craft-repair,Exec-managerial
57,2,159319,12,14,2,0,4,1,0,0,50,38,1,Exec-managerial,Exec-managerial
59,2,100313,11,9,2,0,4,1,0,1887,40,38,1,Exec-managerial,Craft-repair
44,0,184099,11,9,2,0,4,1,0,0,40,38,1,Adm-clerical,Craft-repair
51,2,106151,1,7,0,3,4,1,0,0,40,38,0,Transport-moving,Handlers-cleaners
31,2,118941,15,10,0,3,4,0,0,0,20,38,0,Other-service,Other-service
17,2,217342,0,6,4,3,4,0,0,0,5,38,0,Sales,Other-service
32,2,348152,12,14,2,0,4,1,0,0,40,38,1,Exec-managerial,Prof-specialty
47,2,155659,15,10,2,0,4,1,7688,0,55,38,1,Craft-repair,Exec-managerial
29,2,228860,15,10,2,0,4,1,0,1887,50,38,1,Exec-managerial,Craft-repair
32,2,281437,15,10,2,0,4,1,0,0,55,38,0,Transport-moving,Adm-clerical
33,2,168387,1,7,2,0,4,1,0,0,40,38,0,Other-service,Farming-fishing
26,2,259585,15,10,4,1,4,1,0,0,24,38,0,Sales,Other-service
43,2,212847,15,10,0,1,4,1,0,0,40,38,0,Machine-op-inspct,Sales
45,4,77132,15,10,4,1,4,1,0,0,55,38,0,Sales,Exec-managerial
30,2,296453,9,13,2,0,4,1,7298,0,40,38,1,Adm-clerical,Exec-managerial
48,2,345831,15,10,2,0,4,1,0,0,40,38,1,Tech-support,Craft-repair
32,5,481096,4,3,4,3,4,0,0,0,10,38,0,Machine-op-inspct,Other-service
17,3,254859,1,7,4,3,4,1,0,0,20,38,0,Prof-specialty,Other-service
35,4,102471,11,9,0,1,4,1,0,0,80,32,0,Farming-fishing,Sales
17,2,297246,1,7,4,3,4,0,0,0,9,38,0,Priv-house-serv,Other-service
18,2,128086,2,8,4,3,4,1,0,0,18,38,0,Handlers-cleaners,Other-service
28,4,204984,9,13,4,1,4,1,0,0,45,38,0,Tech-support,Sales
20,2,162688,11,9,4,3,4,1,0,0,38,38,0,Handlers-cleaners,Other-service
24,2,420779,11,9,2,0,2,1,0,0,35,38,0,Farming-fishing,Other-service
17,2,139183,0,6,4,3,4,0,0,0,15,38,0,Sales,Other-service
37,2,308691,9,13,2,0,4,1,0,0,45,38,1,Craft-repair,Exec-managerial
56,2,274111,9,13,2,0,4,1,0,0,45,38,1,Adm-clerical,Exec-managerial
24,2,275884,11,9,5,4,2,0,0,0,40,38,0,Other-service,Machine-op-inspct
24,2,311376,9,13,4,1,4,0,0,0,40,38,0,Prof-specialty,Exec-managerial
39,2,186130,14,15,2,0,4,1,0,0,55,38,1,Exec-managerial,Prof-specialty
27,2,83517,11,9,4,3,4,1,0,0,60,38,0,Transport-moving,Sales
44,2,187629,7,12,4,1,4,1,0,0,25,38,0,Craft-repair,Sales
30,2,128016,9,13,4,1,4,0,0,0,55,38,0,Exec-managerial,Exec-managerial
30,2,143392,9,13,2,5,4,0,0,0,40,38,0,Adm-clerical,Exec-managerial
30,0,127610,9,13,4,1,4,0,0,0,35,38,0,Adm-clerical,Prof-specialty
31,2,234976,1,7,4,4,4,0,0,0,48,38,0,Adm-clerical,Other-service
45,2,187370,12,14,0,4,4,1,7430,0,70,38,1,Exec-managerial,Exec-managerial
38,2,100295,5,4,2,5,4,0,0,0,50,1,1,Machine-op-inspct,Machine-op-inspct
57,4,50990,11,9,2,0,4,1,0,0,30,38,0,Farming-fishing,Farming-fishing
51,2,96586,15,10,2,0,4,1,0,0,40,38,1,Tech-support,Craft-repair
29,2,39484,9,13,2,0,4,1,7298,0,42,38,1,Other-service,Sales
20,2,218178,11,9,4,1,4,1,0,0,40,38,0,Handlers-cleaners,Machine-op-inspct
23,2,120910,11,9,4,4,4,0,0,0,35,38,0,Other-service,Other-service
42,2,203393,9,13,2,5,2,0,0,0,35,38,1,Craft-repair,Exec-managerial
36,2,132879,11,9,0,4,4,1,0,0,45,38,0,Exec-managerial,Craft-repair
33,2,169973,8,11,5,1,4,0,0,0,40,38,0,Protective-serv,Adm-clerical
66,2,175558,5,4,6,1,4,0,0,0,20,10,0,Other-service,Other-service
51,0,282680,10,16,4,1,4,0,0,1564,70,38,1,Prof-specialty,Prof-specialty
64,3,213574,11,9,2,0,4,1,2635,0,10,38,0,Craft-repair,Exec-managerial
58,3,130454,15,10,2,0,4,1,0,0,50,38,1,Exec-managerial,Sales
28,2,161087,15,10,4,1,2,0,0,0,45,22,0,Exec-managerial,Adm-clerical
48,2,50880,15,10,2,0,4,1,0,0,40,10,0,Craft-repair,Adm-clerical
40,2,43711,11,9,4,1,4,1,0,0,45,38,0,Machine-op-inspct,Handlers-cleaners
26,5,252284,15,10,2,0,4,1,0,0,40,38,0,Protective-serv,Adm-clerical
33,2,181091,9,13,2,0,4,1,0,0,60,19,1,Adm-clerical,Exec-managerial
26,2,90915,7,12,4,3,2,0,0,0,15,38,0,Other-service,Adm-clerical
37,2,219546,9,13,2,2,4,1,3411,0,47,38,0,Exec-managerial,Exec-managerial
54,1,204325,15,10,2,0,4,1,0,0,52,38,0,Protective-serv,Protective-serv
43,2,170525,9,13,0,1,4,0,14344,0,40,38,1,Prof-specialty,Exec-managerial
46,2,99385,9,13,5,4,4,0,0,0,40,38,0,Exec-managerial,Prof-specialty
30,2,327112,9,13,0,1,4,1,0,1564,40,38,1,Sales,Exec-managerial
22,2,239806,8,11,4,2,4,0,0,0,40,25,0,Other-service,Other-service
25,2,276310,6,5,2,0,4,1,0,0,40,25,0,Machine-op-inspct,Machine-op-inspct
28,2,31778,9,13,4,3,4,1,0,0,40,38,0,Handlers-cleaners,Prof-specialty
60,2,225883,15,10,6,4,4,0,0,0,27,38,0,Sales,Other-service
26,2,176008,11,9,0,3,4,0,0,0,40,38,0,Adm-clerical,Handlers-cleaners
30,2,36383,9,13,2,0,4,1,0,0,40,25,1,Sales,Prof-specialty
29,4,85572,1,7,2,5,4,0,0,0,5,38,0,Other-service,Other-service
48,2,345831,11,9,0,1,4,1,0,0,40,38,0,Machine-op-inspct,Craft-repair
49,2,115613,6,5,2,0,4,1,0,0,40,38,0,Other-service,Craft-repair
48,2,155664,9,13,2,0,4,1,0,0,35,38,1,Adm-clerical,Exec-managerial
47,2,30840,12,14,0,1,4,1,0,0,40,38,1,Prof-specialty,Exec-managerial
33,2,162312,11,9,0,1,1,1,0,0,45,23,0,Sales,Other-service
40,2,53727,12,14,4,1,4,1,0,0,50,38,1,Sales,Exec-managerial
74,4,173929,10,16,3,1,4,1,0,0,25,38,1,Prof-specialty,Prof-specialty
42,2,289636,11,9,2,0,4,1,0,0,46,38,0,Transport-moving,Craft-repair
46,2,175925,15,10,2,0,4,1,0,0,40,38,0,Farming-fishing,Transport-moving
52,1,91689,15,10,2,0,4,1,0,0,40,38,0,Transport-moving,Craft-repair
33,1,248346,7,12,2,0,4,1,0,0,50,38,0,Craft-repair,Protective-serv
36,2,172129,6,5,2,0,4,1,0,0,40,38,0,Handlers-cleaners,Craft-repair
33,2,132832,11,9,4,1,4,0,0,0,50,38,0,Adm-clerical,Adm-clerical
46,2,158656,7,12,4,4,4,0,0,0,36,38,0,Prof-specialty,Prof-specialty
37,4,126675,11,9,2,0,4,1,0,0,60,38,1,Farming-fishing,Exec-managerial
20,2,192711,15,10,4,3,4,0,0,0,40,38,0,Handlers-cleaners,Tech-support
21,2,203894,8,11,4,3,4,0,0,0,40,38,0,Adm-clerical,Adm-clerical
28,4,211032,1,7,4,1,4,1,0,0,40,25,0,Craft-repair,Craft-repair
35,2,99357,9,13,2,5,4,0,0,1977,30,38,1,Exec-managerial,Exec-managerial
59,2,243226,0,6,0,1,4,0,0,0,40,38,0,Machine-op-inspct,Other-service
70,2,236055,5,4,6,1,4,0,0,0,35,38,0,Other-service,Other-service
38,2,64875,15,10,4,4,4,1,0,0,60,38,0,Farming-fishing,Craft-repair
74,2,161387,11,9,0,1,4,0,0,0,16,38,0,Handlers-cleaners,Other-service
52,4,195462,11,9,2,0,4,1,0,0,98,38,1,Farming-fishing,Farming-fishing
17,2,216137,1,7,4,3,4,0,0,0,8,38,0,Sales,Other-service
66,2,146454,15,10,2,0,4,1,5556,0,40,38,1,Sales,Prof-specialty
43,1,96102,15,10,2,0,4,1,0,1887,40,38,1,Protective-serv,Transport-moving
50,3,207246,15,10,5,4,4,0,0,0,75,38,0,Exec-managerial,Adm-clerical
30,2,39386,15,10,2,0,2,1,0,0,99,38,0,Exec-managerial,Craft-repair
57,2,173832,9,13,2,0,4,1,0,1902,40,38,1,Sales,Prof-specialty
25,2,53147,9,13,4,3,2,1,0,0,50,38,0,Exec-managerial,Sales
38,2,172571,15,10,0,3,4,1,0,0,58,30,0,Craft-repair,Other-service
52,2,194580,4,3,0,4,4,1,0,0,40,38,0,Farming-fishing,Transport-moving
31,2,111567,6,5,4,1,4,1,0,0,43,38,1,Sales,Craft-repair
38,2,156728,9,13,2,0,4,1,0,0,40,38,1,Sales,Exec-managerial
41,2,184846,15,10,0,4,4,0,0,0,40,38,0,Adm-clerical,Adm-clerical
47,2,148724,11,9,2,0,2,1,0,0,40,38,0,Sales,Craft-repair
37,4,143368,10,16,2,0,4,1,0,0,60,38,0,Prof-specialty,Prof-specialty
19,2,201178,11,9,4,1,4,0,0,0,30,38,0,Sales,Adm-clerical
33,2,125856,11,9,2,0,4,1,0,0,40,38,0,Craft-repair,Craft-repair
51,5,194475,15,10,0,1,4,0,0,0,40,38,0,Prof-specialty,Adm-clerical
37,5,378916,11,9,2,0,4,1,0,0,40,38,0,Adm-clerical,Protective-serv
28,1,175262,7,12,2,0,4,1,0,2002,40,8,0,Protective-serv,Protective-serv
25,2,308144,9,13,4,1,4,1,0,0,40,25,0,Craft-repair,Craft-repair
48,2,185039,11,9,0,4,4,0,0,0,30,38,0,Sales,Sales
24,2,163053,9,13,4,1,4,0,0,0,40,38,0,Sales,Adm-clerical
42,2,212737,6,5,5,4,2,1,0,0,40,38,0,Craft-repair,Farming-fishing
26,2,292803,15,10,4,3,4,0,0,0,24,38,0,Other-service,Handlers-cleaners
31,0,126501,8,11,4,3,4,1,0,0,40,38,0,Prof-specialty,Prof-specialty
21,2,202871,11,9,4,3,4,1,0,0,44,38,0,Sales,Adm-clerical
24,2,47791,11,9,4,4,4,0,0,0,32,38,0,Other-service,Other-service
48,2,185143,12,14,2,0,4,1,0,0,40,38,0,Exec-managerial,Prof-specialty
32,2,97306,9,13,4,1,4,0,0,0,48,38,0,Adm-clerical,Prof-specialty
37,1,174924,15,10,0,4,4,1,0,0,48,10,0,Protective-serv,Protective-serv
37,2,108140,12,14,2,0,4,1,15024,0,45,38,1,Exec-managerial,Exec-managerial
81,2,177408,11,9,2,0,4,1,0,2377,26,38,1,Exec-managerial,Craft-repair
39,2,279490,15,10,0,4,4,0,0,0,40,25,0,Exec-managerial,Adm-clerical
35,2,177102,11,9,0,4,4,0,0,0,40,38,0,Handlers-cleaners,Machine-op-inspct
31,2,191834,15,10,2,0,4,1,0,0,40,38,1,Craft-repair,Craft-repair
32,2,226975,15,10,4,3,4,1,0,1876,60,38,0,Sales,Exec-managerial
38,2,229180,9,13,4,4,4,0,0,0,40,4,0,Exec-managerial,Adm-clerical
51,2,179010,15,10,0,1,4,0,0,0,60,38,0,Sales,Adm-clerical
52,1,146565,7,12,0,1,4,0,4865,0,30,38,0,Other-service,Adm-clerical
43,4,52498,9,13,4,4,4,0,0,0,50,38,0,Prof-specialty,Exec-managerial
29,2,229729,11,9,4,1,4,1,0,0,40,38,0,Transport-moving,Craft-repair
60,0,67320,11,9,4,1,2,0,0,0,40,38,0,Adm-clerical,Adm-clerical
52,2,91048,11,9,0,3,2,0,0,0,35,38,0,Machine-op-inspct,Adm-clerical
55,2,175942,11,9,0,1,4,0,0,0,40,9,0,Priv-house-serv,Sales
30,2,197886,15,10,4,1,4,1,0,0,45,38,1,Sales,Craft-repair
29,4,162298,9,13,2,0,4,1,0,0,70,38,1,Sales,Exec-managerial
45,2,205100,9,13,2,0,4,1,15024,0,60,38,1,Exec-managerial,Exec-managerial
18,0,280728,15,10,4,3,4,0,0,0,32,38,0,Sales,Adm-clerical
31,2,139822,11,9,2,5,4,0,0,0,40,38,1,Adm-clerical,Adm-clerical
38,2,298841,15,10,4,1,4,0,0,0,45,38,0,Exec-managerial,Prof-specialty
21,5,39236,15,10,4,1,4,0,0,0,8,38,0,Prof-specialty,Adm-clerical
27,1,151626,11,9,4,3,2,0,0,0,40,38,0,Prof-specialty,Adm-clerical
40,2,143327,15,10,5,1,4,1,0,0,40,38,0,Handlers-cleaners,Exec-managerial
23,2,447488,6,5,4,2,4,1,0,0,35,25,0,Machine-op-inspct,Other-service
41,3,125831,11,9,2,0,4,1,0,1887,55,38,1,Sales,Exec-managerial
35,2,117381,9,13,4,1,4,1,8614,0,45,38,1,Exec-managerial,Exec-managerial
32,2,252257,7,12,4,1,4,0,0,0,45,38,0,Adm-clerical,Adm-clerical
49,2,166857,6,5,0,1,4,0,0,0,40,38,0,Handlers-cleaners,Other-service
27,2,80165,15,10,5,4,4,0,0,0,20,38,0,Adm-clerical,Sales
21,2,231866,11,9,4,3,4,1,0,0,65,38,0,Farming-fishing,Machine-op-inspct
41,4,408498,11,9,2,0,4,1,0,0,50,38,0,Exec-managerial,Farming-fishing
42,4,140474,7,12,0,3,0,1,0,0,35,38,0,Craft-repair,Craft-repair
38,0,207066,11,9,2,0,4,1,0,0,42,38,1,Exec-managerial,Adm-clerical
54,2,176681,11,9,2,0,2,1,0,0,20,38,0,Adm-clerical,Craft-repair
30,2,29235,15,10,4,2,4,0,0,0,20,38,0,Adm-clerical,Other-service
43,2,260761,11,9,2,0,4,1,0,0,40,25,0,Machine-op-inspct,Craft-repair
27,2,246440,1,7,0,4,4,0,0,0,40,38,0,Machine-op-inspct,Machine-op-inspct
47,2,302711,1,7,0,4,4,0,0,0,40,38,0,Adm-clerical,Other-service
25,2,138765,15,10,2,0,4,1,0,0,40,38,0,Machine-op-inspct,Tech-support
33,1,133876,11,9,0,4,4,1,0,0,40,38,0,Craft-repair,Craft-repair
47,2,148995,11,9,2,0,4,1,0,0,40,38,1,Craft-repair,Craft-repair
38,2,396595,15,10,2,0,1,1,0,0,40,38,1,Craft-repair,Machine-op-inspct
51,2,244572,11,9,5,1,2,0,0,0,37,38,0,Other-service,Other-service
60,4,282066,9,13,2,0,4,1,0,1977,45,38,1,Exec-managerial,Prof-specialty
56,2,247337,9,13,2,0,4,1,0,0,50,38,1,Prof-specialty,Exec-managerial
26,2,75654,11,9,0,1,4,1,0,0,55,38,0,Craft-repair,Transport-moving
34,2,135785,9,13,4,1,4,0,0,0,36,38,0,Prof-specialty,Other-service
56,2,285730,12,14,4,1,4,1,0,0,66,38,0,Prof-specialty,Prof-specialty
49,5,391585,9,13,2,0,4,1,15024,0,40,38,1,Exec-managerial,Exec-managerial
38,4,239045,10,16,2,0,4,1,0,0,50,38,1,Prof-specialty,Prof-specialty
18,2,401051,0,6,4,3,4,0,0,0,35,38,0,Sales,Sales
37,2,294919,15,10,0,1,4,1,0,0,40,38,0,Transport-moving,Craft-repair
53,2,158746,15,10,2,0,4,1,0,0,40,38,0,Tech-support,Sales
21,2,29810,11,9,4,1,4,0,0,0,50,38,0,Other-service,Other-service
41,2,231689,11,9,2,0,4,1,0,0,40,38,1,Craft-repair,Exec-managerial
61,2,51170,11,9,2,0,4,1,0,0,55,38,0,Craft-repair,Exec-managerial
22,2,120518,11,9,6,3,4,0,0,0,40,38,0,Adm-clerical,Adm-clerical
36,2,221650,15,10,2,0,4,1,0,0,40,23,0,Craft-repair,Craft-repair
34,2,208785,7,12,0,1,4,1,0,0,50,38,1,Sales,Craft-repair
37,2,298539,11,9,2,0,4,1,0,1902,55,38,1,Exec-managerial,Transport-moving
63,2,108097,15,10,2,0,4,1,10566,0,45,38,0,Craft-repair,Sales
48,2,145041,11,9,4,2,4,1,0,0,40,5,0,Machine-op-inspct,Craft-repair
45,2,214627,10,16,6,4,4,1,15020,0,40,19,1,Prof-specialty,Prof-specialty
23,2,23037,2,8,4,3,0,1,0,0,40,38,0,Handlers-cleaners,Craft-repair
33,2,170769,11,9,2,0,4,1,0,0,40,38,0,Craft-repair,Handlers-cleaners
45,2,231672,11,9,2,0,2,1,0,0,40,38,0,Machine-op-inspct,Craft-repair
26,2,122206,11,9,4,2,4,1,0,0,40,38,0,Craft-repair,Craft-repair
45,5,190406,14,15,0,4,2,1,25236,0,36,38,1,Prof-specialty,Prof-specialty
48,2,224870,11,9,0,2,3,0,0,0,38,6,0,Machine-op-inspct,Adm-clerical
56,2,121362,9,13,0,1,4,0,0,0,32,38,0,Other-service,Prof-specialty
33,5,306309,12,14,4,1,4,1,0,0,50,38,0,Prof-specialty,Prof-specialty
26,2,181655,8,11,2,0,4,1,0,2377,45,38,0,Adm-clerical,Sales
39,2,271521,9,13,2,0,1,1,0,0,48,29,1,Prof-specialty,Exec-managerial
43,2,188436,8,11,0,1,4,1,0,0,48,38,0,Prof-specialty,Transport-moving
25,2,177017,11,9,4,1,4,1,0,1504,37,38,0,Sales,Machine-op-inspct
42,2,44402,9,13,2,0,4,1,0,0,60,38,0,Sales,Sales
60,4,184362,11,9,2,5,4,0,0,0,25,38,0,Sales,Other-service
34,2,509364,11,9,0,1,4,1,0,0,30,38,0,Machine-op-inspct,Other-service
54,2,257869,15,10,5,1,4,1,0,0,28,3,0,Other-service,Adm-clerical
64,2,171373,1,7,6,4,4,0,0,0,40,38,0,Farming-fishing,Other-service
26,1,192213,12,14,4,1,4,0,0,0,40,1,0,Prof-specialty,Prof-specialty
27,2,466224,15,10,4,1,2,1,0,0,40,38,0,Sales,Handlers-cleaners
37,2,140713,15,10,2,0,2,1,0,0,40,22,1,Adm-clerical,Craft-repair
51,0,314007,11,9,0,1,4,0,0,0,40,38,0,Exec-managerial,Adm-clerical
38,2,160035,11,9,2,0,4,1,0,0,55,38,0,Craft-repair,Transport-moving
45,2,88781,9,13,2,0,4,1,0,0,40,10,1,Craft-repair,Exec-managerial
34,2,158040,9,13,4,1,4,0,0,0,45,38,0,Exec-managerial,Prof-specialty
37,3,162164,11,9,2,0,4,1,0,0,40,38,0,Craft-repair,Craft-repair
61,2,477209,5,4,2,0,4,1,0,0,54,38,0,Farming-fishing,Transport-moving
27,2,330466,9,13,4,2,1,1,0,0,40,38,0,Tech-support,Handlers-cleaners
44,1,277144,9,13,4,3,4,1,0,0,60,38,0,Prof-specialty,Prof-specialty
30,2,252752,9,13,2,5,4,0,0,0,40,38,0,Prof-specialty,Adm-clerical
44,2,214242,15,10,2,0,4,1,0,0,50,38,1,Transport-moving,Sales
29,2,154411,8,11,4,3,4,1,0,0,40,38,0,Tech-support,Exec-managerial
38,2,309122,0,6,0,1,4,0,0,0,40,38,0,Machine-op-inspct,Other-service
37,2,280966,15,10,2,0,4,1,0,0,50,38,1,Machine-op-inspct,Exec-managerial
58,2,197642,15,10,4,1,4,0,0,0,39,38,0,Adm-clerical,Adm-clerical
23,5,96748,15,10,4,3,4,1,0,0,10,38,0,Prof-specialty,Exec-managerial
53,2,53812,15,10,6,1,4,0,0,0,54,38,0,Exec-managerial,Exec-managerial
30,2,79712,9,13,2,0,3,1,0,0,40,38,0,Prof-specialty,Sales
21,2,197387,11,9,4,3,4,1,0,0,20,38,0,Handlers-cleaners,Machine-op-inspct
29,4,241431,11,9,4,1,4,1,0,0,45,38,0,Craft-repair,Craft-repair
41,4,49572,15,10,2,0,4,1,0,0,60,38,0,Exec-managerial,Farming-fishing
54,5,249096,8,11,2,0,4,1,0,0,40,38,0,Protective-serv,Protective-serv
60,1,204062,12,14,2,0,4,1,0,0,48,38,1,Prof-specialty,Exec-managerial
24,2,236696,9,13,4,1,4,1,0,0,40,38,0,Exec-managerial,Exec-managerial
33,2,143582,11,9,5,4,1,0,0,0,48,2,0,Other-service,Other-service
31,2,106437,14,15,2,5,4,0,0,0,60,38,1,Prof-specialty,Prof-specialty
41,2,237452,9,13,2,5,4,0,0,0,15,4,1,Prof-specialty,Prof-specialty
29,1,92262,11,9,4,3,4,1,0,0,48,38,0,Protective-serv,Handlers-cleaners
29,2,247445,11,9,0,1,4,1,0,0,45,38,0,Sales,Craft-repair
28,2,334032,8,11,4,1,4,1,0,0,50,38,0,Sales,Craft-repair
30,2,171876,14,15,4,1,4,0,0,0,45,38,0,Prof-specialty,Prof-specialty
64,2,182979,11,9,2,0,4,1,0,0,40,38,0,Machine-op-inspct,Craft-repair
24,4,81145,15,10,4,1,4,0,0,0,75,38,0,Other-service,Adm-clerical
29,2,140863,15,10,2,0,4,1,0,0,40,38,0,Tech-support,Prof-specialty
47,0,227244,9,13,2,0,2,1,0,0,50,38,1,Protective-serv,Prof-specialty
22,2,190916,15,10,4,3,4,0,0,0,40,38,0,Tech-support,Sales
21,2,197997,15,10,4,3,4,1,0,0,30,38,0,Adm-clerical,Transport-moving
37,2,180342,9,13,4,1,4,1,0,0,45,38,0,Sales,Exec-managerial
30,2,91145,11,9,4,4,4,1,0,0,55,38,0,Handlers-cleaners,Transport-moving
42,2,210525,12,14,4,1,4,1,0,0,40,38,0,Exec-managerial,Prof-specialty
28,2,251905,14,15,4,1,4,1,0,2339,40,1,0,Prof-specialty,Prof-specialty
42,5,192397,15,10,0,3,4,0,0,0,38,38,0,Adm-clerical,Adm-clerical
47,2,343579,3,2,3,1,4,1,0,0,12,25,0,Farming-fishing,Other-service
78,3,385242,9,13,2,0,4,1,9386,0,45,38,1,Exec-managerial,Sales
27,1,199172,11,9,2,5,4,0,0,0,40,38,0,Protective-serv,Adm-clerical
45,2,186272,6,5,2,0,2,1,5178,0,40,38,1,Adm-clerical,Craft-repair
49,2,178749,12,14,3,4,4,0,0,0,40,38,0,Adm-clerical,Prof-specialty
21,2,163333,15,10,4,3,4,0,0,0,35,38,0,Other-service,Adm-clerical
33,2,109996,7,12,3,3,4,0,0,0,40,38,0,Prof-specialty,Adm-clerical
53,4,240138,11,9,2,0,4,1,0,0,60,38,0,Craft-repair,Craft-repair
61,2,229744,4,3,2,0,4,1,0,0,40,7,0,Craft-repair,Other-service
23,2,245147,15,10,4,3,2,1,0,0,40,38,0,Handlers-cleaners,Adm-clerical
28,2,30070,9,13,2,0,4,1,0,0,50,38,0,Sales,Sales
44,2,110396,12,14,4,1,4,1,14084,0,56,38,1,Exec-managerial,Exec-managerial
49,2,125892,11,9,2,0,4,1,0,0,40,38,0,Sales,Craft-repair
29,1,195520,12,14,2,0,4,1,0,0,40,38,0,Prof-specialty,Prof-specialty
32,2,236543,2,8,0,3,4,1,0,0,54,25,0,Protective-serv,Craft-repair
62,6,159908,15,10,2,5,4,0,0,0,16,38,0,Adm-clerical,Other-service
22,2,223019,11,9,4,3,4,0,0,0,20,38,0,Adm-clerical,Sales
23,2,175424,15,10,4,3,2,0,0,0,40,38,0,Adm-clerical,Exec-managerial
45,2,217953,11,9,2,0,3,1,0,0,40,25,0,Craft-repair,Craft-repair
24,2,189749,1,7,2,0,4,1,0,0,40,38,0,Craft-repair,Craft-repair
23,4,121313,11,9,4,3,4,1,0,0,40,38,0,Craft-repair,Sales
27,2,279872,15,10,0,1,4,1,0,0,40,38,0,Other-service,Craft-repair
26,2,190027,0,6,0,1,4,0,0,0,30,38,0,Handlers-cleaners,Machine-op-inspct
28,2,120135,8,11,4,1,4,0,0,0,40,38,0,Sales,Adm-clerical
38,2,175232,11,9,0,1,4,1,0,0,45,38,0,Machine-op-inspct,Craft-repair
49,2,232586,4,3,2,0,4,1,0,0,40,38,0,Craft-repair,Craft-repair
36,2,181589,9,13,4,1,4,0,0,0,32,3,0,Adm-clerical,Exec-managerial
31,2,330715,11,9,5,1,4,1,0,0,40,38,0,Other-service,Machine-op-inspct
21,2,409230,11,9,4,1,4,1,0,0,40,12,0,Craft-repair,Other-service
20,2,172232,11,9,4,3,4,1,0,0,48,38,0,Adm-clerical,Handlers-cleaners
30,2,167476,11,9,2,0,4,1,0,0,50,38,0,Transport-moving,Craft-repair
46,2,273771,9,13,2,0,4,1,99999,0,40,38,1,Sales,Transport-moving
31,2,97933,15,10,4,1,4,0,0,0,40,38,0,Adm-clerical,Exec-managerial
42,1,182302,11,9,2,0,4,1,0,0,40,38,0,Craft-repair,Transport-moving
69,5,34339,11,9,2,0,4,1,0,0,40,38,0,Protective-serv,Exec-managerial
24,2,67222,9,13,4,1,1,1,0,0,45,2,0,Machine-op-inspct,Prof-specialty
45,4,160962,15,10,4,3,4,0,0,0,35,38,0,Sales,Adm-clerical
27,2,298635,12,14,2,0,1,1,0,0,40,16,1,Prof-specialty,Prof-specialty
40,2,143046,9,13,4,1,4,0,0,0,45,38,0,Prof-specialty,Prof-specialty
42,2,106900,8,11,4,1,4,1,0,0,40,38,0,Tech-support,Craft-repair
29,2,187188,12,14,4,1,1,1,0,0,60,38,0,Exec-managerial,Prof-specialty
32,2,419691,2,8,2,0,4,1,0,0,40,38,1,Sales,Craft-repair
33,1,43959,12,14,2,0,4,1,7688,0,50,38,1,Prof-specialty,Prof-specialty
31,2,244147,11,9,0,4,4,1,0,0,55,38,0,Craft-repair,Machine-op-inspct
44,2,120277,12,14,2,0,4,1,0,0,38,38,1,Exec-managerial,Prof-specialty
34,3,343789,9,13,2,0,4,1,7688,0,55,38,1,Exec-managerial,Sales
37,2,181705,8,11,2,0,4,1,0,0,40,38,0,Craft-repair,Craft-repair
19,2,220819,11,9,4,3,4,0,0,0,40,38,0,Farming-fishing,Other-service
49,2,281647,9,13,2,0,4,1,0,0,45,38,1,Sales,Exec-managerial
41,4,238184,11,9,2,5,4,0,0,0,40,38,0,Farming-fishing,Other-service
39,5,42186,11,9,2,5,1,0,3464,0,20,38,0,Adm-clerical,Other-service
51,4,99185,7,12,2,0,4,1,0,0,40,38,1,Exec-managerial,Sales
30,0,48458,15,10,4,3,2,0,0,0,40,38,0,Adm-clerical,Adm-clerical
22,2,134746,0,6,2,5,4,0,0,0,40,38,0,Sales,Farming-fishing
27,2,289147,9,13,4,3,4,0,0,0,40,38,0,Prof-specialty,Sales
25,2,330695,15,10,2,0,4,1,0,0,50,38,0,Sales,Sales
58,3,154537,11,9,2,5,4,0,0,0,20,38,1,Exec-managerial,Adm-clerical
48,1,378221,9,13,2,0,4,1,0,0,60,25,1,Exec-managerial,Prof-specialty
24,4,186831,15,10,4,1,2,1,0,0,45,38,0,Exec-managerial,Sales
50,2,98975,9,13,2,0,4,1,15024,0,40,38,1,Exec-managerial,Tech-support
57,2,199934,9,13,2,0,4,1,0,0,40,38,1,Exec-managerial,Sales
22,2,29444,2,8,4,1,0,1,0,0,50,38,0,Farming-fishing,Transport-moving
23,5,279243,15,10,4,1,4,1,0,0,40,38,0,Protective-serv,Prof-specialty
54,2,103345,8,11,2,0,4,1,0,0,40,38,1,Exec-managerial,Craft-repair
55,2,92215,11,9,0,1,4,0,0,0,40,38,0,Adm-clerical,Adm-clerical
36,2,186376,15,10,2,0,1,1,0,0,50,38,1,Machine-op-inspct,Exec-managerial
36,4,164526,12,14,4,1,4,1,10520,0,45,38,1,Sales,Prof-specialty
63,2,287277,11,9,0,1,4,1,0,0,40,38,0,Protective-serv,Protective-serv
24,2,228613,1,7,4,4,4,0,0,0,40,38,0,Machine-op-inspct,Other-service
29,5,183285,15,10,4,1,4,1,0,0,36,38,0,Protective-serv,Prof-specialty
35,2,491000,8,11,0,3,2,1,0,0,40,38,0,Prof-specialty,Craft-repair
34,2,176117,15,10,4,3,2,0,0,0,35,38,0,Sales,Adm-clerical
33,2,150570,9,13,2,0,4,1,0,0,40,38,0,Sales,Transport-moving
27,2,62737,8,11,2,0,4,1,0,0,40,38,0,Tech-support,Craft-repair
30,2,207937,14,15,0,1,4,1,10520,0,50,38,1,Prof-specialty,Prof-specialty
29,2,224215,15,10,2,0,4,1,0,0,40,38,1,Craft-repair,Adm-clerical
19,2,232368,15,10,4,3,4,0,0,0,35,38,0,Other-service,Adm-clerical
17,2,245918,1,7,4,3,4,1,0,0,12,38,0,Other-service,Other-service
29,2,236938,7,12,0,4,4,0,0,0,38,38,0,Craft-repair,Adm-clerical
43,2,197810,12,14,0,4,4,0,0,0,40,38,0,Other-service,Prof-specialty
25,2,172581,9,13,4,1,4,0,0,0,40,38,0,Prof-specialty,Sales
60,3,123218,15,10,2,0,4,1,0,0,40,38,0,Exec-managerial,Exec-managerial
51,4,246820,11,9,2,0,4,1,7298,0,48,38,1,Craft-repair,Sales
47,2,214800,8,11,2,0,4,1,0,0,40,38,0,Handlers-cleaners,Exec-managerial
40,1,240504,7,12,2,0,4,1,0,0,40,38,1,Exec-managerial,Tech-support
45,2,98475,9,13,0,1,4,1,0,0,45,38,0,Exec-managerial,Sales
43,2,195258,11,9,2,0,4,1,0,0,40,38,1,Adm-clerical,Exec-managerial
50,2,71898,4,3,2,5,1,0,0,0,35,29,0,Machine-op-inspct,Machine-op-inspct
27,2,160178,15,10,0,1,4,0,0,0,38,38,0,Adm-clerical,Exec-managerial
50,2,287927,11,9,2,5,4,0,0,0,16,38,0,Prof-specialty,Other-service
44,2,192976,11,9,2,0,0,1,0,0,40,38,0,Transport-moving,Machine-op-inspct
28,2,77009,5,4,0,4,4,0,0,0,50,38,0,Other-service,Other-service
47,2,209460,15,10,2,0,4,1,0,1485,47,38,0,Craft-repair,Transport-moving
38,2,58108,9,13,2,0,4,1,0,0,50,38,1,Exec-managerial,Sales
25,2,323545,11,9,4,1,2,0,0,0,40,38,0,Tech-support,Adm-clerical
61,2,191188,0,6,6,4,4,1,0,0,20,38,0,Farming-fishing,Other-service
23,2,194102,9,13,4,4,4,1,0,0,40,38,0,Exec-managerial,Exec-managerial
22,2,324637,15,10,4,1,4,1,0,0,42,38,0,Sales,Other-service
29,4,389857,11,9,4,1,4,1,0,0,50,38,1,Craft-repair,Craft-repair
37,1,118909,11,9,0,4,2,0,0,0,35,38,0,Adm-clerical,Adm-clerical
57,3,412952,15,10,2,0,4,1,0,0,40,38,0,Prof-specialty,Craft-repair
46,2,165138,15,10,2,0,4,1,0,0,45,38,1,Transport-moving,Sales
28,1,25864,11,9,4,4,0,0,0,0,35,38,0,Exec-managerial,Other-service
34,1,240252,12,14,2,0,4,1,0,0,40,38,1,Exec-managerial,Prof-specialty
22,2,51136,15,10,4,1,4,0,0,0,60,38,0,Tech-support,Sales
47,2,163814,0,6,2,0,4,1,0,0,40,38,0,Craft-repair,Farming-fishing
52,2,217663,11,9,2,0,4,1,0,0,45,38,1,Sales,Craft-repair
64,2,169482,15,10,3,4,4,0,0,0,40,38,0,Exec-managerial,Adm-clerical
45,2,195554,11,9,2,0,4,1,0,0,45,38,1,Machine-op-inspct,Machine-op-inspct
20,2,81145,15,10,4,1,4,0,0,0,25,38,0,Sales,Other-service
43,2,403467,9,13,2,0,2,1,7688,0,40,38,1,Exec-managerial,Prof-specialty
59,2,46466,11,9,2,0,4,1,0,0,40,38,1,Transport-moving,Prof-specialty
54,2,174319,11,9,0,1,4,1,0,0,40,38,0,Transport-moving,Transport-moving
20,1,163965,11,9,4,4,2,0,0,0,40,38,0,Other-service,Adm-clerical
37,2,301070,11,9,0,4,4,1,0,0,45,38,0,Farming-fishing,Craft-repair
42,2,155469,7,12,6,4,4,0,0,0,24,38,0,Tech-support,Adm-clerical
38,2,607848,9,13,2,0,4,1,0,0,40,38,1,Sales,Prof-specialty
22,4,143062,11,9,4,3,4,1,0,0,40,11,0,Other-service,Machine-op-inspct
51,4,311569,11,9,0,1,4,1,0,0,40,38,0,Sales,Craft-repair
48,2,192779,15,10,0,1,4,1,0,0,40,38,0,Craft-repair,Exec-managerial
48,4,218835,12,14,2,0,4,1,0,0,50,8,0,Sales,Sales
37,2,201141,11,9,4,3,4,0,0,0,37,38,0,Adm-clerical,Other-service
24,2,162312,11,9,4,3,1,1,0,0,40,34,0,Sales,Craft-repair
38,2,353263,12,14,4,1,4,0,0,0,50,21,1,Adm-clerical,Exec-managerial
44,2,138077,9,13,0,4,4,0,0,0,32,38,0,Adm-clerical,Prof-specialty
38,4,192939,11,9,2,0,4,1,0,0,50,38,0,Craft-repair,Tech-support
32,4,134737,9,13,2,0,4,1,0,0,70,38,1,Machine-op-inspct,Exec-managerial
34,0,198265,9,13,2,0,4,1,0,0,60,38,0,Protective-serv,Prof-specialty
42,2,30824,12,14,0,1,4,0,2354,0,16,38,0,Prof-specialty,Prof-specialty
56,2,261232,11,9,4,1,4,1,0,0,40,38,0,Craft-repair,Machine-op-inspct
35,2,239755,15,10,4,4,4,1,0,0,50,38,0,Sales,Exec-managerial
36,4,138940,11,9,2,0,4,1,0,0,70,38,0,Farming-fishing,Farming-fishing
19,2,100999,15,10,4,3,4,0,0,0,20,38,0,Other-service,Sales
51,2,139347,11,9,2,5,4,0,7688,0,40,38,1,Adm-clerical,Adm-clerical
37,2,208358,15,10,2,0,4,1,0,0,40,38,1,Craft-repair,Transport-moving
53,2,156612,2,8,0,1,4,0,0,0,40,38,0,Transport-moving,Other-service
69,2,130060,11,9,5,4,2,0,2387,0,40,38,0,Transport-moving,Adm-clerical
62,2,664366,9,13,2,0,4,1,0,0,60,38,1,Sales,Prof-specialty
34,2,190385,12,14,4,1,4,0,0,0,40,38,1,Prof-specialty,Exec-managerial
48,2,64479,9,13,0,1,4,1,0,0,47,38,0,Exec-managerial,Sales
37,2,237995,8,11,0,1,2,1,0,0,48,38,0,Machine-op-inspct,Craft-repair
42,2,124692,12,14,2,0,4,1,0,0,40,38,1,Exec-managerial,Prof-specialty
36,2,269722,9,13,2,0,4,1,0,0,55,38,1,Exec-managerial,Exec-managerial
34,2,164748,11,9,2,0,4,1,0,0,40,38,0,Craft-repair,Exec-managerial
45,2,338105,9,13,2,0,1,1,0,0,40,29,0,Adm-clerical,Adm-clerical
33,2,181091,15,10,2,0,4,1,0,0,40,38,0,Prof-specialty,Craft-repair
24,2,128477,12,14,4,1,4,0,0,0,40,38,0,Prof-specialty,Prof-specialty
27,2,23940,11,9,4,2,0,1,0,0,40,38,0,Handlers-cleaners,Handlers-cleaners
35,2,207066,9,13,4,1,4,1,10520,0,45,38,1,Sales,Sales
24,2,162593,9,13,4,1,1,0,0,0,40,38,0,Adm-clerical,Adm-clerical
41,3,423217,9,13,0,1,4,1,0,0,50,38,0,Exec-managerial,Sales
35,2,32528,11,9,2,0,4,1,0,0,45,38,0,Handlers-cleaners,Exec-managerial
23,2,105617,6,5,4,3,4,1,0,0,40,38,0,Transport-moving,Handlers-cleaners
53,2,177916,9,13,2,0,4,1,7298,0,40,38,1,Adm-clerical,Prof-specialty
39,2,255503,9,13,4,1,4,1,0,0,40,38,1,Exec-managerial,Prof-specialty
25,2,181598,1,7,2,0,4,1,0,0,40,38,0,Tech-support,Craft-repair
34,5,103371,8,11,4,4,4,0,0,0,40,38,0,Adm-clerical,Prof-specialty
24,2,281356,3,2,4,1,3,1,0,0,66,25,0,Farming-fishing,Handlers-cleaners
18,2,434430,11,9,4,1,4,1,0,0,30,38,0,Prof-specialty,Sales
34,5,221966,9,13,4,1,4,1,0,0,45,38,0,Prof-specialty,Prof-specialty
27,2,292472,15,10,4,1,1,1,0,1876,45,0,0,Craft-repair,Craft-repair
34,2,324254,11,9,2,0,4,1,0,0,40,38,0,Machine-op-inspct,Transport-moving
33,2,112584,15,10,0,1,4,0,0,0,25,38,0,Sales,Machine-op-inspct
21,2,57951,15,10,4,3,4,0,0,0,30,38,0,Other-service,Sales
40,4,98985,11,9,0,1,2,1,0,0,50,38,0,Exec-managerial,Transport-moving
45,2,241350,11,9,2,0,4,1,0,0,48,38,1,Handlers-cleaners,Machine-op-inspct
18,2,338632,1,7,4,3,4,1,0,0,16,38,0,Other-service,Other-service
23,2,201682,9,13,2,2,4,0,0,0,40,38,0,Adm-clerical,Prof-specialty
30,2,158002,15,10,4,2,4,1,0,0,55,6,0,Craft-repair,Craft-repair
33,4,108438,11,9,2,0,4,1,0,0,40,38,1,Craft-repair,Craft-repair
35,2,328301,7,12,1,5,4,0,0,0,40,38,0,Adm-clerical,Exec-managerial
22,2,41837,15,10,4,3,4,1,0,0,25,38,0,Transport-moving,Sales
35,2,299353,11,9,4,4,2,0,0,0,40,38,0,Other-service,Adm-clerical
41,3,145441,12,14,2,0,4,1,0,0,50,38,1,Exec-managerial,Exec-managerial
42,5,39239,12,14,4,1,4,1,0,0,70,38,0,Prof-specialty,Prof-specialty
31,2,151053,15,10,2,0,4,1,5178,0,40,38,1,Transport-moving,Prof-specialty
58,2,430005,0,6,2,0,4,1,0,0,50,38,1,Transport-moving,Transport-moving
50,5,103063,9,13,2,0,4,1,0,0,40,38,1,Exec-managerial,Exec-managerial
34,5,145874,10,16,2,0,1,1,0,0,20,2,0,Tech-support,Prof-specialty
21,2,187643,11,9,5,1,4,0,0,0,40,38,0,Other-service,Sales
57,2,279636,8,11,4,1,4,1,0,0,40,38,1,Craft-repair,Prof-specialty
37,2,379522,9,13,2,0,4,1,0,0,55,38,1,Sales,Exec-managerial
31,2,111883,11,9,4,2,4,1,0,0,40,38,0,Craft-repair,Craft-repair
57,0,97837,15,10,0,1,4,1,0,0,48,38,1,Prof-specialty,Adm-clerical
29,2,162312,8,11,4,1,3,1,0,0,40,38,0,Machine-op-inspct,Exec-managerial
24,2,201179,11,9,4,3,4,1,0,0,40,38,0,Other-service,Craft-repair
53,2,83434,9,13,4,1,1,0,0,0,21,23,1,Other-service,Prof-specialty
55,2,32365,9,13,2,0,4,1,0,0,45,38,1,Exec-managerial,Adm-clerical
34,2,168768,7,12,4,1,4,0,0,0,35,38,0,Adm-clerical,Adm-clerical
32,2,286689,7,12,2,0,4,1,0,0,42,38,1,Tech-support,Prof-specialty
39,2,49020,12,14,4,1,4,1,0,1974,40,38,0,Exec-managerial,Prof-specialty
17,2,311907,1,7,4,3,4,1,0,0,25,38,0,Other-service,Sales
40,2,195617,15,10,5,4,4,0,0,0,20,38,0,Exec-managerial,Adm-clerical
41,1,344624,15,10,2,0,4,1,0,1485,40,38,1,Other-service,Protective-serv
67,4,116057,11,9,0,1,4,0,3273,0,16,38,0,Exec-managerial,Other-service
37,2,31023,11,9,2,0,4,1,0,0,45,38,0,Craft-repair,Craft-repair
25,2,73839,1,7,0,3,4,0,0,0,40,38,0,Sales,Exec-managerial
40,2,365986,9,13,2,3,4,1,0,0,40,38,1,Handlers-cleaners,Prof-specialty
36,4,219611,9,13,4,1,2,0,2174,0,50,38,0,Sales,Exec-managerial
42,5,155657,11,9,0,1,2,0,0,0,25,38,0,Adm-clerical,Farming-fishing
39,2,352248,7,12,2,0,4,1,0,0,40,38,0,Adm-clerical,Farming-fishing
34,5,180871,9,13,2,0,4,1,0,0,55,38,0,Adm-clerical,Prof-specialty
47,2,316101,11,9,0,1,4,0,0,0,40,38,0,Adm-clerical,Adm-clerical
57,2,182028,7,12,6,1,4,0,0,0,35,38,0,Adm-clerical,Other-service
21,2,206681,15,10,4,3,4,0,0,0,15,38,0,Sales,Adm-clerical
27,0,148153,11,9,2,0,1,1,0,0,40,38,0,Handlers-cleaners,Adm-clerical
32,2,227214,9,13,2,0,3,1,0,0,40,6,0,Prof-specialty,Machine-op-inspct
21,2,195919,0,6,4,1,3,1,0,0,40,5,0,Handlers-cleaners,Machine-op-inspct
57,2,132704,12,14,5,1,4,1,10520,0,32,38,1,Prof-specialty,Prof-specialty
28,2,275116,0,6,2,0,4,1,0,0,40,38,0,Transport-moving,Machine-op-inspct
36,2,261382,12,14,2,0,4,1,15024,0,45,38,1,Sales,Prof-specialty
42,2,29962,11,9,2,0,4,1,0,0,40,38,0,Craft-repair,Craft-repair
53,1,216931,5,4,2,0,4,1,0,0,38,38,0,Transport-moving,Craft-repair
60,4,176839,14,15,2,0,4,1,0,0,45,38,1,Sales,Prof-specialty
53,4,162576,5,4,2,0,4,1,0,0,99,38,0,Tech-support,Farming-fishing
43,2,170214,15,10,2,0,4,1,0,0,50,38,1,Exec-managerial,Sales
35,2,340018,0,6,4,4,2,0,0,0,38,38,0,Other-service,Other-service
35,2,216256,8,11,4,1,4,1,0,0,60,38,0,Other-service,Craft-repair
36,2,47310,11,9,4,1,2,0,0,0,40,38,0,Other-service,Other-service
27,2,195678,9,13,2,0,4,1,0,0,40,38,0,Prof-specialty,Prof-specialty
33,2,177675,9,13,2,0,4,1,0,0,50,10,1,Exec-managerial,Exec-managerial
54,2,46401,15,10,0,1,4,0,0,0,47,38,0,Other-service,Exec-managerial
44,3,398473,15,10,2,0,4,1,0,0,70,38,1,Sales,Exec-managerial
77,2,253642,5,4,2,0,3,1,0,0,30,38,0,Machine-op-inspct,Other-service
44,1,150171,11,9,0,4,4,0,0,0,40,38,0,Adm-clerical,Adm-clerical
22,2,194848,11,9,4,3,4,1,0,0,40,38,0,Farming-fishing,Adm-clerical
44,2,160574,11,9,2,0,4,1,0,0,65,38,1,Craft-repair,Sales
45,2,187666,8,11,6,1,4,0,0,0,45,38,0,Exec-managerial,Adm-clerical
37,2,238959,11,9,2,5,4,0,0,0,40,38,0,Adm-clerical,Machine-op-inspct
30,2,337908,7,12,2,5,2,0,0,0,20,38,0,Adm-clerical,Adm-clerical
27,2,394927,9,13,2,0,4,1,0,0,55,38,0,Sales,Sales
35,2,412379,11,9,4,1,4,0,0,0,40,38,0,Other-service,Adm-clerical
50,2,118058,15,10,2,0,4,1,0,0,50,38,0,Transport-moving,Sales
39,2,34028,9,13,0,4,4,0,0,0,48,38,0,Exec-managerial,Exec-managerial
34,2,113530,9,13,2,0,4,1,0,0,40,38,0,Exec-managerial,Tech-support
38,2,194538,8,11,2,0,4,1,0,0,48,38,1,Machine-op-inspct,Craft-repair
52,2,158746,11,9,4,4,4,1,0,0,40,38,0,Other-service,Machine-op-inspct
60,2,82388,15,10,2,0,4,1,0,0,38,38,0,Protective-serv,Tech-support
39,2,188069,6,5,2,0,4,1,0,0,25,38,0,Transport-moving,Craft-repair
50,2,226497,15,10,2,0,4,1,0,0,45,38,1,Tech-support,Adm-clerical
50,2,163948,12,14,2,0,4,1,0,0,40,38,1,Sales,Sales
62,2,208711,9,13,2,0,4,1,7688,0,50,38,1,Craft-repair,Exec-managerial
29,1,148182,11,9,2,0,2,1,0,0,40,38,0,Transport-moving,Handlers-cleaners
28,2,107411,11,9,4,1,4,0,0,0,45,38,0,Exec-managerial,Adm-clerical
55,3,257216,12,14,6,1,4,0,0,0,40,38,0,Sales,Prof-specialty
42,2,65372,15,10,4,3,4,0,0,0,40,38,0,Adm-clerical,Adm-clerical
31,1,50442,15,10,4,3,0,0,0,0,32,38,0,Exec-managerial,Adm-clerical
60,2,52900,5,4,2,0,4,1,0,0,40,38,0,Transport-moving,Craft-repair
36,3,164866,7,12,5,1,4,1,0,0,50,38,0,Exec-managerial,Exec-managerial
42,1,445382,9,13,5,1,4,1,0,0,45,38,1,Exec-managerial,Prof-specialty
32,2,396745,9,13,2,0,4,1,0,2415,48,38,1,Prof-specialty,Exec-managerial
44,1,231793,10,16,3,4,4,0,0,0,38,38,0,Prof-specialty,Prof-specialty
36,2,461337,15,10,2,5,4,0,0,0,40,38,0,Adm-clerical,Other-service
22,2,239098,11,9,4,4,4,0,0,0,40,38,0,Other-service,Adm-clerical
64,2,114994,11,9,2,0,4,1,0,0,20,38,0,Other-service,Handlers-cleaners
32,2,182975,15,10,4,1,4,0,0,0,20,38,0,Tech-support,Exec-managerial
37,4,255454,15,10,4,1,2,1,0,0,40,38,0,Prof-specialty,Craft-repair
37,2,254973,11,9,2,5,4,0,0,0,40,38,1,Handlers-cleaners,Other-service
25,2,69413,15,10,4,3,4,0,0,0,40,38,0,Sales,Prof-specialty
31,2,130021,11,9,2,0,4,1,0,0,45,38,0,Machine-op-inspct,Sales
26,2,214413,1,7,4,4,4,1,6497,0,48,38,0,Machine-op-inspct,Farming-fishing
22,2,141297,15,10,4,3,4,1,0,0,40,38,0,Tech-support,Sales
18,2,426836,4,3,4,2,4,1,0,0,40,25,0,Handlers-cleaners,Other-service
39,4,208109,11,9,2,0,4,1,0,0,60,38,1,Transport-moving,Craft-repair
32,2,316589,9,13,2,0,4,1,0,0,40,38,1,Exec-managerial,Prof-specialty
30,2,54608,15,10,2,0,4,1,0,0,48,38,0,Machine-op-inspct,Transport-moving
50,4,124793,15,10,2,0,4,1,0,0,55,38,0,Craft-repair,Craft-repair
65,2,174603,4,3,6,1,4,0,0,0,10,21,0,Machine-op-inspct,Other-service
38,2,275223,15,10,2,0,4,1,7298,0,40,38,1,Sales,Prof-specialty
60,2,56248,15,10,2,0,4,1,0,0,40,38,0,Sales,Sales
24,2,141113,5,4,2,0,4,1,2580,0,40,38,0,Sales,Craft-repair
74,2,99183,15,10,0,1,4,0,0,0,9,38,0,Adm-clerical,Adm-clerical
64,0,175534,10,16,2,0,1,1,0,0,40,2,1,Prof-specialty,Prof-specialty
45,2,48271,15,10,2,5,4,0,0,0,40,38,1,Adm-clerical,Adm-clerical
56,2,117881,1,7,0,1,4,0,0,0,40,38,0,Machine-op-inspct,Machine-op-inspct
42,2,30424,1,7,5,4,4,0,0,0,38,38,0,Other-service,Other-service
28,3,201186,11,9,2,0,2,1,99999,0,40,38,1,Sales,Exec-managerial
61,2,198078,11,9,2,0,4,1,0,0,40,38,1,Transport-moving,Transport-moving
21,2,205838,11,9,4,3,4,1,0,0,37,38,0,Other-service,Handlers-cleaners
32,4,103642,11,9,2,0,4,1,0,0,55,38,0,Exec-managerial,Craft-repair
24,2,145964,9,13,4,4,4,1,0,0,40,38,1,Exec-managerial,Sales
26,2,55743,11,9,4,4,2,0,0,0,30,38,0,Adm-clerical,Sales
44,2,222635,4,3,2,0,2,1,0,0,40,38,0,Machine-op-inspct,Transport-moving
57,2,35884,11,9,0,1,4,0,0,0,40,38,0,Other-service,Adm-clerical
32,2,194901,11,9,2,0,4,1,0,0,40,38,0,Adm-clerical,Craft-repair
20,2,197997,11,9,4,3,4,1,0,0,40,38,0,Farming-fishing,Adm-clerical
31,2,145377,9,13,2,0,4,1,0,0,60,38,0,Sales,Prof-specialty
56,2,371064,6,5,2,0,4,1,0,0,40,38,0,Other-service,Machine-op-inspct
71,2,216608,8,11,4,1,4,0,0,0,40,38,0,Adm-clerical,Adm-clerical
54,2,377701,11,9,2,0,4,1,0,0,32,25,0,Other-service,Other-service
58,4,204816,15,10,2,0,4,1,0,0,60,38,1,Exec-managerial,Exec-managerial
23,2,162945,5,4,4,3,4,1,0,0,35,38,0,Other-service,Handlers-cleaners
36,2,83089,4,3,2,0,4,1,7298,0,40,25,1,Machine-op-inspct,Handlers-cleaners
60,4,220342,1,7,2,0,4,1,0,0,35,38,0,Farming-fishing,Craft-repair
23,2,287681,11,9,4,3,4,1,0,0,40,3,0,Craft-repair,Sales
21,2,294295,11,9,4,4,4,1,0,0,40,38,0,Adm-clerical,Handlers-cleaners
36,2,209993,3,2,6,2,4,0,0,0,20,25,0,Other-service,Other-service
53,2,31460,11,9,0,1,4,1,0,0,40,38,0,Prof-specialty,Craft-repair
56,2,329059,11,9,2,0,4,1,0,0,40,21,1,Machine-op-inspct,Craft-repair
34,5,216283,9,13,2,5,4,0,0,0,45,38,1,Prof-specialty,Prof-specialty
43,2,96102,12,14,3,1,4,1,0,0,50,38,0,Exec-managerial,Prof-specialty
44,2,193755,9,13,0,1,4,1,0,0,50,38,1,Exec-managerial,Exec-managerial
25,2,27678,15,10,2,5,4,0,0,0,60,38,0,Other-service,Exec-managerial
63,1,57674,12,14,2,0,4,1,0,0,48,38,0,Prof-specialty,Prof-specialty
61,4,32423,11,9,2,5,4,0,22040,0,40,38,0,Farming-fishing,Other-service
40,2,101593,9,13,2,0,4,1,0,0,50,38,0,Prof-specialty,Exec-managerial
48,2,278530,11,9,0,4,4,1,0,0,40,38,0,Craft-repair,Craft-repair
29,2,210869,15,10,4,3,2,1,0,0,80,38,0,Sales,Craft-repair
34,2,102858,11,9,5,4,4,1,0,0,40,38,0,Adm-clerical,Machine-op-inspct
21,2,283969,11,9,4,3,4,1,0,0,40,25,0,Craft-repair,Machine-op-inspct
34,1,229531,7,12,2,0,4,1,0,0,60,38,0,Prof-specialty,Prof-specialty
35,2,208165,11,9,0,4,4,0,0,0,50,38,0,Exec-managerial,Exec-managerial
48,2,160220,8,11,2,0,4,1,0,0,40,38,1,Sales,Prof-specialty
56,2,28729,1,7,5,1,4,0,0,0,40,38,0,Machine-op-inspct,Other-service
18,2,187240,1,7,4,3,4,1,0,0,18,38,0,Handlers-cleaners,Exec-managerial
39,2,58972,7,12,0,4,4,1,1506,0,40,38,0,Exec-managerial,Craft-repair
62,2,226733,11,9,2,0,4,1,0,0,40,38,1,Adm-clerical,Transport-moving
30,2,102821,15,10,2,1,4,1,0,0,40,25,0,Craft-repair,Craft-repair
39,5,152023,1,7,2,0,4,1,0,0,40,38,0,Craft-repair,Craft-repair
41,2,277192,4,3,2,5,4,0,0,0,40,25,0,Farming-fishing,Machine-op-inspct
18,2,184016,1,7,4,3,4,0,0,0,20,38,0,Sales,Other-service
28,2,207473,15,10,2,0,4,1,0,0,40,7,0,Transport-moving,Craft-repair
25,2,132749,1,7,0,4,4,0,0,0,12,38,0,Other-service,Other-service
20,2,278391,15,10,4,3,4,1,0,0,25,26,0,Adm-clerical,Sales
45,4,222374,9,13,4,1,4,1,0,0,40,38,0,Prof-specialty,Prof-specialty
40,2,31621,11,9,3,4,4,0,0,0,40,38,0,Adm-clerical,Machine-op-inspct
44,2,109912,10,16,2,5,4,0,15024,0,32,38,1,Exec-managerial,Prof-specialty
50,1,30682,12,14,2,0,4,1,0,0,50,38,0,Prof-specialty,Prof-specialty
43,2,221550,12,14,4,1,4,0,0,0,30,30,0,Other-service,Prof-specialty
22,2,138768,11,9,4,3,4,1,0,0,40,38,0,Adm-clerical,Handlers-cleaners
22,2,162282,8,11,4,3,4,1,0,0,40,38,0,Exec-managerial,Craft-repair
29,2,214925,12,14,4,1,2,1,0,0,60,38,0,Exec-managerial,Prof-specialty
40,2,179666,9,13,4,1,4,1,0,0,30,1,0,Exec-managerial,Other-service
46,0,46537,12,14,4,1,4,0,0,0,40,38,0,Prof-specialty,Prof-specialty
28,2,407672,15,10,0,4,4,0,0,0,40,38,0,Craft-repair,Adm-clerical
36,2,177616,4,3,5,1,4,0,0,0,40,38,0,Machine-op-inspct,Other-service
24,2,259510,9,13,2,0,4,1,5013,0,30,38,0,Prof-specialty,Sales
18,2,135924,15,10,4,3,4,1,0,0,40,38,0,Adm-clerical,Machine-op-inspct
32,2,402812,15,10,2,0,4,1,0,0,48,38,0,Sales,Craft-repair
38,2,78247,15,10,2,0,4,1,0,0,40,38,0,Exec-managerial,Exec-managerial
21,2,34616,15,10,4,3,4,0,0,0,25,38,0,Other-service,Sales
72,3,473748,15,10,2,0,4,1,0,0,25,38,1,Exec-managerial,Exec-managerial
18,2,282394,15,10,4,3,2,0,0,0,21,38,0,Sales,Other-service
45,2,234699,11,9,3,4,2,0,0,0,60,38,1,Other-service,Adm-clerical
23,2,462294,7,12,4,3,2,1,0,0,44,38,0,Other-service,Craft-repair
32,2,398988,9,13,4,1,4,1,0,0,40,38,0,Exec-managerial,Prof-specialty
33,2,189368,15,10,2,0,2,1,0,0,40,38,1,Transport-moving,Exec-managerial
21,2,270043,15,10,4,3,4,0,0,0,16,38,0,Other-service,Sales
29,1,183523,15,10,4,1,4,1,0,0,40,19,0,Exec-managerial,Adm-clerical
62,2,266624,11,9,2,0,4,1,6418,0,40,38,1,Farming-fishing,Exec-managerial
33,2,178429,9,13,2,0,4,1,0,0,40,38,1,Prof-specialty,Exec-managerial
44,2,159960,15,10,0,4,4,0,0,0,40,38,0,Adm-clerical,Adm-clerical
26,2,102476,9,13,2,0,4,1,0,0,40,38,0,Exec-managerial,Exec-managerial
23,2,309580,12,14,4,1,4,1,0,0,40,38,0,Prof-specialty,Prof-specialty
27,2,247978,11,9,4,3,2,0,0,0,40,38,0,Other-service,Exec-managerial
23,2,181820,15,10,4,4,4,1,0,0,45,38,0,Farming-fishing,Sales
40,2,216116,6,5,4,4,2,0,0,0,40,13,0,Machine-op-inspct,Machine-op-inspct
61,2,129246,0,6,2,0,4,1,0,0,48,38,0,Craft-repair,Machine-op-inspct
45,2,481987,12,14,2,0,4,1,0,0,18,38,1,Tech-support,Exec-managerial
35,2,110538,11,9,0,1,4,1,0,0,70,38,0,Farming-fishing,Farming-fishing
49,0,168232,11,9,2,0,4,1,0,0,40,38,1,Adm-clerical,Adm-clerical
34,2,260560,11,9,2,0,4,1,0,0,50,38,0,Exec-managerial,Craft-repair
23,2,193090,9,13,4,3,4,0,0,0,30,38,0,Adm-clerical,Other-service
55,2,160303,11,9,6,2,4,0,0,0,40,38,0,Adm-clerical,Adm-clerical
45,4,246891,12,14,0,1,4,1,0,0,40,38,0,Craft-repair,Prof-specialty
59,2,232672,12,14,2,0,4,1,0,0,40,38,1,Exec-managerial,Prof-specialty
33,1,422718,11,9,2,0,4,1,0,0,40,38,0,Other-service,Other-service
40,2,137142,11,9,2,0,4,1,0,0,40,38,1,Sales,Machine-op-inspct
41,1,195258,15,10,2,0,4,1,0,0,40,38,1,Protective-serv,Protective-serv
21,2,98678,15,10,4,3,4,1,0,0,15,38,0,Other-service,Other-service
26,5,234190,15,10,4,1,4,1,0,0,20,38,0,Other-service,Other-service
25,2,101684,0,6,2,0,4,1,0,0,40,38,0,Transport-moving,Craft-repair
27,2,42696,11,9,3,4,4,0,0,0,40,38,0,Other-service,Protective-serv
59,3,223215,9,13,2,0,4,1,0,1977,50,38,1,Exec-managerial,Exec-managerial
37,2,76893,11,9,2,0,4,1,0,0,40,38,0,Craft-repair,Handlers-cleaners
51,5,226885,11,9,4,1,4,1,0,0,40,38,0,Transport-moving,Transport-moving
31,2,459465,15,10,4,1,4,1,0,0,50,38,0,Craft-repair,Sales
58,3,258883,9,13,2,0,4,1,0,0,60,38,1,Prof-specialty,Exec-managerial
53,2,217568,11,9,6,4,2,0,0,0,40,38,0,Craft-repair,Machine-op-inspct
35,0,287031,12,14,4,1,4,1,8614,0,40,38,1,Exec-managerial,Prof-specialty
37,2,192939,9,13,2,0,4,1,0,0,40,38,1,Craft-repair,Exec-managerial
24,2,182163,1,7,4,1,4,0,0,0,40,10,0,Adm-clerical,Machine-op-inspct
32,2,184440,15,10,2,0,4,1,3464,0,40,38,0,Machine-op-inspct,Sales
33,2,144064,9,13,2,0,4,1,0,0,50,38,0,Exec-managerial,Prof-specialty
44,2,90688,11,9,4,1,1,0,0,0,45,24,0,Machine-op-inspct,Other-service
42,2,297335,7,12,3,4,1,0,0,0,31,24,0,Exec-managerial,Exec-managerial
25,2,132661,8,11,4,3,4,0,0,0,60,38,0,Adm-clerical,Adm-clerical
33,2,159574,5,4,2,0,4,1,0,0,45,38,0,Adm-clerical,Craft-repair
21,2,197583,15,10,4,3,4,0,0,0,20,38,0,Adm-clerical,Sales
22,2,460835,11,9,4,3,4,1,0,0,55,38,0,Craft-repair,Craft-repair
42,2,195821,11,9,5,4,4,0,0,0,40,38,0,Sales,Adm-clerical
49,4,126268,9,13,2,0,4,1,0,0,50,38,0,Craft-repair,Exec-managerial
36,2,247750,11,9,2,0,2,1,0,0,45,38,0,Transport-moving,Adm-clerical
50,4,312477,11,9,2,0,4,1,0,1887,40,38,1,Exec-managerial,Craft-repair
19,2,124265,15,10,4,3,4,1,0,0,40,38,0,Handlers-cleaners,Adm-clerical
48,2,232145,11,9,0,1,4,1,0,0,40,38,0,Machine-op-inspct,Craft-repair
31,2,209538,0,6,2,0,4,1,0,0,40,38,0,Machine-op-inspct,Machine-op-inspct
42,2,210275,12,14,0,4,2,0,4687,0,35,38,1,Tech-support,Prof-specialty
24,2,209782,9,13,4,3,4,0,0,0,40,38,0,Sales,Exec-managerial
63,2,67903,6,5,5,1,2,1,0,0,40,38,0,Farming-fishing,Other-service
24,2,243368,13,1,4,1,4,1,0,0,36,25,0,Farming-fishing,Farming-fishing
50,2,172052,11,9,2,0,1,1,0,0,35,34,1,Prof-specialty,Craft-repair
46,2,137354,12,14,2,0,1,1,0,0,40,29,1,Tech-support,Exec-managerial
17,4,174120,2,8,4,3,4,1,0,0,15,38,0,Handlers-cleaners,Other-service
31,2,200246,6,5,4,3,4,1,0,0,40,38,0,Other-service,Farming-fishing
39,2,250217,11,9,0,1,2,0,0,0,70,38,0,Machine-op-inspct,Other-service
44,3,103643,11,9,2,0,4,1,5013,0,60,11,0,Exec-managerial,Sales
22,2,117363,9,13,4,1,4,0,0,0,35,38,0,Adm-clerical,Exec-managerial
42,2,135056,11,9,4,3,4,0,0,0,40,38,0,Sales,Other-service
33,2,141490,11,9,2,5,4,0,0,0,45,38,0,Sales,Craft-repair
31,2,303851,11,9,2,0,4,1,0,0,50,38,0,Transport-moving,Craft-repair
46,2,175109,11,9,2,0,4,1,0,1485,40,38,1,Adm-clerical,Craft-repair
50,3,198400,11,9,2,0,2,1,0,0,60,38,0,Sales,Sales
23,2,292023,11,9,4,1,4,1,0,0,45,38,0,Exec-managerial,Sales
55,2,308373,15,10,2,5,4,0,0,0,40,38,1,Exec-managerial,Adm-clerical
74,2,129879,11,9,6,1,4,0,15831,0,40,38,1,Adm-clerical,Adm-clerical
31,2,323069,7,12,0,4,4,0,0,880,45,38,0,Sales,Sales
28,2,129882,15,10,4,4,2,0,0,0,40,38,0,Adm-clerical,Adm-clerical
32,2,235124,15,10,2,0,4,1,0,0,46,5,0,Protective-serv,Craft-repair
36,2,22494,15,10,0,4,4,0,0,0,40,38,0,Exec-managerial,Adm-clerical
25,2,193379,7,12,4,1,4,1,0,0,45,38,0,Craft-repair,Sales
29,2,380560,6,5,2,0,4,1,0,0,40,25,0,Machine-op-inspct,Craft-repair
19,2,156587,15,10,4,3,4,0,0,0,38,38,0,Adm-clerical,Other-service
58,2,212864,11,9,0,1,4,1,0,0,40,38,0,Handlers-cleaners,Transport-moving
37,2,35309,11,9,2,0,4,1,0,0,40,38,0,Craft-repair,Craft-repair
33,2,256062,15,10,4,4,4,0,0,0,35,32,0,Adm-clerical,Adm-clerical
37,5,252939,8,11,4,4,2,0,5455,0,40,38,0,Prof-specialty,Other-service
44,2,165346,12,14,2,0,4,1,0,0,40,38,1,Exec-managerial,Prof-specialty
38,4,122493,0,6,2,0,4,1,0,1887,40,38,1,Sales,Craft-repair
31,2,202450,11,9,2,0,4,1,0,1573,40,38,0,Machine-op-inspct,Handlers-cleaners
36,2,273604,9,13,4,1,4,0,0,0,40,38,0,Other-service,Adm-clerical
61,2,213321,11,9,2,0,4,1,0,0,40,38,0,Protective-serv,Machine-op-inspct
38,1,165799,15,10,4,1,4,1,0,0,12,38,0,Other-service,Prof-specialty
25,2,159732,9,13,4,1,4,1,0,0,40,38,0,Prof-specialty,Exec-managerial
44,0,243636,8,11,2,0,4,1,0,0,40,38,1,Craft-repair,Craft-repair
22,4,123440,15,10,4,1,4,1,0,0,48,38,0,Craft-repair,Craft-repair
27,2,36851,8,11,2,0,4,1,0,0,35,38,0,Sales,Craft-repair
22,2,106843,0,6,4,2,4,1,0,0,30,38,0,Craft-repair,Transport-moving
20,2,471452,15,10,4,3,4,1,0,0,30,38,0,Other-service,Sales
37,2,176756,15,10,2,0,2,1,0,1485,70,38,1,Adm-clerical,Exec-managerial
47,5,160045,15,10,0,1,4,0,0,0,40,38,0,Adm-clerical,Adm-clerical
58,2,248739,11,9,2,0,4,1,0,0,53,38,1,Farming-fishing,Transport-moving
23,2,210443,9,13,4,3,4,0,0,0,40,38,0,Prof-specialty,Exec-managerial
46,2,173613,11,9,0,1,4,0,0,0,40,38,0,Adm-clerical,Adm-clerical
60,4,154474,11,9,4,4,4,1,0,0,42,38,0,Farming-fishing,Craft-repair
61,2,85548,15,10,2,0,4,1,15024,0,18,38,1,Tech-support,Sales
37,2,102953,11,9,2,0,4,1,0,0,40,38,0,Craft-repair,Handlers-cleaners
22,2,52262,15,10,4,1,4,1,0,0,40,38,0,Other-service,Transport-moving
68,2,171933,5,4,2,0,4,1,0,0,40,38,0,Craft-repair,Machine-op-inspct
51,2,55500,2,8,2,0,4,1,0,0,40,38,0,Transport-moving,Craft-repair
26,2,165235,9,13,4,3,1,0,0,0,40,36,0,Adm-clerical,Exec-managerial
22,0,65547,15,10,4,1,2,1,0,0,40,38,0,Exec-managerial,Handlers-cleaners
53,2,34368,15,10,2,0,4,1,0,0,45,38,1,Exec-managerial,Sales
36,2,29984,2,8,2,0,4,1,0,0,40,38,0,Transport-moving,Craft-repair
43,4,193494,14,15,2,0,4,1,0,0,60,38,1,Prof-specialty,Prof-specialty
31,5,113129,15,10,4,3,4,0,0,0,65,38,0,Other-service,Other-service
26,2,289700,15,10,2,0,4,1,0,0,25,38,0,Other-service,Handlers-cleaners
47,2,85129,11,9,0,1,1,0,0,0,40,38,0,Other-service,Other-service
46,2,202560,15,10,2,5,4,0,0,0,40,38,1,Adm-clerical,Adm-clerical
39,2,240841,15,10,4,1,4,0,0,0,25,38,0,Other-service,Adm-clerical
33,2,159888,1,7,2,0,4,1,0,0,40,38,0,Craft-repair,Craft-repair
43,4,27242,15,10,2,0,4,1,0,0,50,38,0,Craft-repair,Farming-fishing
30,4,229741,11,9,2,0,4,1,0,0,40,38,0,Craft-repair,Craft-repair
48,2,216214,1,7,2,0,4,1,0,0,40,38,0,Machine-op-inspct,Machine-op-inspct
57,5,283635,15,10,0,1,4,0,0,0,40,38,0,Craft-repair,Prof-specialty
42,2,183319,4,3,2,0,4,1,0,0,60,38,0,Craft-repair,Handlers-cleaners
42,5,341638,9,13,2,0,4,1,0,0,40,38,1,Prof-specialty,Exec-managerial
19,2,118535,2,8,4,3,4,0,0,0,18,38,0,Sales,Other-service
51,5,213296,9,13,6,1,4,1,0,0,40,38,0,Adm-clerical,Prof-specialty
20,2,286734,15,10,4,1,3,0,0,0,35,38,0,Adm-clerical,Machine-op-inspct
24,2,254767,5,4,2,0,4,1,2105,0,50,38,0,Farming-fishing,Craft-repair
33,5,121245,9,13,2,0,4,1,0,0,60,38,1,Prof-specialty,Exec-managerial
55,0,88876,12,14,2,0,1,1,0,0,60,38,1,Exec-managerial,Exec-managerial
34,5,259705,15,10,5,3,4,0,0,0,40,38,0,Exec-managerial,Adm-clerical
48,2,118831,11,9,0,4,1,0,0,0,40,34,0,Handlers-cleaners,Other-service
61,1,167347,15,10,2,0,4,1,0,0,35,38,0,Adm-clerical,Other-service
90,2,46786,9,13,2,0,4,1,9386,0,15,38,1,Sales,Prof-specialty
48,2,330470,15,10,2,0,4,1,0,0,30,38,0,Handlers-cleaners,Craft-repair
47,2,304133,15,10,2,0,4,1,0,0,45,38,0,Exec-managerial,Prof-specialty
33,2,232356,11,9,2,0,4,1,0,1672,55,38,0,Sales,Craft-repair
46,2,364913,1,7,2,0,2,1,0,0,40,38,0,Transport-moving,Craft-repair
57,2,220262,7,12,0,1,4,0,0,0,40,38,0,Tech-support,Adm-clerical
34,2,212163,15,10,2,0,4,1,0,0,25,38,0,Sales,Protective-serv
30,2,165503,9,13,4,3,4,0,0,0,65,38,0,Sales,Exec-managerial
29,2,178551,11,9,2,0,4,1,0,0,40,38,0,Transport-moving,Other-service
58,2,141807,4,3,2,0,4,1,0,0,40,21,0,Machine-op-inspct,Other-service
33,2,226267,5,4,4,1,4,1,0,0,43,25,0,Sales,Farming-fishing
58,4,141165,11,9,2,0,4,1,0,0,50,38,0,Farming-fishing,Sales
22,2,362309,15,10,4,3,4,1,0,0,35,38,0,Other-service,Craft-repair
56,2,87584,11,9,6,4,4,0,0,0,40,38,0,Other-service,Sales
19,2,282698,5,4,4,3,4,1,0,0,80,38,0,Adm-clerical,Other-service
26,2,260614,11,9,2,0,4,1,0,0,40,38,0,Machine-op-inspct,Adm-clerical
43,2,238530,11,9,2,0,4,1,0,0,40,38,0,Craft-repair,Craft-repair
28,5,239130,15,10,0,4,4,1,0,0,40,38,0,Other-service,Adm-clerical
42,2,252518,14,15,2,0,4,1,15024,0,40,38,1,Exec-managerial,Prof-specialty
30,2,156025,11,9,0,4,4,0,0,0,40,38,0,Exec-managerial,Other-service
44,1,208528,7,12,2,0,4,1,0,0,30,38,0,Farming-fishing,Adm-clerical
31,2,332379,5,4,4,1,4,1,0,0,40,38,0,Craft-repair,Craft-repair
17,2,270587,1,7,4,3,4,1,0,0,20,8,0,Other-service,Other-service
48,2,50402,15,10,0,4,4,1,0,0,40,38,0,Machine-op-inspct,Craft-repair
29,2,183009,9,13,4,1,3,0,0,1590,40,38,0,Prof-specialty,Adm-clerical
22,2,54560,11,9,4,3,4,1,0,0,40,38,0,Other-service,Machine-op-inspct
41,2,211253,12,14,2,5,4,0,0,0,40,38,1,Exec-managerial,Prof-specialty
43,1,188280,12,14,0,4,4,0,914,0,40,38,0,Prof-specialty,Prof-specialty
17,1,173497,1,7,4,3,2,1,0,0,15,38,0,Prof-specialty,Handlers-cleaners
40,1,141649,8,11,2,0,4,1,0,0,40,38,1,Protective-serv,Protective-serv
26,2,39212,11,9,2,0,4,1,0,0,45,38,0,Machine-op-inspct,Sales
28,2,30912,11,9,2,0,4,1,0,0,40,38,0,Adm-clerical,Transport-moving
55,2,141326,11,9,2,0,4,1,0,0,40,38,1,Craft-repair,Adm-clerical
51,2,168660,1,7,2,0,4,1,0,0,40,38,0,Handlers-cleaners,Machine-op-inspct
67,2,105252,12,14,2,0,4,1,0,0,40,38,1,Exec-managerial,Exec-managerial
24,2,230475,11,9,2,0,4,1,0,0,44,38,0,Craft-repair,Craft-repair
44,4,182771,9,13,2,0,1,1,0,0,48,34,1,Exec-managerial,Exec-managerial
20,2,219122,15,10,4,1,4,1,0,0,40,38,0,Other-service,Handlers-cleaners
35,2,385847,15,10,2,0,4,1,0,0,40,38,0,Craft-repair,Craft-repair
41,2,327723,11,9,0,1,4,1,0,0,40,38,0,Exec-managerial,Craft-repair
28,2,249870,14,15,4,1,2,1,0,0,50,38,0,Prof-specialty,Prof-specialty
55,2,177484,1,7,2,0,2,1,0,1672,40,38,0,Other-service,Craft-repair
41,4,277783,15,10,0,1,4,1,0,2001,50,38,0,Craft-repair,Craft-repair
41,1,575442,15,10,0,1,4,1,0,0,40,38,0,Craft-repair,Craft-repair
33,3,144949,9,13,2,0,4,1,0,0,65,38,0,Sales,Prof-specialty
60,2,185836,14,15,2,0,4,1,0,0,40,38,1,Exec-managerial,Prof-specialty
25,2,134821,11,9,4,3,4,0,0,0,40,38,0,Adm-clerical,Adm-clerical
27,2,190525,9,13,2,0,4,1,7298,0,55,38,1,Exec-managerial,Sales
32,2,228265,11,9,4,3,4,0,0,0,30,38,0,Handlers-cleaners,Other-service
23,2,214120,11,9,4,3,4,1,0,0,40,38,0,Priv-house-serv,Exec-managerial
46,2,265105,9,13,2,0,4,1,0,0,50,38,1,Prof-specialty,Exec-managerial
37,2,189922,7,12,2,0,4,1,0,0,50,38,1,Tech-support,Exec-managerial
36,1,110866,9,13,4,1,4,1,0,0,50,38,0,Prof-specialty,Protective-serv
43,0,186916,12,14,0,1,4,1,0,0,60,38,1,Protective-serv,Exec-managerial
58,2,213975,8,11,6,1,4,0,0,0,40,38,0,Prof-specialty,Exec-managerial
27,2,302406,12,14,2,0,4,1,0,0,55,38,0,Prof-specialty,Prof-specialty
37,2,131463,0,6,0,4,4,0,0,0,33,38,0,Other-service,Other-service
35,2,267891,11,9,2,5,4,0,0,0,38,38,0,Other-service,Machine-op-inspct
63,2,50349,11,9,6,1,4,0,0,0,34,38,0,Other-service,Sales
26,2,373553,15,10,2,5,4,0,0,0,42,38,0,Adm-clerical,Sales
39,2,324420,3,2,2,0,4,1,0,0,45,25,0,Craft-repair,Machine-op-inspct
17,2,120068,1,7,4,3,4,1,0,0,17,38,0,Handlers-cleaners,Other-service
31,2,114937,7,12,2,0,4,1,0,0,40,38,1,Adm-clerical,Prof-specialty
29,2,213692,15,10,4,3,4,1,0,0,45,38,0,Craft-repair,Exec-managerial
29,2,351324,9,13,4,3,4,0,0,0,40,38,0,Sales,Adm-clerical
23,2,151888,11,9,0,1,4,1,4650,0,50,20,0,Craft-repair,Craft-repair
64,2,231619,11,9,2,5,4,0,0,0,21,38,0,Sales,Priv-house-serv
28,2,389713,11,9,0,1,4,1,0,0,40,38,0,Protective-serv,Craft-repair
50,0,20179,12,14,2,0,4,1,0,0,40,38,1,Tech-support,Exec-managerial
42,2,202872,15,10,0,4,4,0,0,0,12,38,0,Adm-clerical,Other-service
28,2,487347,11,9,4,1,4,1,0,0,45,38,0,Transport-moving,Machine-op-inspct
18,2,423024,11,9,4,1,4,1,0,0,20,38,0,Other-service,Sales
54,2,163826,11,9,4,1,4,1,0,0,40,38,0,Prof-specialty,Craft-repair
38,2,296999,9,13,4,1,4,0,0,0,70,38,0,Exec-managerial,Prof-specialty
60,5,69251,12,14,2,0,1,1,0,0,38,2,1,Prof-specialty,Prof-specialty
30,2,143526,9,13,4,3,4,1,0,0,40,38,0,Sales,Sales
32,2,107843,11,9,2,0,4,1,5178,0,50,38,1,Machine-op-inspct,Craft-repair
24,2,289448,8,11,4,3,1,0,0,0,40,29,0,Adm-clerical,Machine-op-inspct
26,2,306225,9,13,4,1,1,0,0,0,40,30,0,Exec-managerial,Prof-specialty
45,2,261192,11,9,2,0,2,1,0,0,40,38,0,Other-service,Machine-op-inspct
38,2,26987,11,9,0,4,4,0,0,0,40,38,0,Other-service,Exec-managerial
33,2,231826,3,2,2,0,4,1,0,0,40,25,0,Handlers-cleaners,Machine-op-inspct
37,2,105803,11,9,2,0,4,1,3103,0,45,38,1,Craft-repair,Craft-repair
59,2,113959,11,9,2,0,4,1,0,0,45,38,1,Adm-clerical,Craft-repair
59,2,329059,9,13,4,1,4,1,0,0,50,38,0,Craft-repair,Sales
51,2,107123,5,4,2,0,2,1,0,0,40,38,0,Transport-moving,Handlers-cleaners
36,2,189674,15,10,5,2,2,0,0,0,40,38,0,Other-service,Adm-clerical
39,5,318918,9,13,2,0,4,1,0,0,40,38,0,Exec-managerial,Prof-specialty
41,2,217902,11,9,2,0,4,1,0,0,40,38,1,Exec-managerial,Exec-managerial
36,2,418702,8,11,0,4,4,0,0,0,40,38,0,Adm-clerical,Exec-managerial
49,2,121602,9,13,2,0,4,1,0,0,40,38,0,Exec-managerial,Sales
59,4,357943,9,13,2,0,4,1,0,0,40,38,1,Exec-managerial,Exec-managerial
24,2,225724,9,13,4,3,4,0,0,0,20,38,0,Adm-clerical,Sales
21,2,235442,11,9,2,0,4,1,0,0,40,38,0,Adm-clerical,Machine-op-inspct
26,1,197764,9,13,4,1,4,0,0,0,40,38,0,Prof-specialty,Prof-specialty
47,4,177457,15,10,2,0,2,1,0,0,40,38,0,Other-service,Craft-repair
44,2,214415,15,10,5,4,2,0,0,0,40,38,0,Prof-specialty,Machine-op-inspct
34,5,190290,9,13,2,0,4,1,0,0,38,38,1,Prof-specialty,Prof-specialty
46,3,201865,14,15,2,0,4,1,0,0,60,38,1,Prof-specialty,Prof-specialty
42,2,155106,15,10,4,1,4,1,0,0,45,38,0,Machine-op-inspct,Sales
18,2,212936,15,10,4,3,4,1,0,0,15,38,0,Other-service,Sales
31,4,181485,9,13,4,1,2,1,0,0,40,38,1,Sales,Prof-specialty
50,2,144361,11,9,2,0,4,1,0,0,50,38,1,Machine-op-inspct,Transport-moving
41,2,198425,15,10,2,0,4,1,0,0,45,38,0,Craft-repair,Craft-repair
38,2,192337,9,13,2,0,4,1,7688,0,40,38,1,Exec-managerial,Exec-managerial
41,2,146659,9,13,2,0,4,1,0,0,70,38,0,Prof-specialty,Sales
20,2,133515,15,10,4,2,4,0,0,0,40,38,0,Sales,Sales
24,3,142404,9,13,2,0,4,1,0,0,40,38,1,Exec-managerial,Sales
24,2,403671,11,9,2,0,4,1,0,0,60,38,0,Craft-repair,Exec-managerial
67,0,65475,11,9,2,0,4,1,0,0,40,38,1,Tech-support,Adm-clerical
38,2,245090,11,9,2,0,4,1,0,0,40,26,0,Craft-repair,Craft-repair
26,2,244495,11,9,2,0,4,1,0,0,48,38,0,Craft-repair,Craft-repair
41,2,122215,12,14,2,0,4,1,15024,0,40,38,1,Prof-specialty,Exec-managerial
64,2,149044,12,14,2,0,1,1,0,2057,60,2,0,Prof-specialty,Prof-specialty
18,2,53109,1,7,4,3,0,1,0,0,20,38,0,Other-service,Sales
23,2,227915,11,9,4,4,4,0,0,0,33,38,0,Craft-repair,Other-service
19,2,560804,15,10,4,3,4,0,0,0,30,38,0,Adm-clerical,Sales
22,2,269474,15,10,4,3,4,1,0,0,10,38,0,Adm-clerical,Handlers-cleaners
39,2,141584,12,14,4,1,4,1,0,2444,45,38,1,Sales,Exec-managerial
23,2,150463,11,9,4,4,3,0,0,0,40,12,0,Priv-house-serv,Adm-clerical
43,5,242521,11,9,2,0,4,1,0,0,40,38,0,Craft-repair,Craft-repair
23,0,163870,15,10,4,2,4,1,0,0,40,38,0,Armed-Forces,Exec-managerial
44,5,87282,9,13,4,1,1,0,0,0,38,38,0,Prof-specialty,Prof-specialty
54,2,28518,11,9,2,0,4,1,0,0,50,38,1,Sales,Exec-managerial
19,4,342384,1,7,2,3,4,1,0,2129,55,38,0,Craft-repair,Craft-repair
37,2,305379,9,13,2,0,4,1,0,0,50,38,1,Exec-managerial,Exec-managerial
22,2,204226,11,9,4,3,4,0,0,0,40,38,0,Exec-managerial,Adm-clerical
37,2,454915,0,6,0,1,4,1,0,0,40,38,0,Craft-repair,Machine-op-inspct
31,2,227146,9,13,2,0,4,1,0,0,55,38,1,Sales,Sales
38,4,67317,9,13,2,0,4,1,0,0,60,38,0,Farming-fishing,Prof-specialty
39,2,366757,11,9,2,0,4,1,0,0,35,38,0,Craft-repair,Craft-repair
18,2,265099,1,7,4,3,4,0,0,0,16,38,0,Other-service,Adm-clerical
66,2,350498,15,10,2,0,4,1,0,0,28,38,0,Sales,Sales
22,2,214399,15,10,4,3,4,0,0,0,15,38,0,Sales,Other-service
59,2,98361,1,7,2,0,4,1,0,0,40,38,0,Machine-op-inspct,Transport-moving
20,2,39764,11,9,4,3,4,1,0,0,40,38,0,Handlers-cleaners,Craft-repair
41,0,130760,9,13,2,0,4,1,0,0,24,38,0,Tech-support,Prof-specialty
34,2,441454,11,9,4,1,4,0,0,0,24,38,0,Sales,Other-service
29,2,205249,12,14,2,0,1,1,0,0,40,23,0,Exec-managerial,Prof-specialty
55,2,289257,15,10,2,0,4,1,0,0,40,38,0,Craft-repair,Prof-specialty
32,2,136204,12,14,5,1,4,1,0,2824,55,38,1,Exec-managerial,Prof-specialty
24,2,283613,9,13,4,1,4,1,0,0,43,38,0,Prof-specialty,Exec-managerial
63,4,168048,14,15,2,0,4,1,0,0,30,38,0,Prof-specialty,Prof-specialty
44,2,106900,12,14,2,0,4,1,0,0,44,38,1,Prof-specialty,Prof-specialty
52,5,149650,10,16,2,0,4,1,0,0,40,19,1,Prof-specialty,Prof-specialty
51,0,160703,11,9,2,0,4,1,0,0,40,38,0,Adm-clerical,Transport-moving
25,2,112835,9,13,4,1,4,1,0,0,40,38,0,Prof-specialty,Exec-managerial
38,2,161141,11,9,0,1,4,1,0,0,40,38,0,Transport-moving,Craft-repair
21,2,195199,11,9,4,3,4,0,0,0,30,38,0,Prof-specialty,Sales
32,2,317378,9,13,4,3,4,0,10520,0,40,38,1,Exec-managerial,Prof-specialty
33,5,150570,11,9,0,1,4,1,0,0,40,38,0,Adm-clerical,Craft-repair
40,4,223881,14,15,2,0,4,1,99999,0,70,38,1,Prof-specialty,Prof-specialty
47,2,119939,11,9,2,0,4,1,0,0,40,38,1,Craft-repair,Craft-repair
22,2,60783,0,6,4,3,4,1,0,0,15,38,0,Craft-repair,Transport-moving
34,5,355700,11,9,5,4,4,0,0,0,20,38,0,Adm-clerical,Other-service
31,2,35378,15,10,0,1,4,0,0,0,45,38,0,Adm-clerical,Adm-clerical
58,2,183810,11,9,2,0,4,1,0,0,24,38,0,Other-service,Transport-moving
21,2,189013,15,10,4,3,4,0,0,0,35,38,0,Sales,Adm-clerical
60,4,187794,11,9,2,0,4,1,3103,0,60,38,1,Transport-moving,Sales
66,2,185336,11,9,6,2,4,0,0,0,35,38,0,Sales,Other-service
81,2,100675,3,2,2,0,4,1,0,0,15,30,0,Prof-specialty,Transport-moving
67,4,141797,5,4,2,0,4,1,0,0,40,38,0,Exec-managerial,Craft-repair
40,2,200496,9,13,5,1,4,1,0,0,40,38,0,Sales,Tech-support
46,2,114797,11,9,2,5,2,0,0,0,36,38,0,Machine-op-inspct,Other-service
31,2,101697,8,11,2,5,4,0,0,0,40,38,0,Prof-specialty,Adm-clerical
24,2,50400,15,10,2,0,0,1,0,0,40,38,0,Sales,Tech-support
62,2,199193,11,9,2,0,4,1,0,0,25,38,0,Handlers-cleaners,Other-service
45,2,241350,7,12,2,0,4,1,0,0,45,38,1,Craft-repair,Exec-managerial
46,2,155489,11,9,2,0,4,1,0,0,43,38,1,Machine-op-inspct,Craft-repair
33,2,197424,11,9,2,0,4,1,5013,0,40,38,0,Exec-managerial,Craft-repair
47,1,93476,9,13,5,1,4,0,0,0,70,38,0,Prof-specialty,Prof-specialty
23,2,237720,9,13,4,1,4,1,0,0,38,38,0,Prof-specialty,Handlers-cleaners
40,2,87771,11,9,2,5,4,0,0,1628,45,38,0,Craft-repair,Adm-clerical
51,2,24344,7,12,4,1,4,0,0,0,40,38,0,Adm-clerical,Adm-clerical
25,5,183678,9,13,4,1,4,0,0,0,50,38,0,Prof-specialty,Prof-specialty
42,2,165916,9,13,0,4,4,0,0,0,45,38,0,Adm-clerical,Exec-managerial
41,2,180138,9,13,2,0,4,1,0,0,50,19,1,Exec-managerial,Exec-managerial
46,2,169953,15,10,0,1,4,0,0,0,40,38,0,Exec-managerial,Adm-clerical
51,4,121548,9,13,2,0,4,1,0,0,25,38,0,Exec-managerial,Exec-managerial
51,2,101432,11,9,2,0,4,1,0,0,40,38,0,Craft-repair,Craft-repair
29,2,100579,8,11,0,1,4,0,0,0,40,38,0,Exec-managerial,Adm-clerical
30,2,115040,11,9,2,0,4,1,0,0,40,38,0,Transport-moving,Protective-serv
24,2,77665,11,9,4,1,4,1,0,0,42,38,0,Craft-repair,Machine-op-inspct
34,2,167781,11,9,2,0,4,1,0,0,50,38,0,Other-service,Sales
38,2,104089,8,11,4,3,4,1,0,0,40,38,0,Craft-repair,Craft-repair
47,4,149116,12,14,4,1,4,0,0,0,50,38,0,Prof-specialty,Exec-managerial
70,2,282642,11,9,2,0,4,1,0,2174,40,38,1,Handlers-cleaners,Craft-repair
60,2,36077,5,4,3,1,4,1,0,0,40,38,0,Machine-op-inspct,Handlers-cleaners
51,2,194908,11,9,2,5,4,0,0,0,40,38,0,Adm-clerical,Adm-clerical
24,2,278107,11,9,4,3,4,1,0,0,60,38,0,Craft-repair,Farming-fishing
44,2,419134,11,9,0,4,2,0,0,0,40,38,0,Adm-clerical,Adm-clerical
27,5,249362,15,10,2,0,4,1,3411,0,40,38,0,Transport-moving,Adm-clerical
46,2,169324,11,9,5,1,2,0,0,0,45,22,0,Other-service,Other-service
34,2,356882,15,10,2,0,4,1,0,0,45,38,1,Sales,Exec-managerial
36,2,107302,11,9,2,0,4,1,0,0,50,38,0,Tech-support,Other-service
48,0,94342,9,13,0,1,4,1,0,0,45,38,0,Exec-managerial,Prof-specialty
29,2,369114,11,9,0,1,4,0,0,0,40,38,0,Adm-clerical,Other-service
50,3,127315,9,13,2,0,4,1,15024,0,60,38,1,Exec-managerial,Exec-managerial
27,2,176683,11,9,4,1,4,1,0,0,48,38,0,Other-service,Sales
21,2,145119,15,10,4,3,1,1,0,0,20,38,0,Other-service,Other-service
19,2,410543,11,9,4,1,4,0,0,0,40,38,0,Adm-clerical,Craft-repair
23,2,197387,11,9,4,3,4,1,0,0,37,25,0,Craft-repair,Machine-op-inspct
34,2,178951,11,9,2,0,4,1,0,0,45,38,0,Sales,Craft-repair
30,2,205659,7,12,2,5,4,0,0,0,50,36,1,Exec-managerial,Exec-managerial
51,2,306790,11,9,0,1,4,1,0,0,40,38,0,Craft-repair,Craft-repair
24,2,220323,15,10,2,0,2,1,0,0,40,38,0,Prof-specialty,Craft-repair
34,2,188096,11,9,4,1,4,0,0,0,36,38,0,Adm-clerical,Other-service
50,2,170050,5,4,2,0,4,1,0,0,40,38,0,Machine-op-inspct,Transport-moving
21,2,146499,8,11,2,2,4,0,0,1579,40,38,0,Adm-clerical,Adm-clerical
47,2,99911,2,8,3,1,4,0,0,0,55,38,0,Exec-managerial,Machine-op-inspct
30,2,205152,9,13,4,1,4,1,0,0,40,38,0,Sales,Prof-specialty
34,2,163110,9,13,2,0,4,1,0,0,45,38,1,Craft-repair,Exec-managerial
21,2,239577,15,10,4,3,4,1,0,0,40,38,0,Adm-clerical,Handlers-cleaners
23,2,252153,15,10,4,1,4,0,0,0,28,38,0,Other-service,Other-service
22,2,335453,11,9,4,1,4,0,0,0,60,38,0,Adm-clerical,Tech-support
50,3,190333,14,15,2,0,4,1,99999,0,55,38,1,Prof-specialty,Prof-specialty
32,2,260868,9,13,2,0,2,1,0,0,40,38,1,Sales,Exec-managerial
28,2,106951,11,9,4,1,4,1,0,0,42,38,0,Handlers-cleaners,Craft-repair
37,2,259882,8,11,4,4,2,0,0,0,6,38,0,Sales,Prof-specialty
45,2,330535,11,9,4,1,4,1,3325,0,40,38,0,Adm-clerical,Craft-repair
41,2,119079,11,9,2,0,4,1,0,0,49,38,1,Sales,Craft-repair
28,4,192838,8,11,2,0,4,1,0,0,45,38,0,Craft-repair,Farming-fishing
61,2,180632,11,9,2,0,4,1,0,0,40,38,0,Sales,Other-service
38,2,213716,8,11,0,1,4,0,0,0,30,38,0,Other-service,Adm-clerical
29,2,178244,11,9,2,0,4,1,0,0,40,38,0,Machine-op-inspct,Other-service
50,2,116933,11,9,0,1,4,0,0,0,33,38,0,Sales,Adm-clerical
51,2,200576,9,13,0,1,4,0,0,0,40,38,0,Adm-clerical,Adm-clerical
48,1,123075,12,14,2,0,4,1,0,0,35,38,1,Prof-specialty,Prof-specialty
40,2,307767,11,9,2,0,4,1,0,0,60,38,0,Sales,Transport-moving
32,2,169589,8,11,2,0,4,1,0,0,40,38,1,Handlers-cleaners,Sales
41,2,203761,9,13,2,0,4,1,0,0,40,38,1,Prof-specialty,Craft-repair
36,2,82743,7,12,4,1,4,1,0,0,55,19,0,Transport-moving,Craft-repair
55,2,179534,1,7,6,4,4,0,0,0,40,38,0,Handlers-cleaners,Other-service
68,2,144137,15,10,0,2,4,0,0,0,30,38,0,Priv-house-serv,Adm-clerical
36,2,131459,5,4,2,0,4,1,0,0,40,38,0,Craft-repair,Transport-moving
26,2,33610,11,9,4,3,4,1,0,0,40,38,0,Transport-moving,Other-service
34,2,195860,11,9,2,0,4,1,0,0,40,38,0,Craft-repair,Other-service
31,2,37546,9,13,2,5,4,0,0,1902,35,38,1,Exec-managerial,Exec-managerial
33,3,289886,11,9,4,4,1,1,0,0,40,39,0,Other-service,Craft-repair
31,2,351187,11,9,0,4,4,1,0,0,40,38,0,Other-service,Craft-repair
48,2,43206,14,15,0,4,4,0,0,0,25,38,0,Prof-specialty,Prof-specialty
39,2,293291,11,9,2,0,4,1,0,0,50,38,1,Machine-op-inspct,Exec-managerial
20,2,282579,15,10,4,1,4,1,0,0,40,38,0,Other-service,Craft-repair
32,2,238944,11,9,2,0,4,1,0,0,40,38,0,Machine-op-inspct,Machine-op-inspct
32,2,176992,0,6,4,4,4,1,0,0,40,38,0,Craft-repair,Transport-moving
36,1,196529,12,14,2,5,4,0,0,0,40,38,1,Prof-specialty,Prof-specialty
25,2,144259,11,9,4,3,2,1,0,0,50,38,0,Craft-repair,Transport-moving
38,2,99138,9,13,4,1,4,0,0,0,38,38,0,Exec-managerial,Prof-specialty
42,2,145711,12,14,2,0,4,1,0,1902,50,38,1,Prof-specialty,Exec-managerial
27,2,339956,11,9,2,0,2,1,0,0,60,38,0,Transport-moving,Exec-managerial
38,2,363395,15,10,4,4,2,0,0,0,40,38,0,Sales,Tech-support
27,2,69757,15,10,4,1,4,0,0,0,60,38,0,Adm-clerical,Adm-clerical
20,2,416103,15,10,4,3,4,1,0,0,40,38,0,Handlers-cleaners,Sales
35,2,189240,15,10,0,4,2,0,0,0,40,38,0,Other-service,Machine-op-inspct
49,0,195437,7,12,2,0,4,1,0,0,60,38,1,Adm-clerical,Exec-managerial
53,2,283602,9,13,0,1,4,0,13550,0,43,38,1,Sales,Exec-managerial
31,2,223327,11,9,2,0,4,1,0,0,40,38,1,Exec-managerial,Craft-repair
42,2,211860,11,9,5,1,4,1,0,0,40,38,0,Adm-clerical,Handlers-cleaners
38,2,184801,9,13,2,0,4,1,0,0,60,38,1,Sales,Exec-managerial
32,2,191777,12,14,4,1,2,0,0,0,40,38,0,Adm-clerical,Prof-specialty
17,2,209949,1,7,4,3,4,0,0,1602,12,38,0,Sales,Sales
33,2,144949,11,9,4,1,4,1,0,0,40,38,0,Handlers-cleaners,Craft-repair
41,1,177599,9,13,0,4,4,0,0,0,35,38,0,Prof-specialty,Prof-specialty
23,2,203240,15,10,4,1,4,0,0,0,40,38,0,Other-service,Adm-clerical
39,4,188571,1,7,2,0,4,1,0,0,40,38,0,Transport-moving,Transport-moving
34,1,325792,15,10,2,0,4,1,0,0,40,38,0,Craft-repair,Protective-serv
20,2,258430,15,10,4,3,4,0,0,0,19,38,0,Other-service,Sales
54,2,511668,10,16,2,0,4,1,0,1977,43,38,1,Exec-managerial,Prof-specialty
34,5,156292,11,9,4,1,2,1,0,0,40,38,0,Handlers-cleaners,Craft-repair
58,1,92141,7,12,6,1,2,0,0,0,40,38,0,Adm-clerical,Prof-specialty
57,2,167864,8,11,6,1,4,0,0,0,40,38,0,Prof-specialty,Exec-managerial
32,2,349365,15,10,2,0,2,1,0,0,65,38,0,Sales,Sales
39,1,178100,12,14,0,4,4,0,0,0,40,38,0,Prof-specialty,Prof-specialty
34,2,153927,11,9,2,0,4,1,0,0,40,38,0,Craft-repair,Exec-managerial
26,2,206600,9,13,4,3,4,1,0,0,40,25,0,Craft-repair,Craft-repair
43,5,129298,12,14,2,0,4,1,0,0,40,38,1,Exec-managerial,Prof-specialty
44,3,311357,14,15,2,0,4,1,0,0,50,38,1,Prof-specialty,Prof-specialty
56,2,124137,11,9,0,1,4,1,0,0,41,38,0,Adm-clerical,Handlers-cleaners
24,2,153082,11,9,4,1,4,1,0,0,30,38,0,Sales,Machine-op-inspct
32,2,230420,11,9,4,1,4,1,0,0,45,38,0,Machine-op-inspct,Craft-repair
20,2,366929,15,10,4,3,4,0,0,0,35,38,0,Adm-clerical,Adm-clerical
53,2,287317,11,9,0,4,2,1,0,0,32,38,0,Machine-op-inspct,Other-service
41,2,192107,9,13,2,0,4,1,0,0,40,38,0,Craft-repair,Prof-specialty
32,4,37232,14,15,2,0,4,1,7688,0,45,38,1,Prof-specialty,Prof-specialty
27,3,120126,6,5,4,3,4,1,0,0,40,38,0,Craft-repair,Craft-repair
41,2,63596,15,10,2,5,4,0,0,0,32,38,1,Prof-specialty,Adm-clerical
52,2,167794,10,16,2,0,4,1,0,0,38,38,1,Exec-managerial,Prof-specialty
37,2,305259,7,12,0,1,4,0,0,0,48,38,0,Exec-managerial,Exec-managerial
72,2,426562,1,7,0,1,2,0,0,0,35,38,0,Other-service,Other-service
28,2,261725,11,9,4,4,4,0,0,0,40,25,0,Other-service,Other-service
48,1,78859,11,9,4,3,4,0,0,0,40,38,0,Exec-managerial,Adm-clerical
19,5,112432,15,10,4,3,4,1,0,0,10,38,0,Adm-clerical,Farming-fishing
42,2,160893,15,10,2,5,4,0,0,0,23,38,0,Other-service,Other-service
51,2,441637,11,9,2,0,4,1,0,0,40,38,0,Tech-support,Transport-moving
57,2,175942,15,10,0,1,4,0,0,0,50,38,1,Exec-managerial,Adm-clerical
31,2,177675,9,13,2,0,4,1,0,0,40,38,0,Prof-specialty,Exec-managerial
18,2,188241,1,7,4,3,4,1,0,0,16,38,0,Other-service,Exec-managerial
36,2,374983,1,7,2,0,4,1,0,0,40,38,0,Machine-op-inspct,Craft-repair
42,1,46094,9,13,0,1,4,1,0,0,33,38,0,Transport-moving,Prof-specialty
20,2,39234,11,9,4,3,4,1,0,0,30,38,0,Other-service,Handlers-cleaners
60,2,71683,6,5,2,0,4,1,0,0,49,38,0,Machine-op-inspct,Handlers-cleaners
48,4,177783,5,4,4,1,4,1,0,0,50,38,0,Farming-fishing,Farming-fishing
40,4,107762,9,13,2,0,4,1,0,0,45,38,0,Exec-managerial,Exec-managerial
45,1,209482,12,14,2,5,4,0,0,0,45,38,1,Prof-specialty,Prof-specialty
47,1,171095,7,12,2,5,4,0,0,0,35,38,1,Adm-clerical,Adm-clerical
32,3,218407,15,10,4,1,4,1,0,0,70,4,0,Exec-managerial,Sales
35,2,280966,15,10,2,0,4,1,0,0,40,38,0,Sales,Exec-managerial
25,2,164488,9,13,4,1,4,1,0,0,40,38,0,Tech-support,Exec-managerial
20,2,205970,15,10,4,3,4,0,0,0,25,38,0,Craft-repair,Sales
48,3,81513,9,13,2,0,4,1,0,0,50,38,1,Exec-managerial,Exec-managerial
34,2,175878,15,10,4,1,4,1,0,0,40,38,0,Craft-repair,Handlers-cleaners
35,2,164526,11,9,2,0,4,1,0,0,40,40,1,Other-service,Exec-managerial
56,2,190257,5,4,2,0,4,1,0,0,40,38,0,Handlers-cleaners,Craft-repair
46,2,28419,8,11,4,1,4,1,0,0,50,38,0,Transport-moving,Sales
33,2,93206,4,3,2,0,1,1,0,0,40,29,0,Farming-fishing,Other-service
33,2,55291,12,14,2,0,4,1,0,0,40,38,1,Exec-managerial,Exec-managerial
33,2,169879,9,13,2,0,4,1,3103,0,47,38,1,Prof-specialty,Exec-managerial
63,2,187919,1,7,2,0,4,1,0,0,30,38,0,Other-service,Machine-op-inspct
37,2,349116,11,9,4,1,2,1,0,0,44,38,0,Sales,Transport-moving
33,2,356015,11,9,5,1,0,1,0,0,35,16,0,Craft-repair,Handlers-cleaners
46,1,167159,15,10,2,0,4,1,0,0,70,38,1,Protective-serv,Protective-serv
37,2,104359,15,10,2,0,4,1,0,0,40,38,0,Handlers-cleaners,Exec-managerial
27,2,37088,9,13,2,0,4,1,0,0,30,38,0,Tech-support,Prof-specialty
25,2,135645,12,14,4,1,4,1,0,0,20,38,0,Sales,Prof-specialty
23,2,250630,9,13,4,1,4,0,0,0,40,38,0,Sales,Adm-clerical
41,4,126094,11,9,2,0,4,1,0,0,38,38,0,Exec-managerial,Farming-fishing
21,2,44793,15,10,4,1,4,1,0,0,65,38,0,Adm-clerical,Craft-repair
33,2,232475,11,9,2,0,4,1,0,0,40,38,1,Craft-repair,Machine-op-inspct
62,2,131117,5,4,0,4,4,0,0,0,38,3,0,Tech-support,Machine-op-inspct
41,2,327606,2,8,5,1,2,1,0,0,40,38,0,Craft-repair,Machine-op-inspct
59,2,261232,1,7,0,1,4,1,0,0,40,38,0,Farming-fishing,Machine-op-inspct
34,2,226296,11,9,2,0,4,1,0,0,40,38,1,Other-service,Craft-repair
19,5,144429,15,10,4,3,4,1,0,0,10,38,0,Prof-specialty,Farming-fishing
49,2,83444,11,9,0,1,4,1,0,0,40,38,0,Exec-managerial,Craft-repair
61,1,176753,11,9,2,0,4,1,0,0,48,38,0,Farming-fishing,Exec-managerial
34,0,190228,9,13,2,0,4,1,0,1902,48,38,1,Protective-serv,Adm-clerical
54,1,196307,0,6,2,0,4,1,0,0,40,38,0,Adm-clerical,Other-service
17,2,242773,1,7,4,3,4,0,0,0,20,38,0,Other-service,Sales
21,2,174714,7,12,4,3,4,1,0,0,35,38,0,Adm-clerical,Other-service
47,1,56482,15,10,2,0,2,1,7688,0,50,38,1,Prof-specialty,Exec-managerial
49,4,263568,9,13,2,0,4,1,0,0,60,38,1,Exec-managerial,Sales
46,1,345911,15,10,0,1,4,0,0,0,40,38,0,Transport-moving,Tech-support
26,2,164737,15,10,4,1,4,0,0,0,40,38,0,Sales,Adm-clerical
39,2,113481,9,13,2,0,4,1,0,0,45,38,1,Exec-managerial,Adm-clerical
44,2,279183,15,10,2,3,4,0,0,0,40,38,1,Other-service,Adm-clerical
20,2,184779,15,10,4,3,4,0,0,0,20,38,0,Tech-support,Other-service
35,2,360799,11,9,2,0,4,1,7298,0,40,38,1,Craft-repair,Craft-repair
30,2,87054,11,9,2,0,4,1,0,0,50,38,0,Craft-repair,Craft-repair
19,2,214678,11,9,4,3,4,1,0,0,30,38,0,Other-service,Other-service
32,2,420895,11,9,2,0,4,1,0,0,40,38,0,Transport-moving,Craft-repair
31,2,157078,0,6,4,4,4,0,0,0,40,38,0,Adm-clerical,Adm-clerical
38,4,233571,11,9,5,4,4,0,0,0,40,38,0,Other-service,Adm-clerical
22,4,202920,11,9,4,4,4,0,99999,0,40,5,1,Prof-specialty,Adm-clerical
22,2,38251,7,12,4,4,4,0,0,0,35,38,0,Other-service,Adm-clerical
41,2,38397,11,9,0,1,4,0,0,0,40,38,0,Other-service,Other-service
18,4,379242,15,10,4,1,4,0,0,0,50,38,0,Exec-managerial,Sales
45,0,170915,11,9,0,1,4,0,4865,0,40,38,0,Tech-support,Adm-clerical
42,2,285066,9,13,2,0,4,1,0,0,45,38,1,Prof-specialty,Exec-managerial
48,2,149210,11,9,5,4,2,1,0,0,45,38,0,Craft-repair,Transport-moving
31,2,181091,11,9,2,0,4,1,0,0,50,38,1,Craft-repair,Craft-repair
51,2,53197,15,10,2,0,4,1,0,0,40,38,1,Craft-repair,Craft-repair
35,2,186009,11,9,2,0,4,1,0,0,40,38,1,Craft-repair,Other-service
35,2,180342,11,9,2,0,4,1,0,0,40,38,0,Craft-repair,Transport-moving
42,4,323790,9,13,2,0,4,1,0,1977,70,38,1,Exec-managerial,Exec-managerial
33,2,222205,11,9,2,5,4,0,0,0,40,38,1,Craft-repair,Other-service
38,4,93206,9,13,2,0,1,1,0,1902,65,38,1,Exec-managerial,Exec-managerial
26,2,240842,11,9,4,4,2,0,0,0,40,38,0,Machine-op-inspct,Adm-clerical
31,2,168906,9,13,0,1,4,0,0,0,50,38,1,Exec-managerial,Exec-managerial
28,2,196690,11,9,4,1,4,0,0,0,40,38,0,Machine-op-inspct,Exec-managerial
62,2,73292,15,10,2,0,4,1,0,0,40,38,0,Other-service,Sales
53,2,194259,15,10,2,5,4,0,4386,0,40,38,1,Adm-clerical,Adm-clerical
32,2,147284,8,11,2,0,4,1,0,0,50,38,1,Sales,Craft-repair
49,2,54260,9,13,2,0,4,1,0,0,40,38,1,Prof-specialty,Exec-managerial
53,2,106176,12,14,2,0,4,1,7298,0,60,38,1,Sales,Exec-managerial
48,2,108557,9,13,2,5,4,0,99999,0,40,38,1,Tech-support,Prof-specialty
27,2,177057,11,9,4,1,4,1,0,0,40,38,0,Machine-op-inspct,Craft-repair
46,2,695411,11,9,0,1,4,0,0,0,44,38,0,Adm-clerical,Adm-clerical
47,2,45564,15,10,2,0,4,1,0,0,40,38,1,Exec-managerial,Craft-repair
32,2,239824,9,13,4,1,4,1,0,0,40,38,0,Tech-support,Sales
23,2,234663,11,9,4,1,4,1,0,0,40,38,0,Machine-op-inspct,Handlers-cleaners
36,5,110964,9,13,2,5,4,0,0,1672,38,38,0,Prof-specialty,Prof-specialty
58,4,54566,15,10,2,0,4,1,0,0,35,38,0,Farming-fishing,Exec-managerial
59,2,279636,11,9,4,1,4,1,0,0,50,12,0,Adm-clerical,Craft-repair
20,2,228649,11,9,4,3,4,1,0,0,40,38,0,Other-service,Craft-repair
20,2,157541,15,10,4,3,4,1,0,0,27,38,0,Other-service,Adm-clerical
40,1,33155,11,9,4,3,4,1,0,0,40,38,0,Other-service,Other-service
37,2,172232,11,9,4,4,2,0,0,0,30,38,0,Other-service,Other-service
43,0,233851,11,9,2,5,4,0,0,0,40,38,1,Adm-clerical,Adm-clerical
37,2,200863,15,10,6,4,4,1,0,0,40,38,0,Craft-repair,Adm-clerical
25,2,216583,9,13,2,0,4,1,0,0,43,38,0,Exec-managerial,Prof-specialty
46,2,137547,11,9,0,1,0,1,0,0,40,38,0,Craft-repair,Transport-moving
22,2,127185,6,5,4,1,4,0,0,0,40,38,0,Machine-op-inspct,Sales
44,0,206553,8,11,0,1,4,1,0,0,40,38,0,Tech-support,Adm-clerical
30,2,231826,15,10,2,0,4,1,0,0,40,38,1,Sales,Adm-clerical
41,2,51506,11,9,2,0,4,1,0,0,40,38,0,Exec-managerial,Craft-repair
45,2,199625,15,10,0,4,4,0,0,0,20,38,0,Prof-specialty,Other-service
51,2,237630,11,9,2,0,4,1,7298,0,50,38,1,Tech-support,Craft-repair
32,2,206365,11,9,4,1,2,0,0,0,40,38,0,Other-service,Handlers-cleaners
52,2,170562,11,9,2,0,4,1,0,0,60,38,1,Exec-managerial,Transport-moving
27,1,92431,15,10,4,1,4,1,0,2231,40,38,1,Protective-serv,Protective-serv
32,2,239659,15,10,5,4,2,0,0,0,70,38,0,Machine-op-inspct,Adm-clerical
45,2,195949,11,9,2,0,4,1,0,0,40,38,0,Craft-repair,Machine-op-inspct
50,3,302708,9,13,2,0,1,1,7688,0,50,23,1,Exec-managerial,Exec-managerial
28,2,189346,11,9,0,3,4,1,0,0,40,38,0,Handlers-cleaners,Craft-repair
26,2,107827,11,9,4,4,4,1,0,0,25,38,0,Other-service,Handlers-cleaners
59,4,41258,9,13,2,0,4,1,0,0,50,38,0,Prof-specialty,Exec-managerial
43,2,81243,9,13,0,1,4,1,0,1876,40,38,0,Tech-support,Sales
41,2,238355,4,3,2,0,4,1,0,0,40,25,0,Farming-fishing,Adm-clerical
54,1,31533,12,14,2,0,4,1,7298,0,40,38,1,Adm-clerical,Exec-managerial
21,2,145389,15,10,4,1,4,0,0,0,25,38,0,Prof-specialty,Other-service
21,2,313702,15,10,4,1,4,1,0,0,40,38,0,Sales,Craft-repair
60,2,163729,11,9,0,4,4,0,2597,0,40,38,0,Tech-support,Adm-clerical
57,2,135339,9,13,2,0,1,1,0,0,40,29,1,Exec-managerial,Exec-managerial
35,2,276153,9,13,4,1,1,0,4650,0,40,38,0,Tech-support,Adm-clerical
35,2,403037,11,9,5,4,4,0,0,0,40,38,0,Adm-clerical,Sales
61,2,213321,15,10,2,0,4,1,0,1672,40,38,0,Exec-managerial,Craft-repair
25,2,202560,15,10,4,1,4,0,0,0,40,38,0,Other-service,Other-service
21,2,126613,11,9,4,1,4,0,0,0,40,38,0,Sales,Adm-clerical
25,2,109112,11,9,2,0,4,1,0,0,48,38,0,Machine-op-inspct,Sales
40,2,229148,2,8,2,0,2,1,0,0,40,22,0,Transport-moving,Other-service
29,2,77572,7,12,4,1,1,0,0,0,40,38,0,Adm-clerical,Tech-support
20,1,350845,15,10,4,3,4,0,0,0,10,38,0,Adm-clerical,Protective-serv
37,5,29145,9,13,2,0,4,1,0,0,50,38,1,Exec-managerial,Exec-managerial
39,4,315640,9,13,4,3,1,1,0,0,60,19,0,Sales,Exec-managerial
29,1,95393,11,9,4,3,4,1,0,0,20,38,0,Other-service,Other-service
30,2,195488,11,9,4,3,4,0,0,0,40,12,0,Priv-house-serv,Adm-clerical
38,2,96185,11,9,0,4,2,0,0,0,32,38,0,Other-service,Other-service
26,2,55860,15,10,4,1,2,0,0,0,40,38,0,Adm-clerical,Adm-clerical
49,1,358668,10,16,2,0,4,1,0,0,45,38,1,Prof-specialty,Prof-specialty
65,2,105252,11,9,2,0,4,1,0,0,40,38,1,Tech-support,Exec-managerial
44,2,191814,15,10,2,0,4,1,0,0,45,38,1,Prof-specialty,Sales
77,2,154205,11,9,6,1,4,0,0,0,10,38,0,Adm-clerical,Other-service
32,2,211349,0,6,2,0,4,1,0,0,40,38,0,Transport-moving,Machine-op-inspct
30,2,166961,9,13,4,3,4,0,0,0,37,38,0,Prof-specialty,Adm-clerical
51,2,110747,11,9,2,0,4,1,0,1887,40,38,1,Craft-repair,Craft-repair
36,2,176101,15,10,4,3,4,1,2174,0,60,38,0,Craft-repair,Exec-managerial
35,2,108293,15,10,4,3,4,0,0,2205,40,38,0,Adm-clerical,Other-service
46,2,185041,11,9,2,0,4,1,0,0,75,38,1,Craft-repair,Sales
24,2,97212,7,12,2,5,4,0,0,0,40,38,0,Adm-clerical,Adm-clerical
56,2,139616,9,13,0,1,4,1,0,0,45,38,1,Exec-managerial,Exec-managerial
52,2,96359,10,16,2,0,4,1,0,0,57,38,1,Exec-managerial,Prof-specialty
35,2,261293,12,14,4,1,4,1,0,0,60,38,0,Sales,Prof-specialty
50,2,147629,12,14,2,0,4,1,15024,0,45,38,1,Prof-specialty,Exec-managerial
21,2,275395,15,10,4,3,4,1,0,0,40,38,0,Craft-repair,Sales
68,1,233954,12,14,6,4,2,0,0,0,40,38,1,Prof-specialty,Prof-specialty
39,5,126336,11,9,0,1,4,1,0,0,40,38,0,Prof-specialty,Craft-repair
41,2,99870,9,13,2,0,4,1,0,0,55,38,0,Sales,Transport-moving
51,5,68898,8,11,0,1,4,1,0,2444,39,38,1,Tech-support,Exec-managerial
32,1,217296,11,9,2,5,4,0,4064,0,22,38,0,Transport-moving,Adm-clerical
57,4,264148,11,9,2,0,4,1,0,0,45,38,0,Farming-fishing,Exec-managerial
52,2,222107,15,10,0,4,4,0,0,0,50,38,0,Sales,Exec-managerial
47,4,355978,10,16,2,0,4,1,0,2002,45,38,0,Transport-moving,Prof-specialty
39,2,138192,9,13,2,0,4,1,0,0,40,38,1,Craft-repair,Tech-support
54,2,176240,12,14,2,0,4,1,7688,0,60,38,1,Transport-moving,Exec-managerial
43,1,35824,12,14,2,5,4,0,0,0,40,38,1,Prof-specialty,Prof-specialty
55,5,111130,7,12,0,3,1,1,0,0,40,38,0,Adm-clerical,Prof-specialty
54,4,261207,5,4,0,1,4,1,0,0,45,4,0,Transport-moving,Craft-repair
21,5,478457,15,10,4,3,2,0,0,0,12,38,0,Other-service,Other-service
38,2,63509,8,11,2,0,4,1,0,0,50,38,0,Craft-repair,Craft-repair
32,2,180284,0,6,2,0,4,1,0,0,40,38,1,Craft-repair,Machine-op-inspct
48,2,248164,9,13,2,0,4,1,4386,0,50,38,1,Sales,Exec-managerial
21,2,119474,11,9,4,2,4,0,0,0,40,38,0,Other-service,Exec-managerial
41,2,139907,8,11,5,1,4,1,0,0,30,38,0,Craft-repair,Sales
36,2,247321,11,9,2,0,4,1,0,0,45,38,0,Craft-repair,Adm-clerical
55,2,125000,11,9,2,0,4,1,0,0,40,38,1,Machine-op-inspct,Exec-managerial
36,2,33394,9,13,2,0,4,1,0,1887,35,38,1,Sales,Exec-managerial
48,2,248254,15,10,2,5,4,0,7298,0,40,38,1,Prof-specialty,Adm-clerical
63,2,339473,15,10,0,1,4,0,0,0,60,38,0,Sales,Exec-managerial
57,1,52267,12,14,2,0,4,1,0,0,50,38,1,Exec-managerial,Exec-managerial
35,2,283305,9,13,4,1,4,0,0,0,40,38,0,Exec-managerial,Sales
49,4,122584,5,4,2,0,4,1,0,0,40,38,0,Sales,Farming-fishing
41,2,253060,14,15,2,0,4,1,0,0,50,38,0,Sales,Prof-specialty
19,4,47176,15,10,4,1,4,0,0,0,15,38,0,Craft-repair,Farming-fishing
27,2,97490,15,10,0,4,4,0,0,0,40,38,0,Craft-repair,Adm-clerical
29,2,126208,11,9,2,0,2,1,0,0,40,38,0,Machine-op-inspct,Craft-repair
38,2,197113,15,10,0,4,2,0,0,0,20,38,0,Adm-clerical,Other-service
26,2,150361,9,13,4,1,4,0,0,0,40,38,0,Prof-specialty,Prof-specialty
46,5,314770,15,10,0,4,4,0,0,0,48,38,0,Adm-clerical,Protective-serv
38,2,183279,15,10,2,0,4,1,0,0,44,38,1,Exec-managerial,Craft-repair
34,3,28984,8,11,0,4,4,0,0,0,40,38,0,Sales,Adm-clerical
32,1,127651,11,9,2,0,4,1,0,0,40,38,1,Craft-repair,Protective-serv
45,1,556652,11,9,2,0,2,1,0,0,40,38,1,Craft-repair,Transport-moving
36,2,184659,11,9,2,0,4,1,0,0,40,38,1,Machine-op-inspct,Other-service
40,2,275446,11,9,4,3,2,1,0,0,40,38,0,Sales,Other-service
29,2,196243,11,9,4,1,4,0,0,0,40,38,0,Machine-op-inspct,Adm-clerical
31,2,265706,9,13,4,1,4,1,0,0,40,38,0,Sales,Sales
56,4,176280,11,9,0,1,4,1,0,0,50,38,0,Other-service,Craft-repair
44,2,332401,14,15,2,0,4,1,99999,0,65,38,1,Prof-specialty,Prof-specialty
56,2,85018,11,9,4,1,4,0,0,0,40,38,0,Adm-clerical,Adm-clerical
31,1,357954,7,12,4,1,4,1,0,0,20,38,0,Tech-support,Craft-repair
34,2,176711,11,9,0,3,4,1,0,0,40,38,0,Other-service,Handlers-cleaners
27,2,68848,9,13,4,4,4,0,0,0,35,38,0,Adm-clerical,Prof-specialty
35,2,376455,15,10,2,0,4,1,15024,0,60,38,1,Exec-managerial,Exec-managerial
37,2,202683,15,10,2,0,4,1,0,0,48,38,1,Sales,Craft-repair
33,0,188246,11,9,2,0,4,1,0,0,40,38,0,Craft-repair,Adm-clerical
23,2,62278,15,10,2,0,4,1,0,0,45,38,0,Sales,Adm-clerical
48,1,81154,8,11,4,4,4,1,0,0,48,38,0,Protective-serv,Tech-support
47,2,109089,15,10,2,0,4,1,0,0,70,38,0,Prof-specialty,Machine-op-inspct
52,2,90189,5,4,0,3,2,0,0,0,16,38,0,Priv-house-serv,Other-service
37,2,269329,8,11,0,1,4,0,8614,0,45,38,1,Prof-specialty,Adm-clerical
20,5,340475,15,10,4,3,4,0,0,0,10,38,0,Adm-clerical,Other-service
19,2,35865,15,10,4,1,4,0,0,0,30,38,0,Other-service,Sales
63,1,147440,15,10,0,1,4,0,0,0,35,38,0,Exec-managerial,Adm-clerical
50,2,273536,5,4,2,0,3,1,0,0,49,5,0,Sales,Craft-repair
47,5,120429,10,16,2,0,4,1,15024,0,50,38,1,Prof-specialty,Prof-specialty
24,2,117959,11,9,2,0,4,1,4386,0,40,38,1,Handlers-cleaners,Transport-moving
20,2,122166,15,10,4,1,4,0,0,0,40,38,0,Adm-clerical,Adm-clerical
35,2,167735,1,7,4,3,4,1,6849,0,40,38,0,Craft-repair,Craft-repair
49,2,147032,11,9,2,5,1,0,0,0,8,29,0,Other-service,Other-service
52,2,318975,11,9,0,4,4,0,0,0,40,4,0,Adm-clerical,Other-service
51,0,217647,15,10,0,1,2,0,0,0,40,38,0,Prof-specialty,Exec-managerial
37,2,122493,11,9,2,0,4,1,0,0,45,38,0,Transport-moving,Sales
47,2,148995,12,14,2,0,4,1,0,0,65,38,1,Exec-managerial,Exec-managerial
29,5,243875,8,11,0,3,4,1,0,0,40,38,0,Adm-clerical,Craft-repair
24,2,354351,11,9,4,3,4,1,0,0,40,38,0,Craft-repair,Craft-repair
56,2,191917,7,12,0,4,4,0,4101,0,40,38,0,Adm-clerical,Prof-specialty
23,2,182342,11,9,4,1,4,1,0,0,40,38,0,Craft-repair,Sales
38,2,28887,1,7,2,0,4,1,0,0,50,38,0,Sales,Craft-repair
33,2,227282,11,9,2,0,4,1,0,0,60,38,0,Transport-moving,Craft-repair
67,2,335979,11,9,6,1,4,0,991,0,18,38,0,Sales,Adm-clerical
34,0,284703,15,10,2,0,2,1,0,0,52,38,0,Machine-op-inspct,Protective-serv
37,2,126569,12,14,2,0,4,1,0,1977,40,38,1,Exec-managerial,Exec-managerial
37,1,80680,9,13,0,4,4,0,1151,0,35,38,0,Prof-specialty,Prof-specialty
46,4,182541,11,9,2,0,4,1,0,1672,50,38,0,Farming-fishing,Craft-repair
28,2,273269,15,10,4,1,2,1,0,0,40,38,0,Craft-repair,Prof-specialty
51,1,277024,11,9,5,1,2,1,0,0,40,38,0,Protective-serv,Protective-serv
45,2,166929,1,7,2,0,4,1,0,0,40,38,0,Craft-repair,Machine-op-inspct
59,2,202682,11,9,2,0,4,1,0,0,40,38,0,Craft-repair,Craft-repair
41,1,112763,12,14,0,4,4,0,7430,0,36,38,1,Prof-specialty,Prof-specialty
19,2,262601,11,9,4,3,4,0,0,0,14,38,0,Other-service,Other-service
34,2,238246,9,13,4,1,4,0,0,0,40,38,0,Prof-specialty,Sales
54,2,145098,15,10,2,0,4,1,0,0,40,38,1,Sales,Exec-managerial
31,2,165949,11,9,0,4,4,0,0,0,40,38,0,Other-service,Other-service
43,2,96421,9,13,0,4,4,0,0,0,24,27,0,Prof-specialty,Prof-specialty
33,1,175509,11,9,2,0,4,1,0,0,40,38,0,Protective-serv,Transport-moving
28,2,185647,15,10,2,0,4,1,0,0,45,38,0,Craft-repair,Protective-serv
34,2,155151,15,10,2,0,4,1,0,0,40,38,1,Craft-repair,Machine-op-inspct
25,2,177147,15,10,4,1,4,1,0,0,40,38,0,Handlers-cleaners,Sales
61,2,120933,15,10,4,1,4,0,0,0,40,38,0,Priv-house-serv,Adm-clerical
31,5,190305,12,14,2,0,4,1,0,0,50,38,0,Prof-specialty,Prof-specialty
39,2,202027,14,15,2,0,4,1,0,0,45,38,1,Prof-specialty,Prof-specialty
43,1,180096,12,14,2,0,4,1,0,0,40,38,1,Prof-specialty,Prof-specialty
52,3,132178,9,13,2,0,4,1,0,0,50,38,1,Exec-managerial,Exec-managerial
63,2,237379,0,6,2,0,4,1,0,0,40,38,0,Transport-moving,Machine-op-inspct
41,2,287306,11,9,2,0,4,1,0,1902,40,38,1,Prof-specialty,Sales
36,1,247807,8,11,4,1,4,1,0,0,40,38,1,Protective-serv,Protective-serv
28,2,92262,9,13,2,0,4,1,0,0,40,38,0,Sales,Exec-managerial
37,2,131827,11,9,4,4,4,1,0,0,40,38,0,Craft-repair,Craft-repair
57,4,123778,11,9,2,0,4,1,0,0,48,38,0,Sales,Exec-managerial
34,2,384150,9,13,2,0,4,1,0,0,40,38,1,Exec-managerial,Prof-specialty
18,2,123856,1,7,4,3,4,0,0,0,49,38,0,Sales,Sales
49,2,181717,8,11,5,3,4,0,0,0,36,38,0,Prof-specialty,Prof-specialty
30,2,174215,10,16,4,1,4,0,0,0,15,38,0,Prof-specialty,Prof-specialty
35,2,184655,1,7,0,1,4,1,0,0,50,38,0,Transport-moving,Farming-fishing
27,5,291196,9,13,4,1,2,1,0,0,40,38,0,Prof-specialty,Protective-serv
23,2,207546,1,7,2,0,4,1,0,0,40,38,0,Machine-op-inspct,Craft-repair
44,5,244974,9,13,2,0,4,1,0,0,44,38,1,Protective-serv,Exec-managerial
38,2,318610,15,10,0,4,2,0,0,0,40,38,0,Adm-clerical,Adm-clerical
53,2,242859,15,10,5,3,4,1,0,0,40,4,0,Adm-clerical,Craft-repair
24,2,216867,0,6,4,2,4,1,0,0,30,25,0,Other-service,Handlers-cleaners
42,5,202011,15,10,4,1,4,0,0,0,40,38,0,Exec-managerial,Other-service
26,2,213258,11,9,2,0,4,1,0,0,40,38,0,Craft-repair,Transport-moving
29,2,367706,15,10,4,3,2,1,0,0,40,38,0,Adm-clerical,Sales
38,5,104280,10,16,2,0,4,1,0,0,55,38,1,Prof-specialty,Prof-specialty
26,2,211435,11,9,4,4,4,0,0,0,40,38,0,Machine-op-inspct,Adm-clerical
50,3,283676,10,16,2,0,4,1,15024,0,60,38,1,Prof-specialty,Prof-specialty
44,1,290403,8,11,0,3,4,0,0,0,40,4,0,Protective-serv,Adm-clerical
54,4,33863,11,9,2,0,4,1,0,0,60,38,1,Farming-fishing,Farming-fishing
30,2,186932,10,16,2,0,4,1,5178,0,75,38,1,Prof-specialty,Prof-specialty
40,2,436493,11,9,4,3,4,1,0,0,25,38,0,Other-service,Handlers-cleaners
51,5,82504,15,10,2,0,4,1,0,0,40,38,0,Exec-managerial,Adm-clerical
34,2,405577,15,10,4,1,4,1,0,0,40,38,0,Adm-clerical,Adm-clerical
50,2,114056,8,11,2,0,4,1,0,0,84,38,0,Protective-serv,Transport-moving
29,2,213842,15,10,2,0,4,1,0,0,40,38,0,Craft-repair,Exec-managerial
25,2,203871,8,11,2,5,4,0,0,1887,40,38,1,Prof-specialty,Prof-specialty
39,2,179668,9,13,2,0,4,1,15024,0,40,38,1,Tech-support,Sales
24,2,185452,9,13,4,1,4,0,0,0,50,38,0,Tech-support,Exec-managerial
23,2,314539,11,9,2,0,4,1,0,0,40,38,0,Sales,Transport-moving
18,2,283342,1,7,4,2,2,1,0,0,20,38,0,Other-service,Other-service
31,2,19302,7,12,4,1,4,1,2202,0,38,38,0,Adm-clerical,Craft-repair
43,2,186144,11,9,2,0,4,1,0,0,40,38,1,Craft-repair,Craft-repair
29,2,354558,11,9,2,0,4,1,0,0,60,38,0,Sales,Handlers-cleaners
40,2,163455,15,10,2,0,4,1,0,0,55,38,1,Tech-support,Sales
51,2,95329,12,14,0,4,4,1,0,0,40,38,0,Protective-serv,Exec-managerial
40,2,321856,11,9,0,1,4,1,0,0,60,38,1,Transport-moving,Sales
22,2,153323,15,10,4,1,2,1,0,0,20,38,0,Prof-specialty,Other-service
29,2,224421,8,11,1,0,4,1,0,0,44,38,1,Farming-fishing,Tech-support
46,2,83082,7,12,4,1,4,0,0,0,33,38,0,Prof-specialty,Adm-clerical
36,4,223789,12,14,2,0,4,1,0,0,45,38,1,Prof-specialty,Exec-managerial
19,2,427862,15,10,4,3,4,1,0,0,35,38,0,Other-service,Sales
68,4,336329,11,9,2,0,4,1,0,0,10,38,0,Exec-managerial,Other-service
40,2,201495,1,7,4,3,4,1,0,0,35,38,0,Transport-moving,Other-service
40,2,198790,1,7,2,0,4,1,0,0,30,38,0,Machine-op-inspct,Other-service
21,2,259510,11,9,4,3,4,1,0,0,36,38,0,Handlers-cleaners,Other-service
39,2,340091,15,10,5,4,4,0,0,0,75,38,0,Other-service,Exec-managerial
48,2,119199,9,13,0,4,4,0,0,0,44,38,0,Sales,Exec-managerial
37,4,286146,11,9,3,4,2,0,0,0,40,38,0,Other-service,Craft-repair
23,2,384651,15,10,2,0,4,1,0,0,40,38,0,Handlers-cleaners,Craft-repair
53,2,163678,15,10,2,0,4,1,0,0,40,38,1,Sales,Craft-repair
28,2,115971,15,10,0,4,4,0,0,0,40,38,0,Adm-clerical,Adm-clerical
39,4,174330,15,10,2,0,4,1,0,0,40,38,0,Craft-repair,Craft-repair
20,2,190423,15,10,4,1,4,0,0,0,20,38,0,Other-service,Sales
26,2,229613,11,9,0,1,4,0,0,0,40,38,0,Machine-op-inspct,Exec-managerial
32,2,207284,11,9,2,0,4,1,0,0,40,38,0,Machine-op-inspct,Machine-op-inspct
53,2,346754,15,10,2,5,4,0,0,0,40,38,1,Exec-managerial,Adm-clerical
41,4,214541,11,9,0,1,4,1,0,1590,40,38,0,Transport-moving,Craft-repair
60,2,93997,9,13,2,0,4,1,15024,0,45,38,1,Exec-managerial,Exec-managerial
21,2,188073,11,9,4,3,2,0,0,0,40,38,0,Machine-op-inspct,Adm-clerical
51,2,305147,9,13,4,1,4,1,0,0,40,38,0,Prof-specialty,Prof-specialty
35,2,194490,11,9,0,4,4,0,0,0,38,38,0,Adm-clerical,Adm-clerical
47,2,161558,0,6,3,1,2,1,0,0,45,38,0,Transport-moving,Machine-op-inspct
24,2,180060,7,12,4,1,4,1,2354,0,40,38,0,Craft-repair,Sales
26,2,179772,9,13,4,1,4,0,0,0,45,38,0,Exec-managerial,Exec-managerial
28,2,278736,4,3,2,0,4,1,0,0,40,25,0,Machine-op-inspct,Machine-op-inspct
39,2,155961,11,9,0,4,2,0,0,0,38,38,0,Adm-clerical,Sales
48,1,246392,7,12,5,1,2,0,0,0,40,38,0,Adm-clerical,Prof-specialty
22,2,276133,11,9,4,1,4,1,0,0,50,38,0,Farming-fishing,Craft-repair
77,3,192230,15,10,2,0,4,1,0,0,40,38,0,Exec-managerial,Sales
44,4,171424,15,10,0,1,4,1,0,2205,35,38,0,Machine-op-inspct,Craft-repair
43,2,91949,11,9,0,1,2,0,0,0,40,38,0,Machine-op-inspct,Machine-op-inspct
17,2,98675,6,5,4,4,4,0,0,0,20,38,0,Other-service,Other-service
27,2,169460,9,13,2,0,4,1,0,0,40,38,0,Exec-managerial,Prof-specialty
20,2,205839,15,10,4,3,4,1,0,0,16,38,0,Other-service,Adm-clerical
38,1,409200,15,10,2,0,4,1,0,0,40,38,1,Tech-support,Protective-serv
30,2,373914,1,7,2,0,4,1,0,0,40,38,0,Craft-repair,Machine-op-inspct
43,4,34007,9,13,2,0,4,1,0,0,70,38,1,Farming-fishing,Farming-fishing
44,2,151985,12,14,2,5,4,0,0,0,24,38,1,Exec-managerial,Prof-specialty
31,2,154297,11,9,4,4,2,0,0,0,24,38,0,Sales,Other-service
39,2,65027,15,10,2,0,4,1,0,0,43,38,0,Transport-moving,Craft-repair
51,2,194908,11,9,4,1,4,0,0,0,40,38,0,Adm-clerical,Adm-clerical
42,2,196797,11,9,4,4,2,0,0,0,38,38,0,Transport-moving,Other-service
32,5,230224,7,12,2,0,4,1,0,0,35,38,0,Other-service,Craft-repair
45,2,158685,11,9,5,1,4,0,0,0,40,38,0,Sales,Sales
36,2,183892,11,9,0,1,4,1,8614,0,45,38,1,Transport-moving,Craft-repair
37,2,277022,11,9,4,4,4,0,3887,0,40,26,0,Handlers-cleaners,Other-service
61,2,29059,11,9,0,4,4,0,0,2754,25,38,0,Sales,Other-service
49,2,168216,5,4,2,0,4,1,0,0,48,38,0,Machine-op-inspct,Machine-op-inspct
62,1,33365,11,9,6,1,4,0,0,0,40,1,0,Other-service,Adm-clerical
45,2,361842,11,9,6,1,4,0,0,0,40,38,0,Craft-repair,Craft-repair
48,2,268234,11,9,0,1,4,1,0,0,50,38,0,Craft-repair,Sales
50,2,176157,12,14,2,0,4,1,0,0,50,38,1,Exec-managerial,Exec-managerial
51,2,125796,1,7,5,1,2,0,0,0,40,22,0,Other-service,Adm-clerical
35,2,267866,11,9,2,0,1,1,0,1887,50,19,1,Sales,Exec-managerial
30,2,235124,11,9,2,0,4,1,99999,0,40,38,1,Transport-moving,Exec-managerial
40,4,123306,14,15,2,0,4,1,0,0,45,38,1,Prof-specialty,Prof-specialty
61,2,84587,8,11,2,0,1,1,0,0,40,38,1,Craft-repair,Tech-support
36,2,266461,11,9,4,3,2,1,0,0,48,38,0,Transport-moving,Craft-repair
49,3,246891,9,13,2,0,4,1,0,0,40,38,1,Adm-clerical,Exec-managerial
46,3,120131,14,15,2,0,4,1,99999,0,60,38,1,Prof-specialty,Prof-specialty
37,2,208358,11,9,2,0,4,1,0,0,40,38,1,Craft-repair,Craft-repair
19,2,351802,11,9,4,3,4,1,0,0,35,38,0,Machine-op-inspct,Adm-clerical
25,2,188488,11,9,4,2,4,1,0,0,40,38,0,Machine-op-inspct,Adm-clerical
40,1,101795,11,9,4,1,4,1,0,0,42,38,0,Protective-serv,Adm-clerical
29,2,102345,8,11,5,1,4,1,0,0,40,38,0,Craft-repair,Adm-clerical
26,2,59367,9,13,4,2,4,1,0,0,40,38,0,Machine-op-inspct,Other-service
37,4,32239,11,9,0,1,4,1,27828,0,40,38,1,Farming-fishing,Craft-repair
39,2,22494,9,13,4,1,4,0,0,0,40,38,0,Exec-managerial,Adm-clerical
52,2,177366,11,9,5,2,4,0,0,0,20,38,0,Other-service,Other-service
53,2,167033,15,10,4,1,2,0,0,0,40,38,0,Exec-managerial,Adm-clerical
28,2,152951,11,9,0,1,4,1,0,0,40,38,0,Handlers-cleaners,Craft-repair
31,4,117346,15,10,2,0,4,1,0,0,48,38,0,Sales,Craft-repair
35,2,258339,14,15,2,0,4,1,0,0,55,38,1,Prof-specialty,Prof-specialty
19,2,571853,11,9,4,3,4,1,0,0,30,38,0,Other-service,Handlers-cleaners
40,2,146520,12,14,2,0,4,1,0,0,40,38,1,Exec-managerial,Prof-specialty
43,2,972354,15,10,2,0,4,1,0,0,48,38,0,Other-service,Prof-specialty
31,2,145791,8,11,0,4,4,0,0,0,40,38,0,Tech-support,Handlers-cleaners
35,2,247547,11,9,5,2,2,0,0,0,40,38,0,Prof-specialty,Other-service
57,3,368797,11,9,2,0,4,1,0,0,40,38,0,Exec-managerial,Exec-managerial
40,2,173590,12,14,2,0,4,1,0,0,50,38,1,Exec-managerial,Exec-managerial
18,2,97963,11,9,4,3,4,0,0,0,30,38,0,Other-service,Other-service
33,2,254221,11,9,4,1,4,0,0,0,40,38,0,Adm-clerical,Machine-op-inspct
33,2,333701,8,11,4,4,2,1,0,0,40,38,0,Other-service,Craft-repair
27,2,47907,9,13,4,1,4,0,0,0,43,38,0,Adm-clerical,Adm-clerical
40,2,408229,3,2,4,1,4,1,0,0,45,7,0,Other-service,Other-service
24,2,308205,15,10,4,3,4,1,0,0,40,38,0,Exec-managerial,Exec-managerial
43,4,277488,11,9,2,0,4,1,0,0,30,38,0,Farming-fishing,Craft-repair
45,2,289468,1,7,6,4,4,0,0,0,40,38,0,Other-service,Other-service
53,2,189511,11,9,2,0,4,1,0,0,40,38,0,Craft-repair,Craft-repair
30,1,348802,11,9,2,0,2,1,0,0,40,38,0,Adm-clerical,Protective-serv
33,2,213813,15,10,0,4,4,0,0,0,40,38,0,Tech-support,Adm-clerical
28,2,90196,9,13,2,0,4,1,0,0,45,38,1,Exec-managerial,Exec-managerial
56,2,142182,8,11,2,0,4,1,0,0,45,38,1,Craft-repair,Craft-repair
53,2,346871,11,9,0,1,4,1,4787,0,46,38,1,Prof-specialty,Craft-repair
35,5,94529,11,9,0,4,4,0,0,0,40,38,0,Protective-serv,Adm-clerical
27,2,216481,15,10,6,4,4,0,0,0,40,38,0,Adm-clerical,Adm-clerical
40,4,280433,9,13,2,0,4,1,0,0,50,38,0,Craft-repair,Prof-specialty
57,2,169071,11,9,0,4,4,0,0,0,28,38,0,Sales,Sales
32,2,208291,11,9,2,0,4,1,0,0,50,38,0,Sales,Transport-moving
29,2,255476,5,4,4,3,4,1,0,0,30,25,0,Handlers-cleaners,Farming-fishing
36,4,288585,11,9,2,5,1,0,0,0,20,34,0,Other-service,Other-service
40,2,96055,11,9,5,4,4,0,0,0,45,38,0,Adm-clerical,Exec-managerial
25,2,134113,9,13,4,1,4,1,0,0,30,38,0,Adm-clerical,Prof-specialty
33,2,172664,15,10,2,0,4,1,0,0,70,38,1,Exec-managerial,Exec-managerial
55,0,270859,9,13,2,0,4,1,0,0,40,38,1,Prof-specialty,Prof-specialty
52,2,160703,10,16,2,0,4,1,0,0,65,38,1,Prof-specialty,Prof-specialty
38,5,220421,9,13,4,1,4,0,0,0,40,38,0,Exec-managerial,Exec-managerial
60,5,313946,11,9,2,0,4,1,0,0,40,38,0,Other-service,Transport-moving
47,2,120131,9,13,2,0,4,1,0,0,40,38,1,Sales,Exec-managerial
57,1,132717,9,13,2,0,4,1,0,0,45,38,0,Exec-managerial,Prof-specialty
79,1,146244,10,16,6,4,4,0,0,0,40,38,0,Prof-specialty,Prof-specialty
64,2,134378,12,14,2,0,4,1,0,0,50,38,1,Exec-managerial,Exec-managerial
22,2,203182,9,13,4,4,4,0,0,0,30,38,0,Exec-managerial,Adm-clerical
17,2,276718,11,9,4,3,4,1,0,0,20,38,0,Adm-clerical,Handlers-cleaners
23,1,220912,9,13,4,1,2,0,0,0,40,38,0,Prof-specialty,Prof-specialty
56,3,75214,14,15,2,0,4,1,0,0,32,38,1,Prof-specialty,Prof-specialty
49,2,177211,9,13,2,0,4,1,0,0,50,38,1,Exec-managerial,Exec-managerial
60,1,124987,9,13,2,0,4,1,7298,0,40,38,1,Prof-specialty,Prof-specialty
41,2,171546,9,13,2,0,4,1,0,0,45,38,1,Tech-support,Exec-managerial
47,2,168195,11,9,2,0,4,1,0,0,55,38,0,Sales,Transport-moving
20,2,305446,11,9,4,3,4,1,0,0,30,38,0,Other-service,Handlers-cleaners
18,2,152182,15,10,4,3,4,0,0,0,25,38,0,Other-service,Other-service
48,2,143299,11,9,4,1,2,1,0,0,40,38,0,Machine-op-inspct,Craft-repair
24,3,60668,11,9,4,3,4,1,0,0,40,38,0,Craft-repair,Other-service
49,1,349633,12,14,2,5,4,0,0,0,50,38,1,Prof-specialty,Prof-specialty
20,2,234880,15,10,4,3,4,0,0,0,30,38,0,Sales,Sales
35,4,267776,11,9,4,2,4,0,0,0,30,38,0,Other-service,Other-service
36,1,298717,11,9,2,0,4,1,0,0,40,38,0,Exec-managerial,Craft-repair
44,4,274562,11,9,4,1,4,1,14344,0,40,38,1,Craft-repair,Farming-fishing
58,1,44246,6,5,2,0,4,1,0,0,40,38,0,Transport-moving,Craft-repair
39,3,154641,11,9,0,4,4,1,0,0,60,38,0,Craft-repair,Transport-moving
51,2,189762,15,10,2,5,4,0,0,0,15,38,1,Exec-managerial,Adm-clerical
54,2,123374,5,4,2,0,4,1,0,0,40,38,0,Craft-repair,Craft-repair
33,2,162572,9,13,2,0,4,1,99999,0,40,38,1,Prof-specialty,Prof-specialty
33,2,34848,15,10,2,0,4,1,0,0,40,38,0,Other-service,Exec-managerial
22,2,221533,11,9,4,1,4,1,0,0,20,38,0,Other-service,Other-service
56,2,398067,11,9,6,1,4,0,0,0,40,38,0,Adm-clerical,Sales
21,5,140764,15,10,4,3,4,0,0,0,12,38,0,Adm-clerical,Adm-clerical
20,2,38455,0,6,4,1,4,1,0,0,40,38,0,Other-service,Sales
42,2,123816,11,9,0,1,2,0,0,0,40,38,0,Machine-op-inspct,Exec-managerial
40,1,105717,12,14,4,1,4,0,0,1876,35,38,0,Adm-clerical,Prof-specialty
18,2,83492,5,4,4,3,4,1,0,0,40,38,0,Machine-op-inspct,Machine-op-inspct
23,2,187513,8,11,4,3,4,1,0,0,40,38,0,Machine-op-inspct,Sales
59,1,171328,11,9,5,2,2,0,0,2339,40,38,0,Protective-serv,Other-service
50,5,356619,11,9,2,0,4,1,0,0,48,38,1,Prof-specialty,Adm-clerical
25,2,95691,11,9,4,4,4,0,0,0,30,3,0,Other-service,Machine-op-inspct
35,2,207676,15,10,4,3,2,1,0,0,40,38,0,Handlers-cleaners,Transport-moving
31,4,216283,7,12,2,5,4,0,0,0,35,38,1,Other-service,Adm-clerical
36,2,170376,11,9,2,0,4,1,0,0,45,38,1,Craft-repair,Machine-op-inspct
18,2,157273,0,6,4,2,2,1,0,0,15,38,0,Other-service,Other-service
41,3,223671,11,9,2,0,4,1,0,1887,55,38,1,Sales,Sales
69,4,128206,11,9,2,0,4,1,0,0,30,38,0,Tech-support,Farming-fishing
21,2,70261,15,10,4,3,4,1,0,0,30,38,0,Other-service,Sales
23,2,156513,11,9,4,3,2,1,0,0,40,38,0,Handlers-cleaners,Transport-moving
51,1,96190,15,10,2,5,4,0,0,0,40,38,0,Adm-clerical,Adm-clerical
19,2,29083,11,9,4,3,0,0,0,0,25,38,0,Sales,Adm-clerical
20,2,147884,11,9,4,3,4,0,0,0,40,38,0,Adm-clerical,Adm-clerical
49,2,125421,11,9,0,4,4,0,0,0,38,38,0,Adm-clerical,Adm-clerical
41,2,445382,12,14,2,0,4,1,0,1977,65,38,1,Exec-managerial,Exec-managerial
55,4,76901,7,12,2,0,4,1,0,0,55,38,1,Exec-managerial,Sales
19,2,237455,11,9,4,3,4,0,0,0,25,38,0,Handlers-cleaners,Adm-clerical
51,2,111939,9,13,2,0,4,1,0,0,50,38,1,Prof-specialty,Exec-managerial
41,2,211731,15,10,4,1,4,0,0,0,40,25,0,Adm-clerical,Adm-clerical
63,2,188976,9,13,2,0,4,1,0,0,40,38,0,Adm-clerical,Exec-managerial
22,2,206861,15,10,4,3,4,1,0,0,40,38,0,Adm-clerical,Adm-clerical
29,2,405177,0,6,5,4,4,0,0,0,40,38,0,Sales,Other-service
51,0,124076,9,13,6,1,4,0,0,0,40,38,0,Adm-clerical,Prof-specialty
35,2,105803,15,10,2,0,4,1,0,0,50,38,1,Craft-repair,Exec-managerial
26,2,318934,0,6,2,0,4,1,0,0,40,38,0,Handlers-cleaners,Machine-op-inspct
35,2,170263,15,10,4,4,4,0,0,0,40,38,0,Tech-support,Adm-clerical
36,2,137527,9,13,4,1,4,0,0,0,50,38,0,Adm-clerical,Prof-specialty
40,0,26358,7,12,4,1,4,0,0,0,40,38,0,Adm-clerical,Prof-specialty
38,2,698363,11,9,2,0,4,1,0,0,40,38,0,Craft-repair,Handlers-cleaners
51,2,123703,11,9,2,0,4,1,4386,0,40,38,1,Machine-op-inspct,Craft-repair
90,2,115306,12,14,4,3,4,0,0,0,40,38,0,Exec-managerial,Prof-specialty
32,2,178623,7,12,4,1,2,0,0,0,46,37,0,Sales,Adm-clerical
35,2,162601,11,9,0,4,4,0,0,0,40,38,0,Adm-clerical,Sales
37,2,98776,11,9,2,0,4,1,0,0,15,38,0,Farming-fishing,Craft-repair
54,0,175083,11,9,4,4,4,0,0,0,20,38,0,Adm-clerical,Adm-clerical
30,2,173005,15,10,2,0,4,1,0,0,50,38,1,Tech-support,Adm-clerical
29,2,146719,11,9,4,1,4,0,0,0,45,38,0,Transport-moving,Craft-repair
70,2,187891,1,7,2,0,4,1,0,0,40,38,0,Transport-moving,Transport-moving
29,2,152503,15,10,4,1,2,1,0,0,45,38,0,Handlers-cleaners,Sales
19,3,148955,15,10,4,3,1,0,0,0,35,34,0,Other-service,Other-service
27,2,248402,9,13,4,4,2,0,0,0,40,38,0,Tech-support,Adm-clerical
31,2,206051,9,13,2,0,4,1,0,0,40,38,1,Adm-clerical,Tech-support
34,2,287737,9,13,4,1,4,0,0,0,40,38,0,Sales,Sales
74,2,211075,11,9,2,0,4,1,0,0,40,38,1,Exec-managerial,Exec-managerial
40,2,153372,15,10,2,0,4,1,0,0,50,38,1,Sales,Machine-op-inspct
51,2,122109,15,10,2,5,4,0,0,0,35,38,0,Adm-clerical,Adm-clerical
29,2,350162,9,13,2,5,4,1,0,0,40,38,1,Exec-managerial,Sales
39,3,34180,8,11,2,0,4,1,0,0,60,38,1,Farming-fishing,Sales
46,4,368561,7,12,0,1,4,1,0,0,40,38,0,Craft-repair,Prof-specialty
45,2,264526,7,12,0,3,4,1,0,0,40,38,0,Machine-op-inspct,Exec-managerial
56,0,156229,9,13,2,0,4,1,7688,0,40,38,1,Exec-managerial,Prof-specialty
37,2,75024,11,9,0,4,4,0,0,0,25,1,0,Sales,Machine-op-inspct
46,4,275625,9,13,0,4,1,0,0,0,60,34,1,Other-service,Exec-managerial
26,2,137367,15,10,4,2,1,1,0,0,44,29,0,Handlers-cleaners,Machine-op-inspct
28,2,110981,15,10,4,1,4,1,0,0,40,38,0,Other-service,Craft-repair
30,1,115040,11,9,2,2,4,1,0,0,25,38,0,Handlers-cleaners,Other-service
19,2,251579,15,10,4,3,4,1,0,0,14,38,0,Other-service,Other-service
27,2,126730,11,9,4,1,4,0,0,0,40,38,0,Sales,Machine-op-inspct
32,2,112176,15,10,0,3,4,1,0,0,30,38,0,Sales,Other-service
52,0,125796,11,9,4,1,2,1,0,0,40,38,0,Adm-clerical,Adm-clerical
60,4,135285,12,14,2,0,4,1,0,0,40,38,0,Prof-specialty,Exec-managerial
36,2,93225,11,9,0,1,4,1,0,0,40,38,0,Craft-repair,Craft-repair
20,2,215495,15,10,4,3,4,0,0,0,40,25,0,Adm-clerical,Adm-clerical
32,2,353994,9,13,2,2,1,0,0,0,40,2,1,Exec-managerial,Prof-specialty
59,2,384246,10,16,2,0,4,1,0,0,50,38,0,Prof-specialty,Prof-specialty
34,2,236861,11,9,2,0,4,1,0,0,45,38,0,Other-service,Adm-clerical
30,2,356015,1,7,3,1,0,1,0,0,40,25,0,Handlers-cleaners,Craft-repair
37,2,38468,15,10,4,1,4,0,0,0,40,38,0,Adm-clerical,Exec-managerial
49,2,402462,9,13,3,4,4,1,0,0,30,3,0,Transport-moving,Other-service
38,2,256864,11,9,2,0,4,1,0,0,50,38,1,Tech-support,Exec-managerial
46,2,177114,7,12,6,4,4,0,0,0,27,38,0,Prof-specialty,Prof-specialty
38,5,352628,9,13,0,1,4,0,0,0,40,38,0,Prof-specialty,Protective-serv
32,2,33678,15,10,2,0,4,1,0,0,50,38,1,Transport-moving,Exec-managerial
31,2,152940,15,10,2,0,4,1,0,0,40,38,0,Craft-repair,Exec-managerial
55,2,160362,9,13,2,0,4,1,0,0,40,38,1,Adm-clerical,Exec-managerial
36,3,306156,15,10,2,0,4,1,15024,0,60,38,1,Sales,Exec-managerial
38,2,83727,11,9,0,4,4,0,0,0,48,38,0,Other-service,Adm-clerical
56,1,104996,11,9,2,0,4,1,0,0,40,38,0,Transport-moving,Craft-repair
30,2,299223,15,10,0,4,0,0,0,0,40,38,0,Sales,Adm-clerical
46,2,56841,11,9,2,0,4,1,0,0,40,38,0,Transport-moving,Protective-serv
45,2,266860,9,13,2,0,4,1,0,0,50,38,1,Exec-managerial,Tech-support
39,2,191524,11,9,0,4,4,0,0,0,40,38,0,Adm-clerical,Adm-clerical
58,1,54947,15,10,4,1,4,0,0,0,55,38,0,Prof-specialty,Adm-clerical
41,2,176452,11,9,4,3,4,1,0,0,40,28,0,Other-service,Machine-op-inspct
50,2,271160,15,10,0,1,4,0,0,0,40,38,0,Sales,Adm-clerical
55,4,278228,0,6,2,0,4,1,0,0,35,38,0,Sales,Craft-repair
61,2,166124,11,9,2,0,4,1,0,0,40,38,1,Craft-repair,Exec-managerial
41,3,64506,11,9,2,0,4,1,0,0,50,38,0,Farming-fishing,Exec-managerial
38,2,218729,11,9,0,1,4,0,0,0,25,38,0,Other-service,Other-service
28,2,198258,8,11,2,0,4,1,0,0,40,38,0,Sales,Machine-op-inspct
75,4,184335,1,7,2,0,4,1,0,0,30,38,0,Exec-managerial,Exec-managerial
33,2,205152,8,11,4,1,4,1,0,0,55,38,1,Exec-managerial,Craft-repair
36,2,289190,11,9,0,4,4,1,0,0,40,38,0,Craft-repair,Craft-repair
24,2,218678,9,13,4,3,4,1,0,0,40,38,0,Sales,Other-service
35,2,185556,12,14,2,0,4,1,0,1887,40,38,1,Prof-specialty,Exec-managerial
39,2,201410,9,13,2,0,4,1,0,1977,45,29,1,Transport-moving,Craft-repair
37,3,291518,9,13,2,0,4,1,15024,0,55,38,1,Craft-repair,Exec-managerial
20,0,55233,15,10,4,2,4,0,0,0,40,38,0,Adm-clerical,Adm-clerical
27,2,145284,11,9,2,0,4,1,0,0,40,38,0,Farming-fishing,Handlers-cleaners
56,4,233312,12,14,2,0,4,1,0,0,50,38,1,Craft-repair,Prof-specialty
40,4,192507,7,12,0,1,4,0,0,0,50,38,0,Prof-specialty,Exec-managerial
37,2,126675,15,10,2,0,4,1,0,0,57,38,0,Exec-managerial,Sales
22,5,157541,15,10,4,1,4,1,0,0,10,38,0,Prof-specialty,Other-service
19,2,128346,11,9,4,3,4,0,0,0,40,38,0,Machine-op-inspct,Other-service
37,2,103925,11,9,6,4,4,0,0,0,68,38,0,Adm-clerical,Other-service
39,0,82622,9,13,4,1,4,1,0,0,45,38,0,Adm-clerical,Prof-specialty
49,3,187563,15,10,2,0,4,1,0,0,50,38,1,Transport-moving,Exec-managerial
51,2,89652,11,9,0,4,4,0,4787,0,24,38,1,Adm-clerical,Exec-managerial
59,2,97168,0,6,2,0,4,1,0,0,40,38,1,Craft-repair,Craft-repair
22,1,39236,15,10,4,3,4,0,594,0,25,38,0,Prof-specialty,Adm-clerical
42,2,146659,10,16,2,0,4,1,0,1902,50,38,1,Prof-specialty,Prof-specialty
50,2,189107,11,9,2,0,4,1,0,0,40,38,0,Machine-op-inspct,Adm-clerical
41,2,197093,15,10,4,1,2,1,0,0,20,38,0,Other-service,Other-service
23,2,50953,15,10,4,1,4,0,0,0,40,38,0,Tech-support,Adm-clerical
39,1,239119,12,14,0,1,2,1,0,0,40,5,0,Prof-specialty,Prof-specialty
22,2,237720,11,9,4,3,4,1,0,0,40,38,0,Craft-repair,Handlers-cleaners
19,2,223669,15,10,4,3,4,1,0,0,30,38,0,Other-service,Tech-support
65,3,338316,15,10,2,0,4,1,0,0,40,38,0,Sales,Craft-repair
26,2,123384,12,14,4,3,4,0,0,0,40,38,0,Other-service,Exec-managerial
31,2,345122,14,15,0,1,4,1,14084,0,50,38,1,Prof-specialty,Prof-specialty
59,2,21792,11,9,6,1,4,0,0,0,10,38,0,Other-service,Other-service
40,2,224658,9,13,2,0,4,1,0,0,45,38,1,Sales,Prof-specialty
36,0,128884,11,9,0,1,4,0,0,0,48,38,0,Adm-clerical,Adm-clerical
23,2,45317,15,10,5,3,4,0,0,0,40,38,0,Sales,Sales
37,4,82540,6,5,2,0,4,1,0,0,70,38,1,Transport-moving,Farming-fishing
51,2,138358,0,6,0,1,2,0,0,0,35,38,0,Craft-repair,Other-service
55,2,80167,9,13,0,4,4,0,0,0,40,38,0,Prof-specialty,Exec-managerial
17,2,27032,0,6,4,3,4,0,0,0,12,38,0,Sales,Other-service
56,2,247119,5,4,6,4,3,0,0,0,40,5,0,Machine-op-inspct,Machine-op-inspct
28,2,139568,1,7,4,1,4,1,0,0,40,38,0,Adm-clerical,Craft-repair
33,2,260782,15,10,2,0,4,1,0,0,41,38,1,Craft-repair,Exec-managerial
22,2,117363,15,10,4,1,4,0,0,0,35,38,0,Adm-clerical,Prof-specialty
32,1,29235,15,10,2,5,4,0,0,0,40,9,1,Protective-serv,Exec-managerial
28,2,181659,11,9,2,0,4,1,0,0,40,38,0,Machine-op-inspct,Machine-op-inspct
27,2,156266,6,5,2,0,0,1,0,0,40,38,0,Farming-fishing,Craft-repair
51,5,105943,11,9,2,5,4,0,3908,0,40,38,0,Adm-clerical,Adm-clerical
20,2,131611,15,10,4,3,4,1,0,0,48,38,0,Adm-clerical,Machine-op-inspct
42,2,89413,2,8,4,3,4,1,0,0,40,38,0,Farming-fishing,Craft-repair
40,1,24763,15,10,0,4,4,1,6849,0,40,38,0,Transport-moving,Other-service
21,2,154165,11,9,4,3,4,0,0,0,35,38,0,Handlers-cleaners,Other-service
24,2,161708,11,9,0,1,4,0,0,0,45,38,1,Exec-managerial,Exec-managerial
47,5,80914,12,14,2,0,4,1,0,0,47,38,1,Exec-managerial,Prof-specialty
56,2,134153,0,6,2,0,2,1,0,0,40,38,0,Adm-clerical,Other-service
35,1,103260,12,14,2,5,4,0,0,0,35,38,1,Prof-specialty,Prof-specialty
28,2,31801,11,9,4,2,4,1,0,0,60,38,0,Handlers-cleaners,Handlers-cleaners
32,4,33417,15,10,2,0,4,1,0,0,50,38,0,Craft-repair,Craft-repair
50,2,92968,9,13,4,4,4,0,0,0,32,38,0,Sales,Prof-specialty
17,2,191260,6,5,4,3,4,1,1055,0,24,38,0,Other-service,Other-service
55,2,110748,9,13,2,0,4,1,0,1887,40,38,1,Exec-managerial,Exec-managerial
27,2,204788,11,9,4,1,4,0,0,0,40,38,0,Adm-clerical,Adm-clerical
23,2,543028,11,9,4,3,2,1,0,0,40,38,0,Sales,Craft-repair
62,2,113080,5,4,0,3,4,1,0,0,40,38,0,Craft-repair,Handlers-cleaners
40,2,163985,11,9,2,0,4,1,0,0,24,38,0,Sales,Transport-moving
48,2,207817,11,9,4,1,4,0,0,0,32,3,0,Other-service,Machine-op-inspct
25,5,120041,9,13,4,1,4,0,0,0,40,38,0,Prof-specialty,Prof-specialty
29,4,29616,11,9,4,3,4,1,0,0,65,38,0,Farming-fishing,Farming-fishing
44,4,120837,11,9,2,0,4,1,0,0,66,38,0,Exec-managerial,Craft-repair
42,2,203554,12,14,2,0,4,1,0,0,60,38,1,Exec-managerial,Exec-managerial
46,1,192323,15,10,2,0,4,1,0,0,38,38,1,Protective-serv,Exec-managerial
45,1,318280,15,10,2,0,4,1,7688,0,50,38,1,Prof-specialty,Protective-serv
35,2,112271,15,10,2,0,4,1,0,0,45,38,0,Craft-repair,Craft-repair
23,2,138892,11,9,4,3,2,1,0,0,40,38,0,Machine-op-inspct,Sales
44,2,131650,7,12,2,0,4,1,0,0,54,38,1,Exec-managerial,Exec-managerial
38,2,183800,7,12,2,0,4,1,0,0,40,38,0,Adm-clerical,Adm-clerical
19,4,206599,15,10,4,3,4,0,0,0,22,38,0,Other-service,Sales
44,2,89413,8,11,2,0,4,1,0,0,40,38,0,Craft-repair,Craft-repair
42,2,318947,11,9,0,1,4,0,0,0,40,38,0,Machine-op-inspct,Other-service
39,2,211440,11,9,2,0,4,1,0,0,55,38,1,Transport-moving,Transport-moving
22,1,237811,7,12,4,3,2,0,0,0,35,13,0,Adm-clerical,Adm-clerical
36,2,334291,15,10,2,0,4,1,0,1887,40,38,1,Craft-repair,Handlers-cleaners
20,4,197207,11,9,0,1,4,0,0,0,30,38,0,Sales,Sales
19,2,244115,11,9,4,3,2,1,0,0,30,38,0,Other-service,Other-service
30,2,100734,15,10,2,5,4,0,0,0,40,38,0,Adm-clerical,Adm-clerical
48,2,265295,9,13,2,0,4,1,0,0,40,38,1,Exec-managerial,Exec-managerial
27,1,172091,11,9,4,4,2,1,0,0,40,38,0,Craft-repair,Other-service
39,2,202683,9,13,2,0,4,1,0,0,40,38,0,Adm-clerical,Exec-managerial
37,4,362062,14,15,2,0,4,1,99999,0,50,38,1,Prof-specialty,Prof-specialty
51,2,138022,12,14,2,0,4,1,0,0,60,38,1,Exec-managerial,Exec-managerial
53,3,246562,4,3,2,0,4,1,0,0,40,25,1,Sales,Machine-op-inspct
39,5,114055,9,13,4,1,4,0,0,0,40,38,0,Exec-managerial,Prof-specialty
52,3,234286,11,9,2,0,4,1,15024,0,40,38,1,Exec-managerial,Sales
58,4,204021,11,9,6,1,4,1,0,0,50,38,0,Exec-managerial,Other-service
24,2,51973,9,13,4,3,4,0,0,0,20,38,0,Prof-specialty,Prof-specialty
38,2,165302,15,10,0,4,3,0,0,0,40,38,0,Adm-clerical,Sales
54,3,146574,11,9,2,0,4,1,0,0,40,38,1,Craft-repair,Exec-managerial
28,2,138692,9,13,2,0,4,1,0,1887,40,38,1,Prof-specialty,Exec-managerial
45,2,112761,11,9,0,4,4,0,0,0,40,38,0,Machine-op-inspct,Other-service
31,2,301637,8,11,4,3,4,1,0,0,40,38,0,Farming-fishing,Protective-serv
42,2,150568,11,9,5,4,4,0,0,0,45,38,0,Sales,Handlers-cleaners
37,2,404661,15,10,4,1,2,1,0,0,40,38,0,Exec-managerial,Transport-moving
58,2,81038,15,10,2,0,4,1,0,0,12,38,0,Sales,Exec-managerial
35,2,187119,9,13,0,1,4,0,0,1980,65,38,0,Sales,Exec-managerial
50,2,268553,11,9,2,0,4,1,7298,0,40,38,1,Transport-moving,Exec-managerial
21,2,43535,15,10,4,1,4,0,0,0,40,38,0,Sales,Other-service
23,2,187513,15,10,4,3,4,1,0,0,32,38,0,Other-service,Adm-clerical
44,2,201599,1,7,4,4,2,0,0,0,40,38,0,Machine-op-inspct,Other-service
51,2,106819,5,4,4,3,4,1,0,0,19,38,0,Handlers-cleaners,Machine-op-inspct
29,2,153805,11,9,4,2,3,1,0,0,40,6,0,Machine-op-inspct,Machine-op-inspct
38,4,342635,9,13,2,0,4,1,0,0,70,38,0,Prof-specialty,Exec-managerial
49,1,119904,9,13,2,5,4,0,7688,0,30,38,1,Prof-specialty,Prof-specialty
35,5,119421,9,13,2,5,4,0,0,0,35,38,1,Exec-managerial,Exec-managerial
36,5,243666,11,9,0,3,2,0,0,0,40,38,0,Adm-clerical,Adm-clerical
59,2,169639,7,12,6,4,4,0,0,0,40,38,0,Exec-managerial,Adm-clerical
45,1,339681,12,14,0,4,4,0,1506,0,45,38,0,Prof-specialty,Prof-specialty
40,2,183765,11,9,2,0,4,1,0,0,40,38,0,Other-service,Machine-op-inspct
58,2,190997,15,10,2,0,4,1,0,0,40,38,1,Exec-managerial,Sales
34,2,209101,9,13,2,0,4,1,5178,0,55,38,1,Exec-managerial,Exec-managerial
35,2,36270,11,9,0,1,4,1,0,0,60,38,0,Craft-repair,Craft-repair
34,2,133122,9,13,2,0,4,1,0,0,40,38,0,Exec-managerial,Craft-repair
34,2,115040,11,9,2,0,4,1,0,0,44,38,0,Craft-repair,Transport-moving
55,2,176317,11,9,6,3,4,0,0,0,40,38,0,Adm-clerical,Craft-repair
28,2,214702,9,13,2,0,4,1,0,0,60,38,0,Exec-managerial,Exec-managerial
47,5,224149,9,13,0,1,4,0,0,0,40,38,1,Exec-managerial,Prof-specialty
28,2,78870,9,13,4,1,4,1,8614,0,40,38,1,Sales,Prof-specialty
29,2,112847,8,11,2,0,1,1,7298,0,32,38,1,Craft-repair,Transport-moving
32,2,44677,9,13,4,1,4,1,0,0,40,38,0,Adm-clerical,Adm-clerical
22,5,186569,9,13,4,3,4,0,0,0,12,38,0,Prof-specialty,Prof-specialty
32,2,171814,11,9,4,1,4,0,0,0,40,38,0,Machine-op-inspct,Adm-clerical
20,2,258298,15,10,4,3,4,1,0,0,20,38,0,Handlers-cleaners,Other-service
58,2,85767,15,10,2,0,4,1,0,0,48,38,0,Sales,Sales
47,4,77102,12,14,0,1,4,1,0,0,40,38,0,Prof-specialty,Exec-managerial
65,4,139960,11,9,2,0,4,1,10605,0,60,38,1,Farming-fishing,Exec-managerial
27,5,346406,9,13,4,4,4,1,0,0,50,38,0,Prof-specialty,Prof-specialty
21,2,149637,15,10,4,1,4,0,0,0,25,38,0,Adm-clerical,Other-service
56,2,193622,11,9,5,4,4,1,0,0,40,38,0,Craft-repair,Craft-repair
45,5,67544,12,14,0,1,4,1,0,0,50,38,0,Protective-serv,Prof-specialty
25,2,231714,15,10,2,0,4,1,0,0,40,38,0,Machine-op-inspct,Exec-managerial
18,2,155752,11,9,4,1,4,0,0,0,30,38,0,Machine-op-inspct,Sales
47,5,149337,11,9,0,4,4,1,0,0,38,38,0,Adm-clerical,Craft-repair
23,2,410439,11,9,4,3,4,1,0,0,25,38,0,Adm-clerical,Handlers-cleaners
41,4,150533,14,15,2,0,4,1,0,0,50,38,1,Prof-specialty,Prof-specialty
60,4,25825,11,9,0,1,4,1,0,0,50,38,1,Craft-repair,Craft-repair
40,2,137142,11,9,2,0,4,1,0,0,60,38,0,Sales,Transport-moving
31,0,281540,7,12,2,0,4,1,0,0,45,38,0,Tech-support,Craft-repair
51,2,153870,15,10,2,0,4,1,0,2603,40,38,0,Transport-moving,Transport-moving
31,2,119432,9,13,2,0,4,1,0,0,40,38,1,Sales,Adm-clerical
44,2,124747,11,9,2,5,4,0,3103,0,40,38,1,Exec-managerial,Adm-clerical
33,2,118500,15,10,0,4,4,0,0,0,40,38,0,Exec-managerial,Adm-clerical
49,2,177211,9,13,2,0,4,1,0,0,40,38,0,Other-service,Craft-repair
20,2,157332,15,10,4,3,4,0,0,0,25,38,0,Adm-clerical,Adm-clerical
35,2,31023,9,13,2,0,4,1,0,0,45,38,0,Sales,Sales
52,2,42924,2,8,2,0,4,1,0,0,45,38,0,Craft-repair,Craft-repair
20,2,196745,15,10,4,3,4,0,594,0,16,38,0,Other-service,Other-service
43,2,64631,11,9,2,0,4,1,15024,0,50,38,1,Exec-managerial,Craft-repair
25,2,161007,11,9,4,3,4,1,0,0,40,38,0,Machine-op-inspct,Machine-op-inspct
19,2,98605,15,10,4,3,4,0,0,0,20,38,0,Other-service,Sales
49,2,34545,15,10,2,0,4,1,0,1887,40,38,1,Exec-managerial,Sales
59,2,206487,15,10,2,0,4,1,0,0,40,38,1,Craft-repair,Sales
19,1,276973,15,10,4,3,4,0,0,0,20,38,0,Prof-specialty,Protective-serv
20,2,286166,11,9,4,1,4,1,0,0,48,38,0,Sales,Craft-repair
37,4,68899,11,9,2,0,4,1,0,2129,40,38,0,Craft-repair,Craft-repair
18,2,210932,11,9,4,3,4,0,0,0,40,38,0,Adm-clerical,Adm-clerical
42,5,148316,8,11,2,0,4,1,0,0,40,38,1,Protective-serv,Exec-managerial
21,2,151158,15,10,4,3,4,0,0,0,25,38,0,Prof-specialty,Sales
41,2,104892,15,10,2,0,4,1,2829,0,40,38,0,Adm-clerical,Machine-op-inspct
52,1,199995,12,14,2,0,4,1,7298,0,60,38,1,Exec-managerial,Exec-managerial
43,2,185129,9,13,0,3,4,1,0,0,40,38,0,Tech-support,Machine-op-inspct
20,2,58222,15,10,4,3,4,1,0,0,20,38,0,Handlers-cleaners,Sales
40,2,242521,8,11,2,0,4,1,0,0,40,38,1,Craft-repair,Prof-specialty
34,2,346275,1,7,0,1,4,1,0,0,43,38,0,Handlers-cleaners,Craft-repair
28,2,336951,11,9,2,0,4,1,0,0,50,38,1,Exec-managerial,Sales
43,2,203642,9,13,4,1,4,0,0,0,40,38,1,Prof-specialty,Exec-managerial
43,4,183479,11,9,2,0,4,1,0,0,30,38,0,Craft-repair,Craft-repair
39,2,315776,12,14,4,1,2,1,8614,0,52,38,1,Exec-managerial,Exec-managerial
39,2,158962,15,10,0,4,4,0,0,0,40,38,0,Machine-op-inspct,Exec-managerial
40,2,192259,12,14,4,1,4,1,0,0,35,38,0,Prof-specialty,Exec-managerial
51,2,191659,15,10,2,0,4,1,0,1887,65,38,1,Exec-managerial,Craft-repair
53,1,137250,12,14,6,4,2,0,0,1669,35,38,0,Prof-specialty,Prof-specialty
50,2,94081,11,9,2,0,4,1,0,0,40,38,1,Exec-managerial,Craft-repair
54,2,447555,0,6,2,0,2,1,0,0,40,38,0,Transport-moving,Transport-moving
70,4,139889,15,10,2,0,4,1,2653,0,70,38,0,Farming-fishing,Exec-managerial
17,2,160029,1,7,4,2,4,0,0,0,22,38,0,Other-service,Other-service
36,2,198587,9,13,0,1,4,1,0,0,40,38,0,Prof-specialty,Prof-specialty
20,2,451996,11,9,4,3,4,1,0,0,40,38,0,Handlers-cleaners,Adm-clerical
53,2,29658,11,9,2,0,4,1,0,0,40,38,1,Craft-repair,Craft-repair
23,2,352606,11,9,0,4,4,0,0,0,40,38,0,Priv-house-serv,Other-service
30,2,129707,15,10,2,0,4,1,0,1848,40,38,1,Sales,Craft-repair
19,2,355477,11,9,4,3,2,1,0,0,25,38,0,Other-service,Handlers-cleaners
51,2,71046,15,10,0,4,4,1,0,0,45,33,0,Exec-managerial,Other-service
38,2,195025,11,9,5,4,2,0,0,0,32,38,0,Other-service,Transport-moving
26,2,248612,9,13,4,3,4,1,0,0,30,38,0,Prof-specialty,Adm-clerical
30,2,393965,7,12,0,1,4,0,0,0,25,38,0,Adm-clerical,Other-service
23,2,312017,15,10,4,1,4,1,0,0,40,38,0,Exec-managerial,Handlers-cleaners
35,2,91839,9,13,2,0,0,1,7688,0,20,38,1,Other-service,Other-service
30,2,204374,9,13,4,1,4,1,0,1741,48,38,0,Sales,Exec-managerial
31,2,20511,9,13,4,1,4,0,0,0,25,38,0,Other-service,Other-service
22,2,109482,15,10,4,3,4,1,0,0,98,38,0,Prof-specialty,Craft-repair
51,1,154891,11,9,0,4,4,1,0,0,52,38,0,Protective-serv,Adm-clerical
43,0,144778,9,13,4,1,4,1,0,0,40,38,1,Exec-managerial,Prof-specialty
28,4,209205,15,10,2,0,4,1,7298,0,40,38,1,Craft-repair,Machine-op-inspct
21,2,262819,15,10,4,1,4,0,0,0,20,38,0,Other-service,Sales
27,2,367329,8,11,2,0,4,1,0,0,40,38,0,Farming-fishing,Sales
59,4,75804,11,9,2,0,4,1,0,0,65,38,1,Farming-fishing,Sales
35,2,282951,9,13,2,0,4,1,0,0,70,38,0,Exec-managerial,Exec-managerial
36,2,156084,11,9,4,3,4,0,0,0,40,38,0,Sales,Adm-clerical
32,4,190290,11,9,2,0,4,1,0,0,40,21,0,Farming-fishing,Craft-repair
23,2,159709,11,9,0,1,4,1,0,0,40,38,0,Craft-repair,Craft-repair
42,1,121998,15,10,2,0,4,1,15024,0,40,38,1,Exec-managerial,Craft-repair
59,2,176647,11,9,2,0,4,1,0,0,40,38,1,Craft-repair,Transport-moving
36,2,293528,8,11,4,1,4,0,0,0,3,38,0,Tech-support,Prof-specialty
31,2,49398,15,10,2,0,4,1,0,0,40,38,0,Tech-support,Machine-op-inspct
70,2,174032,11,9,2,0,4,1,0,0,40,38,0,Sales,Handlers-cleaners
29,2,211299,8,11,4,1,2,1,0,0,45,38,0,Sales,Other-service
46,2,190115,7,12,2,0,4,1,0,0,40,38,1,Craft-repair,Exec-managerial
61,2,248448,5,4,0,4,4,0,0,0,40,38,0,Other-service,Machine-op-inspct
35,2,341102,6,5,4,1,2,1,0,0,40,38,0,Handlers-cleaners,Craft-repair
20,2,140764,15,10,4,3,4,0,0,0,20,38,0,Other-service,Sales
55,2,24694,15,10,0,1,4,0,0,0,40,38,0,Prof-specialty,Other-service
20,2,211293,15,10,4,3,2,0,0,0,14,38,0,Sales,Prof-specialty
27,3,113870,12,14,4,3,4,1,0,0,40,38,0,Transport-moving,Adm-clerical
59,5,192258,10,16,2,0,4,1,0,0,40,38,1,Prof-specialty,Prof-specialty
24,2,165054,8,11,2,0,4,1,0,0,40,38,0,Craft-repair,Machine-op-inspct
31,2,57781,11,9,0,4,4,0,0,0,50,38,0,Adm-clerical,Sales
45,0,181970,11,9,2,0,4,1,0,1672,40,38,0,Adm-clerical,Exec-managerial
38,4,175732,11,9,4,1,0,1,0,0,15,38,0,Craft-repair,Craft-repair
27,2,205188,0,6,2,0,4,1,0,0,40,38,0,Machine-op-inspct,Machine-op-inspct
37,2,39606,8,11,0,4,4,0,0,0,40,38,0,Sales,Craft-repair
46,2,102597,9,13,0,4,4,0,0,0,40,38,0,Prof-specialty,Exec-managerial
42,4,214242,14,15,2,0,4,1,0,1902,50,38,1,Prof-specialty,Prof-specialty
51,2,175339,9,13,2,0,4,1,0,0,47,38,1,Sales,Tech-support
18,2,238401,15,10,4,3,4,0,0,0,25,38,0,Sales,Adm-clerical
37,4,348739,14,15,2,0,4,1,0,0,50,38,1,Prof-specialty,Prof-specialty
59,2,231377,15,10,2,0,4,1,0,1848,45,38,1,Exec-managerial,Prof-specialty
60,2,121832,1,7,2,0,4,1,0,0,40,38,1,Sales,Craft-repair
71,3,118119,15,10,2,0,4,1,20051,0,50,38,1,Exec-managerial,Exec-managerial
25,2,51201,11,9,2,0,4,1,0,0,35,38,0,Craft-repair,Transport-moving
39,4,83242,15,10,2,0,4,1,0,0,60,38,0,Farming-fishing,Exec-managerial
42,2,54202,9,13,4,1,4,1,10520,0,50,38,1,Sales,Exec-managerial
44,2,116358,9,13,2,0,1,1,0,0,40,38,1,Sales,Exec-managerial
50,2,137815,11,9,2,0,4,1,0,0,60,38,1,Transport-moving,Machine-op-inspct
73,4,233882,11,9,2,0,1,1,0,2457,40,39,0,Farming-fishing,Sales
36,2,187983,9,13,2,5,4,0,0,0,40,38,0,Prof-specialty,Exec-managerial
37,2,177974,15,10,2,0,4,1,0,0,70,38,0,Machine-op-inspct,Machine-op-inspct
18,2,210311,11,9,4,3,4,0,0,0,20,38,0,Sales,Other-service
71,2,187493,11,9,2,0,4,1,0,0,40,38,1,Protective-serv,Exec-managerial
23,2,240398,9,13,4,1,2,1,0,0,15,38,0,Sales,Sales
45,2,241350,11,9,4,1,4,1,0,0,40,38,0,Transport-moving,Craft-repair
44,2,139907,15,10,4,3,4,1,0,0,50,38,0,Sales,Exec-managerial
56,5,466498,8,11,2,0,2,1,0,0,60,38,1,Craft-repair,Sales
45,2,198223,9,13,2,0,4,1,0,1902,45,38,1,Sales,Sales
29,1,219906,9,13,2,5,4,0,0,0,25,38,1,Prof-specialty,Prof-specialty
30,4,166961,15,10,2,5,4,0,0,0,20,38,1,Adm-clerical,Adm-clerical
26,2,298225,11,9,2,0,4,1,0,0,45,38,0,Adm-clerical,Machine-op-inspct
34,2,184942,1,7,2,0,4,1,0,0,50,38,0,Transport-moving,Craft-repair
37,2,167482,0,6,4,3,4,1,0,0,35,38,0,Craft-repair,Other-service
45,2,101320,11,9,0,4,4,0,0,0,40,38,0,Adm-clerical,Adm-clerical
43,0,92775,8,11,0,1,4,1,0,0,40,38,0,Craft-repair,Handlers-cleaners
44,2,35910,9,13,2,0,4,1,0,1902,56,38,1,Exec-managerial,Exec-managerial
33,2,112383,15,10,2,0,4,1,0,0,40,38,0,Prof-specialty,Handlers-cleaners
33,2,196898,9,13,4,1,4,0,0,0,40,38,0,Prof-specialty,Sales
51,2,221532,9,13,0,4,4,1,0,0,40,38,1,Exec-managerial,Sales
50,2,129956,11,9,2,0,4,1,0,0,48,38,1,Craft-repair,Machine-op-inspct
28,2,227840,11,9,4,1,4,0,0,0,40,38,0,Transport-moving,Adm-clerical
32,2,204374,14,15,2,0,4,1,0,1977,60,38,1,Prof-specialty,Prof-specialty
41,2,112763,14,15,2,5,4,0,0,0,40,38,1,Prof-specialty,Prof-specialty
47,2,148995,9,13,2,0,4,1,0,2415,60,38,1,Exec-managerial,Exec-managerial
44,2,335248,15,10,0,1,4,0,0,0,40,38,0,Adm-clerical,Adm-clerical
26,2,335533,11,9,4,3,4,1,0,0,20,38,0,Craft-repair,Handlers-cleaners
41,3,299813,6,5,2,5,4,0,0,0,70,5,0,Sales,Machine-op-inspct
29,2,240738,11,9,2,0,4,1,0,0,40,38,1,Prof-specialty,Exec-managerial
50,2,177896,11,9,2,0,4,1,0,0,50,38,0,Craft-repair,Craft-repair
37,2,89559,11,9,0,4,4,0,0,0,40,38,0,Adm-clerical,Other-service
33,2,103596,8,11,2,0,4,1,0,0,40,38,0,Transport-moving,Craft-repair
32,2,188246,11,9,2,0,4,1,0,0,40,38,0,Craft-repair,Machine-op-inspct
51,1,101119,11,9,2,0,4,1,0,0,70,38,0,Protective-serv,Transport-moving
25,2,191271,11,9,4,3,4,0,0,0,40,38,0,Adm-clerical,Adm-clerical
31,2,59083,11,9,2,0,4,1,0,0,40,38,0,Adm-clerical,Craft-repair
74,4,199136,9,13,6,1,4,1,15831,0,8,10,1,Craft-repair,Exec-managerial
32,2,213179,15,10,0,3,4,1,0,0,40,38,1,Craft-repair,Craft-repair
18,2,302859,11,9,4,3,4,1,0,0,20,38,0,Sales,Handlers-cleaners
40,2,277647,9,13,2,0,4,1,0,0,40,38,1,Prof-specialty,Tech-support
61,2,190682,11,9,6,1,2,0,0,1669,50,38,0,Craft-repair,Exec-managerial
35,0,250504,11,9,2,0,2,1,0,0,60,38,1,Adm-clerical,Adm-clerical
37,2,241805,15,10,2,0,2,1,0,0,30,38,0,Other-service,Other-service
34,2,80933,11,9,2,0,4,1,0,1672,40,38,0,Craft-repair,Craft-repair
36,0,359249,15,10,5,1,2,1,0,0,40,38,0,Adm-clerical,Adm-clerical
24,2,86153,15,10,4,1,4,0,0,0,40,38,0,Adm-clerical,Adm-clerical
44,2,202466,15,10,2,5,4,0,0,0,60,38,0,Exec-managerial,Adm-clerical
71,0,149386,11,9,6,1,4,1,0,0,9,38,0,Exec-managerial,Other-service
22,2,156933,11,9,4,3,2,1,0,0,25,38,0,Handlers-cleaners,Other-service
38,2,165930,11,9,2,0,4,1,0,0,40,38,0,Craft-repair,Other-service
38,2,179668,9,13,2,0,4,1,0,0,50,38,1,Prof-specialty,Prof-specialty
35,2,106347,11,9,2,0,4,1,0,0,45,38,0,Exec-managerial,Craft-repair
51,2,146813,15,10,2,0,4,1,0,0,40,38,1,Prof-specialty,Craft-repair
34,2,106541,15,10,2,0,4,1,0,0,40,38,0,Machine-op-inspct,Handlers-cleaners
50,0,36489,15,10,0,4,4,1,0,0,40,38,0,Exec-managerial,Adm-clerical
43,4,35236,11,9,3,1,4,1,0,0,40,38,0,Craft-repair,Craft-repair
21,2,147655,11,9,4,3,4,0,0,0,40,38,0,Adm-clerical,Adm-clerical
54,3,125417,5,4,2,0,4,1,0,0,40,38,1,Machine-op-inspct,Transport-moving
37,2,213841,15,10,2,0,4,1,0,0,50,38,1,Craft-repair,Sales
49,2,198774,9,13,0,2,4,0,0,0,35,38,0,Sales,Adm-clerical
43,1,301638,2,8,2,0,4,1,0,1579,40,38,0,Transport-moving,Handlers-cleaners
38,2,372484,1,7,4,3,2,0,0,0,40,38,0,Other-service,Other-service
57,2,109015,15,10,0,1,4,0,0,0,48,38,0,Sales,Craft-repair
66,2,114447,8,11,6,1,4,0,0,0,35,38,0,Prof-specialty,Adm-clerical
23,2,260617,0,6,4,1,4,1,0,0,40,38,0,Craft-repair,Handlers-cleaners
38,2,351299,15,10,2,0,2,1,0,0,50,38,0,Transport-moving,Exec-managerial
44,2,63042,9,13,0,3,4,0,0,0,50,38,1,Exec-managerial,Exec-managerial
17,2,566049,0,6,4,3,4,1,0,0,8,38,0,Other-service,Other-service
46,0,33794,9,13,2,0,4,1,3103,0,40,38,1,Tech-support,Prof-specialty
27,2,113635,9,13,4,1,4,1,0,0,35,38,0,Other-service,Tech-support
56,2,235826,11,9,2,0,4,1,5013,0,40,38,0,Craft-repair,Craft-repair
46,0,39606,12,14,2,0,4,1,0,0,40,8,1,Exec-managerial,Prof-specialty
57,5,39380,11,9,5,1,4,0,0,0,35,38,0,Other-service,Other-service
67,2,192670,11,9,0,1,4,0,0,0,20,38,0,Sales,Other-service
52,1,238959,12,14,4,1,4,1,0,0,32,38,1,Prof-specialty,Prof-specialty
23,5,283499,11,9,4,3,4,1,0,0,40,38,0,Protective-serv,Transport-moving
25,2,197728,15,10,4,3,4,0,0,0,40,38,0,Adm-clerical,Tech-support
36,2,112264,11,9,2,0,4,1,0,0,50,38,0,Transport-moving,Other-service
39,2,164898,11,9,2,0,4,1,0,0,40,38,0,Craft-repair,Craft-repair
35,2,167140,9,13,2,0,4,1,5013,0,40,38,0,Prof-specialty,Transport-moving
31,1,446358,10,16,4,1,4,1,0,0,50,25,1,Prof-specialty,Prof-specialty
18,2,111476,1,7,4,3,4,1,0,0,40,38,0,Handlers-cleaners,Handlers-cleaners
28,4,254989,1,7,4,3,4,1,0,0,40,38,0,Sales,Farming-fishing
23,2,122272,9,13,4,3,4,0,0,0,30,38,0,Adm-clerical,Other-service
75,2,256474,12,14,4,1,4,1,0,0,16,38,0,Protective-serv,Prof-specialty
22,4,279802,15,10,4,3,4,0,0,0,3,38,0,Prof-specialty,Sales
65,2,196174,0,6,0,1,4,0,0,0,28,38,0,Handlers-cleaners,Other-service
33,2,637222,2,8,0,4,2,0,0,0,40,38,0,Machine-op-inspct,Machine-op-inspct
28,2,114158,9,13,4,3,4,0,0,0,15,38,0,Prof-specialty,Other-service
36,2,353524,11,9,0,3,4,0,1831,0,40,38,0,Exec-managerial,Adm-clerical
47,2,177087,15,10,5,4,4,0,0,0,50,38,1,Adm-clerical,Adm-clerical
36,5,96468,12,14,4,3,4,0,0,0,40,38,0,Prof-specialty,Prof-specialty
34,5,252529,9,13,4,1,4,1,0,0,48,38,0,Prof-specialty,Prof-specialty
39,2,451059,6,5,2,0,4,1,0,0,40,38,0,Handlers-cleaners,Transport-moving
37,1,52465,11,9,4,1,4,1,0,0,40,38,0,Other-service,Protective-serv
37,2,359796,15,10,0,1,2,1,0,0,40,38,0,Sales,Craft-repair
40,4,171615,15,10,4,1,4,1,0,0,35,38,1,Craft-repair,Prof-specialty
24,2,188300,1,7,4,4,4,0,0,0,40,38,0,Machine-op-inspct,Machine-op-inspct
25,2,323229,9,13,4,1,4,1,0,0,40,38,0,Adm-clerical,Sales
42,4,93099,15,10,2,3,4,0,0,0,25,38,0,Prof-specialty,Other-service
38,2,174571,0,6,2,0,2,1,0,0,45,38,0,Craft-repair,Craft-repair
42,2,303155,7,12,0,1,4,1,0,0,40,38,0,Adm-clerical,Adm-clerical
29,2,199116,11,9,2,0,4,1,0,0,40,32,0,Machine-op-inspct,Craft-repair
35,2,143152,15,10,2,5,4,0,3908,0,27,38,0,Adm-clerical,Sales
49,2,170871,12,14,2,0,4,1,0,0,45,38,1,Exec-managerial,Exec-managerial
34,2,190040,11,9,2,5,4,0,0,0,40,38,0,Adm-clerical,Adm-clerical
22,2,139190,11,9,4,3,4,1,0,0,50,38,0,Craft-repair,Craft-repair
39,2,140477,11,9,4,1,4,0,0,0,10,38,0,Machine-op-inspct,Other-service
55,0,238192,11,9,2,0,4,1,0,1887,40,38,1,Tech-support,Adm-clerical
30,2,112383,11,9,2,0,4,1,0,0,45,38,0,Transport-moving,Sales
22,2,117210,15,10,4,3,4,1,0,0,25,11,0,Adm-clerical,Sales
43,2,133584,11,9,0,1,4,1,0,0,40,38,0,Craft-repair,Farming-fishing
37,5,354929,7,12,0,1,2,1,0,0,38,38,0,Protective-serv,Craft-repair
75,5,113868,10,16,2,0,2,1,0,0,20,38,1,Prof-specialty,Prof-specialty
45,2,101656,0,6,4,1,1,1,0,0,40,39,0,Machine-op-inspct,Machine-op-inspct
49,5,36177,9,13,2,0,4,1,0,0,45,38,1,Exec-managerial,Prof-specialty
44,3,118212,9,13,2,0,4,1,99999,0,70,38,1,Exec-managerial,Exec-managerial
39,0,189632,11,9,2,5,4,0,0,0,40,38,1,Adm-clerical,Adm-clerical
49,2,23776,15,10,2,0,4,1,0,0,40,38,0,Adm-clerical,Craft-repair
52,5,104280,15,10,2,0,4,1,0,0,50,38,0,Tech-support,Sales
27,2,335421,12,14,4,3,4,0,0,0,40,38,0,Exec-managerial,Prof-specialty
48,2,199058,12,14,2,0,4,1,0,0,40,38,1,Exec-managerial,Exec-managerial
43,0,134026,15,10,4,2,4,1,2174,0,40,38,0,Adm-clerical,Craft-repair
43,2,260696,9,13,0,1,4,0,0,0,40,38,0,Exec-managerial,Exec-managerial
32,2,202498,1,7,2,0,4,1,0,0,40,3,0,Handlers-cleaners,Machine-op-inspct
18,2,210574,11,9,4,3,4,0,0,0,20,38,0,Sales,Other-service
25,2,195994,3,2,4,1,4,0,0,0,40,12,0,Priv-house-serv,Priv-house-serv
34,2,124827,8,11,4,3,4,1,0,0,40,38,0,Transport-moving,Craft-repair
31,2,186787,11,9,4,3,4,1,0,0,42,38,0,Craft-repair,Craft-repair
45,2,77085,9,13,2,0,1,1,0,0,40,23,1,Craft-repair,Exec-managerial
56,2,183884,1,7,2,0,4,1,0,0,40,38,0,Machine-op-inspct,Machine-op-inspct
44,0,161240,11,9,0,1,4,1,0,0,40,38,0,Machine-op-inspct,Adm-clerical
31,2,127595,11,9,0,1,4,0,0,0,40,38,0,Prof-specialty,Adm-clerical
44,3,138991,15,10,2,0,4,1,0,0,50,38,1,Exec-managerial,Exec-managerial
32,2,198068,11,9,2,0,4,1,0,0,40,38,0,Craft-repair,Craft-repair
31,2,266126,11,9,4,1,4,0,0,0,30,38,0,Other-service,Other-service
24,2,215712,15,10,4,1,4,1,0,0,35,38,0,Other-service,Other-service
60,4,21101,11,9,2,0,0,1,0,0,50,38,0,Farming-fishing,Farming-fishing
43,2,118308,9,13,2,0,4,1,0,1977,50,38,1,Prof-specialty,Prof-specialty
31,2,264864,11,9,2,5,0,0,0,0,40,38,0,Machine-op-inspct,Machine-op-inspct
45,2,174426,11,9,2,0,4,1,0,0,40,38,0,Craft-repair,Craft-repair
25,4,182809,11,9,2,0,4,1,7298,0,40,38,1,Craft-repair,Craft-repair
26,2,175789,11,9,0,3,4,0,0,0,40,38,0,Handlers-cleaners,Handlers-cleaners
27,1,134813,12,14,4,3,4,1,0,0,52,38,0,Prof-specialty,Prof-specialty
18,2,151150,0,6,4,3,4,1,0,0,27,38,0,Farming-fishing,Other-service
30,4,261943,1,7,3,1,4,1,0,0,30,15,0,Craft-repair,Craft-repair
27,1,29174,9,13,4,4,4,0,0,0,40,38,0,Prof-specialty,Prof-specialty
45,4,149218,9,13,2,0,4,1,0,0,77,38,0,Farming-fishing,Farming-fishing
55,1,115457,11,9,2,0,4,1,0,0,40,38,0,Other-service,Craft-repair
44,2,277720,15,10,2,5,4,0,0,0,35,38,0,Adm-clerical,Other-service
35,2,103605,1,7,2,0,4,1,0,0,40,38,0,Farming-fishing,Craft-repair
36,2,265881,11,9,0,4,4,0,0,0,40,38,0,Machine-op-inspct,Adm-clerical
26,2,188767,9,13,4,3,4,1,0,0,40,38,0,Sales,Other-service
24,2,127753,2,8,4,2,4,1,0,0,40,38,0,Craft-repair,Farming-fishing
39,2,151023,15,10,0,4,4,0,114,0,45,38,0,Adm-clerical,Adm-clerical
43,5,114537,8,11,2,0,4,1,0,0,40,38,0,Protective-serv,Craft-repair
54,2,200098,9,13,0,1,2,0,0,0,60,38,0,Sales,Exec-managerial
44,2,172032,11,9,2,0,4,1,0,0,40,38,0,Transport-moving,Machine-op-inspct
44,2,185057,12,14,4,1,4,0,0,0,35,38,0,Prof-specialty,Prof-specialty
27,1,137629,11,9,2,0,4,1,0,0,80,38,1,Exec-managerial,Protective-serv
33,2,547886,9,13,5,4,2,0,0,0,40,38,0,Exec-managerial,Exec-managerial
51,2,282549,11,9,2,0,2,1,3137,0,40,38,0,Machine-op-inspct,Machine-op-inspct
70,4,155141,9,13,2,0,4,1,0,2377,12,38,1,Craft-repair,Exec-managerial
46,5,55377,9,13,2,0,2,1,0,0,40,38,1,Prof-specialty,Adm-clerical
28,1,283227,15,10,2,0,4,1,0,0,65,38,0,Exec-managerial,Protective-serv
28,2,148645,7,12,0,1,4,0,0,0,40,38,0,Prof-specialty,Other-service
28,1,419740,9,13,4,1,4,1,0,0,52,38,0,Prof-specialty,Prof-specialty
28,4,195607,11,9,2,5,4,0,0,0,40,38,0,Sales,Adm-clerical
37,2,113120,8,11,0,1,4,0,0,0,40,38,0,Prof-specialty,Adm-clerical
22,2,429346,11,9,4,2,2,1,0,0,40,38,0,Adm-clerical,Other-service
75,2,200068,15,10,2,0,4,1,0,0,35,38,1,Exec-managerial,Sales
62,3,24050,11,9,6,1,4,0,0,0,15,38,0,Sales,Other-service
67,2,64148,15,10,0,4,2,0,0,0,41,38,0,Other-service,Adm-clerical
36,4,182898,9,13,2,0,4,1,7298,0,40,38,1,Exec-managerial,Exec-managerial
46,2,59287,15,10,2,0,4,1,0,0,40,38,0,Craft-repair,Craft-repair
62,2,257277,11,9,6,1,4,0,0,0,38,38,0,Adm-clerical,Other-service
18,2,201613,2,8,4,3,4,0,0,0,20,38,0,Sales,Sales
35,2,115792,9,13,2,0,4,1,0,0,55,38,0,Prof-specialty,Sales
46,2,166181,15,10,4,3,2,0,0,0,36,38,0,Adm-clerical,Adm-clerical
20,2,180052,15,10,4,3,4,1,0,0,20,38,0,Sales,Sales
34,2,36385,12,14,4,1,4,1,0,2258,50,38,0,Prof-specialty,Prof-specialty
31,2,651396,11,9,4,3,4,0,0,1594,30,38,0,Sales,Other-service
26,2,397317,12,14,4,1,4,0,0,1876,40,38,0,Prof-specialty,Prof-specialty
25,5,99076,9,13,4,1,4,0,2597,0,50,38,0,Other-service,Prof-specialty
31,5,75755,10,16,2,0,4,1,7298,0,55,38,1,Exec-managerial,Prof-specialty
43,2,132393,11,9,4,3,4,1,0,0,40,30,0,Handlers-cleaners,Machine-op-inspct
33,2,63079,11,9,0,4,2,0,0,0,40,38,0,Adm-clerical,Sales
20,2,285671,11,9,4,2,2,1,0,0,25,38,0,Other-service,Other-service
28,2,416577,11,9,2,0,2,1,2829,0,40,38,0,Craft-repair,Adm-clerical
33,2,554986,15,10,5,4,4,0,0,0,40,38,0,Exec-managerial,Exec-managerial
61,2,316359,15,10,0,1,4,0,0,0,40,38,0,Sales,Exec-managerial
23,2,119838,9,13,4,3,4,1,0,0,50,38,0,Prof-specialty,Exec-managerial
22,2,318915,11,9,4,4,4,0,0,0,40,38,0,Other-service,Adm-clerical
48,2,166809,9,13,3,1,4,0,0,0,50,38,1,Exec-managerial,Exec-managerial
18,2,260801,11,9,4,3,4,1,0,0,20,38,0,Handlers-cleaners,Handlers-cleaners
32,2,261059,15,10,4,1,4,1,0,0,50,38,0,Other-service,Sales
48,3,38819,11,9,2,0,4,1,0,0,36,38,0,Craft-repair,Craft-repair
43,2,122473,6,5,4,4,2,0,0,625,40,38,0,Machine-op-inspct,Other-service
17,2,38611,1,7,4,3,4,0,0,0,23,38,0,Adm-clerical,Other-service
42,1,569930,9,13,2,0,4,1,0,0,45,38,1,Adm-clerical,Exec-managerial
41,2,185267,9,13,2,0,4,1,0,0,40,38,0,Prof-specialty,Exec-managerial
26,2,125680,9,13,4,1,1,1,0,0,16,23,0,Prof-specialty,Prof-specialty
30,2,231620,9,13,4,1,4,0,0,0,40,25,0,Sales,Adm-clerical
56,2,147653,11,9,0,4,4,0,0,0,32,38,0,Adm-clerical,Other-service
31,2,33117,11,9,0,1,4,1,0,0,50,38,0,Exec-managerial,Sales
35,2,82552,11,9,4,4,4,1,0,0,35,38,0,Craft-repair,Other-service
39,2,46028,15,10,0,4,4,0,0,0,60,38,0,Other-service,Exec-managerial
25,2,108317,9,13,4,1,4,1,0,0,40,38,0,Exec-managerial,Prof-specialty
33,2,140206,14,15,2,0,4,1,0,0,40,38,1,Prof-specialty,Prof-specialty
55,4,105582,12,14,2,0,4,1,2228,0,50,38,0,Sales,Sales
29,2,204984,11,9,2,0,4,1,0,0,50,38,0,Craft-repair,Sales
52,2,31533,11,9,0,1,4,1,0,0,40,38,0,Other-service,Craft-repair
43,2,168071,11,9,2,0,4,1,0,0,44,38,0,Exec-managerial,Craft-repair
32,2,288273,9,13,2,0,4,1,0,0,70,25,0,Craft-repair,Adm-clerical
63,3,110890,12,14,0,1,4,1,0,0,70,38,1,Prof-specialty,Exec-managerial
33,2,452924,11,9,2,0,3,1,0,0,40,25,0,Machine-op-inspct,Craft-repair
58,2,183870,11,9,0,1,4,0,0,0,40,38,0,Adm-clerical,Adm-clerical
39,4,109766,14,15,2,0,4,1,15024,0,50,38,1,Prof-specialty,Prof-specialty
42,2,187294,15,10,0,4,4,1,0,0,40,38,0,Craft-repair,Craft-repair
25,2,298225,15,10,2,0,4,1,0,0,35,38,0,Transport-moving,Craft-repair
40,2,96129,8,11,2,0,4,1,0,0,40,38,1,Tech-support,Machine-op-inspct
57,2,36990,11,9,2,0,2,1,0,0,52,38,0,Craft-repair,Exec-managerial
33,2,106670,9,13,2,5,4,0,0,0,40,38,1,Prof-specialty,Exec-managerial
70,4,172370,14,15,2,0,4,1,0,0,25,38,0,Prof-specialty,Prof-specialty
63,4,159715,0,6,2,0,4,1,0,0,40,38,0,Machine-op-inspct,Farming-fishing
45,0,222011,9,13,2,0,4,1,0,0,40,38,0,Handlers-cleaners,Prof-specialty
19,2,304643,15,10,4,3,4,1,0,0,20,38,0,Sales,Other-service
59,4,32537,11,9,2,0,4,1,0,0,40,38,1,Farming-fishing,Exec-managerial
43,4,349341,9,13,0,1,4,1,0,0,60,38,0,Exec-managerial,Sales
35,2,168817,11,9,4,1,4,1,0,0,40,38,0,Machine-op-inspct,Handlers-cleaners
46,2,28419,14,15,2,0,4,1,99999,0,50,38,1,Prof-specialty,Prof-specialty
33,2,55176,5,4,2,0,4,1,0,0,40,38,0,Craft-repair,Craft-repair
38,2,357173,11,9,2,0,4,1,0,0,40,38,0,Craft-repair,Handlers-cleaners
49,2,337666,11,9,0,1,2,1,0,0,40,38,0,Machine-op-inspct,Craft-repair
43,0,325706,14,15,2,0,1,1,0,0,50,18,1,Prof-specialty,Prof-specialty
25,2,236242,14,15,4,1,4,0,0,0,30,38,0,Prof-specialty,Prof-specialty
38,2,132879,9,13,2,0,4,1,0,0,40,38,1,Exec-managerial,Tech-support
21,2,195248,15,10,4,3,3,0,0,0,20,38,0,Sales,Sales
36,2,66173,9,13,4,1,4,0,0,0,50,38,0,Adm-clerical,Adm-clerical
26,2,192302,15,10,2,5,4,0,0,0,25,38,0,Exec-managerial,Exec-managerial
26,2,365289,11,9,0,1,4,1,0,0,40,38,0,Machine-op-inspct,Sales
55,2,202220,11,9,2,5,2,0,2407,0,35,38,0,Other-service,Adm-clerical
51,2,174754,11,9,4,1,2,0,0,0,38,38,0,Other-service,Sales
52,2,273514,11,9,5,1,4,1,0,0,40,38,0,Craft-repair,Craft-repair
17,2,244602,2,8,4,3,4,1,0,0,15,38,0,Other-service,Other-service
56,4,214323,1,7,2,0,4,1,0,0,40,38,0,Craft-repair,Craft-repair
34,2,302770,15,10,2,0,4,1,0,0,60,38,0,Sales,Sales
36,2,168276,0,6,0,1,4,0,0,0,40,38,0,Other-service,Machine-op-inspct
54,4,163815,12,14,0,1,4,1,0,0,60,38,0,Sales,Sales
26,2,40915,9,13,4,1,4,0,0,0,25,38,0,Other-service,Adm-clerical
20,2,224059,11,9,4,1,4,1,0,0,40,38,0,Other-service,Handlers-cleaners
68,2,195868,9,13,2,0,4,1,20051,0,40,38,1,Sales,Sales
42,2,250536,15,10,5,4,2,0,0,0,21,13,0,Other-service,Adm-clerical
21,2,231866,8,11,4,3,4,1,0,0,40,38,0,Craft-repair,Machine-op-inspct
19,5,156294,15,10,4,3,4,1,0,0,25,38,0,Prof-specialty,Other-service
19,5,431745,1,7,4,3,4,1,0,0,30,38,0,Other-service,Handlers-cleaners
32,2,177675,11,9,4,3,4,1,0,0,40,38,0,Craft-repair,Craft-repair
20,2,189148,11,9,2,0,4,1,0,0,48,38,0,Handlers-cleaners,Craft-repair
46,3,62546,10,16,5,1,4,1,0,0,35,38,0,Prof-specialty,Prof-specialty
23,2,32950,9,13,4,1,4,1,0,0,40,38,0,Sales,Prof-specialty
53,4,118793,0,6,2,0,4,1,0,0,50,38,1,Craft-repair,Farming-fishing
24,2,175254,15,10,4,1,2,1,0,0,40,38,0,Transport-moving,Prof-specialty
58,2,235624,8,11,2,0,4,1,0,0,40,10,1,Exec-managerial,Craft-repair
42,1,266135,15,10,2,0,4,1,0,0,52,38,1,Protective-serv,Protective-serv
40,3,218558,9,13,2,0,4,1,0,0,45,38,1,Exec-managerial,Exec-managerial
43,2,51506,2,8,2,0,4,1,0,0,40,38,0,Transport-moving,Craft-repair
51,2,57101,6,5,2,0,4,1,0,0,40,38,0,Craft-repair,Craft-repair
35,2,143589,9,13,3,1,1,0,0,0,40,29,0,Prof-specialty,Exec-managerial
59,2,87510,11,9,0,1,4,1,0,0,40,38,0,Craft-repair,Craft-repair
44,2,325461,9,13,2,0,4,1,0,1902,50,38,1,Exec-managerial,Exec-managerial
20,2,33551,11,9,4,3,4,1,0,0,40,38,0,Transport-moving,Craft-repair
24,2,333505,11,9,3,3,4,1,0,0,40,28,0,Transport-moving,Craft-repair
29,2,29732,9,13,2,5,4,0,0,0,24,38,0,Prof-specialty,Other-service
35,2,239755,9,13,4,1,4,1,0,0,38,38,0,Other-service,Handlers-cleaners
21,2,124589,11,9,4,3,4,0,0,0,40,38,0,Sales,Adm-clerical
42,2,118686,15,10,0,4,4,0,0,0,20,38,0,Prof-specialty,Adm-clerical
30,2,110622,9,13,0,1,1,0,0,0,40,2,0,Exec-managerial,Exec-managerial
22,2,310152,15,10,4,1,4,1,0,0,40,38,0,Transport-moving,Craft-repair
37,2,360743,15,10,2,0,2,1,0,0,40,38,0,Craft-repair,Craft-repair
35,2,52738,15,10,2,0,4,1,0,0,46,38,0,Machine-op-inspct,Sales
44,4,254303,15,10,0,1,4,1,0,0,45,38,0,Other-service,Craft-repair
39,2,235259,15,10,0,1,4,0,0,0,40,38,0,Adm-clerical,Other-service
28,2,107411,9,13,4,1,4,0,0,0,35,38,0,Prof-specialty,Sales
28,2,187479,15,10,2,0,4,1,0,0,55,38,0,Exec-managerial,Exec-managerial
35,1,302149,9,13,2,0,1,1,7298,0,40,29,1,Sales,Prof-specialty
45,2,30289,2,8,2,0,4,1,0,0,40,38,0,Craft-repair,Craft-repair
60,2,372838,11,9,2,0,4,1,0,0,40,38,0,Craft-repair,Craft-repair
25,2,306352,8,11,2,0,4,1,0,0,40,25,0,Tech-support,Craft-repair
58,2,314153,11,9,2,0,4,1,0,0,40,38,1,Sales,Craft-repair
24,2,196675,11,9,2,0,2,1,0,0,70,38,0,Handlers-cleaners,Farming-fishing
63,5,109735,11,9,0,1,4,0,0,0,38,38,0,Adm-clerical,Adm-clerical
35,5,216035,11,9,2,0,4,1,0,0,40,38,0,Protective-serv,Craft-repair
38,2,167725,9,13,3,1,3,1,0,0,84,18,0,Transport-moving,Other-service
34,2,103408,15,10,0,1,2,1,0,0,40,10,1,Prof-specialty,Craft-repair
42,2,213821,11,9,2,0,4,1,0,1887,40,38,1,Craft-repair,Craft-repair
27,1,206125,0,6,2,0,4,1,0,0,60,38,0,Craft-repair,Transport-moving
35,5,194828,15,10,4,3,2,0,0,0,40,38,0,Prof-specialty,Adm-clerical
36,2,33355,15,10,4,3,4,1,0,0,45,38,0,Other-service,Craft-repair
61,2,238611,5,4,6,4,2,0,0,0,38,38,0,Other-service,Other-service
50,2,283676,15,10,0,1,4,1,0,0,40,38,0,Craft-repair,Protective-serv
40,2,55395,8,11,2,0,4,1,0,0,40,38,1,Prof-specialty,Machine-op-inspct
41,2,324629,9,13,2,0,4,1,0,0,40,40,0,Exec-managerial,Other-service
50,2,313546,11,9,5,4,2,0,0,0,40,38,0,Other-service,Prof-specialty
47,2,232628,11,9,2,0,2,1,0,0,40,38,0,Craft-repair,Sales
30,2,1184622,15,10,2,0,2,1,0,0,35,38,0,Transport-moving,Other-service
59,2,61885,2,8,0,2,2,1,0,0,35,38,0,Transport-moving,Other-service
54,2,35459,11,9,4,1,4,1,0,0,40,38,0,Sales,Handlers-cleaners
53,2,539864,15,10,0,1,4,1,0,0,20,38,0,Craft-repair,Craft-repair
31,2,128220,5,4,6,1,4,0,0,0,35,38,0,Adm-clerical,Other-service
24,2,206008,7,12,4,3,2,1,0,0,20,38,0,Prof-specialty,Handlers-cleaners
30,2,234919,15,10,4,3,4,0,0,0,40,7,0,Sales,Adm-clerical
36,2,192614,11,9,0,1,4,1,0,0,56,38,0,Machine-op-inspct,Exec-managerial
46,2,102771,12,14,2,0,4,1,0,1977,40,38,1,Tech-support,Exec-managerial
33,2,159442,9,13,2,5,4,0,0,0,40,38,0,Other-service,Exec-managerial
54,5,188809,10,16,4,1,4,0,0,0,50,38,1,Exec-managerial,Prof-specialty
62,2,147627,6,5,4,1,2,0,1055,0,22,38,0,Priv-house-serv,Other-service
46,1,175754,12,14,0,1,4,0,0,1876,60,38,0,Prof-specialty,Prof-specialty
54,5,198186,11,9,4,1,2,0,0,0,38,38,0,Other-service,Other-service
50,4,131982,11,9,2,0,1,1,0,0,60,34,0,Other-service,Sales
28,2,444304,9,13,2,0,4,1,0,0,40,38,0,Tech-support,Exec-managerial
37,3,57424,9,13,0,1,4,0,0,0,60,38,0,Sales,Exec-managerial
29,2,107108,15,10,2,0,0,1,0,0,40,38,0,Adm-clerical,Farming-fishing
51,3,103995,7,12,4,1,4,0,0,0,25,38,0,Sales,Prof-specialty
58,1,223214,11,9,2,0,4,1,0,0,40,38,0,Other-service,Other-service
33,2,170148,11,9,0,4,4,0,0,0,45,38,0,Adm-clerical,Other-service
23,2,196827,15,10,2,0,4,1,0,1902,40,38,0,Machine-op-inspct,Craft-repair
39,2,294919,11,9,0,3,4,1,0,0,60,38,0,Transport-moving,Sales
40,2,145649,11,9,5,4,2,0,0,0,25,38,0,Sales,Other-service
59,4,98418,11,9,2,0,4,1,0,0,20,38,0,Farming-fishing,Craft-repair
33,4,235271,15,10,4,1,4,1,0,0,35,38,0,Other-service,Craft-repair
30,2,149184,9,13,2,0,4,1,0,0,45,38,1,Exec-managerial,Exec-managerial
30,5,54318,1,7,2,0,4,1,0,0,40,38,0,Transport-moving,Craft-repair
18,2,145005,15,10,4,3,4,1,0,0,20,38,0,Other-service,Other-service
25,2,28008,7,12,0,4,4,0,0,0,40,38,0,Adm-clerical,Adm-clerical
33,2,149220,8,11,4,4,2,0,0,0,40,38,0,Other-service,Machine-op-inspct
29,2,129856,8,11,4,3,4,0,0,0,40,38,0,Adm-clerical,Adm-clerical
34,2,186824,11,9,2,0,4,1,0,0,70,38,0,Handlers-cleaners,Craft-repair
20,2,137895,11,9,2,0,4,1,0,0,45,38,0,Sales,Machine-op-inspct
41,2,202980,11,9,2,0,4,1,0,0,4,28,0,Craft-repair,Other-service
29,2,94892,15,10,2,0,4,1,0,0,40,38,0,Prof-specialty,Farming-fishing
21,2,174907,7,12,4,3,4,0,0,0,32,38,0,Sales,Other-service
36,1,180805,11,9,4,1,1,1,0,0,40,38,0,Transport-moving,Other-service
29,2,103628,15,10,2,5,4,0,0,0,40,38,1,Adm-clerical,Adm-clerical
54,1,137691,11,9,2,0,4,1,0,0,40,38,1,Craft-repair,Transport-moving
35,2,261012,15,10,3,1,2,0,0,0,40,38,0,Adm-clerical,Prof-specialty
28,2,308136,11,9,4,3,4,1,0,0,40,38,0,Other-service,Handlers-cleaners
20,2,138768,11,9,4,3,4,1,0,0,40,38,0,Handlers-cleaners,Handlers-cleaners
51,1,387250,9,13,2,0,4,1,0,0,50,38,1,Adm-clerical,Exec-managerial
25,2,148300,15,10,4,3,4,0,0,0,35,38,0,Other-service,Adm-clerical
52,5,231166,8,11,2,0,4,1,0,0,40,38,0,Exec-managerial,Protective-serv
54,2,294991,0,6,2,0,4,1,0,0,40,38,0,Handlers-cleaners,Craft-repair
61,0,181081,11,9,0,3,2,0,0,0,20,38,0,Adm-clerical,Adm-clerical
43,2,160815,8,11,0,4,4,0,0,0,40,38,0,Prof-specialty,Adm-clerical
31,2,240771,15,10,2,0,4,1,4386,0,50,38,1,Craft-repair,Sales
37,2,241174,9,13,2,0,4,1,0,0,99,38,1,Prof-specialty,Sales
19,2,29798,2,8,4,3,0,1,0,0,20,38,0,Handlers-cleaners,Transport-moving
36,2,732569,6,5,0,4,4,0,0,0,40,38,0,Adm-clerical,Other-service
51,2,280093,11,9,5,2,4,0,0,0,40,38,0,Adm-clerical,Machine-op-inspct
48,2,240917,1,7,5,1,2,0,0,0,35,38,0,Other-service,Other-service
21,1,212780,2,8,4,4,2,0,0,0,20,38,0,Handlers-cleaners,Other-service
39,2,299828,4,3,5,4,2,0,0,0,30,32,0,Sales,Priv-house-serv
45,2,97176,1,7,0,4,4,0,0,0,16,38,0,Adm-clerical,Other-service
36,2,252231,13,1,4,1,2,1,0,0,40,32,0,Machine-op-inspct,Craft-repair
46,3,256909,11,9,3,1,4,1,3325,0,45,38,0,Farming-fishing,Craft-repair
25,2,111675,15,10,2,0,4,1,0,0,43,38,0,Sales,Tech-support
46,2,203039,9,13,2,0,4,1,0,0,48,38,0,Sales,Machine-op-inspct
37,2,176900,11,9,2,0,4,1,0,0,99,38,1,Craft-repair,Transport-moving
61,2,175331,0,6,2,0,4,1,0,0,40,38,0,Transport-moving,Machine-op-inspct
34,2,34374,15,10,4,1,4,1,0,0,50,38,0,Other-service,Sales
18,2,95917,11,9,4,3,4,1,0,0,25,1,0,Other-service,Other-service
43,5,28451,9,13,2,0,4,1,0,0,37,38,1,Prof-specialty,Exec-managerial
35,2,27408,11,9,2,0,4,1,0,0,50,38,0,Sales,Transport-moving
20,2,122346,11,9,4,3,4,1,0,0,40,38,0,Machine-op-inspct,Transport-moving
48,3,103713,12,14,2,0,4,1,0,0,40,38,1,Sales,Sales
34,2,69491,11,9,2,0,4,1,0,0,40,38,0,Other-service,Craft-repair
40,4,167081,12,14,2,0,4,1,3103,0,50,38,0,Sales,Prof-specialty
64,5,269512,9,13,0,1,4,1,0,0,40,38,0,Tech-support,Prof-specialty
26,4,224361,5,4,2,0,4,1,0,0,75,38,0,Transport-moving,Farming-fishing
27,2,253814,9,13,2,5,4,0,0,0,40,38,1,Tech-support,Tech-support
40,4,125206,14,15,2,0,4,1,0,0,40,38,0,Prof-specialty,Prof-specialty
32,2,174789,11,9,4,4,4,1,0,0,40,38,0,Machine-op-inspct,Machine-op-inspct
65,1,143570,15,10,4,1,2,0,0,0,40,38,0,Prof-specialty,Adm-clerical
27,2,193898,9,13,2,0,4,1,0,0,45,38,1,Sales,Sales
29,0,155970,11,9,2,0,4,1,0,0,40,38,1,Tech-support,Adm-clerical
29,2,161444,11,9,2,0,4,1,0,0,40,3,0,Exec-managerial,Craft-repair
53,2,224894,4,3,2,5,2,0,0,0,10,13,0,Priv-house-serv,Other-service
46,5,192323,11,9,0,1,4,1,0,0,40,38,0,Exec-managerial,Craft-repair
40,2,321758,11,9,2,0,4,1,0,0,40,38,1,Sales,Craft-repair
26,2,262656,11,9,4,3,4,0,0,0,40,38,0,Adm-clerical,Handlers-cleaners
44,2,260761,11,9,2,0,4,1,0,0,40,38,1,Craft-repair,Craft-repair
24,4,102942,15,10,4,1,4,0,0,0,50,38,0,Other-service,Other-service
40,2,104196,9,13,2,0,4,1,0,1887,40,38,1,Prof-specialty,Exec-managerial
27,0,128059,15,10,2,0,4,1,0,0,50,38,0,Craft-repair,Exec-managerial
37,4,24106,11,9,2,0,4,1,0,0,30,38,0,Tech-support,Transport-moving
31,5,86143,11,9,4,2,1,1,0,0,40,38,0,Protective-serv,Craft-repair
24,1,111450,0,6,4,4,2,1,0,0,65,13,0,Craft-repair,Other-service
30,2,236599,11,9,2,0,4,1,0,0,50,38,0,Exec-managerial,Exec-managerial
26,2,192022,9,13,4,2,4,0,0,0,40,38,0,Other-service,Sales
31,2,284395,9,13,2,0,4,1,0,0,40,38,0,Sales,Prof-specialty
90,2,87372,14,15,2,0,4,1,20051,0,72,38,1,Prof-specialty,Prof-specialty
20,2,224640,7,12,4,3,4,0,0,0,40,38,0,Exec-managerial,Adm-clerical
57,5,254949,11,9,2,0,4,1,0,0,40,38,1,Exec-managerial,Protective-serv
52,2,173987,0,6,2,0,4,1,0,0,40,38,0,Craft-repair,Transport-moving
44,2,303521,15,10,0,1,4,1,0,0,40,38,0,Craft-repair,Sales
17,2,112795,0,6,4,3,4,0,0,0,15,38,0,Other-service,Other-service
49,2,240859,1,7,2,0,4,1,0,0,40,4,0,Craft-repair,Machine-op-inspct
45,4,32172,15,10,4,1,4,1,0,0,50,38,0,Farming-fishing,Farming-fishing
49,2,296849,15,10,2,0,4,1,0,0,40,38,1,Exec-managerial,Craft-repair
47,2,222529,9,13,2,0,4,1,0,0,65,38,0,Farming-fishing,Sales
23,1,55890,9,13,4,1,4,0,0,0,40,38,0,Prof-specialty,Prof-specialty
43,2,55213,11,9,2,0,4,1,0,1977,52,38,1,Machine-op-inspct,Craft-repair
36,2,152621,15,10,2,0,4,1,0,0,40,1,1,Craft-repair,Craft-repair
51,2,82566,11,9,2,0,4,1,0,0,50,38,0,Craft-repair,Exec-managerial
19,2,35865,15,10,4,1,4,0,0,0,35,38,0,Handlers-cleaners,Sales
37,2,166339,15,10,0,4,4,0,0,0,40,38,0,Tech-support,Sales
55,2,171780,7,12,0,4,2,0,0,0,30,38,0,Sales,Prof-specialty
32,4,35595,11,9,2,0,4,1,0,0,50,38,0,Craft-repair,Farming-fishing
45,5,198660,15,10,2,0,4,1,0,0,40,38,1,Prof-specialty,Protective-serv
28,2,179949,11,9,0,4,2,0,0,0,20,38,0,Transport-moving,Adm-clerical
63,2,122442,2,8,2,0,4,1,0,0,40,38,0,Craft-repair,Transport-moving
38,2,191103,14,15,2,0,4,1,0,0,99,38,1,Prof-specialty,Prof-specialty
23,2,186014,15,10,4,3,4,0,0,0,15,38,0,Adm-clerical,Sales
20,2,157599,15,10,4,1,4,0,0,0,25,38,0,Other-service,Other-service
47,2,124973,8,11,2,0,4,1,15024,0,50,38,1,Exec-managerial,Exec-managerial
39,1,352628,7,12,2,5,4,0,0,0,50,38,1,Craft-repair,Exec-managerial
54,3,96460,11,9,2,0,4,1,7688,0,60,38,1,Exec-managerial,Sales
51,0,237819,9,13,2,0,4,1,0,0,50,38,1,Prof-specialty,Prof-specialty
26,2,485117,9,13,4,3,4,1,0,0,20,38,0,Transport-moving,Transport-moving
23,2,149204,9,13,4,3,4,1,0,0,40,38,0,Exec-managerial,Sales
38,1,255454,9,13,5,4,2,1,0,0,40,38,0,Prof-specialty,Prof-specialty
19,2,120251,11,9,4,3,4,0,0,0,14,38,0,Adm-clerical,Other-service
35,2,242094,11,9,2,2,2,1,0,0,40,38,0,Other-service,Craft-repair
50,2,173630,11,9,2,0,4,1,0,0,35,38,0,Farming-fishing,Transport-moving
39,1,267893,7,12,2,0,2,1,7298,0,40,38,1,Craft-repair,Protective-serv
51,2,410114,12,14,2,0,4,1,0,0,40,38,1,Craft-repair,Exec-managerial
52,2,286342,11,9,0,1,4,0,0,0,38,38,0,Machine-op-inspct,Machine-op-inspct
42,2,126701,9,13,0,4,4,1,9562,0,45,38,1,Adm-clerical,Exec-managerial
40,2,175696,15,10,2,0,4,1,0,0,45,38,1,Exec-managerial,Craft-repair
35,2,186183,11,9,2,0,4,1,15024,0,80,38,1,Transport-moving,Sales
30,2,337494,7,12,4,1,4,1,0,0,48,38,0,Machine-op-inspct,Sales
28,2,52603,9,13,2,0,4,1,0,0,50,38,1,Sales,Exec-managerial
30,2,134737,15,10,4,3,4,1,0,0,45,38,0,Adm-clerical,Sales
37,2,103323,7,12,2,0,4,1,0,0,40,38,0,Sales,Craft-repair
26,1,177482,7,12,2,0,4,1,0,0,45,38,1,Protective-serv,Protective-serv
38,2,312108,11,9,4,4,2,0,0,0,40,38,0,Other-service,Adm-clerical
31,2,159123,9,13,2,0,4,1,0,0,60,38,1,Prof-specialty,Exec-managerial
38,2,204527,11,9,2,0,4,1,0,0,50,38,0,Craft-repair,Craft-repair
78,2,182977,11,9,6,1,2,0,2964,0,40,38,0,Other-service,Adm-clerical
40,2,135056,7,12,0,4,4,0,0,0,40,38,0,Adm-clerical,Other-service
55,2,31905,12,14,2,0,4,1,0,1977,40,38,1,Exec-managerial,Exec-managerial
33,0,117963,9,13,4,3,4,1,0,0,38,38,0,Adm-clerical,Exec-managerial
36,2,194630,15,10,0,4,4,0,0,0,40,38,0,Sales,Exec-managerial
35,2,101709,11,9,4,3,1,1,0,0,60,38,0,Transport-moving,Exec-managerial
63,4,231777,9,13,4,1,4,1,0,0,40,38,0,Transport-moving,Prof-specialty
27,2,388998,9,13,4,1,4,1,13550,0,46,38,1,Sales,Sales
25,2,169990,11,9,2,0,4,1,0,0,40,38,0,Sales,Transport-moving
31,4,156033,11,9,0,1,4,1,0,0,35,38,0,Other-service,Craft-repair
29,1,190525,9,13,2,0,4,1,0,1848,60,10,1,Prof-specialty,Exec-managerial
43,2,57322,7,12,0,1,4,1,0,0,40,38,0,Craft-repair,Craft-repair
59,2,158813,15,10,2,0,4,1,0,0,60,38,1,Exec-managerial,Farming-fishing
39,2,76417,12,14,2,0,4,1,0,0,40,38,1,Prof-specialty,Exec-managerial
53,0,174040,15,10,5,1,2,1,0,0,40,38,0,Craft-repair,Other-service
41,2,343121,11,9,0,4,4,0,0,0,36,38,0,Adm-clerical,Other-service
42,4,221172,11,9,0,1,4,1,0,0,40,38,0,Craft-repair,Craft-repair
23,1,254127,9,13,4,2,4,0,0,0,50,38,0,Prof-specialty,Prof-specialty
51,2,159910,9,13,0,1,2,1,10520,0,40,38,1,Exec-managerial,Sales
43,3,304906,9,13,2,0,4,1,0,0,45,38,1,Sales,Exec-managerial
26,2,104045,9,13,4,1,4,0,0,0,40,38,0,Exec-managerial,Sales
40,4,162312,11,9,2,0,1,1,0,0,66,34,0,Craft-repair,Sales
36,2,98389,7,12,2,0,4,1,0,0,44,38,1,Exec-managerial,Tech-support
68,2,223851,11,9,2,0,4,1,0,0,24,38,0,Adm-clerical,Protective-serv
34,2,223267,11,9,4,2,4,1,0,0,50,38,0,Exec-managerial,Craft-repair
31,1,158092,15,10,4,3,4,0,0,0,35,38,0,Adm-clerical,Adm-clerical
47,1,126754,12,14,2,0,4,1,0,0,40,38,1,Prof-specialty,Prof-specialty
44,1,171589,8,11,2,0,4,1,7688,0,40,38,1,Craft-repair,Craft-repair
67,2,118363,9,13,0,1,4,0,0,2206,5,38,0,Exec-managerial,Sales
17,2,142964,1,7,4,3,4,1,0,0,20,38,0,Other-service,Sales
36,4,84848,11,9,5,1,4,0,0,0,16,38,0,Other-service,Other-service
29,2,319149,2,8,2,0,4,1,0,0,40,25,0,Transport-moving,Machine-op-inspct
51,2,135190,5,4,5,1,2,0,0,0,30,38,0,Machine-op-inspct,Other-service
45,2,117310,9,13,0,1,4,0,0,0,46,38,0,Sales,Prof-specialty
32,2,198068,11,9,4,1,4,1,0,0,60,38,0,Transport-moving,Machine-op-inspct
44,2,167725,11,9,2,0,4,1,0,0,24,38,0,Sales,Transport-moving
21,2,460835,11,9,4,2,4,1,0,0,45,38,0,Sales,Sales
27,1,199471,8,11,4,3,4,0,0,0,38,38,0,Tech-support,Adm-clerical
50,3,195322,10,16,5,1,4,1,0,0,40,38,1,Prof-specialty,Prof-specialty
44,2,19914,11,9,2,5,1,0,0,0,50,29,0,Other-service,Sales
31,2,403468,15,10,5,4,4,0,0,0,50,25,0,Other-service,Sales
37,3,126675,9,13,4,3,4,1,0,0,40,38,0,Exec-managerial,Prof-specialty
47,1,272182,15,10,4,1,2,1,0,0,40,38,0,Adm-clerical,Protective-serv
21,2,241951,11,9,4,1,4,1,0,0,45,38,0,Machine-op-inspct,Handlers-cleaners
40,2,116103,15,10,5,4,4,1,4934,0,47,38,1,Craft-repair,Transport-moving
21,2,260254,11,9,4,1,4,1,0,0,40,38,0,Craft-repair,Sales
45,1,257855,1,7,2,0,2,1,0,0,50,38,0,Other-service,Craft-repair
31,1,178449,14,15,2,0,4,1,0,0,40,38,1,Prof-specialty,Prof-specialty
31,4,312055,11,9,2,0,4,1,0,0,70,38,0,Exec-managerial,Farming-fishing
60,2,178312,11,9,2,0,4,1,7298,0,65,38,1,Sales,Sales
19,2,243373,2,8,4,2,4,1,1055,0,40,38,0,Sales,Other-service
42,4,343609,15,10,5,4,2,0,0,0,50,38,0,Other-service,Adm-clerical
45,2,192835,11,9,2,0,4,1,3942,0,40,38,0,Other-service,Craft-repair
58,2,289364,15,10,2,0,4,1,7688,0,45,38,1,Exec-managerial,Craft-repair
22,2,189203,9,13,4,1,4,1,0,0,50,38,0,Prof-specialty,Sales
45,0,71823,15,10,2,0,2,1,0,0,20,38,0,Adm-clerical,Transport-moving
41,2,320744,9,13,2,0,4,1,0,0,40,38,1,Prof-specialty,Prof-specialty
26,1,80485,9,13,4,1,4,0,0,0,38,38,0,Prof-specialty,Prof-specialty
48,1,31264,15,10,2,5,4,0,5178,0,40,38,1,Exec-managerial,Adm-clerical
31,2,199655,12,14,0,1,3,0,0,0,30,38,0,Other-service,Prof-specialty
52,3,177727,0,6,2,0,4,1,4064,0,45,38,0,Sales,Craft-repair
80,2,249983,5,4,6,1,4,0,0,0,24,38,0,Other-service,Other-service
24,5,163480,12,14,4,1,2,0,0,0,40,38,0,Adm-clerical,Exec-managerial
47,0,282830,7,12,2,0,2,1,0,0,40,38,1,Adm-clerical,Craft-repair
23,2,288771,15,10,4,1,4,0,0,0,30,38,0,Adm-clerical,Other-service
35,2,193961,9,13,2,0,1,1,0,0,40,29,1,Prof-specialty,Craft-repair
19,2,178147,11,9,4,3,4,1,0,0,35,38,0,Sales,Other-service
18,2,194059,2,8,4,3,4,1,0,0,40,38,0,Adm-clerical,Handlers-cleaners
44,2,129100,1,7,5,4,2,0,0,0,60,38,0,Other-service,Other-service
52,2,163998,11,9,2,0,4,1,99999,0,45,38,1,Sales,Exec-managerial
60,1,165982,12,14,2,0,4,1,0,0,50,38,1,Exec-managerial,Exec-managerial
43,5,139734,9,13,2,0,4,1,15024,0,40,38,1,Exec-managerial,Exec-managerial
28,4,240172,12,14,4,3,4,1,0,0,40,38,0,Prof-specialty,Prof-specialty
29,2,160279,11,9,0,4,4,1,0,0,40,38,0,Machine-op-inspct,Machine-op-inspct
45,5,127089,12,14,0,1,4,1,0,0,45,38,0,Exec-managerial,Prof-specialty
47,5,156417,15,10,0,4,4,1,0,0,20,38,0,Prof-specialty,Craft-repair
39,2,194404,12,14,2,0,4,1,7688,0,40,38,1,Prof-specialty,Prof-specialty
28,2,429507,7,12,2,0,2,1,0,0,40,38,0,Handlers-cleaners,Craft-repair
65,2,176796,11,9,0,1,4,0,0,0,40,38,0,Adm-clerical,Machine-op-inspct
46,2,243743,9,13,2,0,4,1,0,0,40,38,1,Prof-specialty,Exec-managerial
42,3,187702,14,15,2,0,4,1,0,2415,60,38,1,Prof-specialty,Prof-specialty
28,2,339897,3,2,2,0,4,1,0,0,43,25,0,Machine-op-inspct,Machine-op-inspct
62,4,122246,12,14,0,4,4,0,0,0,32,38,0,Prof-specialty,Prof-specialty
34,2,234537,7,12,0,1,4,1,0,0,40,38,0,Sales,Adm-clerical
39,2,97136,11,9,4,4,2,0,0,0,40,38,0,Machine-op-inspct,Other-service
48,2,109814,14,15,2,0,4,1,0,1977,45,38,1,Prof-specialty,Prof-specialty
20,2,109952,11,9,2,2,4,1,0,0,40,38,0,Tech-support,Machine-op-inspct
43,5,52849,9,13,2,0,4,1,0,0,40,38,0,Prof-specialty,Exec-managerial
61,4,30073,11,9,2,0,4,1,0,1848,60,38,1,Farming-fishing,Farming-fishing
30,0,319280,15,10,4,1,4,1,0,0,40,38,0,Craft-repair,Tech-support
48,2,345006,9,13,4,1,4,0,0,0,45,25,0,Prof-specialty,Prof-specialty
30,2,392812,11,9,4,1,4,1,0,0,50,10,0,Handlers-cleaners,Farming-fishing
28,2,204734,15,10,2,5,4,0,0,0,40,38,0,Tech-support,Sales
46,2,154405,0,6,2,0,2,1,0,0,45,38,0,Handlers-cleaners,Craft-repair
30,5,193380,9,13,4,2,4,1,0,0,35,38,0,Prof-specialty,Prof-specialty
29,2,170301,11,9,2,5,4,0,2829,0,40,38,0,Adm-clerical,Adm-clerical
55,2,189528,5,4,2,0,4,1,0,0,60,38,0,Craft-repair,Transport-moving
33,2,165235,9,13,4,1,1,0,0,0,35,36,0,Other-service,Prof-specialty
27,1,105830,9,13,4,1,4,0,0,0,60,38,0,Prof-specialty,Prof-specialty
58,1,32855,11,9,2,0,4,1,0,0,48,38,0,Transport-moving,Exec-managerial
63,2,64544,9,13,4,1,4,1,0,0,40,38,1,Tech-support,Exec-managerial
35,2,297485,9,13,0,4,4,0,0,0,40,38,0,Exec-managerial,Exec-managerial
23,2,141264,15,10,4,2,2,0,0,0,40,38,0,Exec-managerial,Other-service
60,1,202473,8,11,2,0,4,1,0,0,40,38,0,Other-service,Transport-moving
18,2,51789,15,10,4,3,4,1,0,0,8,38,0,Other-service,Other-service
48,2,172695,8,11,0,3,4,0,0,0,40,38,0,Other-service,Adm-clerical
54,2,197975,4,3,2,0,4,1,0,0,51,38,0,Sales,Transport-moving
33,2,278514,11,9,0,3,4,0,0,0,42,38,0,Craft-repair,Adm-clerical
50,2,177927,11,9,0,1,4,1,0,0,40,38,0,Protective-serv,Transport-moving
57,2,319122,9,13,4,1,4,1,0,0,40,38,0,Sales,Prof-specialty
53,4,284329,12,14,0,1,4,1,0,0,50,38,1,Exec-managerial,Prof-specialty
19,2,268392,11,9,4,4,2,0,0,0,30,38,0,Sales,Adm-clerical
32,4,84119,11,9,2,0,4,1,0,0,45,38,0,Craft-repair,Craft-repair
35,2,81280,9,13,2,0,4,1,0,0,65,40,1,Farming-fishing,Sales
28,2,215014,11,9,2,0,4,1,0,0,50,38,0,Transport-moving,Exec-managerial
35,5,49352,15,10,4,3,4,0,0,0,38,38,0,Adm-clerical,Other-service
33,2,80058,11,9,4,3,4,1,0,0,48,38,0,Other-service,Craft-repair
55,4,119762,0,6,2,0,4,1,0,0,50,38,0,Transport-moving,Transport-moving
34,2,319854,10,16,4,1,4,1,0,0,40,35,1,Prof-specialty,Prof-specialty
23,2,199452,15,10,4,3,4,0,0,0,40,38,0,Other-service,Handlers-cleaners
23,2,209483,9,13,4,3,4,0,0,0,50,38,0,Adm-clerical,Exec-managerial
31,2,27494,15,10,2,0,1,1,0,0,50,35,0,Sales,Sales
38,2,174717,9,13,2,0,4,1,0,0,50,38,1,Sales,Exec-managerial
36,2,206253,15,10,4,1,4,0,0,1617,40,38,0,Other-service,Prof-specialty
33,2,178449,15,10,4,1,4,1,0,0,49,38,0,Adm-clerical,Sales
35,2,54576,11,9,2,0,4,1,0,0,40,38,0,Machine-op-inspct,Craft-repair
59,2,284834,9,13,2,5,4,0,2885,0,30,38,0,Adm-clerical,Adm-clerical
32,2,311764,0,6,2,5,4,0,0,0,35,38,0,Exec-managerial,Other-service
46,3,181413,7,12,2,5,4,0,0,0,40,38,0,Exec-managerial,Sales
49,0,125892,9,13,2,0,4,1,0,0,40,38,1,Exec-managerial,Prof-specialty
45,2,219632,11,9,2,0,4,1,0,0,40,38,0,Transport-moving,Craft-repair
61,2,192237,0,6,0,4,4,0,0,0,40,38,0,Sales,Other-service
24,2,261561,9,13,4,1,4,0,0,0,40,38,0,Prof-specialty,Craft-repair
61,2,147280,12,14,2,0,4,1,0,0,60,38,1,Exec-managerial,Exec-managerial
23,2,70919,9,13,4,1,4,1,0,0,40,38,0,Exec-managerial,Exec-managerial
42,2,99254,7,12,2,5,2,0,0,0,40,38,1,Adm-clerical,Exec-managerial
17,2,394176,0,6,4,3,4,1,0,0,20,38,0,Handlers-cleaners,Other-service
45,2,243631,10,16,2,0,1,1,0,0,45,2,1,Prof-specialty,Prof-specialty
36,2,160035,11,9,2,0,4,1,3908,0,55,38,0,Craft-repair,Machine-op-inspct
53,2,123703,11,9,0,1,4,1,0,0,40,38,0,Transport-moving,Other-service
33,2,609789,7,12,3,4,4,1,0,0,40,38,0,Machine-op-inspct,Craft-repair
28,2,168901,9,13,2,0,1,1,0,0,40,35,0,Prof-specialty,Other-service
44,2,291568,11,9,2,0,3,1,0,0,40,38,0,Farming-fishing,Craft-repair
41,2,116391,9,13,2,0,4,1,0,0,40,10,0,Handlers-cleaners,Exec-managerial
42,2,87284,14,15,2,0,4,1,7298,0,35,38,1,Prof-specialty,Prof-specialty
51,0,140035,11,9,2,0,4,1,0,0,40,38,1,Adm-clerical,Adm-clerical
75,4,92792,11,9,2,0,4,1,0,0,35,38,0,Sales,Farming-fishing
75,4,213349,11,9,2,0,4,1,0,0,20,38,0,Farming-fishing,Farming-fishing
34,1,35683,7,12,0,4,4,0,0,0,10,38,0,Adm-clerical,Prof-specialty
25,2,248313,8,11,4,1,4,0,0,0,40,38,0,Adm-clerical,Adm-clerical
39,1,132879,9,13,2,0,4,1,0,1887,40,38,1,Prof-specialty,Prof-specialty
54,3,138852,15,10,2,0,4,1,0,0,45,38,1,Sales,Exec-managerial
17,2,293440,1,7,4,3,4,0,0,0,15,38,0,Adm-clerical,Sales
50,2,256861,11,9,2,0,4,1,0,0,80,38,0,Sales,Transport-moving
33,2,198211,11,9,2,0,4,1,0,0,40,38,0,Tech-support,Exec-managerial
53,2,123429,15,10,2,0,4,1,0,0,60,38,1,Exec-managerial,Exec-managerial
46,2,117605,6,5,0,1,4,1,0,0,35,38,0,Sales,Other-service
49,5,207120,11,9,2,0,4,1,0,0,40,38,1,Handlers-cleaners,Prof-specialty
38,2,167140,14,15,2,0,4,1,99999,0,70,38,1,Prof-specialty,Prof-specialty
58,5,123329,11,9,4,1,4,0,0,0,16,38,0,Adm-clerical,Other-service
42,4,157562,9,13,2,0,4,1,0,1902,80,38,1,Farming-fishing,Exec-managerial
41,2,124956,9,13,0,4,2,0,0,0,90,38,1,Exec-managerial,Exec-managerial
60,2,187124,11,9,2,0,4,1,0,0,40,38,0,Machine-op-inspct,Craft-repair
37,2,171150,9,13,2,0,4,1,99999,0,60,38,1,Sales,Exec-managerial
24,2,190968,11,9,2,0,4,1,0,0,48,38,0,Sales,Craft-repair
34,2,150154,11,9,4,3,4,1,0,0,40,38,0,Adm-clerical,Adm-clerical
56,5,68658,15,10,2,0,4,1,0,0,40,38,1,Exec-managerial,Craft-repair
60,2,88055,14,15,2,0,4,1,3781,0,16,38,0,Prof-specialty,Exec-managerial
46,4,82572,11,9,6,2,4,0,0,0,40,38,0,Other-service,Other-service
52,2,124993,11,9,4,3,4,1,0,0,55,38,0,Craft-repair,Craft-repair
48,2,155659,8,11,2,0,4,1,7688,0,40,38,1,Craft-repair,Craft-repair
55,2,181220,11,9,2,0,4,1,0,0,50,38,0,Exec-managerial,Craft-repair
25,2,190350,11,9,4,4,2,0,0,0,40,38,0,Adm-clerical,Adm-clerical
55,4,95149,15,10,2,0,4,1,0,0,99,38,0,Transport-moving,Farming-fishing
17,2,165918,1,7,4,3,4,1,0,0,20,28,0,Handlers-cleaners,Other-service
36,2,200352,9,13,2,0,4,1,0,0,45,38,0,Prof-specialty,Exec-managerial
23,2,73514,11,9,4,3,1,0,0,0,40,39,0,Adm-clerical,Adm-clerical
49,1,166039,11,9,0,4,4,0,0,0,40,38,0,Other-service,Adm-clerical
24,2,119156,11,9,4,3,4,1,0,0,50,38,0,Transport-moving,Tech-support
66,3,197816,9,13,2,0,4,1,10605,0,40,38,1,Exec-managerial,Prof-specialty
34,1,220066,12,14,4,1,4,0,0,0,50,38,0,Prof-specialty,Prof-specialty
33,2,268127,11,9,4,4,2,0,0,0,40,38,0,Other-service,Machine-op-inspct
23,2,82497,15,10,4,3,4,0,0,0,28,38,0,Sales,Other-service
64,4,113929,11,9,2,0,4,1,0,0,35,38,0,Sales,Farming-fishing
22,2,141040,11,9,4,3,2,0,0,0,35,38,0,Sales,Other-service
35,4,185848,11,9,4,1,4,1,4650,0,50,38,0,Exec-managerial,Craft-repair
38,2,169672,11,9,2,0,4,1,0,0,40,38,0,Exec-managerial,Other-service
30,2,236770,11,9,2,0,4,1,0,0,40,38,0,Craft-repair,Exec-managerial
42,1,318046,1,7,2,0,4,1,0,0,40,38,0,Transport-moving,Transport-moving
36,2,231948,11,9,2,0,4,1,0,0,64,38,1,Craft-repair,Craft-repair
18,2,62972,1,7,4,3,4,1,0,0,16,38,0,Other-service,Sales
25,2,169100,12,14,2,0,4,1,0,0,40,38,0,Exec-managerial,Prof-specialty
33,4,196342,10,16,4,1,4,1,0,0,45,38,1,Prof-specialty,Prof-specialty
23,2,33884,15,10,5,4,4,0,0,0,40,38,0,Sales,Sales
64,1,50442,6,5,4,2,4,1,0,0,40,38,0,Adm-clerical,Handlers-cleaners
36,2,141420,9,13,0,1,4,1,0,0,30,38,0,Handlers-cleaners,Sales
23,2,139012,8,11,4,3,1,1,0,0,40,34,0,Transport-moving,Prof-specialty
32,3,124919,9,13,2,0,1,1,0,0,50,19,1,Other-service,Prof-specialty
45,5,199326,12,14,2,0,4,1,0,0,45,38,1,Prof-specialty,Prof-specialty
42,2,273230,9,13,2,0,4,1,0,0,90,38,0,Prof-specialty,Prof-specialty
31,2,81846,11,9,2,0,1,1,0,0,40,38,0,Adm-clerical,Transport-moving
24,2,227070,0,6,2,5,4,0,0,0,40,38,0,Machine-op-inspct,Handlers-cleaners
42,3,78765,15,10,0,4,4,1,0,0,90,38,1,Exec-managerial,Sales
42,2,168515,8,11,0,1,4,0,0,0,40,38,0,Prof-specialty,Handlers-cleaners
57,2,74156,11,9,2,0,4,1,0,0,30,38,0,Other-service,Craft-repair
35,2,312232,11,9,5,1,4,1,0,0,50,38,0,Craft-repair,Craft-repair
21,2,362589,9,13,4,3,4,0,0,0,20,38,0,Other-service,Sales
25,2,50103,11,9,4,4,4,0,0,0,40,38,0,Sales,Adm-clerical
49,0,233059,8,11,2,0,4,1,0,0,40,38,0,Craft-repair,Craft-repair
26,2,263444,11,9,2,0,4,1,0,0,45,38,0,Machine-op-inspct,Craft-repair
20,4,306710,11,9,4,3,4,1,0,0,40,38,0,Farming-fishing,Adm-clerical
55,2,184882,8,11,2,0,4,1,5178,0,50,38,1,Transport-moving,Prof-specialty
57,2,94429,11,9,2,0,4,1,0,0,40,38,0,Handlers-cleaners,Transport-moving
38,2,217349,8,11,0,1,4,0,14344,0,40,38,1,Prof-specialty,Adm-clerical
19,2,187161,15,10,4,3,4,0,0,0,25,38,0,Sales,Other-service
38,3,257250,11,9,4,1,4,1,0,0,50,38,0,Farming-fishing,Transport-moving
38,2,343403,7,12,0,1,4,0,0,0,16,38,0,Adm-clerical,Prof-specialty
25,2,199472,8,11,4,1,4,0,0,0,38,38,0,Adm-clerical,Adm-clerical
47,2,187440,11,9,2,0,4,1,5178,0,40,38,1,Craft-repair,Machine-op-inspct
26,1,138597,11,9,4,4,2,0,0,0,25,38,0,Other-service,Other-service
54,2,146834,11,9,0,1,4,1,0,0,45,38,0,Transport-moving,Craft-repair
60,2,200235,8,11,0,4,4,0,0,0,40,38,0,Prof-specialty,Other-service
84,1,135839,8,11,6,1,4,0,0,0,14,38,0,Adm-clerical,Adm-clerical
37,2,60313,11,9,4,4,4,1,0,0,40,38,0,Craft-repair,Prof-specialty
18,2,166889,15,10,4,3,2,0,0,1602,35,38,0,Handlers-cleaners,Sales
30,2,333119,15,10,4,1,4,1,0,0,40,38,0,Craft-repair,Handlers-cleaners
26,2,121040,7,12,4,3,2,0,0,0,40,38,0,Exec-managerial,Prof-specialty
34,2,134737,12,14,2,0,4,1,7688,0,55,38,1,Prof-specialty,Prof-specialty
54,4,58898,15,10,2,0,4,1,0,1579,48,38,0,Craft-repair,Sales
26,2,233777,11,9,2,0,4,1,0,0,40,38,1,Machine-op-inspct,Craft-repair
27,2,178688,8,11,4,2,4,1,0,0,40,38,0,Craft-repair,Craft-repair
37,2,238311,11,9,2,0,2,1,0,0,36,38,1,Machine-op-inspct,Craft-repair
32,2,42485,11,9,0,4,4,1,0,0,40,38,0,Craft-repair,Other-service
20,2,209131,15,10,4,3,4,1,0,0,40,38,0,Machine-op-inspct,Protective-serv
51,2,192182,15,10,2,0,4,1,7298,0,40,38,1,Machine-op-inspct,Craft-repair
41,0,185616,11,9,4,1,4,0,0,1980,40,38,0,Adm-clerical,Adm-clerical
36,4,28738,7,12,0,4,4,0,0,0,35,38,0,Sales,Prof-specialty
35,0,23892,11,9,0,4,4,0,0,0,40,38,0,Prof-specialty,Exec-managerial
30,2,57651,11,9,4,4,4,1,0,2001,42,38,0,Adm-clerical,Prof-specialty
28,1,125159,15,10,4,2,2,1,0,0,40,13,0,Adm-clerical,Adm-clerical
19,2,64112,2,8,4,1,4,0,0,0,40,38,0,Adm-clerical,Other-service
44,2,180609,15,10,0,1,4,1,0,0,42,38,0,Craft-repair,Sales
72,2,33404,0,6,6,1,4,0,0,0,20,38,0,Adm-clerical,Other-service
47,2,357848,11,9,2,0,4,1,0,0,40,38,1,Craft-repair,Machine-op-inspct
36,2,214604,9,13,2,0,4,1,0,0,42,38,1,Sales,Prof-specialty
43,2,282069,15,10,0,4,4,1,0,0,42,38,0,Craft-repair,Craft-repair
29,2,193260,9,13,2,2,1,1,0,0,30,18,0,Craft-repair,Adm-clerical
31,3,31740,8,11,2,0,4,1,0,0,55,38,0,Farming-fishing,Transport-moving
38,1,216129,15,10,3,4,2,0,0,0,35,38,0,Exec-managerial,Adm-clerical
29,1,30069,11,9,2,5,4,0,2635,0,40,38,0,Other-service,Adm-clerical
44,2,174491,11,9,6,4,2,0,0,0,30,38,0,Other-service,Other-service
31,2,327825,11,9,5,4,4,0,0,2238,40,38,0,Machine-op-inspct,Other-service
24,4,174391,11,9,2,5,4,0,0,0,40,38,0,Adm-clerical,Adm-clerical
67,2,233022,1,7,6,4,4,0,0,0,20,38,0,Adm-clerical,Other-service
35,2,240458,1,7,0,1,2,1,0,0,40,38,0,Craft-repair,Craft-repair
29,2,175738,9,13,4,1,4,0,0,0,45,38,1,Exec-managerial,Exec-managerial
35,5,483530,15,10,0,4,4,0,0,0,40,38,0,Tech-support,Other-service
37,2,267085,15,10,2,0,4,1,0,0,40,38,0,Adm-clerical,Craft-repair
19,2,42750,15,10,4,1,4,1,0,0,55,38,0,Handlers-cleaners,Adm-clerical
46,3,125892,12,14,2,0,4,1,0,0,50,38,1,Sales,Exec-managerial
44,2,177905,15,10,0,4,4,1,0,0,58,38,1,Machine-op-inspct,Sales
38,2,254439,0,6,6,4,2,1,114,0,40,38,0,Transport-moving,Transport-moving
23,1,203353,9,13,4,3,4,0,0,0,45,38,0,Prof-specialty,Prof-specialty
21,2,109952,0,6,2,0,4,1,0,0,50,38,0,Machine-op-inspct,Craft-repair
63,2,106023,11,9,2,0,4,1,0,0,40,38,1,Craft-repair,Exec-managerial
32,2,205152,9,13,4,3,4,1,0,0,40,38,0,Craft-repair,Prof-specialty
21,2,250051,15,10,4,3,4,0,0,0,10,38,0,Prof-specialty,Adm-clerical
50,2,202044,9,13,0,4,4,0,0,0,45,38,0,Prof-specialty,Exec-managerial
23,2,211046,11,9,4,1,4,0,2463,0,40,38,0,Sales,Adm-clerical
46,2,133169,8,11,2,0,4,1,0,0,40,38,0,Craft-repair,Craft-repair
18,2,395567,11,9,4,3,4,1,0,0,40,38,0,Handlers-cleaners,Other-service
19,2,472807,3,2,4,2,4,1,0,0,52,25,0,Handlers-cleaners,Farming-fishing
33,2,170336,11,9,2,5,3,0,0,0,19,38,0,Adm-clerical,Sales
37,4,120130,12,14,2,0,4,1,0,0,60,38,1,Exec-managerial,Exec-managerial
40,2,382499,11,9,0,4,4,0,0,0,50,38,0,Adm-clerical,Craft-repair
40,2,119101,15,10,2,0,4,1,0,1887,68,38,1,Craft-repair,Craft-repair
45,2,207540,10,16,5,4,4,1,0,0,40,38,1,Exec-managerial,Prof-specialty
22,2,194630,9,13,4,1,4,1,0,0,45,38,0,Sales,Exec-managerial
72,2,165622,15,10,6,1,4,0,0,0,25,38,0,Adm-clerical,Adm-clerical
17,2,244523,0,6,4,3,4,1,0,0,20,38,0,Other-service,Other-service
39,2,190728,11,9,4,1,4,0,0,0,40,38,0,Adm-clerical,Adm-clerical
36,2,99872,11,9,2,0,1,1,0,0,40,18,0,Craft-repair,Other-service
35,2,112158,0,6,2,0,4,1,0,0,40,38,0,Craft-repair,Craft-repair
46,2,563883,11,9,2,0,2,1,0,0,60,38,1,Craft-repair,Sales
21,2,115895,15,10,4,3,4,0,0,0,20,38,0,Sales,Sales
39,2,86643,15,10,4,1,4,1,0,0,50,38,0,Craft-repair,Exec-managerial
51,1,240358,11,9,2,0,4,1,0,0,40,38,1,Protective-serv,Machine-op-inspct
30,2,144064,11,9,2,0,4,1,0,0,62,38,0,Exec-managerial,Transport-moving
25,2,77071,9,13,4,3,4,0,0,2339,35,38,0,Prof-specialty,Adm-clerical
35,2,272338,8,11,0,4,4,0,0,0,40,38,0,Prof-specialty,Other-service
28,1,335015,11,9,2,0,4,1,0,0,40,38,0,Craft-repair,Craft-repair
60,2,135470,4,3,2,0,4,1,0,0,40,25,0,Craft-repair,Machine-op-inspct
56,4,115422,11,9,2,0,4,1,0,0,35,38,0,Exec-managerial,Craft-repair
39,2,216149,14,15,0,1,4,1,0,0,70,38,1,Prof-specialty,Prof-specialty
32,2,40142,9,13,2,0,4,1,0,0,40,38,1,Exec-managerial,Exec-managerial
43,2,220609,15,10,0,1,4,0,0,0,50,38,0,Tech-support,Adm-clerical
24,2,127139,15,10,4,3,4,0,0,0,40,38,0,Adm-clerical,Adm-clerical
39,5,189385,15,10,5,4,2,0,0,0,30,38,0,Exec-managerial,Adm-clerical
35,2,119272,9,13,2,0,4,1,0,0,55,38,1,Exec-managerial,Sales
62,1,291175,9,13,6,1,4,0,0,0,48,38,0,Prof-specialty,Prof-specialty
52,0,38973,9,13,5,4,2,0,0,0,40,38,0,Adm-clerical,Prof-specialty
53,2,193720,15,10,2,0,4,1,0,1977,40,38,1,Exec-managerial,Craft-repair
28,2,166320,11,9,4,1,4,1,0,0,40,38,0,Prof-specialty,Transport-moving
49,2,40666,15,10,2,0,4,1,0,0,50,38,0,Farming-fishing,Sales
34,2,42900,9,13,2,0,4,1,0,0,50,38,1,Exec-managerial,Exec-managerial
41,2,599629,15,10,2,5,2,0,0,0,40,38,1,Adm-clerical,Adm-clerical
19,2,277695,6,5,4,2,4,1,0,0,16,25,0,Farming-fishing,Other-service
32,2,176998,9,13,2,0,4,1,0,0,40,38,0,Exec-managerial,Sales
45,2,189564,9,13,2,5,4,0,0,0,42,38,1,Sales,Exec-managerial
42,2,144778,11,9,2,0,4,1,0,0,50,38,0,Craft-repair,Sales
44,2,191256,11,9,2,0,4,1,0,0,65,38,1,Transport-moving,Sales
63,4,231105,15,10,2,0,4,1,0,0,35,38,1,Machine-op-inspct,Sales
45,2,390368,15,10,2,0,2,1,15024,0,99,38,1,Sales,Exec-managerial
63,4,147140,5,4,2,0,4,1,0,0,60,38,1,Farming-fishing,Farming-fishing
25,2,160261,15,10,4,3,1,1,0,0,40,2,0,Exec-managerial,Craft-repair
57,2,390856,4,3,2,0,4,1,0,0,45,25,0,Farming-fishing,Other-service
45,2,368561,11,9,2,0,4,1,0,0,55,38,1,Exec-managerial,Transport-moving
34,2,146161,9,13,2,0,4,1,0,0,60,38,1,Prof-specialty,Sales
45,2,127303,15,10,4,3,4,1,0,0,45,38,0,Machine-op-inspct,Sales
40,2,315321,11,9,0,4,4,0,0,625,52,38,0,Exec-managerial,Craft-repair
35,2,160120,9,13,2,0,1,1,0,0,40,29,1,Adm-clerical,Craft-repair
37,2,111128,1,7,4,1,4,1,0,0,40,38,0,Machine-op-inspct,Other-service
52,2,204584,9,13,3,1,4,0,0,0,42,38,0,Exec-managerial,Prof-specialty
46,2,174426,15,10,2,0,4,1,0,0,40,38,0,Machine-op-inspct,Machine-op-inspct
32,2,167531,14,15,2,5,1,0,15024,0,50,38,1,Prof-specialty,Prof-specialty
28,2,174327,11,9,2,0,4,1,0,0,50,38,0,Machine-op-inspct,Farming-fishing
32,2,106437,11,9,5,4,4,0,0,0,40,38,0,Adm-clerical,Machine-op-inspct
35,0,110188,9,13,2,0,1,1,0,0,40,39,0,Prof-specialty,Prof-specialty
28,2,394927,15,10,2,0,4,1,0,0,40,38,1,Tech-support,Craft-repair
29,2,229656,11,9,0,4,4,0,0,0,50,38,0,Adm-clerical,Adm-clerical
38,0,506830,15,10,0,4,2,0,0,0,40,38,0,Tech-support,Exec-managerial
39,2,99357,12,14,0,3,4,0,1506,0,40,38,0,Prof-specialty,Prof-specialty
26,2,248990,11,9,2,0,4,1,0,0,40,25,0,Craft-repair,Machine-op-inspct
42,2,184682,8,11,0,1,4,0,0,0,30,38,0,Tech-support,Other-service
43,2,188905,4,3,5,1,4,0,0,0,40,25,0,Machine-op-inspct,Other-service
36,2,180150,2,8,0,1,4,1,0,0,40,38,0,Handlers-cleaners,Craft-repair
44,4,155930,9,13,2,0,4,1,0,0,60,38,0,Exec-managerial,Sales
24,2,259351,15,10,4,4,0,1,0,0,40,25,0,Craft-repair,Sales
21,2,221418,11,9,4,3,4,0,0,0,40,38,0,Other-service,Other-service
47,2,110243,1,7,2,0,4,1,0,0,40,38,0,Other-service,Machine-op-inspct
59,4,190514,1,7,2,0,4,1,0,0,20,38,0,Craft-repair,Exec-managerial
57,2,20953,15,10,2,0,4,1,0,1902,40,38,1,Sales,Sales
23,2,195411,11,9,4,4,2,0,0,0,40,38,0,Adm-clerical,Adm-clerical
36,2,29814,11,9,4,2,4,1,0,0,50,38,0,Transport-moving,Craft-repair
23,2,197200,9,13,4,3,4,1,0,0,60,38,0,Prof-specialty,Sales
50,2,237868,12,14,2,0,4,1,0,0,50,38,1,Exec-managerial,Exec-managerial
33,2,182556,11,9,4,1,4,1,0,0,40,38,0,Other-service,Prof-specialty
25,4,113948,8,11,2,5,4,0,0,0,45,38,0,Other-service,Adm-clerical
20,2,30035,7,12,4,3,4,0,0,0,40,38,0,Sales,Other-service
26,1,220656,9,13,4,3,2,1,0,0,38,8,0,Prof-specialty,Prof-specialty
33,2,207937,11,9,4,1,4,1,0,1092,40,38,0,Craft-repair,Adm-clerical
22,2,177107,8,11,4,4,2,0,0,0,35,38,0,Prof-specialty,Adm-clerical
44,2,187584,11,9,2,0,4,1,0,0,40,1,0,Protective-serv,Craft-repair
42,2,383493,15,10,2,0,4,1,15024,0,50,38,1,Exec-managerial,Exec-managerial
46,2,102359,15,10,2,0,4,1,0,0,50,38,1,Exec-managerial,Sales
35,4,168475,15,10,2,0,4,1,0,0,60,38,1,Craft-repair,Sales
39,0,116608,11,9,0,4,4,0,0,0,40,38,0,Adm-clerical,Adm-clerical
33,2,190772,11,9,4,1,4,0,0,1617,40,38,0,Adm-clerical,Sales
33,4,58702,8,11,2,5,4,0,3103,0,50,38,1,Prof-specialty,Exec-managerial
30,2,125762,15,10,2,0,4,1,0,0,30,38,0,Adm-clerical,Sales
36,1,51424,11,9,0,4,4,0,0,0,40,38,0,Adm-clerical,Adm-clerical
73,2,147551,15,10,2,0,4,1,0,2174,50,38,1,Prof-specialty,Exec-managerial
26,2,258550,9,13,4,3,4,1,0,0,40,38,0,Adm-clerical,Prof-specialty
30,1,27051,15,10,4,3,4,1,0,0,40,38,0,Handlers-cleaners,Other-service
24,2,88126,11,9,4,1,4,1,0,0,40,38,0,Craft-repair,Machine-op-inspct
25,4,21472,15,10,4,1,4,0,0,0,22,38,0,Other-service,Adm-clerical
40,2,291808,11,9,0,1,2,0,0,0,40,38,0,Protective-serv,Machine-op-inspct
50,3,120781,9,13,2,0,1,1,0,0,60,34,1,Sales,Exec-managerial
46,2,152249,11,9,3,1,4,1,0,0,35,25,0,Other-service,Craft-repair
38,1,84570,15,10,4,3,0,0,0,0,40,38,0,Adm-clerical,Adm-clerical
35,4,112497,11,9,2,2,4,1,0,0,35,20,0,Craft-repair,Craft-repair
36,2,183612,11,9,2,0,4,1,0,1977,40,38,1,Prof-specialty,Sales
35,5,349066,11,9,0,3,4,1,0,0,40,38,0,Machine-op-inspct,Protective-serv
17,2,159299,1,7,4,3,4,0,0,0,20,38,0,Other-service,Other-service
26,2,214413,15,10,4,3,4,1,0,0,40,38,0,Craft-repair,Craft-repair
29,2,197932,15,10,5,1,4,0,0,0,30,12,0,Priv-house-serv,Other-service
45,2,200363,8,11,0,1,4,0,0,0,44,38,0,Exec-managerial,Handlers-cleaners
43,2,119721,9,13,2,0,4,1,0,0,40,38,0,Exec-managerial,Exec-managerial
45,2,104521,15,10,2,0,4,1,0,0,40,38,0,Craft-repair,Craft-repair
20,2,116830,11,9,4,1,4,1,0,0,40,38,0,Machine-op-inspct,Machine-op-inspct
31,2,109917,5,4,5,1,4,0,0,0,40,38,0,Craft-repair,Other-service
60,0,237317,8,11,0,4,4,1,4934,0,40,38,1,Prof-specialty,Prof-specialty
39,3,329980,9,13,2,0,4,1,0,2415,60,38,1,Sales,Exec-managerial
41,4,57924,15,10,2,0,4,1,7688,0,50,38,1,Farming-fishing,Exec-managerial
34,2,104509,8,11,4,1,4,0,1639,0,20,38,0,Prof-specialty,Adm-clerical
34,2,122116,15,10,2,0,4,1,0,0,40,38,0,Exec-managerial,Handlers-cleaners
41,2,106900,9,13,2,0,4,1,0,1902,42,38,1,Tech-support,Exec-managerial
50,2,167886,15,10,2,0,4,1,0,0,40,38,1,Sales,Craft-repair
24,2,190015,11,9,4,3,4,1,0,0,40,38,0,Sales,Craft-repair
40,3,301007,9,13,2,0,4,1,0,0,60,38,0,Prof-specialty,Exec-managerial
37,2,162424,11,9,2,0,4,1,0,0,45,38,0,Craft-repair,Craft-repair
64,2,75577,5,4,2,0,4,1,2580,0,50,38,0,Adm-clerical,Transport-moving
40,0,78036,8,11,2,5,4,0,0,0,65,38,1,Prof-specialty,Adm-clerical
25,2,231357,11,9,4,1,4,0,0,0,40,38,0,Adm-clerical,Other-service
43,2,354408,2,8,2,0,2,1,0,0,40,38,0,Adm-clerical,Craft-repair
43,2,111949,11,9,2,5,4,0,0,0,35,38,0,Other-service,Other-service
28,2,201175,1,7,4,1,2,1,0,0,40,38,0,Machine-op-inspct,Craft-repair
47,0,402975,15,10,2,0,2,1,0,0,40,38,0,Exec-managerial,Exec-managerial
54,4,36327,5,4,2,0,4,1,0,0,50,38,0,Machine-op-inspct,Farming-fishing
26,2,173593,12,14,2,0,4,1,0,0,20,1,0,Machine-op-inspct,Prof-specialty
41,2,220460,11,9,4,3,4,1,0,0,40,38,0,Sales,Adm-clerical
39,2,316211,11,9,2,0,4,1,0,0,60,38,1,Exec-managerial,Exec-managerial
51,2,74660,0,6,2,0,4,1,0,0,40,38,1,Craft-repair,Craft-repair
34,4,33442,8,11,4,2,4,0,0,0,40,38,0,Other-service,Exec-managerial
46,2,211226,7,12,2,0,3,1,0,0,36,38,0,Transport-moving,Sales
38,2,260997,15,10,2,0,2,1,0,0,40,38,0,Machine-op-inspct,Handlers-cleaners
23,2,135138,9,13,4,3,1,1,0,0,40,38,0,Sales,Sales
44,2,320984,9,13,2,0,4,1,0,0,60,38,1,Sales,Prof-specialty
27,2,37754,15,10,2,0,4,1,0,0,80,38,0,Farming-fishing,Craft-repair
52,2,186785,11,9,4,1,4,1,0,1876,50,38,0,Sales,Sales
30,5,23037,15,10,4,3,0,1,0,0,84,38,0,Other-service,Farming-fishing
36,2,162302,15,10,4,1,4,0,0,0,35,38,0,Adm-clerical,Sales
20,2,105479,15,10,4,1,4,0,0,0,25,38,0,Sales,Other-service
26,2,302603,11,9,4,3,4,1,0,0,45,38,0,Transport-moving,Handlers-cleaners
45,2,167617,15,10,2,0,4,1,0,0,40,38,0,Other-service,Craft-repair
34,2,112139,11,9,2,0,4,1,0,0,40,38,0,Craft-repair,Adm-clerical
66,2,33619,11,9,2,0,2,1,0,0,4,38,0,Other-service,Prof-specialty
29,2,128777,5,4,0,4,4,0,0,0,55,38,0,Craft-repair,Machine-op-inspct
48,1,148549,9,13,2,0,4,1,0,0,40,38,0,Prof-specialty,Prof-specialty
26,2,202203,9,13,4,2,4,0,0,0,50,38,0,Adm-clerical,Exec-managerial
38,4,245372,15,10,2,0,4,1,3137,0,50,38,0,Prof-specialty,Craft-repair
41,2,289669,11,9,6,1,4,0,0,0,40,38,0,Machine-op-inspct,Sales
30,4,281030,11,9,4,4,4,1,0,0,66,38,0,Sales,Farming-fishing
28,4,191027,11,9,0,1,4,1,0,0,40,38,0,Farming-fishing,Craft-repair
40,2,97688,15,10,2,0,4,1,0,0,48,38,1,Tech-support,Craft-repair
24,2,215251,9,13,4,1,4,0,0,0,50,38,0,Exec-managerial,Exec-managerial
27,2,236246,7,12,2,0,4,1,0,0,40,38,0,Exec-managerial,Sales
27,2,137645,9,13,4,1,2,0,0,1590,40,38,0,Sales,Adm-clerical
37,2,70240,11,9,4,3,1,0,0,0,40,29,0,Other-service,Sales
49,2,84013,11,9,0,4,4,0,0,0,35,38,0,Other-service,Adm-clerical
22,3,153516,15,10,4,3,4,1,0,0,35,38,0,Craft-repair,Sales
69,2,141181,4,3,2,0,4,1,1797,0,40,38,0,Adm-clerical,Transport-moving
27,2,29261,11,9,1,0,4,1,0,0,40,38,1,Craft-repair,Craft-repair
28,4,278073,11,9,4,2,2,1,0,0,30,38,0,Machine-op-inspct,Craft-repair
57,4,84231,15,10,2,0,4,1,0,0,48,38,0,Other-service,Exec-managerial
42,4,303044,11,9,2,0,1,1,0,0,40,0,1,Farming-fishing,Transport-moving
25,1,276249,12,14,4,3,4,0,0,0,40,38,0,Prof-specialty,Prof-specialty
25,2,209286,15,10,2,0,4,1,0,0,40,38,0,Craft-repair,Exec-managerial
29,2,207064,11,9,2,0,4,1,0,0,40,38,1,Craft-repair,Exec-managerial
35,1,145308,15,10,2,0,4,1,0,0,40,38,0,Other-service,Protective-serv
32,2,174215,15,10,0,4,4,0,0,0,40,38,0,Sales,Adm-clerical
37,2,249720,9,13,4,4,2,0,0,0,27,38,0,Adm-clerical,Prof-specialty
65,2,213477,12,14,0,1,4,1,0,0,28,38,0,Sales,Prof-specialty
38,1,115634,15,10,2,0,4,1,0,0,40,38,0,Exec-managerial,Transport-moving
21,2,277530,11,9,4,3,4,0,0,0,40,38,0,Exec-managerial,Craft-repair
49,3,38819,9,13,2,0,4,1,0,0,50,38,1,Sales,Exec-managerial
31,1,189843,11,9,0,1,4,1,0,0,47,38,1,Protective-serv,Protective-serv
51,2,123011,9,13,0,1,4,1,0,2559,50,38,1,Exec-managerial,Exec-managerial
39,2,30269,8,11,0,4,4,0,0,0,40,38,0,Sales,Adm-clerical
84,2,241065,12,14,4,1,4,1,0,0,66,38,0,Prof-specialty,Prof-specialty
43,2,125461,9,13,2,0,4,1,0,1902,55,38,1,Sales,Exec-managerial
49,2,318331,11,9,0,1,4,1,0,0,40,38,0,Machine-op-inspct,Machine-op-inspct
38,2,239755,1,7,0,1,4,1,0,0,40,38,0,Craft-repair,Craft-repair
34,2,434292,11,9,2,0,2,1,0,0,30,38,0,Other-service,Other-service
17,2,41865,0,6,4,3,4,0,0,0,25,38,0,Other-service,Other-service
36,2,408229,9,13,4,1,4,0,0,0,32,38,0,Prof-specialty,Adm-clerical
38,2,195744,9,13,4,1,4,1,0,0,48,38,0,Other-service,Sales
44,5,59460,11,9,2,5,4,0,0,0,15,38,0,Other-service,Other-service
44,2,201924,9,13,0,4,4,0,0,0,35,38,0,Sales,Prof-specialty
17,2,101626,6,5,4,3,4,1,0,0,20,38,0,Machine-op-inspct,Other-service
51,2,123053,12,14,2,0,1,1,5013,0,40,18,0,Prof-specialty,Prof-specialty
28,2,392487,11,9,2,5,4,0,0,0,40,38,0,Sales,Adm-clerical
42,2,195755,11,9,5,4,4,1,0,0,40,38,0,Craft-repair,Machine-op-inspct
25,3,158751,8,11,4,4,4,1,0,0,55,38,0,Transport-moving,Craft-repair
41,2,111483,11,9,4,3,4,1,0,0,40,38,0,Adm-clerical,Transport-moving
37,2,29145,8,11,4,1,4,1,0,0,40,38,0,Other-service,Craft-repair
40,1,105862,9,13,0,4,4,0,5455,0,40,38,0,Prof-specialty,Prof-specialty
19,2,86860,15,10,4,3,4,1,0,0,15,38,0,Exec-managerial,Other-service
69,1,286983,15,10,2,0,4,1,0,0,40,38,0,Other-service,Transport-moving
45,2,90758,9,13,2,0,4,1,0,0,55,38,1,Exec-managerial,Prof-specialty
44,2,216907,11,9,0,1,4,1,0,0,37,38,0,Other-service,Protective-serv
22,2,126613,15,10,4,3,4,0,0,0,20,38,0,Sales,Other-service
32,2,190228,11,9,4,1,4,1,0,0,60,38,0,Other-service,Transport-moving
41,2,180138,11,9,4,1,4,1,0,0,50,38,0,Sales,Sales
39,2,277886,9,13,2,5,4,0,0,0,30,38,0,Sales,Adm-clerical
24,2,498349,9,13,4,4,2,0,0,0,40,38,0,Transport-moving,Adm-clerical
49,2,281647,12,14,2,0,4,1,0,0,45,38,1,Exec-managerial,Exec-managerial
43,2,184099,7,12,2,0,4,1,0,0,40,38,0,Transport-moving,Sales
32,4,180303,9,13,0,4,1,1,0,0,47,19,0,Craft-repair,Sales
39,2,454915,11,9,4,2,4,1,0,0,40,38,0,Handlers-cleaners,Other-service
33,2,201988,12,14,2,0,4,1,0,0,45,38,0,Prof-specialty,Prof-specialty
28,5,73211,15,10,2,0,1,1,0,0,20,38,0,Adm-clerical,Other-service
34,4,304622,9,13,0,4,4,0,0,0,50,38,0,Prof-specialty,Exec-managerial
41,2,188615,15,10,2,0,4,1,0,0,40,38,1,Craft-repair,Prof-specialty
43,2,96249,11,9,2,0,4,1,0,0,42,38,1,Machine-op-inspct,Craft-repair
31,2,240283,9,13,2,5,4,0,0,0,40,38,1,Adm-clerical,Exec-managerial
44,2,230592,9,13,4,1,4,1,0,0,35,38,0,Tech-support,Prof-specialty
70,2,105376,15,10,4,2,4,1,0,0,40,38,0,Tech-support,Prof-specialty
36,2,190023,11,9,2,0,4,1,0,0,60,38,1,Transport-moving,Craft-repair
62,4,159939,11,9,2,0,4,1,0,0,35,38,0,Farming-fishing,Farming-fishing
34,2,82623,11,9,2,0,4,1,0,0,20,38,0,Other-service,Craft-repair
20,2,38001,15,10,4,3,4,0,0,0,20,38,0,Other-service,Exec-managerial
39,4,148443,11,9,2,0,4,1,0,0,60,38,0,Farming-fishing,Craft-repair
47,2,112791,11,9,2,0,4,1,0,0,40,38,0,Protective-serv,Adm-clerical
70,2,315868,9,13,0,1,4,1,0,0,40,38,0,Adm-clerical,Prof-specialty
64,2,126233,11,9,2,0,4,1,0,0,20,38,0,Exec-managerial,Transport-moving
44,2,162108,9,13,4,1,4,0,0,0,45,38,0,Prof-specialty,Prof-specialty
39,1,86551,11,9,0,1,4,1,0,1876,40,38,0,Craft-repair,Other-service
20,2,56322,15,10,4,3,4,1,0,0,20,38,0,Other-service,Sales
42,2,245626,11,9,2,0,0,1,0,0,60,38,0,Craft-repair,Transport-moving
49,2,423222,12,14,2,0,4,1,0,0,50,38,1,Sales,Exec-managerial
31,2,272856,11,9,4,3,2,1,0,0,50,8,0,Craft-repair,Machine-op-inspct
48,5,353824,11,9,2,0,4,1,0,0,72,38,1,Protective-serv,Craft-repair
35,2,65876,11,9,2,0,4,1,0,0,40,38,0,Craft-repair,Craft-repair
51,3,100029,10,16,2,0,4,1,15024,0,40,38,1,Prof-specialty,Prof-specialty
47,2,98012,12,14,2,5,4,0,7688,0,40,38,1,Prof-specialty,Adm-clerical
56,2,174040,11,9,0,1,4,1,0,0,40,38,0,Other-service,Craft-repair
41,2,132633,1,7,0,4,4,0,0,0,25,12,0,Priv-house-serv,Other-service
33,2,198660,11,9,2,0,4,1,99999,0,56,38,1,Machine-op-inspct,Sales
52,2,139671,15,10,2,0,4,1,0,1977,50,38,1,Exec-managerial,Craft-repair
21,2,78170,11,9,4,1,4,1,0,0,42,38,0,Craft-repair,Craft-repair
49,3,101722,14,15,2,0,4,1,0,0,60,38,1,Prof-specialty,Prof-specialty
42,4,126614,9,13,0,1,3,1,0,0,30,19,0,Exec-managerial,Exec-managerial
47,0,102771,10,16,2,0,4,1,0,0,40,38,1,Prof-specialty,Prof-specialty
39,3,286261,12,14,4,1,4,0,0,0,40,38,0,Prof-specialty,Prof-specialty
21,2,190761,0,6,2,0,4,1,0,0,70,38,0,Farming-fishing,Craft-repair
39,2,248694,11,9,4,1,4,1,0,0,60,38,0,Craft-repair,Craft-repair
43,1,223861,8,11,0,1,4,0,0,0,40,38,0,Exec-managerial,Adm-clerical
18,2,83451,11,9,4,3,4,0,0,0,30,38,0,Other-service,Sales
42,2,342865,11,9,2,0,4,1,0,0,40,38,0,Sales,Handlers-cleaners
50,4,89737,15,10,2,0,4,1,0,0,48,38,0,Craft-repair,Sales
34,2,27380,9,13,2,0,4,1,0,0,50,38,1,Farming-fishing,Sales
36,2,300829,7,12,0,4,4,0,0,0,42,38,0,Adm-clerical,Exec-managerial
33,2,340332,9,13,5,1,2,0,0,0,45,38,0,Exec-managerial,Prof-specialty
40,2,184105,8,11,2,0,4,1,0,0,40,38,1,Craft-repair,Sales
21,2,121407,8,11,4,3,4,0,0,0,36,38,0,Other-service,Adm-clerical
51,3,98642,11,9,0,1,4,1,14084,0,40,38,1,Exec-managerial,Machine-op-inspct
45,0,98524,7,12,2,0,4,1,0,0,40,38,1,Adm-clerical,Adm-clerical
48,2,164966,9,13,2,0,1,1,0,0,40,18,1,Exec-managerial,Exec-managerial
34,5,61431,2,8,4,1,2,0,0,0,40,38,0,Adm-clerical,Sales
31,2,373185,15,10,4,4,4,1,0,0,42,25,0,Craft-repair,Craft-repair
27,2,136094,11,9,4,3,4,1,0,0,40,38,0,Handlers-cleaners,Craft-repair
46,2,328216,9,13,2,0,4,1,15024,0,40,38,1,Exec-managerial,Transport-moving
46,4,122206,11,9,2,0,4,1,0,0,50,38,0,Exec-managerial,Exec-managerial
48,0,167749,11,9,2,5,4,0,0,0,40,38,1,Adm-clerical,Adm-clerical
44,2,143368,15,10,4,1,2,1,0,0,55,38,0,Other-service,Sales
37,2,175232,12,14,0,4,4,1,0,0,60,38,1,Exec-managerial,Exec-managerial
44,2,193524,15,10,2,0,4,1,0,0,40,38,0,Prof-specialty,Transport-moving
29,2,124680,9,13,4,1,4,0,13550,0,35,38,1,Sales,Prof-specialty
32,2,190784,15,10,0,4,0,1,0,0,40,38,0,Machine-op-inspct,Craft-repair
62,2,98076,9,13,2,0,4,1,0,0,40,38,1,Exec-managerial,Prof-specialty
18,2,240543,1,7,4,3,4,0,0,0,20,38,0,Other-service,Exec-managerial
50,2,195784,2,8,0,4,4,1,0,0,40,38,0,Handlers-cleaners,Transport-moving
19,2,60661,11,9,4,3,4,1,0,0,52,38,0,Handlers-cleaners,Other-service
36,2,192664,1,7,4,3,4,1,0,0,40,38,0,Craft-repair,Handlers-cleaners
43,2,188808,12,14,2,0,4,1,0,0,45,38,1,Exec-managerial,Exec-managerial
45,2,118291,15,10,4,1,4,0,0,0,80,38,0,Craft-repair,Other-service
53,4,145419,3,2,2,0,4,1,7688,0,67,21,1,Exec-managerial,Farming-fishing
47,1,191389,11,9,0,4,4,0,0,0,35,38,0,Adm-clerical,Adm-clerical
57,2,223214,11,9,2,0,4,1,0,0,50,38,0,Sales,Craft-repair
30,2,174201,15,10,4,3,4,1,0,0,40,38,0,Craft-repair,Craft-repair
33,2,200246,15,10,3,1,4,1,0,0,40,38,0,Prof-specialty,Prof-specialty
21,2,204596,7,12,4,3,4,0,0,0,8,38,0,Adm-clerical,Other-service
41,0,106982,15,10,0,4,4,0,0,0,40,38,1,Prof-specialty,Exec-managerial
41,5,222434,7,12,2,0,4,1,0,0,40,38,0,Protective-serv,Craft-repair
34,2,340880,11,9,2,0,4,1,0,0,60,29,1,Prof-specialty,Craft-repair
41,2,355918,15,10,2,0,4,1,0,0,65,38,1,Transport-moving,Craft-repair
21,2,282484,15,10,4,3,4,0,0,0,40,38,0,Other-service,Adm-clerical
45,2,116360,11,9,0,1,2,0,0,0,35,38,0,Other-service,Other-service
61,2,85194,15,10,2,0,4,1,0,0,25,38,0,Tech-support,Handlers-cleaners
23,2,237044,11,9,4,3,2,1,0,0,12,38,0,Other-service,Protective-serv
22,2,107882,9,13,4,3,4,0,0,0,35,38,0,Exec-managerial,Adm-clerical
18,2,192409,15,10,4,3,4,0,0,0,20,38,0,Sales,Sales
67,2,257557,5,4,2,0,2,1,10566,0,40,38,0,Transport-moving,Craft-repair
22,2,383603,15,10,4,3,4,0,0,0,40,38,0,Adm-clerical,Adm-clerical
64,1,113324,11,9,6,1,4,1,0,0,40,38,0,Exec-managerial,Craft-repair
24,2,200819,2,8,4,1,4,1,0,0,40,38,0,Sales,Craft-repair
27,2,180758,15,10,2,0,4,1,0,0,30,38,0,Handlers-cleaners,Sales
35,4,188540,6,5,2,0,4,1,0,0,50,38,0,Craft-repair,Farming-fishing
34,4,313729,9,13,2,0,4,1,0,0,60,38,1,Sales,Sales
19,2,292590,15,10,4,3,4,0,0,0,20,38,0,Other-service,Adm-clerical
50,2,192964,11,9,0,4,4,0,0,0,65,38,0,Sales,Adm-clerical
17,2,250541,0,6,4,3,2,1,0,0,20,38,0,Other-service,Other-service
52,1,392668,8,11,2,0,4,1,0,0,40,38,1,Protective-serv,Craft-repair
37,2,265737,15,10,2,0,2,1,0,1887,60,4,1,Exec-managerial,Craft-repair
58,2,267663,5,4,2,0,4,1,0,0,40,25,0,Transport-moving,Machine-op-inspct
41,2,101290,11,9,0,4,4,0,0,0,40,38,0,Sales,Sales
42,2,141558,12,14,2,0,4,1,0,0,60,38,0,Prof-specialty,Prof-specialty
40,0,280167,12,14,2,0,4,1,0,0,40,38,1,Prof-specialty,Exec-managerial
25,2,191921,15,10,4,3,4,1,0,0,40,38,0,Transport-moving,Machine-op-inspct
34,2,215047,15,10,4,1,4,1,0,0,45,38,0,Exec-managerial,Sales
18,2,157131,2,8,4,3,4,0,0,0,8,38,0,Sales,Sales
37,2,86150,9,13,2,5,1,0,0,0,30,38,1,Other-service,Craft-repair
21,2,82497,15,10,4,1,4,0,0,0,30,38,0,Other-service,Adm-clerical
45,2,329144,15,10,2,0,4,1,0,0,40,38,1,Sales,Craft-repair
22,2,279901,11,9,2,3,2,1,0,0,40,38,0,Other-service,Other-service
17,2,329783,0,6,4,2,4,0,0,0,10,38,0,Sales,Sales
19,5,37332,11,9,4,1,4,0,0,0,20,38,0,Adm-clerical,Other-service
20,2,204641,15,10,4,3,4,1,0,0,40,38,0,Other-service,Prof-specialty
53,2,320510,0,6,0,1,4,1,0,0,40,38,0,Craft-repair,Machine-op-inspct
38,2,338320,9,13,2,0,4,1,0,0,40,1,0,Prof-specialty,Prof-specialty
38,2,91039,12,14,2,0,4,1,0,0,65,38,1,Exec-managerial,Exec-managerial
39,2,126494,11,9,0,4,4,0,0,0,40,38,0,Prof-specialty,Adm-clerical
33,2,40681,15,10,4,1,4,0,3674,0,16,38,0,Prof-specialty,Adm-clerical
41,1,133692,9,13,0,4,4,0,0,0,40,38,0,Protective-serv,Prof-specialty
20,2,227554,15,10,3,3,2,0,0,0,18,38,0,Sales,Sales
59,2,395736,11,9,2,0,4,1,0,0,40,38,1,Handlers-cleaners,Sales
55,2,144071,9,13,2,0,4,1,0,0,18,38,1,Tech-support,Exec-managerial
28,0,42003,15,10,2,0,4,1,0,0,40,38,1,Adm-clerical,Exec-managerial
36,2,346478,9,13,2,0,4,1,0,2415,45,38,1,Sales,Exec-managerial
32,2,63564,11,9,4,3,2,0,0,0,40,38,0,Other-service,Sales
43,2,112763,11,9,4,4,4,0,8614,0,43,38,1,Adm-clerical,Adm-clerical
38,3,141584,11,9,0,4,4,1,0,0,55,38,0,Sales,Craft-repair
29,2,184078,11,9,4,2,4,0,0,0,40,38,0,Other-service,Adm-clerical
23,2,198996,11,9,4,1,4,0,0,0,40,38,0,Adm-clerical,Adm-clerical
17,2,228399,1,7,4,3,4,0,0,0,7,38,0,Other-service,Other-service
63,2,76860,9,13,2,0,1,1,0,0,40,29,1,Protective-serv,Exec-managerial
23,2,182812,15,10,4,3,4,0,0,0,40,5,0,Other-service,Adm-clerical
47,2,355320,9,13,2,0,4,1,15024,0,40,38,1,Prof-specialty,Transport-moving
19,2,38294,11,9,4,2,4,1,2597,0,40,38,0,Handlers-cleaners,Machine-op-inspct
71,2,78277,11,9,2,0,4,1,0,0,15,38,0,Craft-repair,Sales
61,2,115023,15,10,2,0,4,1,0,0,50,38,1,Prof-specialty,Sales
32,5,182556,9,13,2,0,4,1,0,1887,45,38,1,Protective-serv,Prof-specialty
36,1,339772,11,9,5,1,2,1,0,0,40,38,0,Exec-managerial,Other-service
47,2,329144,11,9,2,0,4,1,4386,0,45,38,1,Sales,Sales
31,2,302626,15,10,0,4,4,0,0,0,40,38,0,Adm-clerical,Adm-clerical
62,2,122246,15,10,4,1,4,0,8614,0,39,38,1,Craft-repair,Adm-clerical
19,2,257750,15,10,4,2,4,0,0,0,25,38,0,Sales,Other-service
18,2,77845,15,10,4,3,4,1,0,1602,15,38,0,Adm-clerical,Other-service
44,2,267717,12,14,2,0,4,1,0,0,42,38,1,Prof-specialty,Exec-managerial
39,4,326400,12,14,4,1,4,1,0,0,40,38,0,Prof-specialty,Exec-managerial
40,2,118001,11,9,4,1,2,1,0,0,40,38,0,Handlers-cleaners,Craft-repair
21,2,285127,11,9,4,1,2,0,0,0,40,38,0,Handlers-cleaners,Other-service
58,0,139290,9,13,2,0,4,1,0,0,40,38,1,Adm-clerical,Prof-specialty
56,1,242670,15,10,6,4,4,0,0,0,40,38,0,Adm-clerical,Adm-clerical
38,2,208358,8,11,2,0,4,1,0,0,40,38,0,Sales,Other-service
41,2,173858,5,4,2,0,1,1,0,0,40,2,0,Craft-repair,Other-service
31,2,219619,11,9,4,2,4,1,0,0,48,38,0,Sales,Craft-repair
21,2,349041,11,9,4,1,4,1,0,0,40,38,0,Handlers-cleaners,Sales
42,4,436107,7,12,2,0,4,1,0,0,50,38,0,Transport-moving,Sales
76,2,203910,11,9,6,1,4,1,0,0,17,38,0,Other-service,Adm-clerical
22,5,292933,9,13,4,3,4,0,0,0,10,38,0,Adm-clerical,Prof-specialty
37,2,255621,11,9,5,1,4,1,0,0,50,38,0,Craft-repair,Transport-moving
43,1,92374,12,14,2,5,2,0,0,0,35,38,1,Prof-specialty,Prof-specialty
32,0,90653,11,9,4,4,4,0,0,1380,40,38,0,Exec-managerial,Machine-op-inspct
39,5,121838,11,9,0,4,2,0,0,0,40,38,0,Other-service,Adm-clerical
49,2,309033,8,11,2,5,4,0,15024,0,60,38,1,Prof-specialty,Exec-managerial
50,2,166758,15,10,0,1,4,0,0,0,15,38,0,Other-service,Adm-clerical
51,1,114508,6,5,5,2,4,0,0,0,40,38,0,Other-service,Other-service
17,2,138293,1,7,4,3,4,1,0,0,15,38,0,Handlers-cleaners,Sales
23,5,278155,9,13,4,3,4,1,0,0,40,38,0,Adm-clerical,Protective-serv
29,4,33798,11,9,2,0,4,1,0,0,45,38,0,Transport-moving,Craft-repair
52,2,124591,11,9,4,4,4,1,0,0,40,38,0,Handlers-cleaners,Craft-repair
67,2,172756,3,2,6,1,4,0,2062,0,34,6,0,Machine-op-inspct,Other-service
35,2,161637,10,16,2,0,1,1,0,1902,40,35,1,Prof-specialty,Prof-specialty
48,2,249935,11,9,2,0,4,1,0,0,44,38,0,Transport-moving,Craft-repair
41,2,320744,11,9,4,1,4,1,3325,0,50,38,0,Craft-repair,Sales
36,2,237943,12,14,2,0,4,1,15024,0,50,38,1,Exec-managerial,Exec-managerial
51,2,84399,11,9,2,0,2,1,0,0,40,38,0,Machine-op-inspct,Craft-repair
59,1,53304,9,13,2,0,4,1,0,0,50,38,1,Prof-specialty,Prof-specialty
44,1,151089,11,9,2,0,4,1,0,0,40,38,0,Machine-op-inspct,Transport-moving
29,2,58522,11,9,2,0,4,1,0,0,40,38,0,Craft-repair,Craft-repair
42,2,228456,9,13,5,2,2,1,0,0,50,38,0,Other-service,Sales
22,5,264102,15,10,4,2,2,1,0,0,39,13,0,Other-service,Other-service
46,2,54985,11,9,2,0,4,1,0,1887,40,38,1,Machine-op-inspct,Craft-repair
32,2,260954,1,7,2,0,4,1,0,2042,30,38,0,Craft-repair,Craft-repair
33,2,184901,11,9,2,0,4,1,0,0,40,38,1,Machine-op-inspct,Craft-repair
47,1,200471,11,9,2,0,4,1,5178,0,40,38,1,Transport-moving,Other-service
30,2,206325,1,7,2,0,4,1,0,0,45,38,0,Craft-repair,Craft-repair
26,2,330695,15,10,2,0,4,1,0,0,40,38,0,Machine-op-inspct,Protective-serv
40,2,69333,9,13,2,0,4,1,0,0,40,38,0,Farming-fishing,Sales
33,2,214635,11,9,2,0,2,1,0,0,36,13,0,Other-service,Craft-repair
37,2,301568,2,8,4,3,4,0,0,0,40,38,0,Other-service,Machine-op-inspct
34,2,338416,0,6,0,1,2,1,0,0,60,38,0,Machine-op-inspct,Machine-op-inspct
41,1,185057,12,14,4,1,4,0,0,0,40,38,0,Prof-specialty,Prof-specialty
53,2,239284,11,9,0,4,4,0,0,0,40,38,0,Adm-clerical,Prof-specialty
51,2,289572,9,13,2,0,4,1,7688,0,50,38,1,Sales,Sales
26,2,377754,11,9,4,1,4,1,0,0,40,38,0,Machine-op-inspct,Sales
42,2,190403,15,10,5,1,4,1,0,0,60,1,0,Exec-managerial,Craft-repair
44,2,178385,12,14,2,0,1,1,0,0,48,18,0,Exec-managerial,Prof-specialty
50,2,188186,12,14,0,1,4,0,0,1590,45,38,0,Sales,Prof-specialty
65,0,179985,11,9,0,1,4,0,0,0,40,38,0,Adm-clerical,Adm-clerical
30,1,47085,0,6,2,0,4,1,0,0,40,38,0,Craft-repair,Craft-repair
18,2,268952,2,8,4,3,4,1,0,0,20,38,0,Other-service,Handlers-cleaners
57,2,230899,4,3,5,1,4,0,0,0,40,38,0,Machine-op-inspct,Machine-op-inspct
50,2,100109,9,13,0,4,4,1,0,0,45,38,1,Exec-managerial,Exec-managerial
25,2,121712,9,13,0,1,4,1,0,0,40,38,0,Craft-repair,Exec-managerial
33,4,235271,9,13,0,1,4,1,0,0,50,38,1,Sales,Prof-specialty
21,2,170456,7,12,4,3,4,1,0,0,15,38,0,Handlers-cleaners,Other-service
53,2,47396,15,10,2,0,4,1,0,0,50,38,1,Adm-clerical,Exec-managerial
23,0,39603,15,10,4,4,0,1,0,0,40,38,0,Craft-repair,Handlers-cleaners
35,2,48404,11,9,4,3,4,0,0,0,40,38,0,Sales,Other-service
20,2,42279,15,10,4,1,4,0,0,0,40,38,0,Exec-managerial,Tech-support
34,2,90614,7,12,2,0,4,1,0,2042,10,38,0,Tech-support,Prof-specialty
33,5,220066,10,16,2,5,4,0,0,0,48,38,1,Prof-specialty,Prof-specialty
34,4,527162,15,10,2,0,4,1,0,0,30,38,0,Exec-managerial,Craft-repair
27,2,138705,11,9,2,0,4,1,0,0,53,38,0,Craft-repair,Transport-moving
17,1,308901,1,7,4,3,4,0,0,0,15,38,0,Adm-clerical,Other-service
18,2,180039,2,8,4,3,4,0,0,0,20,38,0,Sales,Sales
45,2,101452,12,14,2,0,4,1,15024,0,60,8,1,Exec-managerial,Exec-managerial
26,2,340335,9,13,4,1,4,0,0,0,40,38,0,Adm-clerical,Exec-managerial
45,2,38950,9,13,4,1,4,1,0,0,40,38,0,Craft-repair,Prof-specialty
59,2,146391,10,16,2,0,4,1,0,0,50,38,1,Prof-specialty,Prof-specialty
47,2,362654,11,9,2,0,4,1,0,0,40,38,0,Machine-op-inspct,Machine-op-inspct
47,5,306473,7,12,2,0,4,1,0,0,40,38,0,Transport-moving,Prof-specialty
42,2,86185,15,10,6,1,0,0,0,0,40,38,0,Exec-managerial,Exec-managerial
21,2,229826,15,10,2,0,4,1,0,0,20,38,0,Machine-op-inspct,Handlers-cleaners
35,2,227571,5,4,2,0,4,1,0,0,40,25,0,Handlers-cleaners,Tech-support
26,2,151626,9,13,4,1,2,0,0,0,45,38,0,Prof-specialty,Exec-managerial
59,4,64102,5,4,2,0,4,1,0,0,20,38,0,Craft-repair,Craft-repair
46,4,198759,14,15,2,0,4,1,0,2415,80,38,1,Prof-specialty,Prof-specialty
30,2,378723,15,10,0,3,4,0,0,0,55,38,0,Adm-clerical,Adm-clerical
21,2,65038,11,9,4,3,4,1,0,0,40,38,0,Machine-op-inspct,Other-service
45,2,433665,5,4,5,4,4,0,0,0,40,25,0,Other-service,Other-service
44,2,203761,9,13,4,3,4,1,10520,0,40,38,1,Prof-specialty,Prof-specialty
35,2,194960,11,9,4,1,3,1,0,0,40,32,0,Farming-fishing,Machine-op-inspct
49,2,165513,15,10,0,4,2,0,0,0,40,38,0,Handlers-cleaners,Other-service
22,4,32921,15,10,4,3,4,1,0,0,20,38,0,Farming-fishing,Craft-repair
34,2,118941,1,7,4,1,4,0,0,0,40,20,0,Other-service,Sales
46,3,120121,9,13,2,0,4,1,0,0,50,38,1,Sales,Exec-managerial
44,2,109273,15,10,4,1,4,1,0,0,38,38,0,Craft-repair,Other-service
23,2,161478,15,10,4,3,1,0,0,0,23,38,0,Other-service,Other-service
53,2,223660,11,9,6,1,4,1,6849,0,40,38,0,Machine-op-inspct,Machine-op-inspct
32,2,282611,9,13,4,1,4,0,0,0,40,38,0,Exec-managerial,Adm-clerical
36,2,94954,11,9,0,1,4,0,0,0,40,38,0,Transport-moving,Exec-managerial
17,2,54257,1,7,4,3,4,0,0,0,20,38,0,Adm-clerical,Prof-specialty
43,4,101534,15,10,2,0,4,1,0,1902,15,38,1,Exec-managerial,Prof-specialty
19,2,41745,15,10,4,3,4,0,0,0,40,38,0,Exec-managerial,Other-service
63,1,214143,9,13,2,0,4,1,0,0,40,4,0,Transport-moving,Prof-specialty
26,2,282142,8,11,2,5,4,0,0,0,40,38,0,Exec-managerial,Adm-clerical
51,2,200450,11,9,2,0,4,1,0,0,48,38,0,Handlers-cleaners,Machine-op-inspct
53,1,140359,13,1,4,1,4,0,0,0,35,38,0,Machine-op-inspct,Adm-clerical
34,2,56883,15,10,4,4,4,0,0,0,40,38,0,Other-service,Adm-clerical
28,2,147560,15,10,2,0,4,1,0,1902,55,38,1,Sales,Exec-managerial
26,2,210714,11,9,2,0,4,1,0,0,52,38,1,Transport-moving,Craft-repair
47,5,469907,7,12,2,0,4,1,0,1740,40,38,0,Protective-serv,Craft-repair
25,2,52536,7,12,0,3,4,0,0,1594,25,38,0,Tech-support,Adm-clerical
35,2,199753,11,9,4,3,4,1,0,0,48,38,0,Machine-op-inspct,Machine-op-inspct
25,1,225193,9,13,4,1,2,0,0,0,40,38,0,Prof-specialty,Prof-specialty
20,2,221955,4,3,3,2,4,1,0,0,40,25,0,Farming-fishing,Farming-fishing
37,1,180342,9,13,2,0,4,1,0,0,40,38,1,Other-service,Protective-serv
34,2,186346,11,9,5,1,4,0,0,0,40,38,0,Other-service,Other-service
37,2,340614,12,14,2,0,4,1,0,0,50,38,1,Prof-specialty,Exec-managerial
30,2,35644,11,9,4,3,4,1,0,0,10,38,0,Other-service,Other-service
25,2,212522,11,9,4,2,4,1,0,0,40,38,0,Craft-repair,Handlers-cleaners
30,2,310889,15,10,4,1,4,1,0,0,55,38,0,Handlers-cleaners,Sales
48,2,96798,12,14,0,1,4,1,0,0,35,38,0,Sales,Prof-specialty
59,2,515712,5,4,2,0,4,1,0,0,40,38,0,Craft-repair,Machine-op-inspct
76,2,239880,11,9,0,1,4,0,0,0,8,38,0,Adm-clerical,Other-service
28,2,133625,11,9,2,0,2,1,0,0,40,38,0,Transport-moving,Exec-managerial
48,2,33669,15,10,2,0,4,1,0,0,60,38,0,Transport-moving,Transport-moving
39,0,232036,15,10,2,0,4,1,0,0,40,38,1,Adm-clerical,Adm-clerical
22,2,437994,15,10,4,2,2,1,0,0,20,38,0,Other-service,Other-service
30,2,329425,15,10,4,3,4,1,0,0,48,38,0,Protective-serv,Exec-managerial
60,2,127084,11,9,2,0,4,1,0,2042,34,38,0,Protective-serv,Craft-repair
30,2,263150,11,9,0,4,4,0,0,0,20,38,0,Machine-op-inspct,Adm-clerical
45,2,192776,9,13,2,0,4,1,7298,0,55,38,1,Craft-repair,Exec-managerial
43,2,228320,11,9,2,0,4,1,0,0,40,38,0,Exec-managerial,Craft-repair
46,2,328216,11,9,2,0,4,1,0,0,40,38,1,Craft-repair,Craft-repair
32,1,223267,11,9,2,0,4,1,0,0,40,38,0,Transport-moving,Transport-moving
28,1,197932,15,10,4,3,4,0,0,0,16,38,0,Adm-clerical,Other-service
24,2,456460,7,12,2,5,4,0,0,0,40,38,0,Adm-clerical,Adm-clerical
43,2,111483,15,10,2,0,4,1,7298,0,40,38,1,Sales,Sales
38,2,111377,15,10,2,0,4,1,0,0,55,38,0,Exec-managerial,Sales
24,2,201680,11,9,4,4,4,1,0,0,60,38,0,Adm-clerical,Farming-fishing
23,2,208826,9,13,4,1,4,0,0,0,40,38,0,Other-service,Adm-clerical
29,0,124953,8,11,2,0,4,1,0,0,42,38,1,Tech-support,Adm-clerical
90,1,214594,5,4,2,0,4,1,2653,0,40,38,0,Protective-serv,Craft-repair
75,4,309955,14,15,2,0,4,1,0,2174,50,38,1,Prof-specialty,Prof-specialty
61,2,106330,11,9,2,0,4,1,0,0,40,38,0,Craft-repair,Craft-repair
40,4,30759,8,11,2,0,4,1,0,0,60,38,0,Farming-fishing,Farming-fishing
47,2,128796,11,9,2,0,4,1,0,0,40,38,1,Craft-repair,Craft-repair
29,2,358124,11,9,4,2,2,0,0,0,52,38,0,Other-service,Adm-clerical
55,5,296991,14,15,2,0,4,1,15024,0,40,38,1,Prof-specialty,Exec-managerial
47,2,664821,9,13,2,0,4,1,0,0,40,7,0,Other-service,Prof-specialty
34,2,39609,8,11,0,4,4,0,0,0,40,38,0,Adm-clerical,Craft-repair
50,0,222020,11,9,2,0,4,1,0,0,48,38,0,Adm-clerical,Adm-clerical
39,2,63021,15,10,0,1,4,0,0,0,20,38,0,Other-service,Adm-clerical
45,2,140644,10,16,0,1,4,1,0,0,45,38,1,Prof-specialty,Prof-specialty
64,3,179436,9,13,2,0,4,1,15024,0,55,38,1,Exec-managerial,Sales
22,1,138575,11,9,4,4,4,1,0,0,56,38,0,Protective-serv,Adm-clerical
51,4,313702,11,9,4,1,4,1,0,0,40,38,0,Sales,Craft-repair
59,2,380357,9,13,0,1,4,1,0,0,40,38,0,Exec-managerial,Prof-specialty
74,5,117017,15,10,5,1,4,1,0,0,16,38,0,Sales,Prof-specialty
58,3,104333,11,9,0,1,4,1,0,0,50,38,0,Sales,Sales
34,2,293900,1,7,3,1,2,1,0,0,55,38,0,Craft-repair,Transport-moving
31,2,169002,11,9,2,0,4,1,0,0,55,38,0,Handlers-cleaners,Craft-repair
39,3,372525,12,14,2,0,4,1,0,0,60,38,1,Exec-managerial,Exec-managerial
21,2,247779,1,7,4,3,4,0,0,0,38,38,0,Sales,Sales
29,2,34796,11,9,4,1,4,1,0,0,40,38,0,Exec-managerial,Exec-managerial
44,2,167005,15,10,2,0,4,1,4386,0,55,38,0,Craft-repair,Sales
47,2,192984,15,10,6,4,4,0,0,0,40,38,0,Adm-clerical,Other-service
58,2,145574,1,7,2,0,4,1,0,0,40,38,0,Craft-repair,Sales
26,1,265230,9,13,4,1,2,0,0,0,40,38,0,Prof-specialty,Prof-specialty
27,2,386040,8,11,2,0,4,1,0,0,40,25,0,Craft-repair,Craft-repair
25,2,252752,15,10,4,1,4,0,0,0,45,38,0,Transport-moving,Other-service
27,2,203776,11,9,2,0,4,1,0,0,50,38,0,Craft-repair,Handlers-cleaners
22,2,321031,11,9,4,3,2,0,0,0,40,38,0,Sales,Sales
30,5,111883,15,10,4,1,4,1,0,0,40,38,0,Prof-specialty,Craft-repair
48,4,309895,15,10,0,3,4,0,0,0,40,38,0,Handlers-cleaners,Other-service
33,2,135312,9,13,4,1,4,1,0,0,40,38,1,Prof-specialty,Prof-specialty
31,2,258932,11,9,3,1,4,0,0,0,80,21,0,Other-service,Priv-house-serv
31,2,312667,6,5,2,0,4,1,0,0,40,38,0,Craft-repair,Craft-repair
22,2,243178,9,13,4,3,4,1,0,0,20,38,0,Adm-clerical,Sales
62,0,125155,11,9,2,0,4,1,0,0,38,38,0,Adm-clerical,Adm-clerical
22,2,349368,15,10,2,5,4,0,0,0,40,38,0,Adm-clerical,Exec-managerial
43,2,111252,15,10,2,0,4,1,0,0,42,38,0,Transport-moving,Protective-serv
29,2,210464,6,5,2,0,4,1,0,0,40,38,0,Machine-op-inspct,Craft-repair
39,3,218184,6,5,2,0,4,1,0,1651,40,25,0,Exec-managerial,Other-service
39,0,129573,9,13,4,1,4,1,0,1741,40,38,0,Adm-clerical,Prof-specialty
24,3,234663,9,13,4,3,4,1,0,0,40,38,0,Exec-managerial,Exec-managerial
38,3,244803,15,10,2,0,4,1,0,1485,60,4,1,Sales,Exec-managerial
42,2,402367,15,10,2,0,2,1,7688,0,45,38,1,Transport-moving,Craft-repair
35,2,108140,9,13,2,0,4,1,0,0,40,38,1,Exec-managerial,Tech-support
33,2,144949,12,14,2,0,4,1,15024,0,40,38,1,Prof-specialty,Prof-specialty
28,2,129460,6,5,4,1,4,1,0,0,40,7,0,Craft-repair,Craft-repair
36,2,110998,12,14,6,4,1,0,0,0,40,18,0,Tech-support,Prof-specialty
45,1,287920,12,14,2,0,4,1,0,0,50,38,1,Prof-specialty,Exec-managerial
84,4,155057,9,13,2,0,4,1,0,0,20,38,0,Farming-fishing,Prof-specialty
60,2,166330,11,9,2,5,4,0,0,0,40,38,0,Adm-clerical,Adm-clerical
32,2,311524,11,9,4,3,2,1,0,0,38,38,0,Craft-repair,Transport-moving
30,2,487330,15,10,2,0,4,1,0,0,30,38,0,Machine-op-inspct,Handlers-cleaners
47,2,456661,5,4,2,0,4,1,0,0,40,25,0,Craft-repair,Farming-fishing
54,2,87205,11,9,6,1,4,0,0,0,15,38,0,Other-service,Machine-op-inspct
36,3,27408,8,11,2,0,4,1,0,0,60,38,0,Sales,Sales
60,2,325971,11,9,2,0,4,1,7688,0,40,38,1,Machine-op-inspct,Exec-managerial
48,4,379883,12,14,2,0,4,1,0,0,40,25,1,Exec-managerial,Exec-managerial
45,2,140644,11,9,2,0,4,1,0,0,40,38,0,Machine-op-inspct,Machine-op-inspct
46,1,316205,9,13,2,0,2,1,0,0,40,38,1,Exec-managerial,Protective-serv
57,3,180211,14,15,2,0,1,1,0,0,50,35,1,Prof-specialty,Prof-specialty
49,2,122206,8,11,2,0,4,1,0,0,25,38,0,Sales,Transport-moving
24,2,170070,9,13,4,1,4,0,0,0,20,38,0,Tech-support,Adm-clerical
17,2,132636,1,7,4,3,4,0,0,0,15,38,0,Sales,Transport-moving
24,2,464103,11,9,4,1,4,1,0,0,50,38,0,Adm-clerical,Craft-repair
38,2,112093,1,7,2,0,4,1,0,0,40,38,0,Transport-moving,Craft-repair
41,2,138975,9,13,2,0,4,1,7688,0,45,38,1,Exec-managerial,Sales
62,2,183735,15,10,2,0,4,1,0,0,40,38,0,Exec-managerial,Prof-specialty
32,3,317660,11,9,2,0,4,1,7688,0,40,38,1,Craft-repair,Craft-repair
40,2,96509,15,10,2,0,0,1,0,0,40,38,1,Prof-specialty,Craft-repair
18,2,35065,11,9,4,1,2,1,0,0,35,38,0,Transport-moving,Other-service
35,2,186035,8,11,4,1,4,1,0,0,40,38,0,Tech-support,Craft-repair
39,2,187098,14,15,2,5,4,0,15024,0,47,38,1,Exec-managerial,Prof-specialty
41,2,101593,12,14,2,0,4,1,15024,0,50,38,1,Prof-specialty,Exec-managerial
27,4,114225,15,10,4,1,4,1,0,0,60,38,1,Exec-managerial,Craft-repair
29,2,107458,9,13,4,1,4,1,0,0,50,38,0,Sales,Prof-specialty
25,2,378322,11,9,4,1,4,1,0,2001,50,38,0,Craft-repair,Sales
33,2,106976,11,9,0,4,4,0,0,0,40,38,0,Other-service,Sales
57,2,255109,11,9,4,1,4,0,0,0,45,38,0,Exec-managerial,Prof-specialty
37,5,210452,12,14,2,0,4,1,0,0,38,38,0,Exec-managerial,Exec-managerial
27,2,123984,7,12,4,1,1,0,0,0,35,29,0,Other-service,Other-service
46,1,65535,9,13,2,0,4,1,0,0,48,38,1,Exec-managerial,Prof-specialty
25,2,427744,0,6,2,0,4,1,0,0,40,38,0,Exec-managerial,Handlers-cleaners
27,1,273929,11,9,4,3,4,1,0,0,40,38,0,Farming-fishing,Protective-serv
26,2,77698,15,10,2,5,1,0,0,0,40,38,0,Prof-specialty,Sales
23,0,344394,15,10,2,2,4,0,0,0,40,38,0,Adm-clerical,Adm-clerical
59,4,309124,11,9,2,0,4,1,0,0,40,38,1,Transport-moving,Exec-managerial
36,2,126954,11,9,0,1,4,1,0,0,40,38,0,Transport-moving,Craft-repair
22,2,126945,8,11,2,0,4,1,0,0,40,38,0,Tech-support,Handlers-cleaners
41,2,170866,9,13,2,0,4,1,0,0,50,38,1,Exec-managerial,Sales
71,3,38822,12,14,2,0,4,1,99999,0,40,38,1,Exec-managerial,Exec-managerial
32,2,118551,12,14,4,1,4,0,0,0,45,38,1,Exec-managerial,Prof-specialty
26,0,169101,15,10,4,3,4,0,0,0,40,38,0,Tech-support,Adm-clerical
39,2,160728,11,9,0,4,4,1,2977,0,40,38,0,Machine-op-inspct,Craft-repair
49,5,269417,10,16,4,1,4,0,0,2258,50,38,1,Exec-managerial,Prof-specialty
35,2,230054,5,4,2,0,4,1,0,0,40,25,0,Machine-op-inspct,Tech-support
47,2,335973,11,9,0,4,4,0,0,0,40,38,0,Adm-clerical,Other-service
36,4,233533,15,10,2,0,4,1,0,0,60,38,1,Craft-repair,Sales
60,2,27886,5,4,0,1,4,1,0,0,40,38,0,Other-service,Handlers-cleaners
31,2,241885,11,9,2,0,4,1,0,0,40,38,0,Other-service,Machine-op-inspct
36,2,153066,15,10,2,0,4,1,0,0,50,38,1,Craft-repair,Exec-managerial
28,2,182344,11,9,4,1,2,1,0,0,40,38,0,Other-service,Adm-clerical
21,2,189203,8,11,4,1,4,1,0,0,40,38,0,Protective-serv,Craft-repair
46,2,102102,11,9,4,1,4,1,0,0,40,38,0,Exec-managerial,Craft-repair
76,4,236878,11,9,2,0,4,1,0,0,30,38,0,Craft-repair,Farming-fishing
42,2,235786,7,12,2,0,4,1,0,0,50,38,1,Craft-repair,Exec-managerial
37,2,186009,11,9,2,0,4,1,0,1672,60,38,0,Transport-moving,Craft-repair
31,2,213643,11,9,2,0,4,1,3908,0,40,38,0,Sales,Craft-repair
43,2,152629,11,9,2,0,4,1,0,0,40,38,1,Craft-repair,Craft-repair
37,2,193855,11,9,2,0,4,1,0,1902,50,38,0,Craft-repair,Craft-repair
28,2,144521,11,9,4,3,2,0,0,0,40,38,0,Other-service,Other-service
40,1,183096,6,5,2,5,4,0,0,0,40,40,1,Other-service,Other-service
24,2,44738,11,9,4,2,4,1,0,0,40,38,0,Handlers-cleaners,Handlers-cleaners
52,4,162381,11,9,0,1,4,1,0,0,40,38,0,Sales,Craft-repair
21,2,301556,11,9,4,3,4,0,0,0,19,38,0,Other-service,Other-service
46,2,279661,12,14,2,0,2,1,0,0,35,38,0,Prof-specialty,Prof-specialty
18,2,374969,0,6,4,1,4,1,0,0,56,38,0,Transport-moving,Craft-repair
42,2,385591,11,9,2,0,4,1,0,0,50,38,1,Exec-managerial,Transport-moving
60,2,174486,11,9,6,1,4,0,0,0,40,38,0,Machine-op-inspct,Other-service
47,4,83064,9,13,2,0,4,1,0,0,60,38,0,Farming-fishing,Exec-managerial
51,4,149220,15,10,2,0,4,1,0,0,75,38,0,Farming-fishing,Farming-fishing
44,2,232421,11,9,3,1,3,1,0,0,32,1,0,Transport-moving,Other-service
71,4,130436,3,2,0,1,4,0,0,0,28,38,0,Craft-repair,Other-service
43,0,56063,9,13,2,0,4,1,0,0,60,38,0,Sales,Prof-specialty
57,2,317847,12,14,0,1,4,1,0,2824,50,38,1,Exec-managerial,Exec-managerial
47,2,223342,11,9,6,1,4,0,2174,0,40,8,0,Adm-clerical,Machine-op-inspct
30,2,447739,10,16,4,1,4,1,0,0,60,38,0,Prof-specialty,Prof-specialty
37,2,243409,11,9,2,0,4,1,0,0,50,38,0,Transport-moving,Sales
36,1,139703,12,14,4,1,2,0,0,0,40,38,0,Prof-specialty,Prof-specialty
22,2,390817,4,3,2,2,4,1,0,0,40,25,0,Craft-repair,Machine-op-inspct
41,4,38876,8,11,2,0,4,1,0,0,60,38,0,Farming-fishing,Farming-fishing
29,2,277342,15,10,4,4,4,1,0,0,40,38,0,Transport-moving,Craft-repair
44,2,408531,11,9,0,4,4,0,0,0,40,38,1,Adm-clerical,Exec-managerial
25,2,285367,11,9,0,1,4,1,0,0,50,38,0,Other-service,Craft-repair
90,2,313749,9,13,4,3,4,0,0,0,10,38,0,Prof-specialty,Other-service
27,2,167031,9,13,4,4,3,0,0,0,33,38,0,Prof-specialty,Prof-specialty
28,2,162404,9,13,4,1,2,1,0,0,60,38,0,Craft-repair,Exec-managerial
35,2,953588,11,9,2,5,4,0,0,0,40,38,1,Exec-managerial,Craft-repair
26,2,108658,11,9,4,1,4,1,0,0,40,38,0,Craft-repair,Machine-op-inspct
26,4,219897,12,14,4,1,4,0,0,0,50,38,0,Prof-specialty,Prof-specialty
18,2,337046,0,6,4,3,4,1,0,0,40,38,0,Other-service,Craft-repair
58,1,217775,11,9,2,0,4,1,7298,0,40,38,1,Exec-managerial,Craft-repair
48,2,234504,11,9,2,0,4,1,0,0,50,38,0,Exec-managerial,Transport-moving
53,2,195813,4,3,2,0,3,1,5178,0,40,32,1,Craft-repair,Craft-repair
27,4,208577,15,10,2,0,4,1,0,0,45,38,1,Exec-managerial,Exec-managerial
59,1,212600,15,10,5,1,4,1,0,0,40,38,1,Protective-serv,Protective-serv
33,4,312055,9,13,2,0,4,1,0,0,45,38,1,Sales,Prof-specialty
35,2,100375,0,6,0,1,4,1,0,0,60,38,0,Craft-repair,Transport-moving
41,0,133060,7,12,2,0,4,1,0,0,40,38,1,Prof-specialty,Adm-clerical
63,4,181561,15,10,0,1,4,1,0,0,50,38,0,Exec-managerial,Craft-repair
58,4,193434,11,9,2,0,4,1,0,0,20,38,0,Craft-repair,Farming-fishing
58,5,259929,10,16,4,1,4,0,0,0,43,38,1,Exec-managerial,Prof-specialty
54,2,138847,11,9,2,0,4,1,0,0,45,38,1,Machine-op-inspct,Craft-repair
25,2,366416,11,9,4,3,4,0,0,0,40,38,0,Adm-clerical,Adm-clerical
44,4,149943,14,15,2,0,1,1,0,0,60,35,1,Prof-specialty,Prof-specialty
18,2,242893,1,7,4,3,4,1,0,0,35,38,0,Craft-repair,Other-service
34,2,157886,7,12,5,4,4,0,0,0,40,38,0,Other-service,Adm-clerical
59,0,23789,11,9,2,5,4,0,0,0,40,38,1,Sales,Adm-clerical
52,2,141301,11,9,0,1,4,0,0,0,40,38,0,Machine-op-inspct,Machine-op-inspct
38,2,187870,9,13,2,0,4,1,7298,0,50,38,1,Prof-specialty,Exec-managerial
39,2,102953,9,13,2,0,4,1,7298,0,55,38,1,Sales,Exec-managerial
47,4,160045,15,10,6,4,4,0,0,0,35,38,0,Other-service,Other-service
20,2,219262,15,10,4,3,4,1,0,0,40,38,0,Sales,Craft-repair
55,2,193130,11,9,2,0,4,1,0,1887,40,38,1,Handlers-cleaners,Transport-moving
29,2,180758,7,12,4,1,4,1,0,0,60,38,0,Craft-repair,Transport-moving
19,2,96483,11,9,4,3,1,0,0,0,40,38,0,Other-service,Other-service
26,2,157028,12,14,4,1,4,1,0,0,55,38,1,Prof-specialty,Prof-specialty
51,2,300816,9,13,4,4,4,1,0,0,20,38,0,Adm-clerical,Prof-specialty
42,2,119359,14,15,2,5,0,0,15024,0,40,34,1,Sales,Prof-specialty
26,2,341353,9,13,4,2,4,1,0,0,15,38,0,Other-service,Sales
35,4,372525,9,13,4,1,4,1,0,0,40,38,0,Exec-managerial,Tech-support
54,5,138852,11,9,2,0,4,1,0,0,40,38,0,Prof-specialty,Protective-serv
34,2,62374,11,9,4,1,4,1,0,0,48,38,0,Craft-repair,Other-service
42,3,287037,2,8,0,1,4,1,0,0,10,38,0,Craft-repair,Craft-repair
49,1,159641,9,13,0,4,4,0,0,625,40,38,0,Exec-managerial,Prof-specialty
31,2,176711,11,9,2,0,4,1,0,0,38,38,0,Transport-moving,Other-service
21,2,221157,11,9,4,3,2,0,0,0,30,38,0,Other-service,Sales
28,2,192588,11,9,2,0,4,1,0,0,40,38,0,Machine-op-inspct,Machine-op-inspct
61,2,176839,9,13,2,0,4,1,15024,0,50,38,1,Prof-specialty,Craft-repair
28,4,227890,9,13,4,1,2,1,0,0,50,38,1,Prof-specialty,Sales
39,2,196308,15,10,2,5,4,0,0,0,24,38,0,Other-service,Other-service
29,2,133937,10,16,4,3,4,1,0,0,40,38,0,Prof-specialty,Prof-specialty
40,5,174283,10,16,2,0,4,1,0,1887,50,38,1,Prof-specialty,Prof-specialty
23,2,84648,15,10,4,3,4,0,0,0,25,38,0,Sales,Adm-clerical
45,2,132847,11,9,4,1,4,0,0,0,40,38,0,Handlers-cleaners,Exec-managerial
26,2,45869,9,13,4,3,4,1,0,0,40,38,0,Handlers-cleaners,Other-service
48,2,174829,7,12,2,0,4,1,0,0,40,38,0,Machine-op-inspct,Exec-managerial
26,2,157249,1,7,4,1,4,1,0,0,40,38,0,Transport-moving,Other-service
38,1,193026,11,9,2,0,4,1,0,0,50,38,1,Craft-repair,Protective-serv
43,2,156403,0,6,2,0,4,1,0,0,40,38,0,Handlers-cleaners,Adm-clerical
38,2,186934,15,10,2,0,4,1,0,0,45,38,0,Craft-repair,Tech-support
31,2,142675,15,10,4,3,4,1,0,0,40,38,0,Exec-managerial,Craft-repair
57,2,199572,1,7,2,0,4,1,0,0,40,38,0,Machine-op-inspct,Craft-repair
74,4,206682,15,10,2,0,4,1,0,1648,35,38,0,Prof-specialty,Craft-repair
26,2,109419,8,11,4,1,4,0,0,0,45,38,0,Adm-clerical,Adm-clerical
28,2,274690,9,13,4,1,4,1,0,0,45,38,0,Adm-clerical,Prof-specialty
38,4,64875,11,9,0,1,4,1,0,0,50,38,0,Farming-fishing,Craft-repair
50,4,363405,9,13,2,5,4,0,0,0,50,38,1,Tech-support,Prof-specialty
49,2,61307,5,4,2,0,3,1,0,0,38,38,0,Machine-op-inspct,Craft-repair
21,5,341410,15,10,4,1,4,0,0,0,15,38,0,Adm-clerical,Adm-clerical
19,2,148644,11,9,4,3,4,0,0,0,40,38,0,Adm-clerical,Machine-op-inspct
63,2,106910,4,3,6,2,1,0,0,0,19,29,0,Other-service,Other-service
28,4,282398,11,9,0,1,4,1,0,0,35,38,0,Craft-repair,Craft-repair
51,4,107096,11,9,2,0,4,1,0,0,50,38,0,Farming-fishing,Sales
35,2,182074,11,9,0,3,4,1,0,0,35,38,0,Handlers-cleaners,Craft-repair
35,2,301614,11,9,2,0,4,1,0,0,60,38,0,Other-service,Protective-serv
33,2,134886,15,10,4,3,4,0,99999,0,30,38,1,Adm-clerical,Adm-clerical
64,2,192884,14,15,2,0,4,1,0,0,60,38,0,Exec-managerial,Prof-specialty
25,2,143280,0,6,4,3,4,0,0,0,24,38,0,Priv-house-serv,Other-service
21,2,169699,15,10,4,1,4,0,0,0,35,38,0,Other-service,Adm-clerical
37,2,148143,11,9,4,4,2,0,0,0,40,38,0,Machine-op-inspct,Craft-repair
29,2,146949,8,11,2,0,4,1,0,0,43,38,0,Prof-specialty,Craft-repair
54,2,167770,11,9,2,0,4,1,0,1902,55,38,1,Exec-managerial,Exec-managerial
26,2,142081,11,9,2,5,4,0,0,0,40,25,0,Other-service,Machine-op-inspct
72,2,116640,15,10,2,0,4,1,3471,0,20,38,0,Prof-specialty,Prof-specialty
41,2,112507,0,6,2,0,4,1,0,0,60,38,0,Transport-moving,Transport-moving
65,5,215908,11,9,2,0,4,1,0,2174,40,38,1,Adm-clerical,Protective-serv
34,2,305619,11,9,2,0,4,1,0,0,40,38,1,Craft-repair,Craft-repair
49,5,194895,9,13,0,1,4,1,0,0,40,38,0,Prof-specialty,Prof-specialty
48,2,131309,12,14,2,0,4,1,0,0,45,38,1,Prof-specialty,Exec-managerial
35,2,139086,11,9,2,0,4,1,0,0,40,38,0,Handlers-cleaners,Craft-repair
64,4,150121,10,16,2,0,4,1,0,0,25,38,1,Exec-managerial,Prof-specialty
24,2,123983,1,7,2,0,1,1,0,0,40,39,0,Transport-moving,Craft-repair
66,3,112376,5,4,2,0,4,1,0,0,40,38,1,Craft-repair,Transport-moving
37,2,176293,15,10,3,1,4,0,0,0,30,38,0,Prof-specialty,Machine-op-inspct
19,2,138760,11,9,4,3,4,1,0,0,40,38,0,Machine-op-inspct,Transport-moving
31,2,247444,8,11,2,0,4,1,0,0,40,3,0,Machine-op-inspct,Craft-repair
21,2,27162,15,10,4,3,4,0,0,0,16,38,0,Other-service,Adm-clerical
41,2,143046,12,14,4,1,4,0,0,0,40,38,0,Adm-clerical,Prof-specialty
25,2,352806,11,9,0,1,4,0,0,0,40,25,0,Other-service,Other-service
34,2,182691,11,9,0,3,4,1,0,0,44,38,0,Exec-managerial,Tech-support
22,2,210781,9,13,4,3,4,0,0,0,40,38,0,Adm-clerical,Exec-managerial
24,2,149396,15,10,4,2,2,0,0,0,30,13,0,Other-service,Other-service
30,2,373213,8,11,0,1,4,0,0,0,40,38,1,Sales,Adm-clerical
45,2,319637,11,9,0,4,4,0,0,0,40,38,0,Other-service,Other-service
55,2,106498,0,6,6,1,2,0,0,0,35,38,0,Transport-moving,Other-service
33,2,91964,15,10,4,4,4,1,0,0,40,38,0,Adm-clerical,Craft-repair
30,2,176871,15,10,5,4,2,0,0,0,40,38,0,Adm-clerical,Adm-clerical
31,2,197860,15,10,2,0,4,1,0,0,40,38,0,Handlers-cleaners,Adm-clerical
40,2,137304,9,13,0,1,2,0,0,0,40,38,0,Adm-clerical,Prof-specialty
55,2,127014,11,9,2,0,4,1,0,0,60,38,0,Other-service,Transport-moving
18,2,118938,1,7,4,3,4,1,0,0,18,38,0,Sales,Adm-clerical
33,2,183557,7,12,4,1,4,0,0,0,40,38,0,Prof-specialty,Adm-clerical
57,4,134286,15,10,5,1,4,1,0,0,35,38,0,Sales,Craft-repair
37,2,177285,8,11,2,5,2,0,0,0,48,38,1,Adm-clerical,Exec-managerial
40,1,165726,8,11,0,4,4,0,0,0,40,38,0,Exec-managerial,Adm-clerical
35,4,361888,9,13,2,0,4,1,0,0,60,23,0,Sales,Sales
19,2,272063,11,9,4,3,4,1,0,0,35,38,0,Handlers-cleaners,Transport-moving
51,2,125796,15,10,2,5,2,0,0,0,35,22,0,Adm-clerical,Adm-clerical
46,4,197836,11,9,2,0,4,1,0,1672,50,38,0,Farming-fishing,Transport-moving
45,2,277434,7,12,6,4,4,1,0,0,40,38,1,Tech-support,Craft-repair
51,1,264457,1,7,2,0,2,1,0,0,40,38,0,Handlers-cleaners,Craft-repair
64,1,202984,11,9,2,0,4,1,3137,0,40,38,0,Craft-repair,Handlers-cleaners
35,1,38948,15,10,2,0,4,1,0,0,50,38,0,Protective-serv,Adm-clerical
24,2,280960,11,9,2,5,4,0,0,0,24,38,0,Machine-op-inspct,Other-service
25,2,212800,15,10,4,3,4,0,0,0,40,38,0,Sales,Adm-clerical
33,4,170979,14,15,2,0,4,1,0,1887,40,38,1,Prof-specialty,Prof-specialty
39,2,179824,11,9,4,4,2,0,0,0,36,38,0,Machine-op-inspct,Other-service
42,1,55363,12,14,2,0,4,1,0,0,55,38,1,Prof-specialty,Exec-managerial
22,5,190625,9,13,2,0,4,1,0,0,20,38,0,Exec-managerial,Prof-specialty
39,2,225544,12,14,2,0,4,1,0,0,40,30,0,Transport-moving,Adm-clerical
23,2,221955,6,5,4,2,4,1,0,0,39,25,0,Handlers-cleaners,Handlers-cleaners
23,5,368739,9,13,4,1,4,0,0,0,40,38,0,Prof-specialty,Prof-specialty
49,2,160187,6,5,3,1,2,0,0,0,16,22,0,Other-service,Other-service
63,2,294009,9,13,2,0,4,1,15024,0,45,38,1,Prof-specialty,Sales
39,2,30529,9,13,2,0,4,1,0,1887,40,38,1,Exec-managerial,Exec-managerial
41,1,210259,12,14,4,1,2,0,0,0,40,38,0,Prof-specialty,Prof-specialty
20,2,214387,11,9,4,3,4,1,0,0,40,38,0,Machine-op-inspct,Handlers-cleaners
29,2,216479,11,9,0,1,4,0,0,0,40,38,0,Exec-managerial,Adm-clerical
57,2,205708,15,10,2,0,4,1,0,0,40,30,0,Craft-repair,Other-service
30,2,175856,12,14,2,0,4,1,0,0,38,38,0,Prof-specialty,Prof-specialty
63,2,246841,11,9,2,0,4,1,0,0,40,38,0,Handlers-cleaners,Machine-op-inspct
40,2,254478,15,10,2,0,4,1,7298,0,50,38,1,Craft-repair,Sales
48,2,91251,5,4,2,0,1,1,0,0,30,2,0,Other-service,Other-service
20,2,235442,15,10,4,1,4,1,0,0,35,38,0,Other-service,Sales
48,4,32825,11,9,2,0,4,1,0,0,40,38,0,Craft-repair,Farming-fishing
39,2,231141,11,9,2,0,4,1,2829,0,40,38,0,Machine-op-inspct,Craft-repair
48,0,188081,11,9,2,0,4,1,0,0,40,38,1,Adm-clerical,Transport-moving
47,1,109705,11,9,0,1,4,0,0,0,40,38,0,Exec-managerial,Adm-clerical
28,2,274579,11,9,2,0,4,1,0,0,60,38,0,Transport-moving,Sales
38,2,80771,9,13,2,5,4,0,0,0,40,38,1,Prof-specialty,Exec-managerial
47,2,97176,11,9,0,4,4,0,0,0,40,38,0,Adm-clerical,Prof-specialty
50,2,195298,15,10,2,0,4,1,0,0,50,38,1,Exec-managerial,Sales
34,2,45114,9,13,4,3,2,0,0,0,40,38,0,Sales,Exec-managerial
34,2,37210,11,9,4,3,4,1,0,0,50,38,0,Adm-clerical,Handlers-cleaners
57,2,127728,9,13,2,0,4,1,15024,0,50,38,1,Exec-managerial,Exec-managerial
40,2,144995,8,11,2,0,4,1,4386,0,40,38,0,Tech-support,Craft-repair
33,2,53373,11,9,2,0,4,1,0,0,35,38,0,Craft-repair,Other-service
38,1,200153,7,12,4,1,4,1,0,0,40,38,0,Prof-specialty,Adm-clerical
22,2,202416,9,13,4,3,4,0,0,0,40,38,0,Adm-clerical,Exec-managerial
39,2,272338,11,9,2,5,4,0,0,0,25,38,0,Adm-clerical,Other-service
48,0,483261,15,10,4,1,2,1,0,0,40,38,0,Adm-clerical,Adm-clerical
18,2,37720,0,6,4,3,4,1,0,0,40,38,0,Machine-op-inspct,Other-service
43,2,211128,12,14,0,1,4,0,0,0,50,38,1,Exec-managerial,Exec-managerial
29,2,452205,11,9,0,4,4,0,0,0,36,38,0,Other-service,Sales
32,2,130040,11,9,0,1,4,1,0,0,40,38,0,Handlers-cleaners,Craft-repair
19,2,55284,11,9,4,3,4,0,0,0,25,38,0,Handlers-cleaners,Sales
49,2,94638,11,9,5,4,4,0,0,0,40,38,0,Adm-clerical,Machine-op-inspct
27,2,232782,15,10,4,3,4,0,0,0,40,38,0,Sales,Adm-clerical
25,2,294400,5,4,2,0,4,1,0,0,60,38,0,Craft-repair,Craft-repair
67,2,195161,12,14,2,0,4,1,20051,0,60,38,1,Prof-specialty,Exec-managerial
31,2,234500,9,13,2,5,4,0,0,0,40,38,0,Adm-clerical,Adm-clerical
66,2,174788,15,10,0,1,4,0,0,0,20,38,0,Adm-clerical,Adm-clerical
19,2,475028,11,9,4,3,4,0,0,0,20,38,0,Sales,Sales
36,2,280440,7,12,4,4,4,0,0,0,45,38,0,Tech-support,Adm-clerical
59,2,127728,15,10,2,0,4,1,0,0,40,38,1,Tech-support,Exec-managerial
22,4,199011,11,9,4,2,4,1,0,0,20,38,0,Craft-repair,Handlers-cleaners
33,2,268571,15,10,2,0,4,1,0,0,40,38,0,Other-service,Machine-op-inspct
73,2,183213,8,11,6,1,4,1,25124,0,60,38,1,Prof-specialty,Sales
24,2,291979,11,9,4,1,4,1,0,0,40,38,0,Farming-fishing,Craft-repair
25,2,171818,9,13,4,3,4,0,0,0,40,38,0,Exec-managerial,Adm-clerical
71,2,196610,5,4,6,1,4,1,6097,0,40,38,1,Exec-managerial,Farming-fishing
23,2,70894,7,12,4,2,4,1,0,0,40,38,0,Craft-repair,Sales
44,2,403782,8,11,0,1,4,1,0,0,45,38,0,Sales,Craft-repair
52,2,386397,9,13,2,0,4,1,0,0,45,38,1,Exec-managerial,Exec-managerial
23,2,161708,9,13,4,3,4,0,0,0,30,38,0,Other-service,Other-service
27,2,133937,12,14,4,3,4,1,0,0,40,38,0,Sales,Adm-clerical
63,4,179444,5,4,2,0,4,1,0,0,15,38,0,Exec-managerial,Sales
69,2,370837,9,13,0,1,4,1,0,0,40,38,0,Handlers-cleaners,Sales
22,2,95566,15,10,3,3,3,0,0,0,22,5,0,Sales,Adm-clerical
23,2,434467,11,9,4,1,4,1,0,0,48,38,0,Sales,Sales
21,2,452640,11,9,4,1,4,1,0,0,40,38,0,Craft-repair,Sales
38,2,64879,15,10,0,1,4,0,0,0,40,38,0,Sales,Machine-op-inspct
40,4,155106,6,5,2,0,4,1,0,0,40,38,1,Craft-repair,Craft-repair
31,2,117816,5,4,0,2,4,1,0,0,70,38,0,Handlers-cleaners,Handlers-cleaners
21,2,304302,11,9,4,3,0,1,0,0,40,38,0,Handlers-cleaners,Transport-moving
42,4,119207,11,9,4,1,4,1,0,0,48,38,0,Exec-managerial,Craft-repair
54,2,140359,5,4,0,4,4,0,0,3900,40,38,0,Machine-op-inspct,Machine-op-inspct
18,2,163332,11,9,4,3,4,0,0,0,22,38,0,Sales,Other-service
53,3,100029,10,16,2,0,4,1,0,0,40,38,1,Prof-specialty,Prof-specialty
30,2,169583,9,13,1,5,4,0,0,0,40,38,1,Exec-managerial,Prof-specialty
54,5,93415,9,13,4,4,1,0,0,0,40,38,1,Prof-specialty,Prof-specialty
26,2,43408,9,13,2,0,4,1,0,0,40,38,0,Prof-specialty,Prof-specialty
20,2,148294,15,10,4,3,4,1,0,0,40,38,0,Other-service,Farming-fishing
43,2,115562,9,13,2,0,4,1,0,0,42,38,1,Prof-specialty,Exec-managerial
18,2,365683,11,9,4,3,4,0,0,0,16,38,0,Adm-clerical,Sales
19,2,333953,2,8,4,2,4,0,0,0,30,38,0,Other-service,Adm-clerical
46,2,353219,6,5,0,4,4,0,0,0,40,38,0,Other-service,Other-service
25,2,252752,11,9,4,4,4,0,0,0,40,38,0,Other-service,Adm-clerical
48,2,377757,0,6,2,0,4,1,0,0,70,38,0,Sales,Transport-moving
34,4,100079,9,13,2,0,1,1,0,0,55,18,0,Sales,Prof-specialty
54,4,82551,8,11,2,2,4,0,0,0,10,38,0,Tech-support,Other-service
44,1,197919,15,10,0,4,4,0,0,0,40,38,0,Other-service,Adm-clerical
31,4,186420,12,14,5,1,4,0,0,0,25,38,0,Tech-support,Prof-specialty
30,2,30063,11,9,0,4,4,0,0,0,32,38,0,Other-service,Other-service
28,2,60288,11,9,4,3,4,0,0,0,40,38,0,Adm-clerical,Adm-clerical
28,2,236861,9,13,0,4,4,1,0,0,50,38,0,Craft-repair,Sales
47,1,287480,12,14,2,0,4,1,0,0,40,38,0,Prof-specialty,Prof-specialty
47,2,398652,11,9,2,0,4,1,0,0,50,38,1,Sales,Transport-moving
50,2,191062,11,9,2,0,4,1,0,0,40,38,0,Handlers-cleaners,Adm-clerical
32,3,110331,11,9,2,0,4,1,0,0,65,38,1,Sales,Exec-managerial
45,1,199590,15,10,2,0,4,1,0,1887,40,25,1,Craft-repair,Protective-serv
27,2,335764,1,7,2,3,2,1,0,0,35,38,0,Sales,Craft-repair
54,2,38795,6,5,5,4,4,1,0,0,40,38,0,Craft-repair,Other-service
34,2,98101,5,4,2,0,4,1,0,0,40,38,0,Transport-moving,Machine-op-inspct
63,0,39181,10,16,0,1,4,0,0,2559,60,38,1,Exec-managerial,Prof-specialty
26,2,212800,7,12,4,3,4,0,0,0,36,38,0,Prof-specialty,Sales
53,2,55861,11,9,2,0,4,1,0,0,40,38,1,Craft-repair,Handlers-cleaners
33,2,112820,8,11,2,0,4,1,0,0,40,38,0,Protective-serv,Craft-repair
32,2,496743,9,13,4,3,4,1,0,0,40,38,0,Prof-specialty,Exec-managerial
51,0,40808,9,13,4,1,0,0,0,0,43,38,0,Prof-specialty,Prof-specialty
30,4,117944,11,9,2,0,4,1,0,0,25,38,0,Prof-specialty,Craft-repair
59,2,314149,8,11,2,0,4,1,0,1740,50,38,0,Sales,Sales
41,2,152742,8,11,0,1,4,0,3325,0,40,38,0,Tech-support,Adm-clerical
41,0,19914,9,13,2,5,1,0,0,0,40,29,1,Adm-clerical,Prof-specialty
50,2,22211,12,14,2,0,4,1,7688,0,50,38,1,Prof-specialty,Exec-managerial
47,2,76612,11,9,2,0,4,1,0,0,50,38,0,Prof-specialty,Transport-moving
37,2,179088,15,10,0,1,4,0,0,0,40,38,0,Adm-clerical,Tech-support
41,5,47902,9,13,2,0,4,1,0,0,50,38,1,Adm-clerical,Exec-managerial
36,4,35945,5,4,2,0,4,1,7298,0,45,38,1,Machine-op-inspct,Transport-moving
45,2,131826,15,10,2,0,4,1,0,0,40,38,0,Handlers-cleaners,Craft-repair
52,1,246197,11,9,2,0,4,1,0,0,40,38,0,Craft-repair,Farming-fishing
53,2,257940,11,9,2,0,4,1,2829,0,40,38,0,Machine-op-inspct,Machine-op-inspct
52,2,416059,9,13,2,0,2,1,0,0,40,38,1,Prof-specialty,Prof-specialty
42,5,160369,12,14,2,0,4,1,0,0,50,38,1,Prof-specialty,Prof-specialty
24,2,230229,4,3,4,2,4,1,0,0,40,25,0,Machine-op-inspct,Farming-fishing
48,2,198000,15,10,4,4,4,0,0,0,38,38,1,Craft-repair,Adm-clerical
22,5,264710,9,13,4,3,4,0,0,0,40,38,0,Tech-support,Adm-clerical
18,2,218889,6,5,4,3,2,1,0,0,35,38,0,Other-service,Other-service
47,2,344157,1,7,0,1,4,1,0,0,40,38,0,Handlers-cleaners,Machine-op-inspct
42,2,340885,11,9,0,1,4,1,0,0,44,38,0,Farming-fishing,Craft-repair
34,2,269723,11,9,0,4,4,0,2977,0,50,38,0,Exec-managerial,Exec-managerial
19,2,269657,15,10,4,1,4,0,0,0,35,38,0,Sales,Other-service
47,2,205730,11,9,2,0,4,1,0,0,56,38,1,Craft-repair,Transport-moving
62,2,138253,12,14,4,1,4,1,4650,0,40,38,0,Handlers-cleaners,Prof-specialty
58,2,193568,1,7,6,1,4,0,0,0,40,38,0,Other-service,Other-service
29,1,45554,15,10,0,4,4,0,0,0,40,38,0,Adm-clerical,Adm-clerical
55,0,186791,11,9,0,1,4,0,0,0,40,38,0,Adm-clerical,Adm-clerical
35,2,181020,11,9,4,3,4,1,0,0,60,38,0,Handlers-cleaners,Machine-op-inspct
24,2,309055,15,10,4,1,4,0,0,0,15,38,0,Sales,Adm-clerical
39,2,185099,9,13,2,0,4,1,0,0,48,38,1,Prof-specialty,Tech-support
46,2,188027,15,10,4,4,4,0,0,0,45,38,0,Exec-managerial,Adm-clerical
25,2,231016,12,14,4,1,4,0,4650,0,37,38,0,Prof-specialty,Other-service
59,1,105866,9,13,2,0,2,1,0,0,30,38,0,Protective-serv,Prof-specialty
31,2,225779,11,9,4,1,4,0,0,0,40,38,0,Machine-op-inspct,Adm-clerical
40,2,252392,4,3,2,0,4,1,0,0,40,25,0,Other-service,Machine-op-inspct
20,4,112137,15,10,4,2,1,0,0,0,20,34,0,Prof-specialty,Prof-specialty
53,4,311020,0,6,2,0,4,1,0,0,60,38,0,Farming-fishing,Transport-moving
33,2,184306,9,13,2,0,4,1,0,0,45,38,0,Prof-specialty,Exec-managerial
36,2,237943,9,13,2,0,4,1,0,1977,45,38,1,Prof-specialty,Exec-managerial
42,2,42907,11,9,0,4,4,1,0,0,48,38,0,Machine-op-inspct,Craft-repair
52,2,298215,9,13,2,0,4,1,0,0,50,38,1,Craft-repair,Sales
33,0,339388,7,12,0,4,4,1,0,0,40,38,0,Other-service,Protective-serv
33,0,293550,15,10,2,5,4,0,4064,0,40,38,0,Tech-support,Adm-clerical
45,2,28119,11,9,2,0,4,1,0,0,7,38,0,Adm-clerical,Prof-specialty
41,5,116520,10,16,2,0,4,1,0,0,40,38,1,Prof-specialty,Prof-specialty
45,2,34419,9,13,4,1,4,1,0,0,30,38,0,Transport-moving,Prof-specialty
50,2,201882,12,14,2,0,4,1,0,0,30,38,0,Machine-op-inspct,Prof-specialty
26,2,193165,15,10,2,0,4,1,0,0,52,38,1,Transport-moving,Prof-specialty
31,2,77143,2,8,5,4,2,1,0,0,40,38,0,Transport-moving,Other-service
41,4,251305,15,10,2,0,4,1,0,0,40,38,0,Sales,Transport-moving
60,2,178050,11,9,0,4,2,0,0,0,38,38,0,Other-service,Adm-clerical
44,0,38434,9,13,6,4,4,0,0,0,40,38,1,Exec-managerial,Prof-specialty
20,2,108887,15,10,4,3,4,0,0,0,25,38,0,Adm-clerical,Adm-clerical
67,4,141085,11,9,0,1,4,0,0,0,20,38,0,Prof-specialty,Other-service
31,2,348504,9,13,2,0,4,1,0,0,50,38,0,Exec-managerial,Prof-specialty
49,2,189462,11,9,2,0,4,1,0,0,40,38,0,Craft-repair,Machine-op-inspct
42,0,33521,9,13,2,0,4,1,0,0,40,38,0,Prof-specialty,Prof-specialty
27,2,188171,0,6,4,3,4,1,0,0,60,38,0,Adm-clerical,Farming-fishing
30,1,364310,9,13,4,1,2,0,0,0,40,10,0,Prof-specialty,Prof-specialty
53,1,38795,6,5,2,0,4,1,0,0,40,38,0,Exec-managerial,Craft-repair
21,2,155066,15,10,4,3,4,1,0,0,40,38,0,Craft-repair,Handlers-cleaners
19,4,194205,15,10,4,3,4,0,0,0,40,25,0,Other-service,Adm-clerical
50,2,207367,15,10,3,1,4,0,0,0,40,4,0,Other-service,Adm-clerical
35,2,222989,11,9,2,0,4,1,0,0,30,38,0,Transport-moving,Other-service
46,2,188325,11,9,2,0,4,1,0,0,40,38,0,Other-service,Machine-op-inspct
17,2,265657,1,7,4,3,4,1,0,0,25,38,0,Other-service,Other-service
63,2,181863,9,13,4,1,4,1,0,0,27,38,0,Sales,Prof-specialty
39,1,149833,9,13,0,4,4,0,0,0,40,38,0,Prof-specialty,Prof-specialty
37,4,29814,11,9,4,3,4,1,0,0,85,38,0,Farming-fishing,Farming-fishing
44,2,277533,15,10,2,0,4,1,0,0,40,38,0,Craft-repair,Transport-moving
26,2,109570,15,10,5,4,4,0,0,0,35,38,0,Sales,Other-service
25,2,283087,15,10,4,3,2,1,0,0,40,38,0,Exec-managerial,Tech-support
36,2,143068,15,10,0,4,4,1,0,0,40,38,0,Craft-repair,Craft-repair
54,4,392286,7,12,2,0,4,1,0,0,50,38,1,Sales,Exec-managerial
34,2,400416,1,7,4,3,2,1,0,0,45,38,0,Machine-op-inspct,Handlers-cleaners
37,2,123785,11,9,4,1,4,1,0,0,75,38,0,Other-service,Craft-repair
49,2,115784,11,9,2,0,4,1,0,0,40,38,0,Machine-op-inspct,Machine-op-inspct
26,3,187652,11,9,0,1,4,1,0,0,78,38,1,Exec-managerial,Exec-managerial
62,2,96099,11,9,4,1,4,1,0,0,40,38,0,Craft-repair,Craft-repair
43,2,212894,15,10,2,0,4,1,0,0,40,38,0,Craft-repair,Sales
18,2,159561,1,7,4,3,4,1,0,0,20,38,0,Transport-moving,Other-service
46,4,119944,12,14,2,0,4,1,0,0,50,38,1,Exec-managerial,Craft-repair
27,2,21856,15,10,4,1,2,1,0,0,40,38,0,Craft-repair,Craft-repair
19,2,201743,15,10,4,3,4,0,0,0,20,38,0,Other-service,Sales
69,2,88566,6,5,2,0,4,1,1424,0,35,38,0,Other-service,Machine-op-inspct
42,2,384508,1,7,0,4,4,1,1506,0,50,25,0,Sales,Farming-fishing
57,5,183657,15,10,2,0,2,1,0,0,35,38,1,Prof-specialty,Protective-serv
32,2,509350,15,10,2,0,4,1,0,0,50,1,1,Handlers-cleaners,Exec-managerial
25,3,86745,9,13,4,3,1,0,0,0,40,38,0,Adm-clerical,Adm-clerical
17,2,89821,1,7,4,3,4,1,0,0,10,38,0,Other-service,Handlers-cleaners
49,2,102945,5,4,6,1,4,0,0,0,40,38,0,Machine-op-inspct,Machine-op-inspct
44,2,162028,1,7,0,4,4,0,0,0,44,38,0,Sales,Other-service
33,2,243674,11,9,5,1,4,1,0,0,46,38,0,Tech-support,Adm-clerical
30,2,77143,9,13,4,3,2,1,0,0,40,10,0,Exec-managerial,Prof-specialty
47,2,160474,11,9,2,5,4,0,0,0,30,38,1,Exec-managerial,Other-service
60,2,116230,5,4,2,0,4,1,0,0,40,38,0,Craft-repair,Handlers-cleaners
19,5,194260,15,10,4,3,4,0,0,0,15,38,0,Adm-clerical,Other-service
41,2,22201,9,13,2,0,1,1,0,0,40,23,1,Exec-managerial,Prof-specialty
45,2,88265,11,9,4,3,4,0,0,0,40,38,0,Machine-op-inspct,Adm-clerical
81,2,129338,5,4,2,0,4,1,0,0,10,38,0,Transport-moving,Handlers-cleaners
55,2,197114,15,10,2,0,4,1,0,0,6,38,1,Transport-moving,Protective-serv
69,4,37745,8,11,2,0,4,1,0,0,8,38,0,Sales,Farming-fishing
20,2,34590,15,10,4,3,4,1,0,0,60,38,0,Farming-fishing,Exec-managerial
39,2,300760,11,9,0,4,4,0,0,0,50,38,0,Tech-support,Craft-repair
36,4,37778,12,14,2,0,4,1,0,0,70,38,0,Farming-fishing,Prof-specialty
25,1,176162,8,11,4,3,4,1,0,0,30,38,0,Protective-serv,Craft-repair
33,2,178107,9,13,4,3,4,1,0,0,20,38,0,Craft-repair,Prof-specialty
40,2,347934,11,9,4,1,4,0,0,0,35,38,0,Other-service,Sales
29,2,148431,7,12,2,5,3,0,7688,0,45,38,1,Sales,Adm-clerical
28,5,89564,9,13,2,0,4,1,0,0,50,38,0,Protective-serv,Exec-managerial
52,2,129177,9,13,6,1,4,0,0,2824,20,38,1,Other-service,Prof-specialty
26,2,96130,11,9,4,2,4,1,0,0,40,38,0,Craft-repair,Handlers-cleaners
56,2,267652,9,13,2,0,4,1,0,0,40,38,0,Craft-repair,Exec-managerial
52,2,163027,11,9,0,4,4,0,0,0,50,38,0,Craft-repair,Craft-repair
36,0,403489,12,14,2,0,4,1,0,0,45,38,1,Prof-specialty,Exec-managerial
50,2,73493,15,10,0,1,4,0,0,0,40,38,0,Other-service,Adm-clerical
61,2,227468,11,9,0,4,2,0,0,0,40,38,0,Adm-clerical,Exec-managerial
48,2,348144,15,10,0,1,4,1,3325,0,53,38,0,Transport-moving,Exec-managerial
22,2,102684,15,10,4,1,4,1,0,0,32,38,0,Transport-moving,Sales
31,2,137290,9,13,2,0,4,1,0,0,55,38,1,Exec-managerial,Sales
36,5,437890,11,9,4,4,2,1,0,0,90,38,0,Exec-managerial,Transport-moving
47,2,39530,11,9,0,1,4,0,0,0,4,38,0,Other-service,Other-service
67,2,174693,15,10,6,1,4,0,0,0,25,26,0,Sales,Adm-clerical
42,3,23510,12,14,0,4,1,1,0,2201,60,18,1,Exec-managerial,Prof-specialty
45,2,129371,6,5,5,4,3,0,0,0,40,37,0,Other-service,Craft-repair
26,2,267431,9,13,4,3,2,0,0,0,20,38,0,Sales,Sales
30,2,139012,8,11,4,2,1,1,2463,0,40,39,0,Adm-clerical,Prof-specialty
40,1,306495,9,13,2,0,4,1,0,0,35,38,0,Prof-specialty,Prof-specialty
35,1,190226,11,9,4,3,4,1,0,0,40,38,0,Protective-serv,Other-service
29,2,153416,9,13,4,1,4,0,0,0,55,38,0,Exec-managerial,Prof-specialty
43,3,244945,9,13,2,0,4,1,0,0,60,38,0,Prof-specialty,Sales
38,2,194304,15,10,0,1,2,1,0,0,55,38,0,Transport-moving,Craft-repair
50,2,176609,15,10,0,1,4,1,0,0,45,38,0,Other-service,Adm-clerical
34,2,111589,0,6,4,4,2,0,0,0,40,22,0,Other-service,Machine-op-inspct
27,5,208406,9,13,4,1,4,1,0,0,30,38,0,Prof-specialty,Prof-specialty
24,2,278155,15,10,4,1,4,1,0,0,30,38,0,Machine-op-inspct,Other-service
21,2,440969,11,9,4,3,4,0,0,0,40,38,0,Adm-clerical,Handlers-cleaners
26,2,224361,15,10,2,0,4,1,0,0,40,38,0,Craft-repair,Machine-op-inspct
47,2,162302,11,9,0,4,4,0,0,0,20,38,0,Adm-clerical,Other-service
22,2,154422,15,10,0,3,1,0,0,0,30,29,0,Sales,Sales
41,2,220460,7,12,2,0,4,1,0,0,20,38,0,Sales,Tech-support
18,2,189487,15,10,4,3,4,0,0,0,35,38,0,Sales,Other-service
23,2,376383,11,9,4,4,4,1,0,0,35,25,0,Other-service,Other-service
52,2,317032,11,9,2,0,4,1,0,0,50,38,1,Craft-repair,Exec-managerial
48,3,88564,15,10,0,1,4,1,0,0,45,38,0,Farming-fishing,Exec-managerial
53,2,274276,11,9,0,1,4,0,0,0,40,38,0,Adm-clerical,Adm-clerical
18,4,207438,11,9,2,5,4,0,0,0,40,38,0,Other-service,Adm-clerical
55,2,254627,11,9,2,0,4,1,0,0,40,38,0,Other-service,Adm-clerical
40,2,168538,11,9,2,0,4,1,0,0,60,38,1,Sales,Other-service
35,2,112271,12,14,2,0,4,1,0,0,40,38,0,Adm-clerical,Sales
45,2,304570,9,13,2,0,1,1,0,0,60,2,1,Exec-managerial,Exec-managerial
48,4,191389,15,10,5,4,4,0,0,0,50,38,0,Sales,Other-service
45,2,178215,6,5,2,5,4,0,0,0,40,38,1,Machine-op-inspct,Machine-op-inspct
49,2,33673,2,8,4,1,1,1,0,0,35,38,0,Transport-moving,Transport-moving
24,2,199444,9,13,4,3,4,0,0,0,15,38,0,Exec-managerial,Sales
48,2,38950,9,13,2,0,4,1,15024,0,50,38,1,Exec-managerial,Exec-managerial
51,2,194097,11,9,2,0,4,1,0,0,40,38,0,Protective-serv,Craft-repair
45,2,168598,2,8,2,5,2,0,3103,0,40,38,1,Adm-clerical,Other-service
40,2,151408,12,14,4,1,4,0,0,0,40,38,0,Prof-specialty,Prof-specialty
22,5,22966,15,10,3,4,4,1,0,0,20,38,0,Tech-support,Craft-repair
32,4,70985,11,9,2,0,4,1,4064,0,40,38,0,Farming-fishing,Craft-repair
25,1,117833,9,13,4,1,4,0,0,0,35,38,0,Prof-specialty,Prof-specialty
18,2,39529,2,8,4,3,4,0,0,0,32,38,0,Other-service,Sales
28,2,419146,5,4,5,1,4,1,0,0,40,25,0,Handlers-cleaners,Craft-repair
28,2,183155,9,13,2,0,4,1,0,0,55,38,0,Prof-specialty,Exec-managerial
44,3,357679,9,13,2,0,4,1,15024,0,65,38,1,Farming-fishing,Exec-managerial
35,2,285102,12,14,4,1,1,0,0,0,40,35,1,Prof-specialty,Exec-managerial
52,5,109600,12,14,3,4,4,0,4787,0,44,38,1,Exec-managerial,Prof-specialty
48,2,125421,12,14,0,4,4,0,0,0,40,38,1,Exec-managerial,Exec-managerial
21,2,363192,8,11,4,3,4,0,0,0,40,38,0,Other-service,Adm-clerical
66,1,174486,10,16,2,0,2,1,20051,0,35,22,1,Prof-specialty,Prof-specialty
30,2,84119,15,10,2,0,4,1,0,2051,40,38,0,Craft-repair,Adm-clerical
34,2,185041,11,9,4,1,4,0,0,1669,45,38,0,Prof-specialty,Sales
53,4,257126,2,8,2,0,4,1,0,0,45,38,0,Craft-repair,Craft-repair
23,1,282579,8,11,0,1,4,1,0,0,56,38,0,Tech-support,Protective-serv
19,2,224849,11,9,4,1,4,1,0,0,35,38,0,Sales,Other-service
38,2,405284,9,13,4,3,4,0,0,0,35,38,0,Other-service,Prof-specialty
35,2,147258,15,10,4,1,4,1,0,1974,40,38,0,Machine-op-inspct,Machine-op-inspct
37,0,197284,15,10,4,3,4,1,0,0,40,38,0,Adm-clerical,Adm-clerical
39,2,201410,11,9,2,0,4,1,0,0,40,38,0,Handlers-cleaners,Exec-managerial
19,2,57145,11,9,4,3,4,0,0,0,25,38,0,Other-service,Sales
34,1,167063,11,9,4,3,4,1,0,0,40,38,0,Protective-serv,Other-service
41,2,155657,1,7,4,2,2,0,0,0,40,38,0,Handlers-cleaners,Other-service
54,2,326156,15,10,2,0,4,1,0,0,40,38,1,Craft-repair,Tech-support
44,2,161819,11,9,2,0,4,1,0,0,40,38,1,Machine-op-inspct,Other-service
36,2,146311,6,5,2,0,4,1,0,0,40,38,0,Machine-op-inspct,Craft-repair
19,2,250639,15,10,4,3,4,1,0,0,24,38,0,Other-service,Other-service
22,2,50163,6,5,4,3,4,1,0,0,40,38,0,Transport-moving,Machine-op-inspct
31,2,246439,15,10,2,0,4,1,7298,0,50,38,1,Farming-fishing,Sales
28,2,196690,8,11,4,1,4,0,0,1669,42,38,0,Machine-op-inspct,Prof-specialty
39,0,227597,11,9,4,1,4,1,0,0,50,38,0,Armed-Forces,Adm-clerical
28,2,215955,11,9,2,0,4,1,0,0,40,38,0,Craft-repair,Sales
69,2,108196,6,5,4,2,4,1,2993,0,40,38,0,Craft-repair,Craft-repair
47,2,80924,15,10,6,1,4,0,0,0,35,38,0,Other-service,Other-service
43,4,150528,11,9,2,0,4,1,0,0,30,38,0,Craft-repair,Craft-repair
66,4,291362,14,15,2,0,4,1,0,0,50,38,0,Prof-specialty,Prof-specialty
33,2,205649,7,12,3,1,4,1,0,0,20,38,0,Craft-repair,Sales
35,5,98776,11,9,4,3,4,1,0,0,40,38,0,Tech-support,Other-service
51,2,33304,11,9,2,0,4,1,0,0,40,38,0,Craft-repair,Craft-repair
55,2,162205,11,9,2,0,4,1,5178,0,72,38,1,Transport-moving,Transport-moving
29,5,147256,7,12,4,1,2,1,0,0,40,38,1,Prof-specialty,Tech-support
62,4,75478,9,13,2,0,4,1,0,0,40,38,0,Exec-managerial,Prof-specialty
17,2,340557,1,7,4,3,4,1,0,0,25,38,0,Other-service,Sales
42,2,364832,5,4,0,1,4,0,0,0,40,38,0,Sales,Machine-op-inspct
47,3,168191,15,10,2,0,4,1,0,0,40,38,0,Craft-repair,Sales
18,5,76142,1,7,4,3,4,1,0,0,8,38,0,Other-service,Transport-moving
51,2,63424,12,14,2,5,4,0,0,0,40,38,1,Prof-specialty,Prof-specialty
48,2,189462,15,10,0,3,4,1,2176,0,40,38,0,Handlers-cleaners,Machine-op-inspct
34,2,264651,11,9,2,0,4,1,0,0,40,38,1,Machine-op-inspct,Craft-repair
33,1,289716,0,6,2,0,4,1,0,0,40,38,0,Transport-moving,Transport-moving
21,2,57916,11,9,4,3,4,1,0,0,40,38,0,Protective-serv,Craft-repair
39,1,180686,12,14,2,0,4,1,0,1977,45,38,1,Prof-specialty,Exec-managerial
26,2,248990,1,7,2,0,4,1,0,0,40,38,1,Adm-clerical,Transport-moving
17,2,147339,0,6,4,3,3,0,0,0,15,38,0,Prof-specialty,Other-service
52,2,380633,4,3,6,4,4,0,0,0,40,25,0,Other-service,Other-service
32,2,171116,11,9,0,3,4,0,0,0,40,38,0,Other-service,Adm-clerical
48,2,138069,11,9,2,0,4,1,0,0,45,38,0,Transport-moving,Machine-op-inspct
22,2,110371,11,9,2,3,4,1,0,0,50,38,0,Other-service,Craft-repair
24,2,203518,9,13,4,1,4,0,0,0,40,38,0,Prof-specialty,Exec-managerial
41,2,37869,11,9,2,0,4,1,0,1902,40,38,1,Sales,Craft-repair
42,2,198619,8,11,2,0,4,1,0,0,40,38,0,Machine-op-inspct,Craft-repair
45,2,238567,9,13,2,0,4,1,0,0,40,8,1,Exec-managerial,Exec-managerial
52,4,237868,15,10,4,4,4,1,0,0,5,38,0,Adm-clerical,Craft-repair
47,2,125120,9,13,0,1,4,0,0,0,50,38,0,Craft-repair,Sales
60,2,191188,11,9,2,0,4,1,0,0,40,38,0,Transport-moving,Craft-repair
36,5,166697,9,13,0,4,4,0,0,0,40,38,0,Prof-specialty,Protective-serv
59,2,96840,11,9,0,4,4,0,0,0,40,38,0,Other-service,Other-service
22,2,187052,1,7,4,4,4,0,0,0,30,38,0,Sales,Sales
49,2,188330,11,9,2,0,4,1,0,0,40,38,1,Sales,Craft-repair
36,2,31438,1,7,2,0,4,1,0,0,43,38,0,Transport-moving,Craft-repair
65,2,173674,11,9,0,2,4,0,0,0,14,38,0,Other-service,Other-service
43,2,248186,7,12,4,1,4,0,0,0,38,38,0,Adm-clerical,Adm-clerical
46,5,238648,11,9,2,0,2,1,7298,0,40,38,1,Other-service,Protective-serv
26,2,124111,7,12,4,1,4,0,0,0,36,38,0,Prof-specialty,Adm-clerical
44,1,56651,9,13,2,0,4,1,0,0,52,38,0,Exec-managerial,Prof-specialty
23,2,346480,11,9,4,1,4,0,0,0,50,38,0,Adm-clerical,Exec-managerial
39,2,225544,2,8,4,1,4,1,0,0,40,38,0,Handlers-cleaners,Craft-repair
22,2,205839,15,10,4,1,4,1,0,0,45,38,0,Other-service,Sales
26,2,274724,15,10,4,2,4,1,0,0,40,26,0,Other-service,Adm-clerical
34,5,34104,12,14,2,0,4,1,7688,0,38,38,1,Prof-specialty,Prof-specialty
24,2,373718,15,10,4,1,4,1,0,0,20,38,0,Farming-fishing,Adm-clerical
26,2,143068,15,10,2,0,4,1,2407,0,50,38,0,Exec-managerial,Exec-managerial
36,2,183425,15,10,0,1,4,1,0,0,40,38,0,Handlers-cleaners,Handlers-cleaners
27,2,164607,9,13,2,0,4,1,0,0,40,38,0,Other-service,Craft-repair
36,4,34180,11,9,4,1,4,1,0,0,70,38,1,Farming-fishing,Farming-fishing
28,2,192384,15,10,2,0,4,1,0,0,40,38,1,Handlers-cleaners,Transport-moving
24,2,121313,15,10,4,3,4,1,0,0,50,38,0,Transport-moving,Handlers-cleaners
18,2,141363,15,10,4,1,4,0,0,0,40,38,0,Other-service,Sales
53,2,99185,11,9,6,4,4,1,0,0,40,38,1,Craft-repair,Transport-moving
33,2,169496,9,13,2,0,4,1,0,0,50,38,1,Exec-managerial,Exec-managerial
30,2,190040,9,13,4,1,4,0,0,0,40,38,0,Machine-op-inspct,Exec-managerial
22,2,138542,15,10,2,0,4,1,0,0,35,38,0,Handlers-cleaners,Sales
35,2,37314,15,10,2,0,4,1,5013,0,40,38,0,Craft-repair,Sales
37,0,29054,15,10,2,0,4,1,0,0,42,38,1,Adm-clerical,Exec-managerial
59,4,114760,15,10,2,0,4,1,0,0,20,38,1,Craft-repair,Exec-managerial
53,0,105788,9,13,0,4,2,0,0,0,50,38,1,Exec-managerial,Prof-specialty
39,2,115422,11,9,2,0,4,1,0,0,30,38,0,Farming-fishing,Transport-moving
62,1,249078,9,13,0,1,2,0,0,0,40,38,0,Prof-specialty,Prof-specialty
49,5,423222,12,14,2,0,4,1,99999,0,80,38,1,Sales,Prof-specialty
34,2,245487,5,4,2,0,0,1,0,0,45,25,0,Transport-moving,Machine-op-inspct
21,2,337766,15,10,2,0,4,1,0,0,40,38,0,Adm-clerical,Other-service
36,2,115834,8,11,2,5,4,0,7298,0,55,38,1,Exec-managerial,Exec-managerial
22,2,102632,11,9,4,1,4,1,0,0,41,38,0,Craft-repair,Sales
23,2,117480,0,6,4,3,4,1,0,0,44,38,0,Craft-repair,Handlers-cleaners
28,2,165030,15,10,4,1,4,0,0,0,50,38,0,Exec-managerial,Adm-clerical
37,2,117381,11,9,2,0,4,1,0,0,80,38,1,Tech-support,Transport-moving
22,2,216134,15,10,4,3,2,0,0,0,40,38,0,Sales,Exec-managerial
28,2,181916,15,10,5,1,4,1,0,0,40,38,0,Machine-op-inspct,Handlers-cleaners
21,2,198050,11,9,4,1,4,0,0,0,28,38,0,Other-service,Sales
43,3,150533,8,11,2,2,4,1,0,0,50,38,1,Exec-managerial,Prof-specialty
51,2,197656,15,10,2,0,4,1,0,0,45,38,1,Exec-managerial,Prof-specialty
41,2,318046,15,10,2,0,4,1,0,0,48,38,1,Transport-moving,Prof-specialty
56,4,119069,9,13,2,0,4,1,0,0,40,38,1,Adm-clerical,Exec-managerial
40,2,167919,11,9,2,0,4,1,0,0,40,38,0,Craft-repair,Farming-fishing
37,1,108540,11,9,2,0,4,1,0,0,40,38,0,Craft-repair,Transport-moving
50,2,158680,12,14,2,0,4,1,0,0,50,38,1,Exec-managerial,Exec-managerial
21,5,337766,15,10,4,3,4,1,0,0,20,38,0,Prof-specialty,Other-service
41,2,279297,11,9,4,1,2,0,0,0,60,38,0,Sales,Exec-managerial
57,1,118481,9,13,2,0,4,1,0,1902,40,38,1,Prof-specialty,Prof-specialty
46,2,108699,15,10,6,1,4,0,0,0,60,38,0,Adm-clerical,Exec-managerial
32,1,222900,9,13,5,1,4,0,0,0,50,38,1,Prof-specialty,Prof-specialty
35,2,183800,9,13,2,0,4,1,0,0,40,38,1,Adm-clerical,Sales
55,2,206487,15,10,2,0,4,1,0,0,40,38,1,Prof-specialty,Sales
60,3,197553,15,10,2,0,4,1,7688,0,50,38,1,Exec-managerial,Exec-managerial
53,2,177647,9,13,0,4,4,1,0,0,40,38,0,Exec-managerial,Sales
54,0,230387,11,9,6,4,4,0,0,0,35,38,0,Adm-clerical,Adm-clerical
31,2,209448,0,6,2,0,4,1,2105,0,40,25,0,Farming-fishing,Craft-repair
20,2,436253,15,10,4,3,4,1,0,0,35,38,0,Other-service,Sales
36,2,102945,8,11,0,1,4,1,0,0,40,38,0,Craft-repair,Sales
42,2,173590,15,10,2,0,4,1,0,1628,40,38,0,Adm-clerical,Adm-clerical
43,0,195897,11,9,2,0,4,1,7298,0,40,38,1,Farming-fishing,Adm-clerical
49,2,277434,11,9,2,0,4,1,0,0,50,38,0,Transport-moving,Transport-moving
53,2,117058,11,9,0,4,4,0,0,0,40,38,0,Other-service,Adm-clerical
42,1,111252,12,14,2,0,4,1,0,1977,40,38,1,Exec-managerial,Prof-specialty
35,2,261241,11,9,0,1,4,1,0,1741,60,38,0,Transport-moving,Exec-managerial
39,2,36376,15,10,2,0,4,1,0,0,60,38,0,Farming-fishing,Craft-repair
44,4,335183,2,8,2,0,2,1,0,0,40,38,1,Handlers-cleaners,Craft-repair
22,2,509048,11,9,4,2,2,0,0,0,37,38,0,Sales,Adm-clerical
39,2,191161,15,10,2,0,4,1,0,0,40,38,0,Craft-repair,Machine-op-inspct
46,2,100067,1,7,2,5,2,0,0,0,35,38,1,Other-service,Other-service
40,2,149466,11,9,0,1,2,1,0,0,35,38,0,Handlers-cleaners,Craft-repair
47,2,67716,11,9,2,0,4,1,0,0,40,38,1,Sales,Craft-repair
28,2,189530,7,12,2,0,4,1,0,0,40,38,1,Prof-specialty,Prof-specialty
40,5,26598,9,13,0,1,4,1,0,0,40,38,0,Prof-specialty,Prof-specialty
22,1,238831,15,10,4,3,4,1,0,0,40,38,0,Protective-serv,Farming-fishing
72,4,285408,14,15,2,0,4,1,0,2246,28,38,1,Prof-specialty,Prof-specialty
46,4,254291,15,10,2,0,4,1,0,0,60,38,1,Sales,Sales
60,2,239576,12,14,2,0,4,1,0,0,10,38,0,Transport-moving,Prof-specialty
57,3,376230,12,14,2,0,4,1,99999,0,40,38,1,Sales,Sales
44,2,184105,7,12,2,0,4,1,4386,0,40,38,1,Sales,Exec-managerial
41,1,213154,15,10,2,5,2,0,0,0,40,38,0,Adm-clerical,Adm-clerical
41,2,331651,14,15,2,5,4,0,0,0,50,23,1,Exec-managerial,Prof-specialty
37,1,218184,9,13,2,0,4,1,0,1887,40,38,1,Prof-specialty,Prof-specialty
61,1,248595,3,2,2,0,4,1,0,0,40,25,0,Other-service,Machine-op-inspct
29,2,308136,15,10,2,0,4,1,0,0,40,38,0,Craft-repair,Craft-repair
23,2,117606,9,13,4,1,4,0,0,0,40,38,0,Prof-specialty,Prof-specialty
20,2,151790,15,10,4,3,4,0,0,0,30,38,0,Adm-clerical,Other-service
58,2,290661,11,9,2,0,4,1,0,0,40,38,0,Craft-repair,Farming-fishing
42,2,266084,15,10,2,0,4,1,7298,0,45,38,1,Craft-repair,Craft-repair
49,2,87928,8,11,2,0,4,1,5013,0,40,38,0,Craft-repair,Other-service
68,2,339168,9,13,2,0,4,1,0,0,30,38,0,Transport-moving,Prof-specialty
24,2,161198,9,13,4,1,4,1,0,0,25,38,0,Prof-specialty,Sales
26,2,294493,9,13,4,2,4,1,0,0,40,38,0,Craft-repair,Adm-clerical
31,2,258849,8,11,4,4,2,0,0,0,40,38,0,Adm-clerical,Other-service
67,4,226092,15,10,2,0,4,1,0,0,44,38,0,Farming-fishing,Sales
25,2,404616,9,13,2,0,4,1,0,0,40,38,1,Exec-managerial,Prof-specialty
29,4,229842,11,9,4,4,2,1,0,0,45,38,0,Transport-moving,Farming-fishing
39,2,206298,15,10,0,1,4,0,0,0,40,38,0,Adm-clerical,Other-service
39,2,141802,15,10,0,4,2,0,0,0,40,38,0,Adm-clerical,Exec-managerial
79,2,121318,15,10,2,0,4,1,0,0,20,38,0,Adm-clerical,Handlers-cleaners
32,2,86723,11,9,4,1,4,1,0,0,52,38,0,Other-service,Transport-moving
49,2,91251,11,9,2,0,1,1,0,0,40,2,0,Other-service,Other-service
23,2,377121,15,10,4,4,4,0,0,0,25,38,0,Other-service,Other-service
20,4,54152,15,10,4,1,4,0,0,0,35,38,0,Craft-repair,Adm-clerical
23,2,184813,15,10,2,0,4,1,0,0,20,38,0,Other-service,Handlers-cleaners
41,1,74581,9,13,0,4,4,1,0,0,65,38,0,Prof-specialty,Prof-specialty
49,5,336509,0,6,2,0,4,1,0,0,40,38,0,Other-service,Craft-repair
51,2,95946,9,13,2,0,4,1,0,0,50,38,1,Prof-specialty,Exec-managerial
17,2,207637,1,7,4,3,4,1,0,0,10,38,0,Handlers-cleaners,Handlers-cleaners
53,2,53197,12,14,2,0,4,1,3103,0,40,38,1,Prof-specialty,Exec-managerial
54,2,278329,11,9,3,1,4,0,0,0,43,38,0,Exec-managerial,Craft-repair
48,2,125892,9,13,2,0,4,1,0,0,40,38,1,Tech-support,Exec-managerial
28,2,50814,11,9,4,1,4,0,0,0,40,38,0,Prof-specialty,Other-service
44,2,201723,9,13,2,0,4,1,15024,0,45,38,1,Exec-managerial,Exec-managerial
42,4,102069,5,4,2,0,4,1,0,0,30,38,0,Sales,Craft-repair
22,2,287988,15,10,4,1,4,1,0,0,20,38,0,Sales,Adm-clerical
37,2,138192,11,9,2,0,4,1,0,0,45,38,0,Craft-repair,Machine-op-inspct
40,3,193524,15,10,2,0,4,1,0,0,40,38,1,Farming-fishing,Exec-managerial
26,2,161007,9,13,4,3,4,1,0,0,30,38,0,Adm-clerical,Adm-clerical
40,1,243580,9,13,2,0,4,1,0,0,48,38,0,Prof-specialty,Prof-specialty
44,2,175641,1,7,2,0,4,1,0,0,40,38,1,Sales,Craft-repair
47,2,170850,11,9,2,0,4,1,4064,0,60,38,0,Handlers-cleaners,Sales
17,2,186677,1,7,4,3,4,1,0,0,12,38,0,Handlers-cleaners,Handlers-cleaners
34,2,155343,11,9,2,0,4,1,0,1848,50,38,1,Craft-repair,Craft-repair
36,2,182863,9,13,2,0,4,1,0,0,50,38,1,Exec-managerial,Prof-specialty
32,4,115066,11,9,2,0,4,1,0,0,60,38,1,Sales,Craft-repair
42,2,37869,15,10,0,1,4,1,0,1590,40,38,0,Machine-op-inspct,Farming-fishing
40,2,51290,12,14,2,0,4,1,0,0,50,38,1,Prof-specialty,Exec-managerial
25,2,212495,9,13,4,3,4,1,0,1340,40,38,0,Exec-managerial,Exec-managerial
54,2,123011,11,9,2,0,4,1,0,0,40,30,1,Machine-op-inspct,Craft-repair
34,2,198634,8,11,4,1,4,0,0,0,40,38,0,Adm-clerical,Adm-clerical
25,2,156334,0,6,2,0,4,1,0,0,40,38,0,Machine-op-inspct,Craft-repair
19,2,389942,11,9,4,1,4,1,0,0,40,38,0,Sales,Other-service
45,2,187226,7,12,2,0,4,1,0,0,40,38,0,Handlers-cleaners,Sales
23,2,45713,15,10,4,2,4,1,0,0,40,38,0,Craft-repair,Craft-repair
19,2,181020,1,7,4,2,4,1,0,0,30,38,0,Handlers-cleaners,Other-service
24,2,64520,5,4,4,3,4,1,0,0,40,38,0,Sales,Machine-op-inspct
39,2,238415,9,13,2,0,4,1,0,0,50,38,1,Exec-managerial,Prof-specialty
24,2,293091,11,9,2,0,4,1,0,0,40,38,0,Handlers-cleaners,Transport-moving
25,2,159662,11,9,2,3,4,1,0,0,26,38,1,Sales,Transport-moving
34,2,199864,15,10,2,5,4,0,0,2057,40,38,0,Adm-clerical,Sales
57,4,24473,8,11,2,0,4,1,0,0,40,38,1,Craft-repair,Craft-repair
42,1,121718,12,14,2,0,4,1,0,1902,60,38,1,Exec-managerial,Prof-specialty
24,2,70261,9,13,2,0,4,1,0,0,50,38,0,Prof-specialty,Exec-managerial
29,1,107411,14,15,4,1,4,0,0,0,70,38,0,Prof-specialty,Prof-specialty
44,2,172475,11,9,0,1,1,0,0,0,40,39,0,Adm-clerical,Adm-clerical
21,1,218445,15,10,4,3,4,0,0,0,40,25,0,Adm-clerical,Adm-clerical
41,2,47902,15,10,2,0,4,1,0,0,35,38,1,Sales,Craft-repair
29,2,88432,8,11,2,0,4,1,0,0,50,38,0,Craft-repair,Craft-repair
40,0,118686,9,13,4,1,4,0,0,0,45,38,0,Prof-specialty,Prof-specialty
45,5,312678,12,14,4,1,2,1,0,0,38,38,0,Adm-clerical,Prof-specialty
61,2,168654,11,9,0,1,4,0,0,0,40,1,0,Adm-clerical,Adm-clerical
48,2,105808,6,5,6,4,4,1,0,0,40,38,1,Transport-moving,Handlers-cleaners
21,2,213015,11,9,4,2,2,1,2176,0,40,38,0,Handlers-cleaners,Machine-op-inspct
18,5,391257,15,10,4,1,4,0,0,0,40,38,0,Other-service,Adm-clerical
