age,workclass,fnlwgt,education,education_num,marital_status,occupation,relationship,sex,capital_gain,capital_loss,hours_per_week,native_country,income,actual_race,predicted_race
50,2,220019,12,14,2,9,5,0,0,0,40,38,0,White,White
18,2,157273,0,6,4,7,2,1,0,0,15,38,0,Black,White
44,2,54310,12,14,2,9,0,1,7298,0,40,38,1,White,White
42,2,342865,11,9,2,11,0,1,0,0,40,38,0,White,White
48,2,102597,15,10,5,0,4,0,0,0,44,38,0,White,Black
50,2,99307,11,9,2,2,0,1,5013,0,45,38,0,White,White
19,2,376540,11,9,4,0,1,0,0,0,30,38,0,White,White
24,2,270075,9,13,2,0,5,0,0,0,50,38,0,White,White
41,2,205153,8,11,2,3,0,1,0,0,40,38,0,White,White
17,2,167878,1,7,4,7,3,1,0,0,20,38,0,White,White
22,2,197613,8,11,4,7,1,0,0,0,30,38,0,White,White
44,2,131650,7,12,2,3,0,1,0,0,54,38,1,White,White
38,2,298841,11,9,0,0,3,0,0,0,40,38,0,White,White
23,2,292023,11,9,4,3,1,1,0,0,45,38,0,White,White
45,1,199590,15,10,2,2,0,1,0,1887,40,25,1,White,White
48,2,248164,9,13,2,11,0,1,4386,0,50,38,1,White,White
49,2,133669,15,10,2,0,0,1,0,0,40,38,1,White,White
24,2,36058,9,13,4,11,1,1,0,0,50,38,0,White,White
45,2,168038,9,13,2,3,0,1,0,0,32,38,0,White,White
47,4,355978,10,16,2,13,0,1,0,2002,45,38,0,White,White
23,2,124259,15,10,4,10,3,0,0,0,40,38,0,Black,White
40,2,262872,9,13,4,0,1,0,0,0,40,38,0,White,White
41,2,97632,15,10,0,11,1,0,0,0,32,38,0,Asian-Pac-Islander,White
25,2,25386,8,11,4,7,4,0,0,0,40,38,0,Amer-Indian-Eskimo,White
28,2,180928,15,10,2,5,0,1,5013,0,55,38,0,White,White
30,2,345705,15,10,2,3,2,1,0,0,40,38,0,White,White
24,2,317175,9,13,2,11,0,1,0,0,45,38,1,White,White
38,4,245372,15,10,2,9,0,1,3137,0,50,38,0,White,White
19,2,243373,2,8,4,11,2,1,1055,0,40,38,0,White,White
18,2,188476,1,7,4,3,3,1,0,0,20,38,0,White,White
41,1,235951,14,15,2,9,0,1,0,0,50,38,1,White,White
48,2,331482,14,15,2,12,0,1,0,1977,40,38,1,White,White
37,2,191342,3,2,2,2,0,1,0,0,40,0,0,Asian-Pac-Islander,White
38,2,192337,12,14,2,9,0,1,0,0,40,8,1,White,Asian-Pac-Islander
23,2,62278,15,10,2,11,0,1,0,0,45,38,0,White,White
34,2,110476,11,9,2,0,0,1,0,0,40,38,0,White,White
35,2,272476,7,12,2,7,5,0,0,0,35,38,1,White,White
23,2,580248,11,9,4,12,1,0,0,0,40,38,0,White,White
56,2,121362,9,13,0,7,1,0,0,0,32,38,0,White,White
46,3,256909,11,9,3,4,1,1,3325,0,45,38,0,White,White
36,2,173804,1,7,0,7,1,0,0,0,40,38,0,White,White
51,2,117253,11,9,6,9,4,0,0,0,40,38,0,White,Black
39,2,33487,1,7,2,6,0,1,0,0,40,38,0,White,White
39,1,132879,9,13,2,9,0,1,0,1887,40,38,1,White,White
42,2,29320,9,13,2,9,0,1,0,0,40,38,0,White,White
46,4,176863,11,9,2,3,0,1,0,0,40,38,0,White,White
43,2,269015,11,9,2,6,0,1,0,0,40,10,1,Black,White
23,2,183327,11,9,4,2,3,0,0,1594,20,38,0,Black,White
36,2,175643,11,9,2,2,0,1,0,0,35,38,0,White,White
56,2,286487,11,9,2,2,0,1,2885,0,45,38,0,White,White
47,2,209460,15,10,2,2,0,1,0,1485,47,38,0,White,White
44,2,421449,11,9,0,0,4,0,0,0,40,38,0,White,White
26,2,152452,9,13,2,12,0,1,0,0,50,38,0,White,White
40,2,169885,11,9,5,7,1,0,0,0,40,38,0,White,Black
44,5,691903,12,14,2,9,0,1,0,0,60,38,1,Black,White
41,2,325786,11,9,2,6,0,1,0,0,40,38,0,White,White
53,2,135840,9,13,2,9,0,1,0,0,55,38,1,White,White
40,2,360884,15,10,2,0,5,0,7298,0,40,38,1,White,White
33,5,173806,12,14,4,9,1,1,0,0,30,38,0,White,White
39,0,472166,15,10,0,3,4,0,0,0,40,38,0,Black,Black
26,2,105059,6,5,2,2,0,1,0,0,20,38,0,White,White
34,2,340940,9,13,2,11,0,1,7298,0,60,38,1,White,White
25,2,299908,15,10,2,3,5,0,0,0,40,38,1,Black,White
27,2,228472,9,13,2,2,0,1,0,0,45,38,1,White,White
41,4,111772,7,12,2,2,0,1,0,1887,40,38,1,White,White
32,2,251243,15,10,0,3,1,0,0,0,50,38,1,White,White
30,2,125279,11,9,3,11,4,1,0,0,40,38,0,White,White
21,2,126314,15,10,4,7,3,1,0,0,10,38,0,White,White
31,2,117816,5,4,0,5,2,1,0,0,70,38,0,White,White
34,2,174789,15,10,2,7,0,1,0,0,50,38,0,White,Black
47,1,148995,11,9,2,10,0,1,0,0,60,38,1,White,White
19,2,208513,11,9,4,2,2,1,0,0,40,38,0,White,Black
31,2,111567,9,13,4,11,1,1,0,0,40,38,1,White,White
54,1,184620,12,14,0,9,1,0,0,0,40,38,0,White,White
21,2,131811,11,9,2,5,0,1,0,0,40,38,0,White,White
38,2,169104,12,14,2,3,0,1,0,0,60,38,1,White,White
35,2,112158,0,6,2,2,0,1,0,0,40,38,0,White,White
25,2,52536,7,12,0,12,3,0,0,1594,25,38,0,White,White
29,2,385092,15,10,0,9,3,0,0,0,36,38,0,White,White
19,2,121240,11,9,4,7,1,1,0,0,30,38,0,White,White
27,2,196044,15,10,2,2,0,1,0,0,60,38,0,White,White
34,2,684015,4,3,4,5,3,1,0,0,40,7,0,White,White
76,1,329355,11,9,6,7,1,0,0,0,13,38,0,White,White
58,2,29928,15,10,2,11,5,0,0,0,36,38,0,White,White
43,1,161240,11,9,2,10,0,1,0,0,45,38,1,White,White
25,2,181054,9,13,4,11,1,0,0,0,40,38,0,White,White
28,2,65171,15,10,2,0,0,1,0,0,40,38,0,White,White
39,2,80004,11,9,2,5,0,1,0,0,40,38,0,White,White
32,2,402812,15,10,2,11,0,1,0,0,48,38,0,White,White
58,2,212864,11,9,0,5,1,1,0,0,40,38,0,White,Black
55,2,121912,15,10,2,13,0,1,0,0,24,38,1,White,White
40,2,175935,9,13,0,11,1,1,14084,0,40,38,1,White,White
50,2,21095,15,10,0,7,4,1,0,0,40,29,0,Asian-Pac-Islander,Asian-Pac-Islander
42,2,106900,8,11,4,12,1,1,0,0,40,38,0,White,White
31,2,49923,11,9,2,13,0,1,0,0,40,38,0,White,White
37,2,240810,7,12,2,2,0,1,0,0,45,38,0,White,White
30,2,180374,11,9,2,3,5,0,0,0,40,38,0,White,White
20,2,94401,11,9,4,3,4,0,0,0,40,38,0,White,White
22,2,174461,15,10,4,0,3,0,0,0,15,38,0,White,White
45,2,155489,15,10,2,11,0,1,0,0,60,38,1,White,White
22,5,34310,15,10,4,13,3,1,0,0,25,38,0,White,White
36,2,281021,11,9,4,13,1,1,0,0,45,38,0,White,White
64,4,170421,15,10,6,2,1,0,0,0,8,38,0,White,White
44,2,193459,8,11,2,2,0,1,3411,0,40,38,0,White,White
28,2,173673,4,3,4,7,1,0,0,0,40,25,0,White,White
32,2,212064,9,13,2,3,5,0,0,0,40,38,1,White,White
32,2,195602,9,13,2,11,0,1,0,1977,45,38,1,White,White
58,4,87510,0,6,2,2,0,1,0,0,40,38,0,White,White
25,1,179059,9,13,4,9,3,1,0,0,40,38,0,White,White
58,2,145574,1,7,2,2,0,1,0,0,40,38,0,White,White
57,2,132704,12,14,5,9,1,1,10520,0,32,38,1,White,White
30,2,148524,11,9,2,13,0,1,0,2057,40,38,0,White,White
29,2,122000,15,10,4,11,1,1,0,0,60,38,0,White,White
36,2,275653,5,4,3,6,4,0,2977,0,40,32,0,White,White
28,1,84657,9,13,0,9,1,0,0,0,40,38,0,White,White
22,2,194031,15,10,4,7,3,0,0,0,15,38,0,White,White
38,2,187346,11,9,4,11,3,0,0,0,40,38,0,White,White
36,2,179358,11,9,6,5,4,0,0,0,30,38,0,White,White
46,4,225456,11,9,2,3,0,1,0,0,40,38,0,White,White
32,5,111363,14,15,2,9,0,1,0,0,75,38,1,White,White
58,2,236596,15,10,2,3,0,1,0,0,40,38,1,White,White
46,2,364548,9,13,0,11,1,1,8614,0,40,38,1,White,White
43,2,185057,11,9,0,3,1,0,0,0,30,38,1,White,White
28,2,148429,11,9,2,6,0,1,2885,0,40,38,0,White,White
35,2,112160,11,9,2,11,0,1,0,0,40,38,0,White,White
47,0,197332,9,13,0,9,1,1,0,0,40,38,0,White,White
44,2,187720,11,9,2,2,0,1,0,0,41,38,0,White,White
47,2,32509,15,10,0,7,4,0,0,0,40,38,0,White,White
32,2,108023,12,14,4,0,1,1,0,0,40,38,0,White,White
30,4,146161,11,9,2,3,0,1,0,1887,50,38,1,White,White
20,2,140764,15,10,4,7,3,0,0,0,20,38,0,White,White
32,2,90969,8,11,2,13,0,1,0,0,45,38,1,White,White
60,2,88055,0,6,2,13,0,1,0,0,40,38,0,White,White
29,2,199116,11,9,2,6,0,1,0,0,40,32,0,White,White
38,2,239755,1,7,0,2,1,1,0,0,40,38,0,White,Black
36,5,112497,9,13,0,9,1,1,0,1876,44,38,0,White,White
31,2,178370,11,9,0,7,4,0,0,0,99,38,1,White,White
22,2,270436,11,9,4,7,3,1,0,0,40,38,0,White,Black
51,2,155403,11,9,2,0,5,0,0,0,40,38,0,Black,White
30,2,97521,9,13,2,11,0,1,0,0,50,38,1,White,White
49,2,236913,11,9,6,7,1,0,0,0,45,38,0,White,White
28,2,157624,9,13,4,0,1,0,0,0,40,38,0,White,White
46,2,102569,12,14,2,3,0,1,15024,0,65,38,1,White,White
46,2,188861,15,10,2,13,0,1,0,0,40,38,0,White,White
24,1,193416,15,10,4,10,3,0,0,0,40,38,0,White,White
59,1,236426,7,12,0,9,1,0,0,0,50,38,0,White,White
28,2,191088,11,9,0,7,1,0,0,1741,52,38,0,White,White
46,2,328216,9,13,2,3,0,1,15024,0,40,38,1,White,White
44,2,167955,11,9,2,2,0,1,0,0,40,30,0,White,White
19,5,159269,15,10,4,0,3,1,0,0,15,38,0,White,White
36,2,156084,11,9,4,11,3,0,0,0,40,38,0,White,White
44,2,376072,11,9,2,12,0,1,0,0,45,38,1,White,White
35,2,214896,11,9,0,0,1,0,0,0,45,38,0,White,White
43,2,241928,11,9,5,0,1,0,0,0,32,38,0,Black,White
24,2,448026,9,13,4,11,3,1,0,0,40,38,0,White,White
35,2,141896,2,8,2,2,0,1,0,0,40,38,0,White,White
46,1,303918,11,9,2,10,0,1,7688,0,96,38,1,White,White
23,2,435604,8,11,5,3,3,0,0,0,40,38,0,White,White
55,2,206487,15,10,2,9,0,1,0,0,40,38,1,White,White
48,2,267912,9,13,4,7,1,1,0,0,50,25,1,White,Asian-Pac-Islander
27,4,66473,9,13,2,3,0,1,0,0,50,38,0,White,White
32,0,72338,8,11,4,9,2,1,0,0,40,38,0,Asian-Pac-Islander,White
41,2,806552,15,10,2,11,0,1,0,0,50,38,1,White,White
23,2,197666,15,10,4,0,1,0,0,0,24,11,0,White,White
38,2,162322,8,11,4,12,3,0,0,0,40,38,0,White,White
36,2,284166,11,9,4,11,4,1,0,0,60,38,1,White,White
22,2,83315,11,9,4,0,4,1,0,0,40,38,0,White,White
35,2,452283,11,9,0,11,3,0,0,0,40,38,0,White,White
46,0,199725,8,11,0,2,1,0,0,0,60,38,0,Amer-Indian-Eskimo,White
40,2,223934,15,10,2,0,5,0,0,0,17,38,1,White,White
26,2,238768,11,9,2,6,0,1,0,0,60,38,0,White,White
22,2,191324,15,10,4,10,3,1,0,0,25,38,0,White,White
54,2,175262,5,4,2,6,0,1,0,0,40,38,0,White,White
42,2,208726,15,10,0,3,4,0,0,0,45,38,0,White,White
24,2,282604,15,10,2,10,2,1,0,0,24,38,0,White,White
41,4,233130,11,9,2,3,0,1,0,0,45,25,0,White,White
43,2,293176,9,13,2,11,0,1,0,0,40,38,1,White,White
45,2,226246,11,9,0,5,1,1,0,0,50,38,0,White,White
39,2,200153,9,13,0,0,1,1,0,0,40,38,0,White,White
34,2,55176,15,10,2,12,0,1,0,0,40,38,1,White,White
19,2,160033,15,10,4,10,3,0,0,0,30,38,0,White,White
34,2,118605,7,12,2,9,0,1,0,0,55,38,0,White,White
47,2,216096,15,10,3,3,4,0,0,0,35,32,0,White,White
71,2,118876,9,13,4,3,1,0,0,0,14,38,0,White,White
60,4,106118,11,9,2,11,0,1,0,0,70,38,1,White,White
34,1,166545,11,9,4,0,3,0,0,0,40,38,0,White,White
43,2,118001,5,4,5,4,1,1,0,0,40,38,0,Black,White
65,2,190568,11,9,6,0,1,0,0,810,36,38,0,White,White
46,1,102076,11,9,0,0,4,0,0,0,25,38,0,White,White
17,2,198124,1,7,4,11,3,1,0,0,20,38,0,White,White
19,5,176634,11,9,4,0,3,0,0,0,40,38,0,White,White
52,0,202452,11,9,0,0,1,0,0,0,43,38,0,White,White
28,2,249571,11,9,2,11,0,1,0,0,40,38,0,White,White
17,5,179319,0,6,4,7,3,1,0,0,30,38,0,White,White
33,2,168387,1,7,2,7,0,1,0,0,40,38,0,White,White
27,2,336951,11,9,2,13,0,1,0,0,99,38,0,White,Black
23,2,245147,15,10,4,5,3,1,0,0,40,38,0,Black,White
43,1,174491,11,9,0,12,1,0,0,0,40,38,0,Black,White
20,2,241951,11,9,4,5,1,1,0,0,45,38,0,White,White
40,0,26358,7,12,4,0,1,0,0,0,40,38,0,White,White
29,4,125190,11,9,2,2,0,1,0,0,40,38,0,White,White
43,2,132130,8,11,2,4,0,1,0,0,40,38,1,White,White
35,4,308874,11,9,4,2,1,1,0,0,40,38,0,Black,White
36,5,89508,14,15,4,9,1,1,0,0,40,38,0,White,White
71,2,55965,5,4,6,13,1,1,0,0,10,38,0,White,White
42,4,166813,15,10,2,4,0,1,0,0,60,38,0,White,White
33,1,147921,11,9,6,7,4,0,0,0,40,38,0,White,Black
24,4,236769,5,4,2,2,0,1,0,0,40,38,0,White,White
42,2,121264,8,11,2,9,0,1,0,0,40,38,1,White,White
42,2,141558,12,14,2,9,0,1,0,0,60,38,0,White,White
42,2,250536,15,10,5,7,4,0,0,0,21,13,0,Black,White
35,2,335777,15,10,0,3,1,1,0,0,40,25,0,White,White
34,4,321709,7,12,4,9,1,0,0,0,25,38,0,White,White
41,2,183203,11,9,2,13,0,1,0,0,50,38,1,White,White
45,4,182677,11,9,3,2,1,1,0,0,40,36,0,Asian-Pac-Islander,Asian-Pac-Islander
33,2,118710,8,11,0,0,1,1,0,0,40,38,0,White,White
43,2,172401,11,9,2,11,0,1,0,0,40,38,1,White,White
47,2,162034,9,13,2,11,0,1,0,0,70,38,0,White,White
22,2,400966,15,10,4,0,3,0,0,0,40,38,0,White,White
32,1,40444,12,14,4,9,1,1,0,0,50,38,0,White,White
32,2,402089,9,13,2,0,5,0,0,0,2,38,0,White,Black
50,2,121685,15,10,2,11,0,1,0,0,45,38,1,White,White
31,2,131568,5,4,0,13,4,1,0,0,20,38,0,White,White
40,5,50093,12,14,0,9,4,0,0,0,20,38,0,White,White
32,2,158416,11,9,0,11,1,1,0,0,50,38,0,White,White
38,2,36989,9,13,2,7,0,1,3908,0,70,38,0,White,White
47,1,219632,7,12,5,3,1,1,0,1408,40,38,0,White,White
40,2,119101,15,10,2,2,0,1,0,1887,68,38,1,White,White
26,2,244495,6,5,4,7,1,1,0,0,35,38,0,White,White
59,2,381851,6,5,6,7,4,0,0,0,40,38,0,Black,Black
35,2,186009,11,9,2,2,0,1,0,0,40,38,1,White,White
45,2,338105,15,10,2,2,0,1,0,0,40,39,0,Asian-Pac-Islander,Asian-Pac-Islander
21,5,96483,15,10,4,0,3,0,0,0,12,38,0,Asian-Pac-Islander,White
40,1,319271,12,14,2,3,0,1,0,0,60,38,1,White,White
48,2,97176,11,9,0,0,2,0,0,0,40,38,0,White,White
50,2,208630,12,14,0,11,1,0,0,0,50,38,1,White,White
32,2,86808,15,10,4,7,3,0,0,0,38,38,0,White,White
39,2,272950,9,13,2,2,0,1,0,0,45,38,1,White,White
50,4,83311,9,13,2,3,0,1,0,0,13,38,0,White,White
25,2,499233,11,9,0,0,1,1,0,0,40,38,0,White,White
58,2,175127,11,9,2,6,0,1,0,0,40,38,0,White,White
33,2,193285,9,13,2,9,0,1,0,0,38,38,1,White,White
42,1,125155,11,9,2,10,0,1,0,0,90,38,0,White,White
52,2,169182,6,5,6,7,1,0,0,0,25,32,0,White,White
17,2,245918,1,7,4,7,3,1,0,0,12,38,0,White,White
32,2,270335,9,13,2,0,2,1,0,0,40,29,1,White,Asian-Pac-Islander
54,2,200783,15,10,2,11,0,1,0,0,40,38,0,White,White
60,2,166330,11,9,2,7,5,0,99999,0,40,38,1,White,White
34,2,394447,9,13,4,9,1,1,2463,0,50,9,0,White,White
48,2,176140,1,7,0,7,4,0,0,0,40,38,0,Black,White
40,3,102226,11,9,2,3,0,1,0,0,40,38,0,White,White
27,1,229223,15,10,4,10,3,0,0,0,40,38,1,White,White
32,0,44777,11,9,5,6,1,1,0,0,46,38,0,Black,White
30,2,103596,11,9,4,10,1,1,0,0,99,38,0,White,White
25,2,178478,9,13,4,12,3,0,0,0,40,38,0,White,White
27,2,228476,9,13,2,11,0,1,0,0,50,38,1,White,White
29,2,115677,9,13,4,9,1,1,0,0,40,38,0,White,White
26,2,341353,9,13,4,7,2,1,0,0,15,38,0,White,White
49,5,203039,1,7,2,0,0,1,0,0,40,38,0,White,White
31,2,186787,11,9,4,2,3,1,0,0,42,38,0,White,Black
51,2,44000,12,14,2,9,5,0,99999,0,50,38,1,White,White
57,4,57071,15,10,2,2,0,1,3137,0,40,38,0,White,White
46,2,82946,11,9,4,11,1,0,0,0,40,38,0,White,Asian-Pac-Islander
44,2,242861,11,9,2,13,0,1,0,0,40,38,0,White,White
35,2,209609,11,9,2,13,0,1,0,0,60,38,0,White,White
54,2,138845,15,10,4,7,1,0,0,0,40,38,0,White,Black
37,1,102936,9,13,0,9,4,0,0,0,55,38,0,White,White
50,4,167728,10,16,2,9,0,1,0,0,60,38,1,White,White
30,5,193380,9,13,4,9,2,1,0,0,35,38,0,White,White
37,2,86551,9,13,2,3,0,1,0,0,45,38,1,White,White
27,2,289147,9,13,4,9,3,0,0,0,40,38,0,White,Black
28,2,106951,11,9,4,5,1,1,0,0,42,38,0,White,White
68,2,148874,6,5,2,2,0,1,0,0,44,38,0,Black,White
29,4,404998,8,11,2,4,0,1,0,0,90,38,0,White,White
30,2,154297,0,6,4,6,4,0,0,0,40,38,0,Black,Black
42,0,115932,9,13,0,0,3,1,0,0,40,38,0,White,White
44,4,179557,11,9,2,3,0,1,0,1977,45,38,1,White,White
42,2,325353,7,12,2,0,0,1,7688,0,42,38,1,White,White
49,2,122066,11,9,2,3,0,1,0,0,30,17,0,White,Asian-Pac-Islander
67,2,64148,15,10,0,7,4,0,0,0,41,38,0,Black,White
50,2,28952,15,10,2,11,5,0,0,0,39,38,0,White,White
26,2,170786,15,10,2,13,0,1,0,0,40,38,0,White,White
39,2,318452,1,7,2,9,0,1,0,0,60,38,0,White,White
30,2,114691,11,9,4,4,3,1,0,0,40,38,0,White,White
33,2,67006,0,6,4,6,1,0,0,0,45,38,0,White,White
34,2,347166,15,10,2,0,0,1,0,0,40,38,0,White,White
44,2,112517,12,14,2,12,0,1,0,0,20,38,1,White,White
19,2,100999,9,13,4,9,3,0,0,0,30,38,0,White,White
17,2,52967,0,6,4,7,3,0,0,0,6,38,0,White,White
36,2,58343,9,13,2,12,0,1,3103,0,42,38,1,White,White
31,4,229946,11,9,2,9,0,1,0,0,40,3,0,White,White
56,2,247337,9,13,2,9,0,1,0,0,50,38,1,White,White
32,2,79870,15,10,2,3,3,0,2597,0,40,23,0,White,Asian-Pac-Islander
27,2,178688,8,11,4,2,2,1,0,0,40,38,0,White,White
59,2,108496,15,10,0,2,1,1,2907,0,40,38,0,White,White
30,2,231413,15,10,2,2,0,1,0,0,40,38,1,White,White
34,3,28984,8,11,0,11,4,0,0,0,40,38,0,White,White
54,5,93449,12,14,2,9,0,1,0,0,40,18,1,Asian-Pac-Islander,Asian-Pac-Islander
48,1,123075,12,14,2,9,0,1,0,0,35,38,1,White,White
61,2,123991,15,10,2,5,0,1,0,0,20,38,0,White,White
62,2,26966,15,10,6,0,1,0,0,0,40,38,0,White,White
29,2,197618,11,9,4,0,1,0,0,0,40,38,0,White,White
69,0,143849,1,7,6,0,1,0,0,0,20,38,0,White,White
23,2,212617,9,13,4,7,1,1,0,0,66,6,0,White,White
53,2,153052,11,9,2,2,0,1,0,0,40,38,1,White,White
31,2,252210,4,3,4,7,3,1,0,0,40,25,0,White,White
52,4,175029,0,6,2,2,0,1,0,0,35,38,0,White,White
30,2,316471,9,13,4,0,1,1,0,0,50,38,0,White,White
42,1,97688,15,10,2,2,0,1,5178,0,40,38,1,White,White
44,4,483201,9,13,2,3,0,1,0,0,40,38,0,White,White
40,2,56072,12,14,0,9,1,1,0,0,20,38,0,White,White
33,4,312055,9,13,2,11,0,1,0,0,45,38,1,White,White
51,2,115066,15,10,0,0,4,0,0,2547,40,38,1,White,White
33,2,171216,9,13,2,3,0,1,0,0,50,38,1,White,White
31,2,184306,8,11,4,13,3,1,0,1980,60,38,0,White,White
36,2,193026,9,13,2,11,0,1,0,0,40,38,1,White,White
24,2,169532,7,12,4,0,3,0,0,0,15,38,0,White,White
71,2,124959,11,9,6,0,1,0,0,0,40,38,0,White,White
52,2,208137,8,11,2,0,0,1,0,0,40,38,0,White,White
44,2,92649,11,9,2,2,5,0,0,0,40,38,1,White,White
22,2,201490,11,9,4,0,3,1,0,0,20,38,0,White,White
21,2,177711,11,9,4,13,3,1,0,0,40,38,0,Black,White
21,2,26410,11,9,4,0,1,0,0,0,40,38,0,White,White
30,2,171889,14,15,4,12,3,0,0,0,24,38,0,White,White
42,2,240255,8,11,2,9,0,1,0,0,40,38,1,Black,White
23,2,151888,11,9,0,2,1,1,4650,0,50,20,0,White,White
30,2,173005,11,9,2,0,0,1,0,0,44,38,0,White,White
28,2,190060,11,9,2,11,0,1,0,0,40,38,1,White,White
40,2,309311,11,9,2,4,0,1,0,0,40,38,0,White,Black
53,4,158284,11,9,2,11,0,1,0,0,70,38,0,White,White
49,2,76482,11,9,2,2,0,1,0,0,40,38,0,White,White
24,2,83783,9,13,4,12,3,0,0,0,40,38,0,White,White
55,2,110748,9,13,2,3,0,1,0,1887,40,38,1,White,White
63,2,66634,6,5,2,2,0,1,0,0,16,38,0,White,White
20,2,34568,11,9,2,2,0,1,3781,0,35,38,0,White,White
53,2,151411,9,13,2,9,0,1,0,0,45,38,1,White,White
27,2,34273,8,11,4,9,1,0,0,1876,36,1,0,White,White
32,2,35595,9,13,4,0,1,1,0,0,40,38,0,White,White
42,2,341204,11,9,0,2,2,0,0,0,40,38,0,White,White
62,2,416829,1,7,5,7,1,0,0,0,21,38,0,Black,Black
19,2,169853,11,9,4,6,3,1,0,0,24,38,0,White,White
44,1,254134,7,12,0,12,1,1,0,0,40,38,0,Black,White
22,2,353039,11,9,4,2,4,0,0,0,36,25,0,White,White
17,2,265657,1,7,4,7,3,1,0,0,25,38,0,White,White
24,2,170070,9,13,4,12,1,0,0,0,20,38,0,White,White
65,2,350498,9,13,2,0,0,1,10605,0,20,38,1,White,White
29,2,130045,5,4,2,7,5,0,0,0,40,38,0,White,White
29,2,183627,1,7,0,2,1,1,0,0,40,38,0,White,White
36,3,184456,9,13,4,12,1,1,27828,0,55,38,1,White,White
47,5,80914,12,14,2,3,0,1,0,0,47,38,1,White,White
32,2,191856,12,14,2,11,5,0,0,0,45,38,1,White,White
46,2,247043,11,9,2,13,0,1,0,0,40,38,1,White,White
41,2,57233,9,13,4,5,1,1,0,0,40,38,0,White,White
43,1,188291,14,15,2,9,0,1,15024,0,45,38,1,White,White
53,2,177727,11,9,2,6,0,1,0,0,40,38,1,White,White
52,2,117496,9,13,0,9,4,0,0,1755,40,38,1,White,White
23,2,87528,9,13,4,11,1,0,0,0,45,38,0,White,White
39,2,347434,6,5,2,5,0,1,0,0,43,25,0,White,White
47,2,280483,11,9,5,2,4,0,0,0,40,38,0,Black,Black
44,4,57233,11,9,2,4,0,1,0,0,50,38,0,White,White
27,2,131679,8,11,0,11,1,0,0,0,40,38,0,White,White
31,2,187901,15,10,4,11,1,0,0,1504,40,38,0,White,White
28,2,269786,11,9,2,13,0,1,0,0,40,38,0,White,White
27,2,113501,12,14,4,0,3,1,0,0,45,38,0,White,White
26,2,112847,8,11,4,12,3,1,0,0,40,38,0,White,White
19,2,127709,11,9,4,4,3,1,0,0,30,38,0,Black,White
47,2,26950,12,14,0,11,1,0,0,0,6,38,0,White,White
50,2,339954,8,11,2,2,0,1,0,0,40,38,1,White,White
23,2,189830,15,10,2,7,0,1,0,0,50,38,0,Black,White
34,2,208353,11,9,4,6,3,1,0,0,40,38,0,White,White
25,5,152035,7,12,4,0,3,0,0,0,40,38,0,White,Black
34,2,209297,11,9,4,6,1,1,0,2001,40,38,0,Black,White
24,2,322674,7,12,4,5,1,1,0,0,48,38,0,White,White
29,2,137476,9,13,2,9,5,0,0,0,35,38,1,White,White
39,2,183892,11,9,2,6,0,1,0,0,40,38,0,White,White
51,2,348099,11,9,4,6,1,0,0,1590,40,38,0,White,White
33,4,137674,11,9,2,7,0,1,0,0,40,38,0,Black,White
36,2,240323,11,9,5,11,4,0,0,0,17,38,0,Black,Black
35,2,108293,9,13,6,9,4,0,0,0,32,38,1,White,White
45,2,117409,15,10,2,3,0,1,0,0,40,38,1,White,White
30,2,167476,15,10,2,13,0,1,0,0,60,38,0,White,White
43,2,138184,11,9,0,7,1,0,0,1762,35,38,0,Black,White
22,2,67234,11,9,4,11,1,1,0,0,60,38,0,White,White
20,2,230891,15,10,4,11,1,1,0,0,45,38,0,White,White
37,2,328466,11,9,2,2,0,1,0,0,72,25,0,White,White
44,2,203897,9,13,3,0,1,0,0,0,40,4,0,White,Asian-Pac-Islander
37,2,109133,7,12,2,11,0,1,0,1977,45,38,1,White,White
41,2,206470,9,13,2,9,0,1,0,0,40,10,0,White,White
29,2,173851,11,9,2,2,0,1,0,0,40,38,0,White,White
28,2,188064,11,9,2,2,0,1,0,0,35,1,0,White,White
36,2,170376,11,9,2,2,0,1,0,0,45,38,1,White,White
48,2,180446,0,6,2,6,0,1,0,0,40,38,0,Black,White
32,2,303942,11,9,2,6,0,1,0,0,40,38,0,White,White
33,4,167476,1,7,0,5,1,1,0,0,7,38,0,White,White
18,2,115839,2,8,4,0,1,0,0,0,30,38,0,White,White
48,2,180695,15,10,0,3,1,0,0,0,38,38,0,White,White
69,2,124930,4,3,2,6,0,1,0,2267,40,38,0,White,White
44,5,136546,10,16,2,9,0,1,0,1902,40,38,1,White,White
35,2,77820,15,10,2,2,0,1,0,0,60,38,0,White,White
37,3,175360,11,9,2,2,0,1,0,0,40,38,1,White,White
26,2,147982,1,7,0,2,1,0,0,0,40,38,0,White,White
81,4,136063,11,9,2,3,0,1,0,0,30,38,0,White,White
47,2,150768,9,13,0,5,1,1,0,1564,51,38,1,White,White
33,2,177331,8,11,2,2,0,1,0,0,40,38,0,Black,White
58,3,89922,8,11,2,3,0,1,15024,0,40,38,1,White,White
37,2,349689,11,9,0,0,4,0,0,0,40,38,0,White,Black
20,2,190231,6,5,4,6,3,0,0,0,11,26,0,White,White
33,2,221196,15,10,2,2,0,1,0,0,40,38,0,Black,White
54,2,145714,11,9,2,12,0,1,7688,0,25,38,1,White,White
20,2,219262,1,7,4,2,1,1,0,0,60,38,0,White,White
42,2,196797,11,9,4,13,4,0,0,0,38,38,0,Black,Black
60,2,83850,11,9,2,11,0,1,0,0,40,38,0,White,White
53,2,130143,11,9,2,6,0,1,0,0,48,38,0,White,White
29,2,367329,11,9,2,6,0,1,0,0,40,38,0,White,White
21,2,109952,11,9,2,2,0,1,0,0,40,38,0,White,White
24,2,196816,9,13,2,9,0,1,3908,0,40,38,0,White,White
41,1,340682,11,9,0,0,1,0,0,0,40,38,0,White,White
73,2,173047,9,13,2,9,0,1,0,0,15,38,0,White,White
53,2,29658,11,9,2,2,0,1,0,0,40,38,1,White,White
56,2,111218,11,9,2,13,0,1,0,0,60,38,0,White,White
34,1,136331,9,13,2,9,0,1,0,0,60,38,0,White,White
50,4,225772,10,16,0,9,1,0,0,0,60,38,1,White,White
47,3,214169,11,9,2,4,0,1,15024,0,40,38,1,White,White
31,2,234500,9,13,2,0,5,0,0,0,40,38,0,White,Black
55,1,135439,9,13,6,9,1,0,0,0,48,38,0,White,White
63,2,200127,11,9,6,0,1,0,0,0,40,38,0,White,White
42,2,201466,9,13,2,3,0,1,0,0,45,38,1,White,White
59,2,328525,11,9,2,0,0,1,2414,0,15,38,0,White,White
55,2,255364,15,10,2,9,0,1,0,0,40,38,0,White,White
22,2,184543,15,10,0,0,4,0,0,0,40,38,0,White,White
69,4,104003,5,4,2,11,0,1,0,0,55,38,0,White,White
47,2,185399,11,9,2,7,5,0,0,0,38,38,0,White,White
17,2,27032,0,6,4,11,3,0,0,0,12,38,0,White,White
29,2,135296,9,13,4,3,1,0,0,2258,45,38,1,White,White
40,2,155190,0,6,4,2,2,1,0,0,55,38,0,Black,White
21,2,131230,15,10,4,11,3,1,0,0,10,38,0,White,White
45,2,330535,11,9,4,0,1,1,3325,0,40,38,0,White,White
32,2,185027,7,12,2,2,0,1,0,1887,40,20,1,White,White
19,2,63363,15,10,4,11,3,0,0,0,30,38,0,White,White
35,2,297767,15,10,5,0,1,1,0,0,40,38,0,Black,White
30,4,31510,7,12,0,2,1,1,0,0,50,38,0,White,White
42,1,222596,11,9,2,2,0,1,0,0,40,38,1,White,White
35,2,301614,11,9,2,7,0,1,0,0,60,38,0,White,White
20,2,167787,15,10,4,11,3,0,0,0,20,38,0,White,White
24,2,34506,11,9,4,6,4,0,0,0,40,38,0,White,White
43,2,193882,11,9,2,3,0,1,0,0,40,38,1,White,White
23,3,306868,9,13,4,4,1,1,0,0,40,38,0,White,White
46,2,31432,11,9,2,0,5,0,3103,0,52,38,1,White,White
32,3,113543,14,15,2,9,0,1,0,0,40,38,1,White,Asian-Pac-Islander
55,2,163083,12,14,2,9,0,1,0,0,40,38,1,White,White
26,2,122206,11,9,4,2,2,1,0,0,40,38,0,White,White
39,5,267581,11,9,4,7,1,1,0,0,40,38,0,Black,White
34,2,114973,11,9,5,3,4,0,0,0,30,38,0,White,White
53,2,161691,11,9,6,11,1,0,0,0,35,38,0,White,White
45,2,287190,7,12,0,0,4,1,0,0,35,38,0,Black,White
25,2,163396,15,10,4,12,1,0,0,0,40,38,0,Other,White
30,1,211654,12,14,2,9,0,1,0,0,40,38,1,White,White
27,2,120155,11,9,2,0,0,1,0,0,39,38,0,White,White
47,1,178309,15,10,0,9,1,0,0,0,40,38,0,White,White
38,2,160035,11,9,2,2,0,1,0,0,55,38,0,White,White
39,2,315565,11,9,2,13,0,1,0,0,40,4,0,Black,White
23,1,203353,9,13,4,9,3,0,0,0,45,38,0,White,White
21,2,451996,11,9,4,11,3,1,0,0,40,38,0,White,Black
30,2,149531,11,9,2,2,0,1,0,0,50,38,0,White,White
47,2,191957,9,13,2,11,0,1,0,0,40,38,1,Black,White
51,2,176969,11,9,2,6,0,1,0,0,48,38,0,White,White
38,2,423616,8,11,2,12,5,0,0,0,36,38,1,White,White
31,2,168906,9,13,0,3,1,0,0,0,50,38,1,White,White
36,4,285020,11,9,2,2,0,1,2885,0,40,38,0,White,White
44,2,144778,15,10,5,3,1,1,0,0,45,38,1,White,White
25,2,261519,11,9,4,11,3,1,0,0,35,38,0,White,White
18,2,234428,1,7,4,7,3,1,0,0,20,38,0,White,White
37,2,301568,2,8,4,7,3,0,0,0,40,38,0,White,Black
66,2,174276,15,10,6,11,4,0,0,0,50,38,1,White,White
50,2,358740,11,9,0,0,4,0,0,0,40,8,0,White,White
26,2,291968,14,15,2,9,0,1,0,1977,40,38,1,White,White
24,4,186831,15,10,4,3,1,1,0,0,45,38,0,Black,White
37,4,326400,11,9,2,13,0,1,0,0,30,38,0,White,White
19,2,214678,11,9,4,7,3,1,0,0,30,38,0,White,White
42,0,172307,11,9,2,0,0,1,0,0,48,38,1,White,White
28,2,137898,7,12,4,11,3,0,0,0,35,38,0,White,White
33,2,118941,9,13,2,3,5,0,0,0,40,38,1,White,White
27,2,184477,2,8,4,7,1,1,0,0,40,38,0,White,White
21,2,202373,15,10,2,5,0,1,0,0,40,38,0,Black,White
54,5,197184,9,13,2,3,0,1,0,0,38,38,0,White,White
34,2,206609,15,10,4,11,4,1,0,0,35,38,0,White,White
31,2,308540,15,10,2,2,0,1,0,0,40,38,1,White,White
72,2,225780,10,16,4,9,1,1,0,0,30,38,0,White,White
41,2,289886,4,3,2,7,0,1,0,1579,40,26,0,Other,White
40,2,165309,15,10,2,13,0,1,0,0,43,38,0,White,White
24,2,222993,11,9,4,6,3,1,0,0,40,38,0,White,White
45,2,327886,14,15,4,9,1,1,0,0,40,38,1,White,White
64,2,116084,11,9,2,2,0,1,2635,0,40,38,0,White,White
54,2,206964,15,10,2,11,0,1,0,0,40,38,1,White,White
64,2,253759,11,9,4,3,1,1,0,0,3,38,0,White,White
38,2,172538,9,13,2,12,0,1,0,1977,40,38,1,White,White
64,4,177825,11,9,4,7,1,1,1055,0,40,38,0,White,White
30,2,227359,15,10,4,2,4,1,0,0,40,38,0,White,White
38,2,161066,11,9,0,2,1,1,0,0,50,38,0,Amer-Indian-Eskimo,White
53,2,215572,11,9,4,2,1,1,0,0,40,38,0,White,White
32,0,504951,7,12,2,10,0,1,0,0,50,38,0,White,White
41,2,195897,15,10,2,11,0,1,0,0,50,38,0,White,White
33,1,300681,11,9,4,7,1,1,0,0,40,38,0,Black,Black
40,2,202872,7,12,4,0,3,0,0,0,45,38,0,White,White
29,4,116207,11,9,2,9,0,1,0,0,65,38,1,White,White
20,2,194630,11,9,2,0,0,1,3781,0,50,38,0,White,White
27,2,249315,15,10,4,11,1,1,0,0,44,38,0,White,White
57,2,266189,11,9,0,0,4,0,0,0,42,38,0,White,White
41,2,221947,15,10,2,2,0,1,0,0,56,38,1,White,White
38,4,175732,11,9,4,2,1,1,0,0,15,38,0,Amer-Indian-Eskimo,White
41,5,70884,11,9,2,12,0,1,0,0,40,38,0,White,White
22,2,130724,15,10,4,11,3,1,0,0,25,38,0,Black,White
45,2,103538,11,9,2,0,0,1,0,0,40,38,1,White,White
37,4,181553,11,9,0,2,1,1,0,0,50,38,0,White,White
34,2,185556,15,10,4,9,1,0,0,0,12,38,1,White,White
23,2,250743,15,10,0,0,1,1,0,0,40,38,0,Black,White
56,2,178353,15,10,2,9,0,1,0,0,40,38,1,White,White
18,2,141363,15,10,4,7,1,0,0,0,40,38,0,White,White
30,2,258170,11,9,0,0,1,0,0,0,40,38,0,White,White
51,5,341548,15,10,0,0,1,0,0,0,40,38,0,White,White
35,2,205338,11,9,2,2,0,1,0,0,40,38,0,White,White
19,2,52372,15,10,4,7,3,1,0,0,20,38,0,White,White
68,5,493363,9,13,2,3,0,1,0,0,20,38,0,White,White
19,2,190817,15,10,4,11,3,0,0,0,40,38,0,White,White
37,2,212512,11,9,2,6,0,1,3464,0,50,38,0,White,White
37,2,360743,15,10,2,5,0,1,0,0,40,38,1,Black,White
25,2,155320,9,13,4,3,3,1,0,0,45,38,0,White,White
54,0,175083,11,9,4,0,4,0,0,0,20,38,0,White,White
71,2,228806,6,5,0,8,1,0,0,0,6,38,0,Black,White
34,2,143083,8,11,2,0,5,0,0,0,18,38,0,White,White
26,2,202203,9,13,4,0,2,0,0,0,50,38,0,White,White
42,3,277488,14,15,2,9,0,1,15024,0,65,38,1,White,White
57,2,109638,15,10,2,3,0,1,0,1672,45,38,0,White,White
57,2,103809,11,9,4,11,4,0,0,0,40,38,0,White,White
50,2,197322,1,7,2,3,0,1,0,0,50,38,1,White,White
22,2,276133,11,9,4,4,1,1,0,0,50,38,0,White,White
36,2,206521,11,9,4,6,1,1,0,0,40,38,0,White,White
23,2,95989,15,10,4,7,3,0,0,0,30,38,0,White,White
28,2,167336,11,9,2,3,5,0,0,0,45,38,1,White,White
44,1,193755,7,12,4,10,1,1,0,0,40,38,0,White,White
46,0,140664,15,10,2,3,0,1,0,0,48,38,1,White,White
17,2,295991,0,6,4,0,3,0,0,0,20,38,0,White,White
40,2,230961,15,10,2,11,0,1,0,0,40,38,0,White,White
45,2,26522,15,10,2,0,5,0,0,1902,35,38,1,White,White
46,2,187226,6,5,0,7,1,1,0,0,25,38,0,White,White
51,2,209912,9,13,0,3,1,1,0,0,50,38,0,Amer-Indian-Eskimo,White
51,1,156003,11,9,0,10,1,1,0,0,40,38,0,White,White
41,2,203233,11,9,2,3,0,1,0,0,40,38,1,White,White
35,1,185769,15,10,2,7,0,1,0,0,40,38,0,White,White
34,2,175878,15,10,4,2,1,1,0,0,40,38,0,White,White
31,2,149507,2,8,2,2,0,1,0,0,43,38,0,White,White
51,3,304955,12,14,2,3,0,1,0,0,50,38,1,White,White
61,1,144723,12,14,2,3,0,1,7298,0,60,38,1,White,White
42,2,36271,9,13,2,11,0,1,0,0,40,38,1,White,White
21,2,277530,11,9,4,3,3,0,0,0,40,38,0,White,White
42,2,112956,11,9,4,13,3,1,0,0,40,38,0,White,White
33,2,80945,11,9,2,6,0,1,0,0,40,38,0,White,White
62,2,147627,6,5,4,8,1,0,1055,0,22,38,0,Black,Black
37,1,249392,8,11,2,10,0,1,0,0,40,38,1,White,White
46,2,122026,11,9,2,2,0,1,0,0,50,38,0,White,White
48,2,102359,9,13,2,3,0,1,7298,0,60,38,1,White,White
41,2,93793,12,14,2,9,0,1,0,0,38,38,1,White,White
34,2,85355,9,13,4,0,3,1,0,0,40,38,0,White,White
50,2,133963,9,13,2,9,5,0,0,1977,40,38,1,White,White
45,2,45857,1,7,2,7,5,0,0,0,36,38,0,White,White
40,2,289403,9,13,5,0,4,1,0,0,35,38,0,Black,White
35,2,209993,1,7,5,8,4,0,0,0,8,25,0,White,White
37,2,147258,15,10,2,2,0,1,0,0,55,38,0,White,White
19,2,292590,15,10,4,7,3,0,0,0,20,38,0,White,White
19,2,109005,15,10,4,9,3,0,0,0,40,38,0,White,White
27,2,79787,12,14,4,3,1,0,0,0,25,38,0,White,White
47,3,212120,11,9,2,2,0,1,0,0,40,38,1,White,White
52,2,117674,15,10,2,3,0,1,0,0,40,38,1,White,White
65,2,129426,15,10,6,0,1,0,0,0,40,38,0,White,White
23,2,170070,2,8,4,7,1,0,0,0,38,38,0,White,White
33,2,284531,9,13,4,11,1,0,0,0,40,38,0,White,White
33,2,160784,0,6,2,2,0,1,0,0,40,38,0,White,White
67,2,105216,15,10,6,9,1,0,0,0,16,38,0,White,White
51,2,142717,10,16,0,2,1,0,4787,0,60,38,1,White,White
35,2,111128,0,6,4,0,3,1,0,0,40,38,0,White,White
40,2,183765,11,9,2,7,0,1,0,0,40,38,0,White,White
43,3,150533,11,9,2,11,0,1,0,0,68,38,1,White,White
38,2,257735,6,5,2,5,0,1,0,0,40,38,0,White,White
36,2,83471,11,9,6,7,4,0,0,0,20,38,0,Asian-Pac-Islander,White
29,5,188986,8,11,4,12,1,0,0,1590,64,38,0,White,White
28,2,339372,15,10,4,11,1,1,0,0,40,38,0,White,White
28,2,166320,11,9,4,9,1,1,0,0,40,38,0,White,Black
46,1,133969,12,14,0,9,1,1,0,0,40,38,0,Amer-Indian-Eskimo,White
31,2,126501,15,10,2,2,0,1,0,0,40,38,0,White,White
34,2,167474,11,9,2,3,0,1,0,0,40,38,0,White,White
31,2,217803,11,9,0,11,1,0,0,0,32,38,0,White,White
58,2,147653,15,10,2,0,5,0,0,0,32,38,0,White,White
36,2,269722,12,14,2,7,0,1,0,0,40,38,0,White,White
47,0,220269,15,10,2,5,0,1,0,0,40,38,1,White,White
39,2,225544,2,8,4,5,1,1,0,0,40,38,0,White,Black
42,2,279914,9,13,2,12,0,1,0,0,40,38,1,White,White
28,2,31935,15,10,0,0,1,0,0,0,40,38,0,White,White
49,2,234320,5,4,4,9,2,1,0,0,45,38,0,Black,White
42,2,268183,9,13,2,3,0,1,0,1485,60,38,0,White,White
21,4,318987,8,11,2,4,0,1,0,0,40,38,0,White,White
21,2,194096,15,10,4,7,3,0,0,0,40,38,0,White,White
19,2,277974,15,10,4,11,3,1,0,0,35,38,0,White,White
52,2,163678,11,9,2,13,0,1,0,0,55,38,0,White,White
33,1,262042,11,9,0,0,3,0,0,1138,40,38,0,White,White
32,2,140092,1,7,2,2,0,1,0,0,40,38,0,White,White
44,4,115896,8,11,6,9,4,0,0,0,40,38,0,White,White
50,2,158294,8,11,2,12,0,1,3103,0,40,38,1,White,White
68,2,236943,6,5,0,4,1,1,0,0,20,38,0,Black,White
36,2,159016,11,9,2,6,0,1,0,0,38,38,0,White,White
20,2,194630,11,9,4,11,1,1,0,0,40,38,0,White,White
50,2,237819,11,9,2,13,0,1,0,0,40,38,1,White,White
54,2,235693,1,7,0,0,1,1,0,0,40,38,1,White,White
37,2,232614,11,9,0,7,4,0,0,0,30,38,0,Black,Black
23,1,144165,9,13,4,9,3,1,0,0,30,38,0,Amer-Indian-Eskimo,White
24,2,281221,9,13,4,0,2,0,0,0,40,35,0,Asian-Pac-Islander,Asian-Pac-Islander
46,2,185847,11,9,0,13,1,1,0,0,54,38,0,White,White
43,2,96102,12,14,3,3,1,1,0,0,50,38,0,White,White
46,2,174426,15,10,2,6,0,1,0,0,40,38,0,White,White
28,2,206088,9,13,4,11,1,0,0,0,40,38,0,White,White
48,4,167918,12,14,2,11,0,1,0,0,50,18,0,Asian-Pac-Islander,Asian-Pac-Islander
20,2,133352,15,10,4,0,3,0,0,0,40,39,0,Asian-Pac-Islander,Asian-Pac-Islander
39,2,269722,9,13,2,3,0,1,0,0,70,38,0,White,White
32,2,226267,15,10,2,0,0,1,0,0,40,25,0,White,White
52,2,145271,9,13,2,2,0,1,0,0,40,38,0,Asian-Pac-Islander,White
27,2,176683,11,9,4,7,1,1,0,0,48,38,0,White,White
33,2,110998,11,9,4,7,2,0,0,0,36,38,0,Amer-Indian-Eskimo,White
23,2,148709,11,9,2,0,2,0,0,0,35,38,0,White,White
43,4,277647,11,9,2,3,0,1,0,0,35,38,0,White,White
38,2,29702,9,13,2,3,0,1,0,0,45,38,1,White,White
32,2,76773,15,10,0,6,4,0,0,0,40,38,0,White,White
46,5,312015,11,9,4,7,1,0,0,0,40,38,0,Black,White
20,2,169600,15,10,4,9,3,0,2176,0,12,38,0,White,White
48,2,304791,15,10,6,0,1,0,0,0,40,38,0,White,White
44,2,136986,15,10,2,2,0,1,0,0,60,38,1,White,White
23,2,209955,11,9,4,2,1,1,0,0,40,38,0,White,White
45,2,98881,1,7,2,7,5,0,0,0,32,38,0,White,Black
42,2,345363,11,9,0,3,1,0,0,0,40,8,0,White,White
19,2,183589,15,10,4,13,3,1,0,0,25,38,0,White,White
37,2,123211,11,9,2,7,0,1,0,0,44,38,1,White,White
31,2,120672,1,7,0,5,2,1,0,1721,40,38,0,Black,White
27,5,68393,9,13,4,0,1,0,0,0,40,38,0,White,White
58,2,570562,11,9,6,11,1,1,0,0,38,38,0,White,White
30,2,43953,11,9,4,0,2,0,0,1974,40,38,0,White,White
54,2,284952,0,6,5,11,4,0,0,0,43,21,0,White,White
33,2,377283,9,13,5,11,1,0,0,0,50,38,1,White,White
45,2,148171,8,11,2,2,0,1,15024,0,40,38,1,White,White
23,2,208946,15,10,4,0,3,1,0,0,32,38,0,White,White
51,2,290856,11,9,2,0,0,1,0,0,40,38,1,White,White
45,4,285335,5,4,2,2,0,1,0,0,10,38,0,White,White
42,2,203542,11,9,4,2,1,1,0,0,40,38,0,White,White
53,2,157069,7,12,2,6,0,1,0,0,40,38,1,White,White
46,5,29696,11,9,2,13,0,1,0,0,40,38,0,White,White
18,2,270544,2,8,4,0,3,0,0,0,30,38,0,White,White
40,2,238329,9,13,4,11,1,0,0,0,45,38,0,White,White
19,2,109854,11,9,4,0,3,0,0,0,40,38,0,White,White
44,2,206878,11,9,4,11,2,0,0,0,15,38,0,White,White
39,2,216129,7,12,0,3,4,0,0,0,35,22,0,Black,White
25,2,113035,15,10,4,3,3,1,0,0,40,38,0,White,White
42,2,102085,11,9,0,7,3,0,0,0,15,38,0,White,White
36,2,269318,9,13,2,3,0,1,0,0,50,38,1,White,White
36,2,215392,9,13,0,12,1,0,0,0,40,38,0,White,White
62,3,24050,11,9,6,11,1,0,0,0,15,38,0,White,White
33,2,153588,11,9,2,6,0,1,0,0,40,38,0,White,White
45,4,183710,6,5,2,4,0,1,0,0,40,38,0,White,White
34,2,193285,11,9,2,5,0,1,0,0,40,38,0,White,White
55,2,171015,11,9,6,11,4,0,0,0,40,38,0,White,White
53,0,271544,11,9,2,0,0,1,0,1977,40,38,1,Black,White
67,2,212705,12,14,3,3,1,1,0,0,55,38,1,White,White
47,4,330416,15,10,4,4,1,1,0,0,60,38,0,White,White
29,2,196420,11,9,4,3,1,0,0,0,45,38,0,White,White
31,2,173350,11,9,4,7,1,0,0,0,30,38,0,White,White
36,2,250791,11,9,2,5,0,1,0,0,48,38,0,White,White
33,2,122672,11,9,2,4,0,1,0,0,50,38,0,White,White
26,5,70447,11,9,2,10,0,1,0,0,40,38,1,Asian-Pac-Islander,White
24,2,67222,9,13,4,6,1,1,0,0,45,2,0,Asian-Pac-Islander,White
35,2,205852,11,9,2,5,0,1,0,0,40,38,0,White,White
75,4,213349,11,9,2,4,0,1,0,0,20,38,0,White,White
49,2,314773,8,11,2,9,0,1,0,0,40,38,0,White,White
37,2,65390,9,13,2,4,0,1,0,0,50,38,0,White,White
32,2,152940,7,12,4,0,3,1,0,0,30,38,0,White,White
53,1,549341,9,13,2,9,0,1,0,0,35,38,0,Black,White
19,2,304469,0,6,4,4,3,1,0,0,25,38,0,White,White
30,1,47085,0,6,2,2,0,1,0,0,40,38,0,White,White
32,4,33417,15,10,2,2,0,1,0,0,50,38,0,White,White
27,2,211032,3,2,4,2,1,1,0,0,40,25,0,White,White
64,5,223830,6,5,4,0,1,0,0,0,38,38,0,White,White
37,2,73471,9,13,2,3,0,1,0,1887,47,38,1,White,White
37,2,86310,15,10,0,0,4,0,0,0,45,38,0,White,White
24,2,234460,6,5,4,6,3,0,0,0,40,5,0,Black,Black
60,4,44915,12,14,0,9,4,0,0,0,10,38,0,White,White
60,2,225014,11,9,0,7,1,0,0,0,40,38,0,White,White
40,2,114580,11,9,2,3,5,0,0,0,24,38,1,White,White
42,2,250121,1,7,2,7,5,0,0,0,40,38,0,White,Black
45,2,164210,15,10,0,3,1,0,0,0,40,38,0,White,White
45,4,155489,5,4,2,3,0,1,0,0,65,38,1,White,White
27,0,47907,9,13,4,0,1,0,0,0,40,38,0,White,White
37,2,99146,9,13,2,3,0,1,0,1977,50,38,1,White,White
22,2,211678,11,9,4,5,3,1,0,0,40,38,0,White,White
39,2,80324,15,10,2,3,0,1,0,1977,62,38,1,White,White
35,1,231180,11,9,2,13,0,1,0,0,45,38,0,White,White
25,2,181666,7,12,4,12,3,0,0,0,40,38,0,White,White
33,2,181091,15,10,2,9,0,1,0,0,40,38,0,White,White
19,5,37332,11,9,4,0,1,0,0,0,20,38,0,White,White
46,2,345073,11,9,0,3,1,1,0,0,48,38,1,White,White
20,2,653574,15,10,4,7,3,1,0,0,33,7,0,White,White
50,2,234037,11,9,2,6,0,1,0,0,58,38,0,White,White
33,2,173248,11,9,2,7,0,1,0,0,35,38,0,Black,Black
38,2,202683,11,9,4,0,1,1,0,0,40,38,0,White,White
44,2,282062,5,4,2,2,0,1,0,0,40,38,0,White,White
49,3,330874,15,10,2,11,0,1,0,0,70,38,1,White,White
34,2,116910,11,9,2,2,0,1,0,0,50,38,0,White,White
55,2,189933,15,10,2,13,0,1,0,0,84,38,0,White,White
41,2,74775,9,13,2,7,0,1,0,0,30,39,0,Asian-Pac-Islander,Asian-Pac-Islander
55,2,125000,14,15,2,3,0,1,0,0,60,38,1,White,White
25,2,182866,11,9,4,5,3,1,0,0,40,38,0,White,White
31,2,302626,15,10,0,0,4,0,0,0,40,38,0,White,Black
17,2,153035,0,6,4,11,3,0,0,0,20,38,0,White,White
22,2,429346,11,9,4,0,2,1,0,0,40,38,0,Black,White
70,0,163003,11,9,2,0,0,1,0,0,40,38,0,Black,White
47,2,114459,11,9,2,11,0,1,0,0,40,38,1,White,White
60,2,173960,9,13,0,9,1,0,0,0,42,38,0,White,White
25,4,113436,15,10,4,2,4,1,0,0,35,38,0,White,White
37,1,247750,8,11,2,10,0,1,0,0,40,38,0,Black,White
19,2,118306,11,9,4,5,3,1,0,0,16,38,0,White,White
58,3,100960,11,9,2,11,0,1,0,0,50,38,0,White,White
19,5,149528,15,10,4,4,3,1,0,0,12,38,0,White,White
36,4,34378,8,11,2,4,0,1,3908,0,75,38,0,White,White
17,2,286960,1,7,4,9,3,1,0,0,40,38,0,White,White
23,2,189468,8,11,2,6,3,0,0,0,30,38,0,White,White
29,2,140863,15,10,2,12,0,1,0,0,40,38,0,White,White
28,2,110164,15,10,0,7,2,1,0,0,24,38,0,Black,White
44,2,175641,1,7,2,11,0,1,0,0,40,38,1,White,White
32,2,137875,15,10,0,11,4,0,0,0,30,38,0,White,White
25,2,259688,1,7,2,2,0,1,0,0,50,38,0,White,White
36,4,48093,15,10,2,11,0,1,0,0,92,38,0,White,White
58,2,275859,11,9,6,2,4,1,8614,0,52,25,1,White,White
43,2,125461,9,13,2,11,0,1,0,1902,55,38,1,White,White
54,0,439608,15,10,0,0,1,0,0,0,40,38,0,White,White
34,2,54850,9,13,4,3,1,1,0,1590,50,38,0,White,White
27,2,97490,15,10,0,2,4,0,0,0,40,38,0,White,White
17,2,108402,0,6,4,11,3,0,0,0,20,38,0,White,White
36,2,229180,15,10,0,2,4,0,0,0,40,4,0,White,White
51,0,293196,15,10,2,9,0,1,0,0,40,38,1,White,White
25,2,231357,11,9,4,0,1,0,0,0,40,38,0,White,White
30,2,111415,11,9,2,7,0,1,0,0,55,10,0,White,White
35,2,30565,11,9,1,7,5,0,0,0,40,38,1,White,White
56,4,196307,9,13,4,9,1,1,0,0,20,38,0,White,White
40,2,120277,11,9,4,5,3,1,0,0,40,20,0,White,White
25,2,197036,0,6,4,2,3,1,0,0,40,38,0,White,White
33,2,213226,11,9,2,2,0,1,0,0,60,38,0,White,White
25,2,186370,11,9,2,5,0,1,0,0,40,38,0,White,White
63,1,150079,11,9,2,0,5,0,0,0,35,38,1,White,White
23,2,375871,11,9,2,0,5,0,0,0,40,25,0,White,White
39,1,357962,7,12,4,13,1,1,0,0,48,38,0,White,White
35,2,222989,11,9,2,13,0,1,0,0,30,38,0,White,Black
49,2,129513,11,9,2,13,0,1,0,0,50,38,1,White,White
17,2,130795,0,6,4,7,3,1,0,0,20,38,0,White,White
28,1,332249,11,9,5,13,3,1,0,0,45,38,0,White,White
35,5,177974,11,9,2,10,0,1,0,0,40,38,1,White,White
32,2,213887,15,10,0,6,4,1,0,0,45,38,0,White,White
36,2,209629,11,9,2,6,0,1,0,0,40,38,0,White,White
48,2,186172,9,13,2,3,0,1,0,0,45,38,1,White,White
18,2,206008,15,10,4,11,4,1,2176,0,40,38,0,White,White
26,2,190762,15,10,2,11,0,1,0,0,18,38,0,White,White
26,2,229613,11,9,0,6,1,0,0,0,40,38,0,White,White
20,5,39478,15,10,4,3,3,1,0,0,54,38,0,White,White
30,2,221043,11,9,2,2,0,1,0,0,35,38,0,White,White
30,2,226665,9,13,2,3,0,1,0,0,42,38,1,Black,White
52,2,188644,4,3,3,2,2,1,0,0,40,25,0,White,White
33,2,117779,11,9,2,6,5,0,0,0,46,38,1,White,White
25,2,175128,11,9,2,13,0,1,0,0,40,38,0,White,White
48,2,498328,0,6,2,13,0,1,0,0,40,38,0,Black,Black
48,2,233511,11,9,2,13,0,1,0,0,50,38,1,White,White
90,1,214594,5,4,2,10,0,1,2653,0,40,38,0,White,White
64,4,106538,12,14,0,9,1,1,0,0,50,38,0,White,White
42,3,144236,15,10,4,11,1,1,0,0,60,38,0,White,White
28,1,175796,7,12,4,0,1,0,0,0,40,38,0,White,White
35,2,125933,9,13,2,11,0,1,0,0,60,38,1,White,White
18,2,242615,15,10,4,0,3,0,0,0,15,38,0,White,White
57,0,170603,15,10,2,0,0,1,0,0,40,38,1,White,White
24,2,117363,9,13,4,11,3,0,0,0,35,38,0,White,White
32,2,95885,1,7,4,2,1,1,13550,0,60,38,1,Amer-Indian-Eskimo,White
52,2,317032,11,9,2,2,0,1,0,0,50,38,1,White,White
40,2,329924,11,9,5,5,1,1,0,0,30,38,0,Black,White
46,2,231515,7,12,4,0,1,0,0,0,47,4,0,White,White
38,2,312271,9,13,2,9,0,1,0,0,50,38,1,White,White
43,2,336042,11,9,5,13,1,1,0,0,40,38,0,White,Black
49,2,87928,11,9,2,0,0,1,0,0,40,38,1,White,White
68,1,144761,11,9,6,10,1,1,0,1668,20,38,0,White,White
50,2,192982,11,9,2,12,0,1,0,1848,40,38,1,White,White
51,1,240358,11,9,2,10,0,1,0,0,40,38,1,White,White
19,2,459248,11,9,4,5,1,1,0,0,30,38,0,White,White
43,0,32016,12,14,2,9,0,1,0,0,40,38,1,White,White
34,2,226629,11,9,4,8,1,0,0,0,40,25,0,White,White
20,2,170800,15,10,4,0,3,0,0,0,15,38,0,White,White
23,2,167868,8,11,4,0,1,0,0,0,40,38,0,White,White
50,0,166419,1,7,4,11,1,0,3674,0,40,38,0,Black,White
37,4,184655,11,9,4,2,1,1,0,0,35,38,0,White,White
58,2,430005,0,6,2,13,0,1,0,0,50,38,1,White,Black
31,2,215047,9,13,4,0,1,1,0,0,50,38,0,White,White
29,2,535978,15,10,2,2,0,1,0,0,45,38,0,White,White
37,2,295949,11,9,2,2,0,1,0,1628,40,38,0,White,White
58,2,136951,9,13,2,0,0,1,0,0,40,29,0,Asian-Pac-Islander,Asian-Pac-Islander
32,2,210541,9,13,0,11,4,0,0,0,30,38,0,White,White
56,2,175127,11,9,0,2,4,1,0,0,35,38,0,White,White
36,2,136629,15,10,2,6,0,1,0,0,40,38,1,White,White
52,2,229983,14,15,2,9,5,0,3103,0,30,38,1,White,White
52,2,89041,11,9,2,2,0,1,0,0,40,38,0,White,White
61,2,128230,11,9,2,9,0,1,0,0,30,38,0,White,White
31,1,143392,15,10,0,0,1,0,0,0,35,38,0,White,White
38,2,289148,11,9,3,2,4,0,0,0,40,38,0,White,Black
19,2,217418,15,10,4,0,2,0,0,0,38,38,0,Black,White
39,1,134367,11,9,4,0,3,0,0,0,35,38,0,White,Black
64,1,50442,6,5,4,0,2,1,0,0,40,38,0,White,White
41,2,192712,11,9,4,0,2,0,0,0,40,38,0,White,White
36,2,32776,9,13,2,3,0,1,0,1977,40,38,1,White,White
69,4,107548,6,5,2,0,0,1,0,0,40,38,0,White,White
20,2,41721,15,10,4,7,3,1,0,0,60,38,0,White,White
47,3,337050,15,10,2,4,0,1,0,0,40,38,0,White,White
24,2,211391,0,6,4,11,1,0,0,0,15,38,0,White,White
44,4,201742,9,13,2,3,0,1,0,2415,50,38,1,White,White
20,2,216889,15,10,4,10,3,1,0,0,40,38,0,White,White
36,2,255454,11,9,4,2,3,1,0,0,30,38,0,Black,Black
29,2,192283,15,10,4,7,2,0,0,0,20,38,0,White,White
30,2,373914,1,7,2,2,0,1,0,0,40,38,0,White,White
32,2,123964,15,10,2,11,0,1,4386,0,50,38,0,White,White
50,5,78649,15,10,3,0,4,0,0,0,40,38,0,Amer-Indian-Eskimo,White
27,4,259873,11,9,2,7,0,1,0,0,60,38,1,Black,White
36,2,171968,11,9,2,2,0,1,0,0,40,38,0,White,White
26,2,176795,9,13,4,0,3,0,0,0,40,38,1,White,White
48,2,276664,10,16,2,9,0,1,0,1902,50,38,1,White,White
20,2,68358,15,10,4,0,3,0,0,0,12,38,0,White,White
28,2,164170,8,11,2,0,5,0,0,0,40,18,0,Asian-Pac-Islander,White
44,2,99651,12,14,2,3,0,1,5178,0,40,38,1,White,White
51,2,99064,8,11,2,2,0,1,5013,0,40,38,0,White,White
42,2,191765,11,9,0,7,2,0,0,0,35,38,0,Black,White
56,4,157486,0,6,0,11,3,1,0,0,40,38,0,White,White
29,4,58744,7,12,4,7,3,1,0,0,60,38,0,White,White
21,2,202373,8,11,4,2,3,1,0,0,40,38,0,Black,White
23,2,113601,15,10,4,5,3,1,0,0,30,38,0,White,White
29,2,84366,0,6,3,0,4,0,0,0,40,25,0,White,White
22,2,147397,9,13,4,4,1,1,0,0,20,38,0,White,White
37,2,212900,11,9,2,2,0,1,0,0,40,38,0,White,White
25,2,135603,11,9,2,13,0,1,0,0,40,38,1,White,White
33,2,100135,11,9,2,0,5,0,0,1740,25,38,0,White,White
57,2,99364,6,5,2,6,0,1,0,0,40,32,0,White,White
41,2,171550,11,9,2,3,0,1,0,0,40,38,1,White,White
43,2,241895,9,13,2,3,0,1,0,0,50,38,1,White,White
48,4,181758,10,16,4,9,4,0,0,0,60,38,1,White,White
27,2,258768,9,13,4,5,1,1,0,0,40,38,0,Black,White
23,2,107452,15,10,2,13,0,1,0,0,40,38,0,White,White
47,2,207140,11,9,0,0,1,0,0,0,38,38,0,White,White
18,2,165532,2,8,4,7,3,1,0,0,15,38,0,White,White
39,5,318918,9,13,2,3,0,1,0,0,40,38,0,White,White
18,2,109702,15,10,4,11,3,0,0,0,30,38,0,White,White
32,2,205581,15,10,5,12,4,0,0,0,50,38,0,White,Black
29,2,152951,11,9,2,2,0,1,0,0,40,38,1,White,White
30,2,186932,9,13,2,3,0,1,0,0,70,38,0,White,White
44,4,138975,11,9,2,2,0,1,0,0,55,38,0,White,White
43,2,178976,11,9,4,0,4,0,0,0,40,38,0,White,White
30,2,203488,15,10,4,2,1,1,0,0,44,38,0,White,White
56,2,131608,15,10,2,11,0,1,0,0,40,38,1,White,White
38,2,257416,6,5,2,13,0,1,0,0,40,38,0,Black,White
28,2,198197,9,13,4,9,1,1,0,0,55,38,1,White,White
48,2,152915,15,10,4,0,1,0,0,0,40,38,0,White,Black
36,2,154669,9,13,4,3,3,1,0,0,55,38,0,White,White
21,2,322674,15,10,4,7,1,1,0,0,32,38,0,White,White
32,2,110279,7,12,0,9,4,0,0,0,35,38,0,Black,White
30,2,130021,5,4,2,2,0,1,2829,0,40,38,0,White,White
32,2,288273,9,13,2,2,0,1,0,0,70,25,0,White,Asian-Pac-Islander
22,2,79980,15,10,4,11,3,1,0,0,25,38,0,White,White
50,2,94391,8,11,2,2,0,1,0,0,50,38,1,White,White
46,2,332355,15,10,2,0,0,1,0,0,40,38,0,White,White
23,0,41031,15,10,4,11,1,0,0,0,35,38,0,White,White
34,2,192002,9,13,2,3,0,1,0,0,40,38,1,White,White
45,4,142871,15,10,5,11,4,1,0,0,50,38,0,White,White
39,2,89508,9,13,2,11,0,1,0,0,40,38,0,White,White
18,2,170544,1,7,4,11,3,1,0,0,20,38,0,White,White
32,2,344129,11,9,2,6,0,1,0,0,40,38,1,White,White
24,2,73514,15,10,4,11,1,0,0,0,50,29,0,Asian-Pac-Islander,Asian-Pac-Islander
45,2,223999,6,5,2,7,0,1,0,1848,40,38,1,White,White
33,2,73054,11,9,0,11,4,0,0,0,40,38,0,White,White
26,2,28856,9,13,4,12,1,0,0,0,40,38,0,White,White
21,2,306850,11,9,4,13,3,1,0,0,40,38,0,White,White
39,2,56269,15,10,4,2,3,1,0,0,40,38,0,Black,Black
33,4,24504,11,9,5,2,2,1,0,0,50,38,0,White,White
46,0,162187,9,13,2,9,0,1,0,0,40,38,1,White,White
20,2,56322,15,10,4,7,3,1,2176,0,25,38,0,White,White
32,2,279173,9,13,0,11,1,1,0,0,45,38,0,White,White
21,2,396790,11,9,4,13,3,1,0,0,20,38,0,Black,White
44,5,174325,12,14,2,9,0,1,7688,0,40,38,1,Black,White
28,2,253814,11,9,0,7,4,0,0,0,35,38,0,White,White
36,3,180477,15,10,2,3,0,1,0,0,50,38,1,White,White
24,2,234640,8,11,4,7,3,0,0,0,35,38,0,White,White
47,2,106255,15,10,2,2,0,1,0,0,40,38,0,White,White
41,2,223548,3,2,2,6,0,1,0,0,40,25,0,White,White
31,2,42900,9,13,4,12,1,1,0,0,37,38,0,White,White
40,2,146659,11,9,2,11,0,1,0,0,60,38,1,White,White
27,2,152951,11,9,2,2,0,1,0,0,40,38,0,White,White
79,2,120707,10,16,2,9,0,1,20051,0,35,7,1,White,White
21,2,211968,15,10,4,11,3,0,0,1762,28,38,0,White,White
34,2,157289,15,10,2,2,0,1,0,0,40,38,0,White,White
64,2,169482,15,10,3,3,4,0,0,0,40,38,0,White,White
23,5,287988,9,13,4,9,1,1,10520,0,40,38,1,White,White
51,2,204304,15,10,0,3,1,0,0,0,50,38,1,White,White
63,4,29859,5,4,2,4,0,1,7688,0,60,38,1,White,White
29,2,232914,8,11,4,0,3,0,0,0,40,38,0,Black,White
42,2,115178,9,13,0,9,4,0,0,0,15,38,0,White,White
30,2,349148,9,13,4,9,1,1,0,0,70,38,0,White,White
37,1,233825,9,13,2,9,5,0,15024,0,50,38,1,White,White
20,2,175069,15,10,4,0,3,1,0,0,40,40,0,White,Asian-Pac-Islander
56,2,204816,15,10,2,3,0,1,0,0,40,38,1,White,White
34,2,244064,11,9,4,6,4,1,0,0,40,38,0,Black,Black
61,2,101265,15,10,0,0,4,0,0,0,43,38,0,White,White
25,2,120268,9,13,4,9,3,1,0,0,70,38,0,White,White
34,1,202729,11,9,2,10,0,1,0,0,40,38,0,White,White
41,1,51111,9,13,6,0,1,0,0,0,40,38,0,White,White
45,2,241350,11,9,2,5,0,1,0,0,48,38,1,White,White
41,4,229148,11,9,4,7,1,1,0,0,60,22,0,Black,White
33,2,709798,9,13,2,9,0,1,0,0,60,38,1,White,White
26,2,291586,9,13,4,13,3,1,0,0,20,38,0,White,White
35,2,261382,9,13,2,11,0,1,0,0,50,38,0,White,White
53,4,98829,9,13,2,9,0,1,0,0,50,38,0,White,White
45,2,325390,11,9,2,11,0,1,0,0,40,38,0,White,White
46,2,225065,13,1,2,6,5,0,0,0,40,25,0,White,White
29,2,82393,11,9,2,7,3,1,0,0,25,29,0,Asian-Pac-Islander,Asian-Pac-Islander
64,0,341695,15,10,2,0,5,0,0,0,40,38,1,White,White
33,2,118500,15,10,0,3,4,0,0,0,40,38,0,White,White
25,1,244408,9,13,4,12,4,0,0,0,40,39,0,Asian-Pac-Islander,Asian-Pac-Islander
44,2,242619,15,10,2,6,0,1,0,0,40,38,0,White,White
46,2,165937,8,11,0,6,4,1,0,0,40,38,0,White,White
18,2,198614,1,7,4,11,3,0,0,0,8,38,0,Black,White
26,1,216522,9,13,4,9,3,0,0,0,42,38,0,Black,Black
28,2,133625,11,9,2,13,0,1,0,0,40,38,0,Black,White
23,2,209034,11,9,2,6,5,0,3942,0,40,38,0,White,White
37,4,73199,9,13,2,11,0,1,3137,0,77,39,0,Asian-Pac-Islander,White
42,2,158555,0,6,2,3,0,1,0,0,40,38,0,White,White
61,2,51385,9,13,2,11,0,1,0,0,50,38,1,White,White
38,2,309230,15,10,2,2,0,1,0,0,40,38,1,White,White
84,3,172907,15,10,2,11,0,1,0,0,35,38,1,White,White
49,2,160187,6,5,3,7,1,0,0,0,16,22,0,Black,White
18,2,40822,1,7,4,5,3,1,0,0,15,38,0,White,White
43,2,328570,15,10,0,6,4,0,0,0,38,38,0,Black,White
50,2,196232,11,9,2,3,0,1,7688,0,50,38,1,White,White
43,0,77370,11,9,2,13,0,1,0,0,40,38,0,White,White
53,2,166386,9,13,2,6,5,0,0,0,40,2,0,Asian-Pac-Islander,Asian-Pac-Islander
42,3,23813,15,10,2,9,0,1,2885,0,30,38,0,Amer-Indian-Eskimo,White
58,2,175127,2,8,2,13,2,1,0,0,40,38,0,White,White
40,2,205047,11,9,3,2,1,1,0,0,40,38,1,White,White
50,2,135465,9,13,2,3,0,1,0,0,50,38,1,White,White
46,2,295791,11,9,0,12,1,0,0,0,30,38,0,White,White
59,2,314149,8,11,2,11,0,1,0,1740,50,38,0,White,White
36,2,289148,15,10,0,7,4,0,0,0,40,38,0,White,Black
37,2,179481,9,13,2,6,0,1,0,0,40,38,1,White,White
47,2,200471,8,11,2,0,0,1,4064,0,40,38,0,White,White
51,2,115025,11,9,2,2,0,1,0,0,40,38,0,White,White
62,2,153148,11,9,0,7,1,0,0,0,84,38,0,White,White
27,2,240809,15,10,4,0,1,0,0,0,56,38,0,White,White
33,1,175509,11,9,2,10,0,1,0,0,40,38,0,White,White
32,2,164190,11,9,2,5,0,1,0,0,30,38,0,White,White
51,2,154342,12,14,2,9,0,1,7688,0,45,38,1,White,White
90,2,226968,5,4,2,6,0,1,0,0,40,38,0,White,White
46,2,353824,7,12,4,0,1,1,0,0,40,38,0,White,White
65,2,123965,9,13,6,7,1,0,0,0,40,38,0,White,White
44,2,193524,15,10,2,9,0,1,0,0,40,38,0,White,White
28,1,202558,15,10,4,3,3,0,0,0,40,38,0,White,Black
40,2,282155,11,9,5,7,2,0,0,0,25,38,0,White,White
23,2,194951,9,13,4,9,1,1,0,0,55,20,0,Asian-Pac-Islander,White
46,2,84402,9,13,0,9,1,1,0,0,45,38,1,White,White
21,2,312956,11,9,4,2,3,1,0,0,40,38,0,Black,White
40,1,197012,9,13,0,12,1,0,8614,0,40,8,1,White,White
45,2,210875,11,9,2,2,0,1,0,0,40,38,0,White,White
71,1,303860,12,14,6,3,1,1,2050,0,20,38,0,White,White
50,2,177705,9,13,0,7,1,1,0,0,40,38,0,White,White
42,2,259643,12,14,0,9,1,1,4650,0,40,38,0,White,White
25,5,152503,15,10,4,12,1,1,0,0,40,38,0,Black,White
63,3,96930,7,12,2,11,0,1,0,0,40,38,1,White,White
54,2,115912,15,10,2,2,0,1,0,0,40,38,0,White,White
43,2,184378,9,13,4,9,1,1,0,0,40,38,0,White,White
40,4,175943,8,11,2,9,5,0,0,1977,15,38,1,White,White
39,1,139364,9,13,2,9,0,1,0,0,35,38,1,White,White
46,2,174370,15,10,5,11,1,1,0,0,55,38,0,White,White
32,2,152109,11,9,2,2,0,1,0,0,48,38,0,White,White
47,1,114459,12,14,2,9,0,1,7688,0,45,38,1,White,White
40,2,137421,11,9,2,13,0,1,0,0,60,37,0,Asian-Pac-Islander,White
26,2,90980,8,11,0,0,1,0,0,0,55,38,0,White,White
41,2,173858,5,4,2,2,0,1,0,0,40,2,0,Asian-Pac-Islander,Asian-Pac-Islander
23,2,194247,15,10,4,11,1,1,0,0,40,38,0,White,White
48,4,243631,15,10,2,2,0,1,7688,0,40,38,1,Amer-Indian-Eskimo,White
49,2,72393,6,5,0,6,1,0,0,0,40,38,0,White,White
32,2,447066,9,13,2,11,0,1,15024,0,50,38,1,Black,White
23,2,163665,15,10,4,11,3,0,0,0,15,38,0,White,White
39,2,198097,9,13,0,3,1,1,0,0,50,38,0,White,White
26,2,121559,11,9,2,2,0,1,0,0,40,38,0,White,White
32,0,128714,11,9,4,7,3,0,0,0,32,38,0,Black,White
42,2,147251,15,10,2,9,5,0,0,0,36,38,0,White,White
21,2,232569,11,9,4,5,1,1,0,0,40,38,0,White,White
45,1,191776,12,14,0,9,1,0,0,0,40,38,0,White,White
31,4,111423,9,13,4,2,1,1,0,0,55,38,0,White,White
20,5,214542,15,10,4,9,3,1,0,0,40,38,0,White,White
26,2,213258,11,9,2,2,0,1,0,0,40,38,0,White,White
50,3,163921,11,9,2,11,0,1,0,0,48,38,1,White,White
23,2,211160,2,8,2,5,3,1,0,0,40,38,0,White,White
23,1,324637,15,10,4,0,1,1,0,0,30,38,0,White,White
60,2,101096,10,16,4,9,1,0,0,0,65,38,1,White,White
32,2,176253,15,10,0,3,1,1,0,0,40,38,0,Black,White
41,0,355918,11,9,2,12,0,1,0,0,40,38,1,White,White
32,2,159442,14,15,4,11,1,0,13550,0,50,38,1,White,White
51,2,131068,11,9,0,7,1,0,0,0,40,38,0,White,White
23,2,234108,7,12,4,5,3,1,0,0,32,38,0,White,White
42,2,54202,9,13,4,11,1,1,10520,0,50,38,1,White,White
30,2,126242,15,10,2,7,5,0,0,0,40,38,0,White,White
32,2,42617,15,10,0,9,1,0,0,0,30,38,0,White,White
37,2,123785,11,9,4,7,1,1,0,0,75,38,0,White,White
34,2,191385,11,9,2,6,0,1,0,0,48,38,0,White,White
35,2,56201,15,10,2,4,0,1,0,0,40,25,0,White,White
36,2,185099,11,9,2,13,0,1,0,0,70,38,1,White,White
45,0,232997,15,10,2,13,0,1,0,0,65,38,1,White,White
35,1,268292,15,10,2,2,0,1,0,0,40,38,0,White,White
30,2,241885,15,10,2,4,0,1,0,0,40,38,0,White,White
44,2,201599,1,7,4,6,4,0,0,0,40,38,0,Black,Black
40,2,63503,9,13,2,3,0,1,0,0,40,38,1,White,White
43,5,78765,15,10,0,3,4,1,0,0,40,38,0,White,White
58,5,280519,11,9,0,7,3,1,0,0,40,38,0,Black,White
45,2,155093,0,6,0,7,1,0,0,0,38,5,0,Black,White
25,2,82560,7,12,4,7,3,1,0,0,43,38,0,White,White
38,2,256864,11,9,2,12,0,1,0,0,50,38,1,White,White
39,2,119272,0,6,0,13,1,1,0,0,40,38,0,White,White
39,1,164515,11,9,0,0,4,0,0,0,40,38,0,White,Black
24,2,82847,11,9,5,7,4,0,0,0,50,31,1,White,Asian-Pac-Islander
55,2,189528,4,3,2,2,0,1,0,0,50,38,0,White,White
28,2,388112,3,2,4,4,4,1,0,0,77,25,0,White,White
23,2,120172,9,13,4,3,1,1,0,0,40,38,0,White,White
47,2,84790,15,10,2,2,0,1,0,0,40,38,0,White,White
21,2,175800,11,9,4,9,4,0,0,0,55,38,0,White,White
19,2,35245,11,9,4,13,3,1,0,0,40,38,0,White,White
45,2,186473,11,9,0,0,4,0,0,0,40,38,0,White,White
19,2,466458,15,10,4,0,3,0,0,0,20,38,0,White,White
35,4,95455,9,13,0,3,4,0,0,0,55,38,0,White,White
43,2,253759,11,9,0,0,4,0,0,0,45,38,0,Black,White
41,2,235167,4,3,3,8,1,0,0,0,32,25,0,White,White
41,2,194710,11,9,4,3,1,0,0,0,40,38,0,White,White
37,2,234901,15,10,2,11,0,1,0,0,50,10,1,White,White
49,3,229737,14,15,2,9,0,1,99999,0,37,38,1,White,White
26,2,34393,15,10,0,0,1,0,0,0,40,38,0,White,White
40,4,209833,15,10,2,2,0,1,0,0,60,38,0,White,White
28,2,199903,9,13,4,0,1,0,0,0,20,38,0,White,White
50,5,356619,11,9,2,9,0,1,0,0,48,38,1,White,White
35,2,186845,14,15,2,9,0,1,0,0,45,38,1,White,White
32,2,309513,7,12,2,2,0,1,0,0,40,38,0,White,White
44,2,145160,11,9,4,2,2,1,0,0,58,38,0,White,White
36,2,325374,15,10,2,2,0,1,0,0,40,38,0,White,White
48,2,176732,6,5,0,11,1,0,0,0,40,38,0,White,White
50,4,64667,11,9,0,9,1,0,0,0,60,39,0,Asian-Pac-Islander,White
28,2,216178,11,9,2,11,0,1,0,0,40,38,0,White,White
30,2,169496,12,14,2,7,0,1,0,0,15,38,1,White,White
52,2,124591,11,9,4,5,4,1,0,0,40,38,0,White,White
35,2,29145,8,11,4,13,1,1,0,0,40,38,0,White,White
39,2,56118,11,9,0,7,4,0,0,0,40,38,0,White,White
28,2,113870,11,9,4,0,1,1,0,0,40,38,0,White,White
23,2,140414,11,9,2,2,0,1,0,0,40,38,0,White,White
28,0,42003,15,10,2,0,0,1,0,0,40,38,1,White,White
58,1,44246,6,5,2,13,0,1,0,0,40,38,0,White,White
26,2,18827,15,10,4,13,1,1,0,0,40,38,0,White,White
21,2,176262,7,12,4,7,3,0,0,0,18,38,0,White,White
23,2,235722,15,10,4,7,1,1,0,0,20,38,0,White,White
42,4,201522,9,13,2,11,0,1,0,0,60,38,0,White,White
42,5,219553,12,14,0,9,1,0,0,0,38,38,0,White,White
53,0,170354,15,10,2,0,0,1,0,0,40,38,1,White,White
29,2,235168,7,12,2,11,0,1,0,0,60,38,0,White,White
30,2,340917,9,13,2,2,0,1,0,0,40,38,0,White,White
22,2,406978,9,13,4,3,2,0,0,0,40,38,0,White,White
33,2,228528,0,6,4,2,4,0,0,0,35,38,0,White,White
56,2,245215,10,16,2,9,0,1,0,0,50,38,0,White,White
67,4,106143,10,16,2,11,0,1,20051,0,40,38,1,White,White
17,2,181580,1,7,4,7,3,0,0,0,16,38,0,White,White
36,4,67728,9,13,2,11,0,1,0,0,50,38,1,White,White
31,2,272069,8,11,0,13,1,1,0,0,40,38,0,White,White
45,0,106910,11,9,4,13,4,0,0,0,40,38,0,Asian-Pac-Islander,White
18,2,110142,11,9,4,0,3,0,0,0,30,38,0,White,White
34,5,177331,15,10,2,9,0,1,4386,0,40,38,1,Black,White
31,2,193650,1,7,0,7,1,0,0,0,40,38,0,White,White
59,2,157303,15,10,0,9,1,0,0,0,48,38,0,White,White
56,2,178033,15,10,6,3,1,1,4416,0,60,38,0,White,White
43,2,143368,11,9,0,4,1,1,0,0,40,38,0,Black,White
23,2,204209,15,10,4,5,3,1,0,0,10,38,0,White,White
27,2,292472,15,10,2,9,0,1,0,0,40,0,1,Asian-Pac-Islander,White
20,2,182661,15,10,4,11,3,1,0,0,20,38,0,Black,White
22,2,147253,15,10,4,7,1,1,0,0,15,38,0,White,White
38,2,131461,6,5,2,7,5,0,0,0,24,13,0,Black,White
28,2,487347,11,9,4,13,1,1,0,0,45,38,0,White,White
32,2,230484,5,4,5,11,4,0,0,0,35,38,0,White,White
25,2,111058,15,10,4,0,1,1,0,1980,40,38,0,White,White
34,5,327902,9,13,2,9,0,1,0,0,55,38,0,White,White
35,2,41777,2,8,4,4,1,1,0,0,20,38,0,White,White
36,2,241998,9,13,2,2,0,1,0,0,50,38,1,White,White
49,5,126754,11,9,2,2,0,1,0,0,40,31,0,White,White
25,2,390657,15,10,4,7,1,1,0,0,40,38,0,Black,Black
58,2,41374,11,9,6,0,4,1,0,0,40,38,0,Amer-Indian-Eskimo,White
23,4,216129,7,12,4,2,1,1,0,0,30,38,0,White,White
40,2,136986,15,10,2,6,0,1,0,0,50,38,1,White,White
25,2,207875,5,4,2,5,0,1,0,0,40,25,0,White,White
31,5,181824,9,13,2,9,5,0,0,1902,35,38,1,White,White
47,2,345493,14,15,2,9,0,1,99999,0,55,35,1,Asian-Pac-Islander,Asian-Pac-Islander
46,2,265105,9,13,2,9,0,1,0,0,50,38,1,White,White
42,5,109462,9,13,0,0,4,0,2977,0,40,38,0,Black,White
63,4,420629,8,11,2,7,0,1,0,0,45,38,0,White,White
35,2,35330,11,9,2,2,0,1,0,0,40,38,0,White,White
42,2,136177,15,10,0,0,4,0,0,0,38,38,0,White,Black
21,2,116489,15,10,4,11,3,0,0,0,60,38,0,White,White
28,2,230856,15,10,4,9,1,0,3325,0,50,38,0,Black,White
28,5,239130,15,10,0,7,4,1,0,0,40,38,0,White,Black
33,2,240763,15,10,2,6,0,1,0,0,40,38,0,Black,White
53,2,172991,15,10,2,11,0,1,0,0,25,38,0,White,White
50,2,116287,7,12,2,0,0,1,0,0,60,3,0,White,White
37,0,203070,15,10,2,2,0,1,0,0,43,38,0,White,White
21,5,151790,15,10,4,0,3,0,0,0,30,38,0,White,White
64,2,170483,11,9,6,7,1,0,0,0,38,38,0,White,White
19,2,175507,11,9,4,7,1,0,0,0,30,38,0,White,White
32,2,209432,11,9,4,5,3,0,0,0,40,38,0,White,White
34,2,202498,2,8,2,7,0,1,0,0,40,5,0,White,White
41,2,159549,9,13,2,11,0,1,0,0,40,38,0,White,White
55,2,84774,11,9,2,8,5,0,0,0,30,38,0,White,White
29,2,71860,11,9,2,4,0,1,0,0,60,38,0,White,White
50,2,48358,11,9,2,2,0,1,7688,0,40,38,1,White,White
22,2,43535,15,10,2,3,5,0,0,0,40,38,0,White,Other
53,2,150726,15,10,0,0,1,0,0,0,40,38,0,White,White
34,2,106541,15,10,2,6,0,1,0,0,40,38,0,White,White
37,2,67125,11,9,0,11,1,1,0,0,60,38,0,White,White
26,5,105787,9,13,4,9,3,1,0,0,40,38,0,White,Asian-Pac-Islander
31,2,211334,15,10,2,2,0,1,2407,0,65,38,0,White,White
54,4,71344,12,14,0,9,1,1,0,0,50,38,1,White,White
26,2,275703,15,10,2,11,0,1,0,0,40,38,0,White,White
28,2,210867,1,7,0,11,3,1,0,0,40,38,0,White,White
34,2,112820,11,9,5,5,1,1,2463,0,40,38,0,White,White
38,2,180303,9,13,2,3,0,1,0,0,50,23,1,Asian-Pac-Islander,Asian-Pac-Islander
50,2,30447,8,11,2,13,0,1,0,0,45,38,0,White,White
65,2,205309,11,9,2,4,0,1,0,0,24,38,0,White,White
30,1,363032,11,9,2,10,0,1,0,0,40,38,0,Black,White
24,2,37072,15,10,4,2,1,1,0,0,40,38,0,White,White
52,5,216342,9,13,6,3,4,0,0,0,55,38,0,White,White
59,2,365390,15,10,2,2,0,1,0,0,40,38,0,White,White
38,2,140854,9,13,2,12,0,1,0,0,40,38,1,White,White
38,2,299810,11,9,2,5,0,1,0,0,40,38,0,Black,Black
32,2,373263,11,9,2,3,5,0,0,0,40,38,0,White,White
29,2,263005,12,14,2,3,0,1,0,0,45,10,0,White,White
32,2,183356,11,9,4,2,3,1,0,0,40,38,0,White,White
32,2,106014,15,10,2,11,0,1,5178,0,50,38,1,White,White
42,2,173938,11,9,5,11,3,0,0,0,40,38,0,White,White
27,2,123984,7,12,4,7,1,0,0,0,35,29,0,Asian-Pac-Islander,Asian-Pac-Islander
42,2,70055,1,7,2,13,0,1,0,0,45,38,0,White,White
36,0,359249,15,10,5,0,1,1,0,0,40,38,0,Black,Black
25,2,126974,11,9,4,2,3,1,0,0,40,38,0,White,White
27,2,248402,9,13,4,12,4,0,0,0,40,38,0,Black,Black
40,2,188291,14,15,2,9,0,1,0,0,40,38,1,White,White
69,4,37745,8,11,2,11,0,1,0,0,8,38,0,White,White
47,5,205712,15,10,2,7,0,1,0,0,38,38,0,White,White
20,2,117222,11,9,4,7,3,1,0,0,50,38,0,White,Black
38,2,154410,11,9,2,2,0,1,0,2051,40,30,0,White,White
27,2,21856,15,10,4,2,1,1,0,0,40,38,0,Black,White
66,2,151793,5,4,6,7,1,0,0,0,10,38,0,Black,White
51,2,239155,8,11,0,7,1,1,0,0,40,38,0,White,White
45,2,26502,9,13,2,2,0,1,0,0,72,38,1,White,White
21,2,275291,15,10,4,11,3,1,0,0,12,38,0,White,White
24,2,67804,11,9,4,7,3,1,0,0,40,38,0,Black,White
31,5,358461,15,10,4,7,1,1,0,0,40,38,0,Asian-Pac-Islander,White
31,2,113364,11,9,2,2,0,1,0,0,40,38,1,White,White
37,2,99357,7,12,4,7,1,0,0,0,30,38,0,White,White
23,2,220993,11,9,4,11,1,1,0,1590,48,38,0,White,White
18,2,169745,5,4,4,7,3,0,0,0,40,38,0,White,White
35,2,27408,15,10,4,11,1,1,0,0,40,38,0,White,White
32,1,230912,12,14,4,9,1,0,4865,0,40,38,0,White,White
27,2,208249,11,9,2,5,0,1,0,0,62,38,0,White,White
47,1,80282,9,13,2,9,0,1,3137,0,40,38,0,White,White
58,2,202652,11,9,5,7,4,0,0,0,40,5,0,White,White
44,2,115323,12,14,2,3,0,1,0,0,40,38,1,White,White
30,5,343789,15,10,2,0,0,1,0,0,40,38,1,White,White
39,5,235379,7,12,0,9,1,0,0,0,40,38,0,White,White
26,2,345405,11,9,2,11,0,1,2885,0,40,38,0,White,White
28,2,88419,11,9,4,3,1,0,0,0,40,8,0,Asian-Pac-Islander,White
44,2,267790,6,5,4,7,4,0,0,0,40,38,0,Black,Black
56,2,279340,1,7,5,7,1,0,0,0,40,38,0,Black,Black
60,4,376973,11,9,2,2,0,1,0,0,42,38,1,White,White
21,2,305874,15,10,2,2,0,1,0,0,54,38,0,White,White
55,1,28151,11,9,0,0,1,0,0,0,40,38,1,White,White
54,2,257765,5,4,0,6,1,1,0,0,40,12,0,White,White
24,2,442274,11,9,4,3,3,1,0,0,40,38,0,White,White
23,2,136824,15,10,4,7,3,1,0,0,20,38,0,White,White
25,2,511331,9,13,4,11,1,1,0,0,38,38,0,White,White
45,2,188950,12,14,2,3,0,1,0,0,50,38,1,White,White
55,2,199713,6,5,2,2,0,1,0,0,48,38,0,White,White
61,2,230568,9,13,0,0,1,1,0,0,40,38,1,White,White
37,2,286026,11,9,2,9,0,1,0,0,40,38,1,White,White
32,5,177216,9,13,4,9,1,0,0,0,40,38,0,White,White
19,2,256979,11,9,4,2,2,1,0,0,35,38,0,White,White
56,4,66356,15,10,2,4,0,1,0,0,50,38,0,White,White
21,2,225890,15,10,4,7,2,0,0,0,30,38,0,White,White
17,2,143331,0,6,4,11,3,1,0,0,15,38,0,White,White
21,2,115420,11,9,2,2,0,1,0,0,50,38,0,White,White
29,2,161444,11,9,2,3,0,1,0,0,40,3,0,White,White
70,2,187891,1,7,2,13,0,1,0,0,40,38,0,White,White
39,2,210991,11,9,2,2,0,1,0,0,40,38,0,White,White
35,2,129305,11,9,4,7,1,1,0,0,30,38,0,White,White
19,2,144911,15,10,4,7,3,1,0,0,20,38,0,White,White
32,2,27882,15,10,4,6,2,0,0,2205,40,14,0,White,White
30,2,105908,11,9,2,2,0,1,0,0,40,38,0,White,White
24,2,228649,9,13,4,0,3,1,0,0,38,38,0,White,White
42,4,69333,8,11,2,13,0,1,4386,0,80,38,1,White,White
20,2,275691,11,9,4,5,3,1,0,0,28,38,0,White,White
24,2,258298,8,11,4,12,1,1,0,0,45,38,0,White,White
29,2,228860,15,10,2,7,0,1,0,0,35,38,0,White,White
31,5,78291,9,13,4,9,1,0,0,0,40,38,0,White,White
22,4,199011,11,9,4,2,2,1,0,0,20,38,0,White,White
35,4,241998,9,13,2,2,0,1,0,0,45,38,0,White,White
29,4,178564,9,13,4,9,2,1,0,0,40,38,0,White,White
42,2,97142,5,4,2,13,0,1,0,0,40,38,0,White,White
22,2,187052,11,9,4,0,3,0,0,0,40,38,0,White,White
51,1,159755,12,14,2,9,0,1,0,0,40,38,1,White,White
35,2,38294,11,9,2,2,0,1,0,0,40,38,0,White,White
27,2,106316,14,15,0,9,1,0,0,0,12,38,0,White,White
58,3,174864,11,9,2,11,0,1,0,0,55,38,1,White,White
42,4,157562,9,13,2,4,0,1,0,1902,80,38,1,White,White
35,2,224889,9,13,2,11,0,1,0,0,40,38,0,White,White
52,4,199265,11,9,0,2,1,1,0,0,40,38,0,Black,White
22,2,164922,11,9,2,7,0,1,0,0,40,38,0,White,White
38,5,314052,11,9,0,0,1,0,0,0,38,38,0,White,White
36,4,164526,12,14,4,11,1,1,10520,0,45,38,1,White,White
32,1,127651,11,9,2,2,0,1,0,0,40,38,1,White,White
62,2,210142,8,11,2,3,0,1,0,0,50,38,1,White,White
44,2,379919,7,12,2,4,0,1,0,0,60,38,1,White,White
27,4,153546,9,13,4,9,3,0,0,0,40,38,0,White,Black
28,2,85812,15,10,2,11,5,0,0,0,40,38,0,White,White
23,5,278155,9,13,4,0,3,1,0,0,40,38,0,White,White
35,0,38905,15,10,0,0,1,0,0,0,50,38,0,White,White
22,1,34029,9,13,4,9,3,0,0,0,20,38,0,White,White
38,2,131808,8,11,0,2,4,1,0,0,40,38,0,White,White
37,2,262409,12,14,0,3,4,0,0,213,45,38,0,White,White
31,2,213002,2,8,4,11,1,1,4650,0,50,38,0,White,White
39,2,101146,11,9,0,9,1,0,4650,0,40,38,0,White,White
19,2,349620,0,6,4,6,3,0,0,0,40,38,0,White,White
39,2,190728,11,9,4,0,1,0,0,0,40,38,0,White,Black
22,2,228306,15,10,1,7,5,0,0,0,40,38,1,White,White
50,1,117496,9,13,2,9,5,0,0,0,24,38,0,White,White
43,5,159449,11,9,4,2,4,1,0,0,40,38,0,White,White
30,2,241259,8,11,2,13,0,1,0,0,40,38,0,White,White
34,4,34572,8,11,2,3,0,1,0,0,60,38,1,White,White
22,0,146538,11,9,4,0,3,1,0,0,40,38,0,White,Black
34,2,227359,15,10,2,7,0,1,0,0,42,38,0,White,White
22,2,269474,15,10,4,0,3,1,0,0,10,38,0,White,White
20,2,107746,1,7,4,13,2,1,0,0,40,12,0,White,White
59,2,184493,15,10,2,11,0,1,0,0,40,38,1,White,White
41,4,120539,15,10,2,6,0,1,3103,0,40,38,1,White,White
40,2,169031,11,9,4,4,1,1,0,0,40,38,0,White,White
25,2,178505,15,10,4,3,2,0,0,1504,45,38,0,White,White
43,2,299197,15,10,2,0,0,1,0,0,40,38,0,White,White
35,2,54953,11,9,2,2,0,1,0,0,40,38,0,White,White
28,0,281860,9,13,4,9,1,0,0,0,40,38,0,White,Black
42,2,124792,11,9,2,2,0,1,7688,0,45,38,1,Black,White
27,2,105598,11,9,4,0,1,1,0,0,40,38,0,White,White
61,2,316359,15,10,0,11,1,0,0,0,40,38,0,White,White
50,2,86373,11,9,2,6,0,1,0,0,50,38,0,White,White
22,2,122272,9,13,4,0,3,0,0,0,35,38,0,White,White
74,5,236012,5,4,6,5,1,0,0,0,20,38,0,White,White
49,5,194895,9,13,0,9,1,1,0,0,40,38,0,White,White
23,2,257509,15,10,4,11,1,1,0,0,25,38,0,White,White
46,2,172695,1,7,6,7,1,0,0,0,27,7,0,White,White
32,3,108467,9,13,4,3,1,1,0,0,55,38,0,White,White
46,0,227310,15,10,4,0,4,0,0,0,40,38,0,Black,Black
53,2,182186,6,5,2,7,0,1,0,0,40,5,0,White,White
41,5,27305,12,14,2,9,0,1,0,0,40,38,1,White,White
25,2,352057,11,9,4,13,1,1,0,0,65,38,0,White,White
53,2,231919,11,9,2,6,0,1,0,0,45,38,0,White,White
57,1,130532,9,13,6,9,1,0,0,0,35,38,0,White,White
37,2,233490,11,9,4,4,1,1,0,0,50,38,0,White,White
41,2,197093,15,10,4,7,1,1,0,0,20,38,0,Black,White
27,2,192936,11,9,0,0,4,0,0,0,40,38,0,White,White
41,2,150533,11,9,2,11,0,1,2829,0,40,38,0,White,White
77,2,344425,6,5,2,8,5,0,0,0,10,38,0,Black,White
18,2,183930,11,9,4,7,3,1,0,0,12,38,0,White,White
38,2,372484,1,7,4,7,3,0,0,0,40,38,0,Black,Black
44,2,467799,11,9,2,2,0,1,0,0,40,38,0,White,White
19,2,182355,15,10,4,0,3,0,0,0,20,38,0,Black,White
46,2,267107,4,3,2,2,5,0,0,0,45,21,0,White,White
21,2,226181,9,13,4,5,1,1,0,0,40,38,0,White,White
31,2,164870,1,7,2,2,0,1,0,0,40,25,0,White,White
25,2,257910,9,13,4,3,1,1,0,0,50,38,0,White,White
29,2,464536,9,13,2,7,0,1,0,0,40,38,0,White,White
29,2,150861,11,9,4,0,1,0,0,0,40,38,0,White,White
56,2,266091,9,13,4,9,1,0,2907,0,52,4,0,White,White
33,2,93206,4,3,2,4,0,1,0,0,40,29,0,Asian-Pac-Islander,Asian-Pac-Islander
24,2,86745,9,13,4,0,2,0,0,0,16,38,0,Asian-Pac-Islander,White
33,0,182714,14,15,4,9,1,0,0,0,65,38,1,White,White
23,2,55215,9,13,4,11,3,1,0,0,55,38,0,White,White
42,1,266135,15,10,2,10,0,1,0,0,52,38,1,White,White
47,2,159389,7,12,4,0,1,0,0,0,40,38,0,White,White
53,1,283602,12,14,2,9,5,0,15024,0,40,38,1,White,White
48,2,176810,11,9,2,7,0,1,0,0,40,38,0,White,White
28,4,155621,15,10,4,2,3,1,0,0,50,3,0,White,White
53,2,185846,11,9,2,2,0,1,0,0,40,38,0,White,White
34,2,223267,11,9,4,3,2,1,0,0,50,38,0,White,White
26,1,80485,9,13,4,9,1,0,0,0,38,38,0,White,White
52,2,76860,11,9,2,5,0,1,0,0,8,29,0,Asian-Pac-Islander,Asian-Pac-Islander
56,1,571017,15,10,2,0,5,0,0,0,15,38,0,White,White
54,2,221915,15,10,6,2,4,0,0,0,50,38,0,White,White
40,1,290660,7,12,0,3,1,1,8614,0,50,38,1,White,White
59,2,165922,9,13,2,9,0,1,15024,0,40,38,1,White,White
52,1,108083,12,14,2,9,0,1,0,0,50,38,1,White,White
32,2,116539,9,13,2,3,0,1,0,1887,55,38,1,White,White
34,2,104509,8,11,4,9,1,0,1639,0,20,38,0,White,White
53,2,97005,11,9,2,2,0,1,0,0,46,38,1,White,White
26,4,117125,6,5,2,2,0,1,0,0,40,31,0,White,White
24,2,224954,15,10,4,5,3,1,0,0,40,38,0,White,White
20,2,181370,15,10,4,7,3,1,0,0,40,38,0,Black,White
31,2,104509,9,13,4,11,1,0,0,0,65,38,1,White,White
20,2,117222,15,10,4,12,3,1,0,0,15,38,0,White,White
39,2,154641,9,13,2,3,0,1,0,0,45,38,1,White,White
35,2,381583,15,10,2,2,0,1,0,0,45,38,1,Other,White
56,2,179641,11,9,4,9,1,0,0,0,45,38,0,White,White
30,2,164190,8,11,2,9,0,1,5178,0,52,38,1,White,White
24,1,452640,15,10,4,12,1,1,14344,0,50,38,1,White,White
23,2,230315,15,10,4,7,1,1,0,0,40,5,0,Asian-Pac-Islander,White
37,2,305259,7,12,0,3,1,0,0,0,48,38,0,White,White
41,2,165309,9,13,0,0,4,0,0,0,40,38,0,White,White
56,0,107314,15,10,0,0,1,0,0,0,40,38,0,Black,White
32,2,177531,0,6,0,7,4,0,0,0,23,38,0,Black,White
38,2,169672,11,9,2,3,0,1,0,0,40,38,0,White,White
33,2,161745,8,11,2,4,0,1,0,0,45,38,0,White,White
32,2,157747,15,10,2,9,0,1,0,0,40,38,0,White,White
26,2,417941,9,13,4,3,1,0,0,0,40,38,0,White,Black
38,2,167440,9,13,2,13,0,1,4508,0,40,38,0,White,White
54,1,31533,12,14,2,0,0,1,7298,0,40,38,1,White,White
28,2,314649,15,10,2,11,0,1,0,0,60,38,0,Amer-Indian-Eskimo,White
22,2,316509,11,9,4,2,1,1,0,0,50,38,0,White,White
55,2,223127,6,5,2,4,0,1,0,0,40,38,0,White,Black
29,2,91189,9,13,2,6,0,1,0,0,48,38,0,White,White
27,2,56870,11,9,2,6,0,1,0,0,40,38,0,White,White
30,2,182177,11,9,4,7,1,1,0,0,40,20,0,White,White
44,2,212888,9,13,0,3,4,0,0,0,45,38,0,White,White
26,2,39014,2,8,2,8,5,0,0,0,40,5,0,Other,White
59,0,61298,9,13,3,3,1,0,0,0,40,38,0,White,White
22,2,178390,11,9,4,5,3,1,0,0,40,38,0,White,Black
20,2,158206,15,10,4,11,1,1,0,0,30,38,0,White,White
32,2,194901,11,9,2,0,0,1,0,0,40,38,0,White,White
31,2,152156,11,9,2,2,0,1,0,0,45,38,0,White,White
33,2,143851,9,13,4,9,1,0,0,0,40,38,0,White,White
34,2,199227,11,9,0,13,1,1,0,0,50,38,0,White,White
24,2,283613,9,13,4,9,1,1,0,0,43,38,0,White,White
45,2,98475,9,13,0,3,1,1,0,0,45,38,0,White,White
38,2,190776,7,12,0,2,4,0,0,0,40,38,0,White,White
67,4,173935,9,13,2,3,0,1,0,0,8,38,1,White,White
26,5,152457,11,9,4,10,1,1,0,0,40,38,0,White,White
59,2,193568,11,9,0,6,3,0,0,0,40,38,0,White,White
48,2,143299,11,9,4,6,1,1,0,0,40,38,0,Black,White
51,2,128272,6,5,2,6,0,1,0,0,45,38,0,White,White
18,2,256967,0,6,4,11,2,0,0,0,40,38,0,Black,White
24,2,353010,9,13,4,6,1,1,0,0,65,38,0,White,White
36,2,187999,11,9,2,2,0,1,0,0,40,38,1,White,White
22,2,213902,11,9,4,0,4,0,0,0,40,25,0,White,White
52,1,378045,11,9,0,0,1,0,0,0,45,38,0,White,White
40,2,236021,15,10,2,13,0,1,0,0,40,38,0,White,White
23,2,70261,15,10,4,7,3,1,0,0,30,38,0,White,White
35,2,225330,9,13,4,0,1,0,0,0,40,38,0,White,White
21,2,301199,15,10,4,6,3,0,0,0,40,38,0,White,White
40,4,335549,14,15,4,9,1,1,0,2444,45,38,1,White,White
19,2,40425,15,10,4,11,1,0,0,0,28,38,0,White,White
30,2,205659,7,12,2,3,5,0,0,0,50,36,1,White,Asian-Pac-Islander
20,2,344492,11,9,5,11,3,0,0,0,26,38,0,White,White
42,0,557644,11,9,4,0,4,0,0,0,40,38,0,White,Black
45,4,114396,9,13,0,9,1,1,0,0,35,38,0,White,White
51,2,174754,11,9,4,7,1,0,0,0,38,38,0,Black,White
23,2,203139,15,10,4,7,2,0,0,0,40,38,0,White,White
45,1,334039,15,10,2,3,0,1,0,0,40,38,1,White,White
24,5,275421,15,10,4,6,3,0,0,0,40,38,0,White,Black
77,3,155761,15,10,2,11,0,1,0,0,8,38,0,White,White
23,5,110128,15,10,4,7,3,1,0,0,40,38,0,White,White
41,2,162140,11,9,0,2,1,1,0,2339,40,38,0,White,White
49,2,156926,8,11,0,3,1,1,0,0,45,38,1,White,White
54,3,108435,9,13,2,11,0,1,0,0,50,38,1,White,White
22,2,385540,0,6,4,7,1,1,0,0,40,25,0,White,White
29,2,290740,7,12,4,8,1,0,0,0,50,38,0,White,White
80,4,184335,5,4,2,4,0,1,0,0,30,38,0,White,White
47,2,168232,11,9,2,13,0,1,0,1887,45,38,1,White,White
44,4,70884,11,9,2,4,0,1,0,0,60,38,0,White,White
51,2,90363,15,10,2,0,0,1,15024,0,40,38,1,White,White
38,2,201328,9,13,2,9,0,1,0,0,50,38,1,White,White
29,2,128777,5,4,0,2,4,0,0,0,55,38,0,White,White
54,2,146310,11,9,2,13,0,1,0,0,50,38,0,White,White
61,2,168654,11,9,0,0,1,0,0,0,40,1,0,White,White
50,4,240612,9,13,0,9,1,0,0,0,60,38,0,White,White
45,2,330087,11,9,2,2,0,1,0,0,40,38,0,White,White
39,2,225605,11,9,2,4,0,1,0,0,24,38,0,White,White
69,2,177374,11,9,6,0,4,0,1848,0,12,38,0,White,White
26,2,188767,9,13,4,11,3,1,0,0,40,38,0,White,White
39,4,109766,14,15,2,9,0,1,15024,0,50,38,1,White,White
23,2,91189,9,13,2,7,0,1,0,0,20,38,0,White,White
42,1,117227,12,14,0,9,4,0,0,0,45,38,0,White,White
39,2,185099,9,13,2,9,0,1,0,0,48,38,1,White,White
38,2,283293,11,9,2,2,0,1,0,0,40,38,0,Black,White
35,5,89040,9,13,2,3,0,1,0,0,40,38,1,White,White
26,2,109080,15,10,2,11,0,1,0,0,60,38,0,White,White
44,2,230478,9,13,2,3,0,1,0,0,40,38,1,White,White
48,2,55237,9,13,2,2,0,1,0,0,45,38,1,White,White
34,2,228406,15,10,4,0,4,0,0,0,40,38,0,Black,Black
54,2,230767,7,12,2,2,0,1,0,0,40,4,0,White,White
27,3,153546,8,11,2,7,5,0,0,0,36,38,1,White,White
46,2,99835,14,15,2,9,0,1,0,0,60,38,1,White,White
84,2,132806,11,9,6,7,1,0,0,0,13,38,0,White,White
63,3,165667,11,9,2,3,0,1,0,0,40,38,0,White,White
39,2,75891,9,13,0,12,4,0,0,0,40,38,0,White,White
45,2,102147,8,11,0,3,1,1,0,0,40,38,1,White,White
26,2,200639,15,10,2,6,0,1,0,0,40,38,0,White,White
18,2,199039,2,8,4,11,3,1,594,0,14,38,0,White,White
57,1,268252,11,9,0,0,4,0,0,0,62,38,0,White,White
54,4,242606,12,14,2,11,0,1,4386,0,45,38,1,White,White
45,2,246891,9,13,2,11,0,1,0,1902,40,38,1,White,White
47,2,114754,11,9,2,0,0,1,0,0,40,38,0,White,White
66,4,97847,9,13,2,11,0,1,0,0,50,38,0,White,White
25,2,216724,11,9,0,3,3,1,0,0,40,38,0,White,White
36,2,214604,9,13,2,11,0,1,0,0,42,38,1,White,White
42,2,248356,11,9,4,11,4,0,0,0,40,38,0,White,Black
57,4,34297,5,4,2,2,0,1,0,0,40,38,1,White,White
34,2,381153,11,9,2,13,0,1,0,0,40,38,0,White,White
35,4,264627,1,7,0,3,4,0,0,0,84,38,0,White,White
30,5,137613,12,14,2,9,0,1,0,0,17,35,0,Asian-Pac-Islander,Asian-Pac-Islander
55,2,238638,11,9,2,11,0,1,4386,0,40,38,1,White,White
49,2,39986,6,5,2,2,0,1,0,0,40,38,0,White,White
41,2,206565,15,10,4,2,1,1,0,0,45,38,0,Black,White
34,2,258675,11,9,4,13,3,1,0,0,40,38,0,White,White
31,2,398988,15,10,4,3,1,1,0,0,40,38,0,White,White
51,2,182314,12,14,2,12,0,1,0,0,40,38,1,White,White
18,2,50879,0,6,4,7,3,1,0,0,6,38,0,White,White
33,2,188246,9,13,2,3,0,1,0,0,65,38,1,White,White
47,1,81654,15,10,0,3,1,1,0,0,56,38,1,White,White
36,2,169469,15,10,2,3,0,1,7298,0,40,38,1,White,White
28,2,275116,0,6,2,13,0,1,0,0,40,38,0,White,White
32,2,48458,11,9,4,11,3,0,0,1669,45,38,0,Black,White
39,2,22245,9,13,2,9,1,1,0,0,60,38,0,White,White
59,4,114760,15,10,2,2,0,1,0,0,20,38,1,White,White
86,2,149912,12,14,4,0,1,0,0,0,40,38,0,White,White
33,4,93930,11,9,2,3,0,1,0,0,40,38,0,White,White
52,2,128272,11,9,2,11,0,1,0,0,14,38,0,White,White
28,2,30912,11,9,2,7,0,1,0,0,43,38,0,White,White
58,2,215190,1,7,2,7,0,1,0,0,20,38,0,White,White
33,2,159888,1,7,2,2,0,1,0,0,40,38,0,White,White
30,2,103649,9,13,2,0,5,0,0,0,40,38,1,Black,White
42,5,211915,15,10,5,12,4,0,0,0,40,38,0,White,Black
55,2,236520,8,11,2,2,0,1,0,0,40,38,1,White,Black
23,5,103588,15,10,4,0,3,1,0,0,25,38,0,White,White
25,2,338013,15,10,0,12,1,0,0,0,40,38,0,White,White
49,2,97883,9,13,0,3,4,0,0,0,40,38,0,White,White
37,5,378916,11,9,2,0,0,1,0,0,40,38,0,White,White
43,4,116666,14,15,2,9,0,1,0,0,35,38,1,Other,White
19,1,354104,11,9,4,0,3,1,0,0,35,38,0,White,White
22,2,91842,15,10,4,11,1,0,0,0,42,38,0,White,White
34,1,303867,6,5,4,7,3,1,0,0,40,38,0,White,White
40,3,301007,9,13,2,9,0,1,0,0,60,38,0,White,White
43,2,191196,11,9,0,7,1,1,0,0,40,38,0,White,White
22,2,227994,15,10,3,0,3,0,0,0,39,38,0,Asian-Pac-Islander,Black
31,1,206297,11,9,2,10,0,1,0,0,40,38,1,White,White
45,1,318280,11,9,6,10,1,1,0,0,40,38,1,White,White
29,2,203833,9,13,4,9,1,1,0,0,40,38,0,Black,White
69,1,122850,0,6,2,3,0,1,0,0,20,38,0,White,White
17,2,148522,1,7,4,7,3,1,0,1721,15,38,0,White,White
46,2,234690,11,9,2,11,0,1,0,0,40,38,0,White,White
41,2,184466,1,7,2,10,0,1,0,0,55,38,0,White,White
18,2,137646,1,7,4,7,3,0,0,0,15,38,0,White,White
43,2,184321,0,6,2,6,0,1,0,1887,40,38,1,Black,White
31,1,151726,7,12,4,0,3,0,0,0,40,38,0,Amer-Indian-Eskimo,Black
40,2,88368,15,10,0,0,4,0,914,0,40,38,0,White,White
17,2,297246,1,7,4,8,3,0,0,0,9,38,0,White,White
20,2,162688,8,11,4,7,3,1,0,0,40,38,0,White,White
42,2,137907,11,9,0,0,4,0,0,0,35,38,0,White,Black
59,2,151616,12,14,2,9,0,1,0,0,55,38,0,White,White
51,2,234057,11,9,2,2,0,1,0,0,45,38,1,White,White
55,2,49737,15,10,2,11,0,1,0,0,50,38,0,White,White
17,2,41865,0,6,4,7,3,0,0,0,25,38,0,White,White
60,2,252413,15,10,2,2,0,1,0,0,32,38,1,Other,White
60,2,296485,4,3,2,13,0,1,0,0,40,38,0,White,White
45,1,287920,12,14,2,9,0,1,0,0,50,38,1,White,White
34,2,136997,11,9,0,0,4,0,0,0,35,38,0,White,White
46,2,188293,11,9,0,0,1,0,0,0,40,38,0,White,White
27,2,78529,11,9,4,13,3,0,0,0,15,38,0,White,White
67,3,73559,11,9,2,3,0,1,9386,0,50,38,1,White,White
45,0,60267,11,9,2,0,0,1,0,0,40,38,1,White,Black
59,0,117299,11,9,2,2,0,1,0,1887,40,38,1,White,White
35,4,190387,9,13,2,4,0,1,0,0,45,38,0,White,White
28,2,153475,9,13,4,0,3,0,0,0,16,7,0,White,Asian-Pac-Islander
38,2,353263,12,14,4,0,1,0,0,0,50,21,1,White,White
40,2,478205,9,13,4,9,2,0,0,0,40,38,0,White,White
46,2,360096,9,13,2,3,0,1,15024,0,60,38,1,White,White
55,2,306164,11,9,2,7,0,1,0,0,40,38,0,Black,White
28,1,149991,9,13,2,10,0,1,0,0,42,38,1,Black,White
39,2,117683,11,9,2,13,0,1,0,0,40,38,1,White,White
52,2,208302,11,9,2,11,0,1,0,0,36,38,0,White,White
43,2,168071,11,9,2,3,0,1,0,0,44,38,0,White,White
43,2,174196,11,9,4,7,4,0,0,0,40,38,0,Black,Black
34,2,212163,15,10,2,11,0,1,0,0,25,38,0,White,White
39,2,356838,11,9,4,4,3,1,0,0,12,38,0,White,White
41,2,194636,9,13,2,3,0,1,0,0,60,38,1,White,White
44,2,120277,12,14,2,3,0,1,0,0,38,38,1,White,White
39,2,347814,7,12,4,7,3,0,0,0,56,38,0,White,White
40,2,92036,11,9,2,5,0,1,0,0,40,38,1,White,White
41,2,351161,11,9,2,11,0,1,0,1848,45,38,1,White,White
44,2,203761,9,13,4,9,3,1,10520,0,40,38,1,White,White
90,2,141758,6,5,4,0,1,0,0,0,40,38,0,White,White
24,5,147719,12,14,4,9,1,1,0,0,20,18,0,Asian-Pac-Islander,Asian-Pac-Islander
54,2,210736,11,9,2,2,0,1,0,0,40,38,1,White,White
38,2,290306,11,9,2,2,0,1,0,0,40,38,1,White,White
60,2,389254,11,9,2,11,0,1,0,0,40,38,1,White,White
20,2,117476,15,10,2,2,0,1,0,0,40,38,0,White,White
54,3,175339,11,9,2,11,0,1,0,0,50,38,1,White,White
45,2,187730,9,13,4,9,3,1,0,0,40,38,0,White,White
52,3,234286,11,9,2,3,0,1,15024,0,40,38,1,White,White
40,1,63042,9,13,2,9,5,0,0,0,40,38,1,White,White
26,2,57600,9,13,2,9,0,1,0,0,40,38,0,White,White
51,2,210940,11,9,2,11,0,1,0,2002,45,38,0,White,White
53,2,127671,5,4,2,6,0,1,0,0,40,38,0,White,White
35,5,349066,11,9,0,6,3,1,0,0,40,38,0,White,White
42,0,132125,9,13,2,3,0,1,0,0,52,38,1,White,White
51,2,191965,11,9,6,7,4,0,0,0,32,38,0,White,White
43,2,99212,8,11,2,3,0,1,3103,0,48,38,1,White,White
58,2,372181,11,9,0,11,4,0,0,0,40,38,1,White,White
31,5,86143,11,9,4,10,2,1,0,0,40,38,0,Asian-Pac-Islander,White
64,2,391121,5,4,2,4,0,1,0,0,40,38,1,White,Black
57,2,195176,12,14,4,9,1,1,0,0,80,38,0,White,White
38,2,234901,12,14,2,3,0,1,0,1977,60,38,1,White,White
46,2,150499,7,12,2,2,0,1,0,0,40,38,0,White,White
36,2,208358,14,15,0,9,1,1,99999,0,45,38,1,White,White
22,5,477505,7,12,4,0,1,1,0,0,40,38,0,White,White
26,2,215384,9,13,4,3,1,1,0,1974,55,38,0,White,White
33,2,125762,11,9,2,11,0,1,0,0,44,38,1,White,White
35,2,170263,15,10,4,12,4,0,0,0,40,38,0,White,Black
27,2,175821,11,9,2,0,5,0,0,0,34,38,0,White,White
47,2,340982,15,10,2,6,0,1,3103,0,40,29,1,Asian-Pac-Islander,Asian-Pac-Islander
26,1,117833,9,13,4,9,1,0,4865,0,35,38,0,White,White
31,2,200117,11,9,0,0,1,1,0,0,40,38,0,White,White
29,5,243875,8,11,0,0,3,1,0,0,40,38,0,White,White
35,2,38948,15,10,2,9,0,1,0,0,40,38,1,White,White
42,4,101709,8,11,2,2,0,1,2885,0,40,38,0,Asian-Pac-Islander,White
53,2,218311,11,9,0,11,1,0,0,0,35,38,0,White,White
41,2,433989,8,11,2,11,0,1,4386,0,60,38,1,White,White
49,2,105449,9,13,4,8,1,1,0,0,25,38,0,White,White
25,2,254933,1,7,2,13,0,1,0,0,40,38,0,White,White
48,2,121253,9,13,3,11,4,0,0,2472,70,38,1,White,White
41,0,106982,15,10,0,9,4,0,0,0,40,38,1,White,White
59,2,144092,11,9,2,2,0,1,0,0,40,38,0,White,White
21,2,417668,15,10,4,7,3,1,0,0,20,38,0,White,White
55,2,143030,11,9,0,6,1,0,0,0,40,38,0,White,White
35,2,210844,7,12,2,3,0,1,0,0,40,32,0,White,White
37,2,129263,15,10,0,3,4,0,0,0,60,38,0,White,White
26,1,150226,9,13,4,9,3,0,0,0,35,38,0,White,White
28,4,39388,8,11,2,4,0,1,0,0,60,38,0,White,White
34,2,34848,15,10,2,13,0,1,4064,0,40,38,0,White,White
30,2,167476,15,10,0,6,1,1,0,0,50,38,0,White,White
33,2,119409,11,9,2,6,5,0,0,0,40,3,0,Other,Asian-Pac-Islander
20,2,110998,15,10,4,0,3,0,0,0,30,38,0,Asian-Pac-Islander,White
52,2,221936,11,9,2,11,0,1,0,0,40,38,0,White,Black
71,1,337064,12,14,6,9,1,0,0,0,40,38,0,White,White
48,1,328610,14,15,2,9,0,1,0,0,45,38,1,White,White
31,2,325658,11,9,0,2,4,1,0,0,40,38,0,White,White
45,2,51744,9,13,4,3,1,0,0,0,42,38,0,White,White
20,2,197752,15,10,4,0,3,1,0,0,16,38,0,White,White
59,4,124771,9,13,2,4,0,1,0,0,30,38,0,White,White
45,2,205424,9,13,4,9,1,1,0,0,40,38,1,White,White
49,2,34446,15,10,2,13,0,1,0,0,40,38,0,White,White
42,2,113147,7,12,2,9,0,1,0,0,40,38,0,Black,White
41,1,575442,15,10,0,2,1,1,0,0,40,38,0,White,White
33,2,183612,11,9,2,13,0,1,0,0,20,38,0,White,White
56,2,226985,7,12,2,7,0,1,0,0,50,38,0,White,White
20,1,243178,11,9,4,5,3,1,0,0,40,38,0,White,White
59,2,96840,11,9,0,7,4,0,0,0,40,38,0,White,White
36,5,135874,9,13,2,11,0,1,0,0,40,38,0,White,White
35,2,194490,11,9,0,0,4,0,0,0,38,38,0,White,White
44,2,230684,9,13,2,3,0,1,7688,0,50,38,1,White,White
59,2,148844,11,9,0,6,1,0,0,0,40,38,0,White,White
53,2,139127,11,9,0,7,1,0,0,0,40,38,0,White,White
58,2,140363,11,9,0,6,1,1,3325,0,30,38,0,White,White
27,2,129624,9,13,2,3,0,1,0,0,40,38,1,White,White
35,2,33975,7,12,2,2,0,1,0,0,40,38,0,White,White
24,2,32921,15,10,4,4,3,1,0,0,50,38,0,White,White
22,2,305466,11,9,4,5,1,1,0,0,40,38,0,White,Black
55,4,35340,15,10,2,2,0,1,0,0,50,38,0,White,White
37,0,419053,11,9,0,2,1,1,0,0,40,38,0,White,White
39,2,61343,0,6,2,6,0,1,0,0,60,38,0,White,White
48,2,125892,9,13,0,3,2,1,0,0,40,38,0,White,White
19,2,216647,15,10,4,7,1,0,0,0,30,38,0,White,White
33,2,168782,8,11,4,2,4,1,0,0,40,38,0,White,White
36,2,107916,11,9,2,13,0,1,0,2002,40,38,0,White,White
19,2,194905,15,10,4,7,3,0,0,0,30,38,0,White,White
38,2,27997,8,11,0,2,1,1,0,0,40,38,0,White,White
29,3,31778,11,9,5,9,2,1,0,0,25,38,0,White,White
55,4,126117,11,9,6,11,1,1,0,0,40,38,0,White,White
73,4,109833,9,13,2,4,0,1,0,0,30,38,0,White,White
31,2,301637,8,11,4,4,3,1,0,0,40,38,0,White,White
59,2,116442,15,10,2,6,0,1,0,0,50,38,0,White,White
42,4,326083,8,11,2,9,0,1,0,0,40,38,0,White,White
46,2,171807,15,10,0,11,4,0,0,0,40,38,0,White,White
42,2,213821,11,9,2,2,0,1,0,1887,40,38,1,White,White
32,2,317219,12,14,4,9,1,0,0,1590,40,38,0,White,White
22,5,186569,9,13,4,9,3,0,0,0,12,38,0,White,White
46,2,34377,7,12,2,2,0,1,0,0,40,38,1,White,White
56,4,175964,15,10,0,7,1,0,0,0,40,38,0,White,White
31,2,189759,11,9,4,4,1,1,0,2001,40,38,0,White,White
44,2,322391,1,7,5,7,4,0,0,0,30,38,0,Black,Black
31,2,204052,11,9,2,5,0,1,0,0,40,38,0,White,White
36,2,186819,7,12,2,2,0,1,0,0,52,38,1,White,White
45,2,240841,12,14,4,9,1,0,0,0,40,38,0,White,White
32,2,191777,8,11,4,3,1,0,0,0,35,8,0,Black,White
69,5,34339,11,9,2,10,0,1,0,0,40,38,0,White,White
32,2,27207,0,6,4,2,1,1,0,0,50,38,0,White,White
17,2,217342,0,6,4,11,3,0,0,0,5,38,0,White,White
44,2,124924,11,9,2,3,0,1,0,0,40,25,0,White,Asian-Pac-Islander
22,2,235853,6,5,4,11,1,1,0,0,40,38,0,White,White
31,0,139455,9,13,4,3,3,0,0,0,40,4,0,White,Asian-Pac-Islander
29,2,210959,7,12,2,0,0,1,0,0,40,38,0,White,White
25,2,208881,9,13,2,9,0,1,0,0,60,38,0,White,White
26,2,186151,11,9,5,12,3,0,0,0,40,38,0,White,White
47,0,197038,9,13,2,9,0,1,0,0,50,38,0,White,White
41,2,143046,12,14,4,0,1,0,0,0,40,38,0,White,White
47,2,343579,11,9,2,7,0,1,0,0,40,25,0,White,White
43,5,241506,9,13,0,9,4,0,1506,0,36,38,0,White,White
53,2,122109,11,9,5,0,4,0,0,1876,38,38,0,White,White
30,2,186346,9,13,4,3,1,0,0,0,50,38,0,White,White
25,2,391192,8,11,4,2,3,1,0,0,40,38,0,White,White
48,2,193075,11,9,0,11,3,0,0,0,20,38,0,White,White
19,2,151506,11,9,4,7,3,0,0,0,30,38,0,White,White
45,2,172822,1,7,0,13,1,1,0,2824,76,38,1,White,White
29,2,167737,11,9,4,13,2,1,0,0,50,38,0,White,White
35,1,308945,11,9,2,2,0,1,0,0,40,38,1,White,White
36,2,174308,1,7,0,13,1,1,0,0,40,38,0,White,White
38,0,506830,15,10,0,12,4,0,0,0,40,38,0,Black,White
31,1,158291,9,13,4,2,1,1,8614,0,40,38,1,White,White
21,2,285457,15,10,4,13,3,1,0,0,50,38,0,White,White
36,1,142573,11,9,2,3,0,1,0,0,45,38,1,White,White
30,1,226443,12,14,2,9,0,1,0,1887,45,38,1,White,White
18,2,396270,11,9,4,0,3,1,0,0,25,38,0,White,White
28,2,150309,11,9,2,6,0,1,0,0,45,38,0,Amer-Indian-Eskimo,White
36,2,33394,9,13,2,11,0,1,0,1887,35,38,1,White,White
52,2,256861,9,13,2,3,0,1,0,0,50,38,0,White,White
38,2,64879,15,10,0,11,1,0,0,0,40,38,0,White,White
68,2,195868,9,13,2,11,0,1,20051,0,40,38,1,White,White
31,2,160594,7,12,4,9,3,1,0,0,3,38,0,White,White
30,2,48014,12,14,4,0,1,0,0,0,40,9,0,White,White
18,2,177648,11,9,4,11,3,0,0,0,25,38,0,White,White
44,2,179136,11,9,4,11,1,0,0,0,40,38,0,White,White
47,2,108510,0,6,2,11,0,1,0,0,65,38,0,White,White
43,2,39581,11,9,4,7,1,0,0,0,45,38,0,Black,White
40,2,214242,11,9,2,6,0,1,0,0,50,38,0,White,White
46,2,187715,15,10,2,11,0,1,0,0,50,38,0,White,White
35,2,92440,2,8,0,2,1,1,0,0,50,38,1,White,White
22,2,52262,15,10,4,7,1,1,0,0,40,38,0,White,White
33,4,195891,15,10,2,3,0,1,0,0,45,38,0,White,White
36,2,226947,9,13,2,9,0,1,0,0,40,38,1,White,White
30,2,381153,15,10,2,2,0,1,0,0,40,38,0,White,White
54,3,357596,9,13,2,3,0,1,7298,0,55,38,1,White,White
20,2,250630,15,10,4,11,1,0,0,0,20,38,0,White,White
30,2,271710,9,13,2,11,0,1,7298,0,50,38,1,White,White
37,4,188563,15,10,2,3,0,1,4386,0,50,38,1,White,White
27,2,114158,8,11,4,0,3,0,0,0,35,38,0,White,White
23,2,162228,11,9,4,13,3,1,0,0,40,38,0,White,White
28,2,25684,11,9,4,9,1,0,0,0,40,38,0,Amer-Indian-Eskimo,White
61,2,142922,11,9,2,13,0,1,0,0,40,38,0,White,White
46,1,140219,12,14,0,9,1,0,8614,0,55,38,1,White,White
29,2,178649,11,9,3,7,1,0,0,0,20,9,0,White,White
52,1,146565,7,12,0,7,1,0,4865,0,30,38,0,White,White
52,2,126978,11,9,2,6,5,0,0,0,40,2,0,Asian-Pac-Islander,Asian-Pac-Islander
36,2,129591,11,9,4,7,1,1,0,0,40,38,0,White,White
35,2,160910,15,10,2,11,0,1,0,0,50,38,0,White,White
32,2,199963,1,7,2,6,5,0,0,0,40,38,0,White,White
49,2,128132,11,9,2,11,0,1,0,0,60,38,1,White,White
36,2,423711,11,9,2,6,0,1,0,0,45,38,0,White,White
45,2,156117,8,11,0,9,1,0,0,0,32,38,0,White,White
50,2,289390,11,9,2,2,0,1,0,0,47,38,0,White,White
53,1,188772,11,9,6,7,1,0,0,0,30,38,0,White,White
48,2,70668,11,9,2,6,5,0,0,0,50,38,0,White,White
40,2,168071,7,12,0,9,1,1,0,0,50,38,0,White,White
27,1,199343,11,9,2,0,0,1,0,0,38,38,0,White,White
51,2,94432,11,9,2,9,0,1,0,0,40,38,0,White,White
45,2,169092,11,9,0,11,1,0,0,0,55,38,0,White,White
47,3,79627,14,15,0,9,1,1,27828,0,50,38,1,White,White
38,2,99138,9,13,4,3,1,0,0,0,38,38,0,White,White
47,2,101299,11,9,2,2,0,1,0,0,40,38,0,White,White
21,2,185357,11,9,4,0,1,1,0,0,50,38,0,White,White
30,2,94413,15,10,0,13,1,1,0,0,30,38,0,White,White
26,2,212800,7,12,4,9,3,0,0,0,36,38,0,White,Black
37,2,305379,9,13,2,3,0,1,0,0,50,38,1,White,White
34,2,123270,11,9,2,2,0,1,0,0,40,38,1,White,White
50,2,173754,11,9,2,2,0,1,0,0,40,38,0,White,White
21,2,243368,13,1,4,4,1,1,0,0,50,25,0,White,White
27,2,187392,11,9,4,7,1,0,0,0,40,38,0,White,Black
39,2,63910,15,10,4,0,3,0,0,0,40,38,0,Asian-Pac-Islander,Black
21,2,314182,11,9,4,7,1,0,0,0,40,38,0,White,White
34,2,219619,11,9,4,5,1,1,0,0,40,38,0,White,White
42,2,220049,11,9,2,11,0,1,0,0,40,38,1,Black,White
26,1,73392,11,9,4,5,3,1,0,0,30,38,0,Amer-Indian-Eskimo,Black
30,2,130369,8,11,5,9,4,0,0,0,40,38,0,White,Black
30,2,375827,11,9,4,5,2,1,0,0,40,38,0,White,White
65,1,180869,15,10,6,0,1,0,0,0,35,38,0,White,White
29,2,157941,9,13,4,12,1,1,0,0,40,38,0,White,White
31,2,132601,11,9,4,7,3,1,0,0,40,38,0,White,White
48,2,64479,9,13,0,3,1,1,0,0,47,38,0,White,White
38,2,436361,11,9,0,7,1,0,0,0,75,38,0,White,White
35,2,140564,9,13,2,11,0,1,0,0,40,38,1,White,White
37,2,189878,14,15,2,9,0,1,0,0,50,38,1,White,White
36,4,205607,9,13,0,9,1,0,0,0,40,38,1,Black,White
21,2,32616,11,9,4,7,1,0,0,1719,16,38,0,White,White
54,3,138852,15,10,2,11,0,1,0,0,45,38,1,White,White
42,2,150533,15,10,2,3,0,1,7298,0,52,38,1,White,White
38,4,30916,7,12,2,11,0,1,0,0,60,38,0,White,White
21,5,145651,15,10,4,11,3,0,0,1602,12,38,0,Black,White
36,2,162256,11,9,0,3,4,0,0,0,40,38,0,White,White
42,2,224203,15,10,6,11,4,0,0,0,40,38,0,Black,Black
63,2,102479,9,13,0,3,1,0,0,0,40,38,0,White,White
37,2,109133,11,9,2,6,0,1,0,0,40,31,0,White,White
26,2,156976,8,11,5,7,1,1,0,0,40,38,0,Black,White
39,3,126675,15,10,2,9,0,1,0,0,25,38,0,White,White
48,2,265192,11,9,2,2,0,1,0,0,45,38,0,White,White
39,2,76767,15,10,0,0,1,0,0,0,60,38,0,White,White
35,2,152375,11,9,4,11,1,1,0,0,45,38,0,White,White
22,2,228452,0,6,4,2,1,1,0,0,30,38,0,White,White
34,2,180284,15,10,2,5,0,1,0,0,50,38,0,White,White
32,2,166634,11,9,2,6,0,1,0,0,40,38,0,Black,White
50,2,165050,0,6,2,2,0,1,0,0,40,38,1,White,White
25,2,99126,8,11,2,9,5,0,7688,0,40,38,1,White,White
60,1,101110,8,11,0,9,4,1,0,0,40,38,1,White,White
34,2,236543,11,9,4,2,3,1,0,0,40,38,0,White,White
36,2,152621,15,10,2,2,0,1,0,0,40,1,1,White,White
44,2,277533,15,10,2,2,0,1,0,0,40,38,0,White,White
41,2,163174,11,9,4,0,1,0,0,0,40,38,0,White,White
58,2,209423,3,2,2,7,0,1,0,0,38,4,0,White,White
58,2,158002,15,10,2,11,0,1,0,0,40,38,0,Black,White
44,2,125461,10,16,2,3,0,1,0,0,60,38,1,White,White
59,2,200700,9,13,2,2,0,1,0,0,48,38,1,Black,White
31,2,62374,11,9,2,9,0,1,0,0,50,38,0,White,White
38,2,129573,11,9,2,2,0,1,0,0,41,38,0,White,White
44,1,124924,8,11,4,2,1,1,0,0,44,38,0,White,White
56,2,135458,11,9,0,12,1,0,0,0,40,38,0,Black,White
46,2,143189,4,3,4,6,3,0,0,0,40,5,0,White,White
40,2,195488,11,9,4,0,3,0,0,0,45,38,0,White,White
54,2,155233,9,13,4,0,1,0,14084,0,40,38,1,White,White
39,0,363630,11,9,2,0,0,1,7688,0,52,38,1,Black,White
31,4,389765,5,4,2,9,0,1,0,0,60,38,0,White,White
36,2,143123,14,15,2,9,0,1,0,0,50,38,1,White,White
43,2,191814,7,12,2,11,0,1,7688,0,50,38,1,White,White
38,2,167140,14,15,2,9,0,1,99999,0,70,38,1,White,White
42,3,184018,11,9,0,11,4,1,1151,0,50,38,0,White,White
53,2,167033,15,10,4,3,1,0,0,0,40,38,0,Black,White
31,4,226696,8,11,2,4,0,1,0,0,60,38,1,White,White
44,2,176063,11,9,2,13,0,1,0,0,50,38,1,White,White
46,2,157991,8,11,0,12,4,0,0,625,40,38,0,Black,White
22,2,174043,11,9,4,2,1,1,0,0,50,38,0,White,White
57,1,118481,9,13,2,9,0,1,0,1902,40,38,1,White,White
45,3,149865,9,13,2,6,0,1,0,0,60,38,1,White,White
62,2,178745,11,9,2,2,0,1,0,0,45,38,1,White,White
30,2,66278,11,9,4,0,1,0,0,0,40,38,0,White,White
51,2,335997,11,9,2,3,0,1,4386,0,55,38,1,White,White
66,1,188220,11,9,6,0,4,0,0,0,35,38,1,White,White
32,4,56328,9,13,2,9,5,0,0,0,8,38,1,White,White
22,2,203240,0,6,4,0,1,0,0,0,40,38,0,White,White
48,2,152953,5,4,2,2,0,1,0,0,32,5,0,White,White
65,2,204042,11,9,0,10,1,1,0,0,20,38,0,White,White
40,2,291808,11,9,0,10,1,0,0,0,40,38,0,Black,White
40,2,274158,11,9,2,6,0,1,0,0,40,38,0,White,White
71,2,200418,4,3,2,13,0,1,0,0,40,38,0,White,Black
21,2,122322,15,10,4,7,3,0,0,0,60,38,0,White,White
48,2,169324,11,9,4,7,4,0,0,0,32,13,0,Black,White
32,2,216361,15,10,2,10,0,1,0,0,16,38,0,Black,White
17,2,127366,1,7,4,11,3,0,0,0,8,38,0,White,White
38,2,96330,8,11,0,0,4,0,0,0,40,38,0,Black,White
23,2,156807,6,5,4,5,3,1,0,0,36,38,0,Black,White
27,2,191230,15,10,4,5,1,1,0,0,25,38,0,Black,White
25,0,50053,9,13,4,12,1,1,0,0,45,38,0,White,White
52,0,37289,12,14,4,0,1,0,0,0,40,38,1,White,White
24,2,100669,15,10,4,5,3,1,0,0,30,38,0,Asian-Pac-Islander,White
64,5,105748,11,9,2,4,0,1,0,0,40,38,0,White,White
23,1,23438,11,9,4,9,1,0,0,0,40,38,0,White,White
29,2,94892,15,10,2,9,0,1,0,0,40,38,0,White,White
27,2,258102,4,3,4,13,1,1,0,0,40,25,0,White,White
41,3,112262,11,9,2,2,0,1,0,0,50,38,0,White,White
47,2,204692,11,9,2,2,0,1,0,0,40,38,0,White,White
23,2,260019,5,4,4,4,4,1,0,0,36,25,0,Other,White
51,4,353281,11,9,5,7,4,0,0,0,20,38,0,White,Black
34,2,217460,9,13,2,3,0,1,0,0,45,38,1,White,White
20,2,107801,7,12,4,7,3,0,0,2205,18,38,0,White,White
50,2,148953,11,9,2,13,0,1,0,0,50,38,1,White,White
38,2,171150,7,12,2,9,0,1,0,0,40,38,1,White,White
40,4,179533,11,9,2,13,0,1,0,0,75,38,1,White,White
29,2,161857,11,9,3,7,1,0,0,0,40,3,0,Other,White
37,2,632613,0,6,2,4,0,1,0,0,35,25,0,White,White
56,4,84774,7,12,2,4,5,0,0,0,40,38,0,White,White
23,2,143032,12,14,4,9,3,0,0,0,36,38,0,White,White
19,2,307496,15,10,4,7,3,0,0,0,16,38,0,White,White
49,0,94754,12,14,2,0,0,1,0,0,40,38,1,White,White
59,2,172071,11,9,2,9,5,0,0,0,38,22,0,Black,White
26,3,189502,9,13,2,11,0,1,0,0,80,38,1,White,White
39,1,249392,12,14,2,9,0,1,0,0,72,38,0,White,White
52,2,35576,11,9,6,2,1,1,0,0,40,38,0,White,White
35,2,186934,12,14,5,9,1,1,0,0,40,38,1,White,White
28,1,154863,6,5,2,2,0,1,0,0,40,37,1,Black,White
22,2,64292,15,10,4,0,3,0,0,0,37,38,0,White,White
73,0,127858,15,10,6,12,1,0,3273,0,40,38,0,White,White
22,4,108506,8,11,4,4,1,1,0,0,75,38,0,Amer-Indian-Eskimo,White
38,2,105017,11,9,0,2,4,1,0,0,40,38,0,White,White
23,5,502316,9,13,4,9,1,0,0,0,40,38,0,White,White
71,5,210673,11,9,2,10,0,1,0,0,28,38,0,White,White
43,2,37402,12,14,4,3,1,0,0,0,25,38,0,White,White
50,2,138270,11,9,2,11,5,0,0,0,40,38,0,Black,White
25,2,191921,15,10,4,13,3,1,0,0,40,38,0,White,White
19,2,175652,1,7,4,7,2,0,0,0,15,38,0,White,White
56,2,179625,0,6,5,7,4,0,0,0,32,38,0,White,Black
54,2,229272,11,9,2,2,0,1,0,0,40,38,1,Black,White
45,2,260490,12,14,2,3,0,1,0,0,50,38,1,White,White
29,2,107812,11,9,0,2,1,1,0,0,40,38,0,White,White
25,1,167835,9,13,2,9,5,0,0,0,38,38,1,White,White
28,2,181659,11,9,2,6,0,1,0,0,40,38,0,White,White
26,4,284343,7,12,4,2,1,1,0,0,40,38,0,White,White
26,2,96467,9,13,4,9,1,0,0,0,40,38,0,White,White
33,2,254221,11,9,4,0,1,0,0,0,40,38,0,White,White
35,1,190964,9,13,2,2,0,1,0,0,40,38,0,White,White
19,2,145844,7,12,4,3,1,0,0,0,50,38,0,White,White
18,2,163787,11,9,2,3,5,0,0,0,40,38,0,White,White
30,2,203488,15,10,2,6,0,1,0,0,40,38,1,White,White
33,2,348416,11,9,4,0,4,0,0,0,40,38,0,Black,Black
35,4,168475,15,10,2,2,0,1,0,0,60,38,1,White,White
33,2,103435,8,11,5,9,1,1,0,0,45,38,0,White,White
23,2,33105,15,10,4,5,3,1,0,0,40,38,0,Amer-Indian-Eskimo,White
65,2,154171,14,15,2,9,0,1,20051,0,60,38,1,White,White
57,2,353881,11,9,0,13,1,1,0,0,45,38,0,White,White
45,2,192835,9,13,2,3,0,1,0,1977,55,38,1,White,White
65,4,139960,11,9,2,4,0,1,10605,0,60,38,1,White,White
49,2,169180,5,4,2,6,5,0,0,0,40,16,0,White,White
55,2,115439,14,15,2,3,0,1,99999,0,40,38,1,White,White
44,2,191814,15,10,2,9,0,1,0,0,45,38,1,White,White
40,2,193995,11,9,2,7,0,1,0,0,30,38,0,White,White
61,1,153408,12,14,0,9,1,0,0,0,40,38,1,White,White
53,2,30244,7,12,2,3,0,1,15024,0,40,38,1,White,White
35,2,187167,11,9,0,7,1,0,0,0,35,38,0,White,White
17,2,205726,1,7,4,11,3,0,0,0,15,38,0,White,White
40,2,118001,0,6,2,2,0,1,0,0,40,38,0,Black,White
56,2,314727,11,9,2,2,0,1,0,0,35,38,1,White,White
25,2,144301,15,10,4,11,3,1,0,0,42,38,0,White,White
45,2,185385,11,9,2,2,0,1,0,0,47,38,1,White,White
48,2,401333,11,9,0,11,1,1,0,0,40,38,0,White,Black
39,2,218916,14,15,0,3,1,1,0,0,50,38,0,White,White
23,2,186813,11,9,4,10,3,1,0,0,40,38,0,Amer-Indian-Eskimo,White
29,2,210869,15,10,4,11,3,1,0,0,80,38,0,Black,White
19,2,343200,15,10,4,11,3,0,0,0,25,38,0,White,White
35,2,243409,15,10,2,13,0,1,0,0,40,10,0,White,White
53,2,107123,11,9,0,7,1,1,0,0,40,38,0,Black,White
52,2,169549,15,10,0,3,4,0,0,0,40,38,0,White,White
30,2,84119,15,10,2,2,0,1,0,2051,40,38,0,White,White
31,2,96480,11,9,4,0,1,0,0,0,50,38,0,White,White
59,2,31137,11,9,2,2,0,1,0,0,40,38,1,White,White
39,2,165743,15,10,2,2,0,1,0,0,45,38,1,White,White
23,2,259301,11,9,0,3,4,0,0,0,40,38,0,White,White
28,2,163265,6,5,2,11,0,1,4508,0,40,38,0,White,White
58,4,99141,11,9,0,4,4,0,0,0,10,38,0,White,White
43,2,219424,9,13,4,3,1,0,0,0,50,38,1,Black,White
47,2,151267,11,9,2,6,5,0,15024,0,40,38,1,Black,White
25,2,241626,11,9,4,7,3,1,0,0,30,38,0,White,White
53,0,90127,15,10,2,10,0,1,0,0,60,38,1,White,White
33,2,149726,11,9,2,13,0,1,0,0,46,38,0,White,White
35,2,292185,9,13,2,0,0,1,0,0,40,38,0,White,White
36,2,225399,11,9,2,2,0,1,7298,0,40,38,1,White,White
39,2,189623,9,13,0,11,4,1,0,0,60,38,0,White,White
41,2,138907,11,9,0,8,2,0,0,0,40,38,0,Black,White
27,2,171655,11,9,4,0,1,0,0,0,42,38,0,White,White
48,5,49595,12,14,0,10,1,1,0,0,72,38,0,White,White
22,5,48121,15,10,2,7,0,1,0,0,25,38,0,White,White
46,2,153501,11,9,4,13,1,1,0,0,40,38,0,Amer-Indian-Eskimo,White
26,2,238367,11,9,2,0,0,1,0,0,40,38,0,White,White
44,2,328561,8,11,2,0,2,0,0,0,20,38,0,White,White
41,2,306405,15,10,2,12,5,0,0,0,40,38,0,White,Black
36,2,153066,15,10,2,2,0,1,0,0,50,38,1,White,White
45,2,358701,2,8,4,7,3,1,0,0,10,25,0,White,White
22,2,60331,15,10,2,7,0,1,0,0,35,38,0,White,White
58,0,175873,15,10,2,0,0,1,0,0,40,38,1,White,White
48,2,158924,11,9,2,0,5,0,0,0,40,38,1,White,White
51,2,168660,11,9,2,3,0,1,0,0,50,38,0,White,White
68,2,32779,11,9,2,13,0,1,0,419,12,38,0,White,White
41,2,190591,7,12,0,3,1,0,0,0,40,22,0,Black,White
42,2,56483,7,12,0,0,4,0,0,0,40,38,0,White,White
41,4,375574,15,10,2,11,0,1,0,0,60,25,1,White,White
29,2,239753,11,9,2,0,5,0,0,2057,20,38,0,White,White
65,2,420277,15,10,2,10,0,1,0,0,40,38,0,White,White
19,2,229756,11,9,4,11,3,1,0,0,50,38,0,White,White
18,2,265099,1,7,4,7,3,0,0,0,16,38,0,White,White
42,1,254817,15,10,4,9,1,0,0,1340,40,38,0,White,White
49,2,120629,9,13,0,3,1,0,27828,0,60,38,1,Black,White
19,2,185097,11,9,4,5,1,0,0,0,37,38,0,White,White
42,3,161532,9,13,2,2,0,1,0,0,60,38,0,Black,White
19,2,319889,11,9,4,7,3,1,0,0,25,38,0,White,Black
40,2,126701,6,5,4,13,1,1,0,0,45,38,0,White,White
44,4,219591,15,10,2,2,0,1,0,0,40,38,0,White,White
34,2,198103,11,9,4,13,3,1,0,1980,40,38,0,White,White
37,2,160920,15,10,2,11,0,1,0,0,45,38,0,White,White
53,4,135339,9,13,2,3,0,1,7688,0,20,2,1,Asian-Pac-Islander,White
46,2,184169,12,14,2,9,5,0,7688,0,35,38,1,White,White
52,2,443742,15,10,0,3,1,1,0,0,60,38,0,White,White
22,2,207782,7,12,4,5,3,1,0,0,20,38,0,White,White
57,3,172654,14,15,2,13,0,1,15024,0,50,38,1,White,White
25,2,232991,4,3,2,6,0,1,0,0,40,25,0,Other,White
22,2,73203,11,9,4,0,3,0,0,0,40,38,0,White,Asian-Pac-Islander
49,1,349633,12,14,2,9,5,0,0,0,50,38,1,White,White
44,2,75227,14,15,4,9,1,1,14084,0,40,38,1,White,White
22,2,138504,15,10,4,0,4,0,0,0,30,38,0,Black,White
49,2,168262,0,6,0,7,1,1,0,0,48,38,0,White,White
49,2,147032,11,9,2,7,5,0,0,0,8,29,0,Asian-Pac-Islander,Asian-Pac-Islander
46,4,246212,12,14,2,3,0,1,0,0,45,38,1,White,White
29,2,83517,6,5,4,6,1,1,0,0,40,38,0,White,White
34,2,248795,11,9,4,6,1,0,0,0,45,38,0,White,White
30,2,212237,9,13,2,9,0,1,0,1740,45,38,0,White,White
50,1,199995,9,13,0,10,1,1,0,0,40,38,1,White,White
52,4,313243,11,9,2,2,0,1,0,0,55,38,1,White,White
79,1,84616,1,7,2,3,0,1,0,0,7,38,0,White,White
50,2,177487,11,9,2,2,0,1,0,0,40,38,0,White,White
35,2,168322,1,7,2,4,0,1,0,0,40,38,0,White,White
22,2,216181,1,7,4,2,3,1,0,0,45,38,0,White,White
22,2,254547,15,10,4,0,2,0,0,0,30,22,0,Black,Black
57,2,47857,11,9,2,13,0,1,0,0,40,38,1,White,White
33,2,41610,9,13,2,9,0,1,0,0,40,38,0,White,White
52,2,145333,9,13,0,11,1,1,0,0,60,38,0,White,White
23,4,409230,3,2,2,11,2,1,0,0,40,38,0,White,White
49,0,213668,12,14,4,3,1,1,0,0,56,38,1,White,White
61,2,668362,3,2,6,5,1,0,0,0,40,38,0,White,White
47,2,205730,11,9,2,2,0,1,0,0,56,38,1,White,White
65,1,323006,11,9,6,7,4,0,0,0,25,38,0,Black,White
36,4,147258,8,11,2,4,0,1,0,0,60,38,1,White,White
38,1,255454,9,13,5,9,4,1,0,0,40,38,0,Black,Black
19,2,278915,2,8,4,5,3,0,0,0,52,38,0,Black,White
33,4,124187,7,12,4,7,1,1,0,0,32,38,0,Black,White
72,4,203289,15,10,2,2,0,1,0,0,35,38,0,White,White
42,0,262402,9,13,4,3,1,0,0,0,40,38,0,White,White
37,2,219546,8,11,2,2,0,1,4386,0,44,38,1,White,White
41,2,193995,11,9,4,2,1,1,0,0,44,38,0,White,White
18,2,41794,1,7,4,7,3,0,0,0,20,38,0,White,White
41,1,210259,12,14,4,9,1,0,0,0,40,38,0,Black,White
45,2,146857,9,13,2,3,0,1,0,0,38,38,1,White,White
58,0,243929,9,13,4,9,1,1,0,0,48,38,0,White,White
35,2,126569,11,9,0,2,3,1,0,0,20,38,0,White,White
21,2,147655,11,9,4,7,3,0,0,0,35,38,0,White,White
55,2,143266,11,9,0,0,4,1,0,0,25,38,0,White,White
34,2,223212,9,13,2,9,0,1,0,1848,40,28,1,White,Asian-Pac-Islander
33,2,303867,15,10,2,3,0,1,0,0,50,38,0,White,White
51,2,183611,7,12,0,3,4,1,0,0,55,10,0,White,White
23,2,288771,15,10,4,0,1,0,0,0,30,38,0,White,White
35,2,953588,11,9,2,3,5,0,0,0,40,38,1,White,White
39,2,177075,11,9,0,0,1,0,0,0,40,38,0,White,White
44,2,160574,11,9,2,2,0,1,0,0,65,38,1,White,White
30,2,143766,11,9,4,7,1,1,0,0,30,38,0,White,White
25,2,74883,9,13,4,12,1,0,0,1092,40,29,0,Asian-Pac-Islander,Asian-Pac-Islander
23,2,274424,1,7,5,7,4,0,0,0,40,38,0,White,Black
42,1,188291,9,13,2,10,0,1,0,1902,40,38,1,White,White
45,5,198660,15,10,2,9,0,1,0,0,40,38,1,White,White
44,2,76196,9,13,2,3,0,1,0,0,50,38,0,White,White
21,2,63899,1,7,4,0,2,0,0,0,40,38,0,White,White
36,2,146311,6,5,2,6,0,1,0,0,40,38,0,White,White
41,2,33310,11,9,4,0,1,0,0,0,40,38,0,White,White
62,2,29828,11,9,2,13,0,1,0,0,40,38,0,White,White
26,2,205109,12,14,4,9,1,0,0,0,40,38,0,White,White
52,3,114758,9,13,2,11,0,1,15024,0,50,38,1,White,White
52,4,165278,11,9,2,13,0,1,0,0,22,38,0,White,White
31,2,348504,9,13,2,3,0,1,0,0,50,38,0,White,White
40,3,45054,15,10,2,13,0,1,0,0,40,38,1,White,White
21,2,325923,15,10,4,12,3,1,0,0,35,38,0,White,White
58,1,54947,15,10,4,9,1,0,0,0,55,38,0,White,White
48,2,20296,11,9,0,0,1,0,0,0,37,38,1,White,White
23,2,156513,11,9,4,5,3,1,0,0,40,38,0,Black,White
65,2,169047,11,9,4,6,1,1,0,0,10,38,0,White,White
49,3,362795,12,14,0,9,4,1,99999,0,80,25,1,White,White
31,2,56026,11,9,2,2,0,1,0,0,40,38,0,White,White
25,2,248990,0,6,2,6,0,1,0,0,40,12,0,White,White
35,2,167062,11,9,2,0,0,1,0,0,40,38,0,White,White
37,4,82540,6,5,2,13,0,1,0,0,70,38,1,White,White
21,2,214387,15,10,4,11,2,1,0,0,64,38,0,White,White
17,2,331552,2,8,4,0,3,0,0,0,30,38,0,White,White
23,2,98283,9,13,4,3,3,1,0,0,40,38,0,Asian-Pac-Islander,White
42,4,82161,0,6,6,13,4,1,0,0,35,38,0,White,White
24,4,102942,15,10,4,7,1,0,0,0,50,38,0,White,White
50,4,68898,12,14,2,11,0,1,7688,0,55,38,1,White,White
44,2,184378,8,11,2,3,0,1,0,0,40,38,0,White,White
48,1,78859,11,9,4,3,3,0,0,0,40,38,0,White,White
43,2,313022,11,9,2,6,0,1,4386,0,40,38,1,Black,White
43,0,211763,10,16,5,9,4,0,0,0,24,38,1,Black,White
41,1,26669,15,10,0,3,1,0,0,0,40,38,0,White,White
23,2,119704,15,10,5,11,4,0,0,0,40,38,0,White,White
23,2,117789,9,13,4,3,3,0,0,0,40,38,0,White,White
25,2,145434,15,10,4,6,1,0,0,0,25,38,0,White,White
62,2,69867,8,11,2,9,0,1,7298,0,50,38,1,White,White
37,2,80638,9,13,2,7,0,1,0,0,30,2,0,Asian-Pac-Islander,Asian-Pac-Islander
66,2,98837,11,9,6,0,1,0,0,0,40,38,0,White,White
38,2,87556,9,13,2,3,0,1,7688,0,55,38,1,White,White
47,2,256866,11,9,2,13,0,1,0,0,48,38,0,White,White
67,2,49401,8,11,0,7,1,0,0,0,24,38,0,White,White
23,2,481175,15,10,4,3,3,1,0,0,24,28,0,Other,White
49,2,259323,11,9,0,2,4,1,0,0,40,38,0,White,White
34,2,34374,15,10,4,7,1,1,0,0,50,38,0,White,White
47,2,168232,9,13,2,0,0,1,7298,0,40,38,1,White,White
61,2,199198,5,4,6,7,1,0,0,0,21,38,0,Black,White
25,2,98155,15,10,4,9,3,1,0,0,40,38,0,White,White
51,1,168539,9,13,2,3,0,1,0,0,50,38,1,White,White
22,2,244366,9,13,4,9,3,1,0,0,40,38,0,White,White
22,2,203715,15,10,4,0,3,1,0,0,40,38,0,White,White
20,2,227491,11,9,4,11,1,0,0,0,25,38,0,Asian-Pac-Islander,White
45,2,28035,15,10,4,4,2,1,0,0,50,38,0,White,White
38,4,64875,11,9,0,4,1,1,0,0,50,38,0,White,White
19,2,202673,15,10,4,5,3,1,0,0,50,38,0,White,White
18,2,94196,11,9,4,5,3,0,0,0,25,38,0,White,White
41,3,82049,11,9,2,2,0,1,0,0,40,38,0,White,White
26,2,53598,15,10,4,0,1,0,0,0,40,38,0,White,White
41,4,344329,11,9,2,7,0,1,0,0,10,38,0,White,White
62,4,192236,9,13,0,9,1,0,0,0,40,38,1,White,White
43,4,101534,15,10,2,3,0,1,0,1902,15,38,1,White,White
37,2,52221,1,7,2,13,0,1,0,0,40,38,0,White,White
51,5,82504,15,10,2,3,0,1,0,0,40,38,0,White,White
33,1,365908,11,9,2,7,0,1,2105,0,40,38,0,Black,White
18,2,182643,15,10,4,5,3,1,0,0,9,38,0,White,White
52,2,185407,8,11,2,2,0,1,0,0,48,30,1,White,White
36,2,247750,11,9,2,13,0,1,0,0,45,38,0,Black,White
23,2,348092,11,9,4,13,3,1,0,0,40,13,0,Black,White
45,4,49595,15,10,2,3,0,1,0,0,80,38,0,White,White
18,2,39222,1,7,4,7,3,1,0,0,40,38,0,White,White
25,2,60358,15,10,4,11,3,1,0,0,40,38,0,White,White
32,5,147215,9,13,2,3,5,0,0,0,55,38,1,White,White
48,4,243631,11,9,2,3,0,1,0,0,30,34,0,Asian-Pac-Islander,Asian-Pac-Islander
54,5,32778,11,9,6,3,1,0,0,0,40,38,0,White,White
64,4,31826,11,9,2,3,0,1,0,0,45,38,1,White,White
50,2,88842,9,13,2,13,0,1,7298,0,40,38,1,White,White
49,1,337768,12,14,2,3,0,1,0,0,50,38,1,White,White
18,2,127388,2,8,4,7,1,0,0,0,25,38,0,White,White
37,2,49115,12,14,2,3,0,1,0,0,60,38,1,White,White
35,5,140752,11,9,2,2,0,1,0,0,40,38,0,White,White
39,2,138192,9,13,2,2,0,1,0,0,40,38,1,White,White
31,1,125927,5,4,2,4,0,1,0,0,40,38,0,White,White
59,2,221336,0,6,6,7,2,0,0,0,40,29,0,Asian-Pac-Islander,White
41,2,116797,11,9,2,11,0,1,7298,0,50,38,1,White,White
42,1,70655,11,9,2,2,0,1,0,0,44,38,0,White,White
32,2,152940,15,10,2,11,0,1,0,0,40,38,1,White,White
41,2,152629,15,10,2,12,0,1,0,0,40,38,1,White,White
52,2,370552,13,1,2,6,0,1,0,0,40,7,0,White,White
25,5,117833,15,10,2,3,5,0,0,0,19,38,0,White,White
61,2,208919,12,14,2,11,0,1,0,0,60,38,1,White,White
41,4,168098,9,13,2,9,0,1,0,0,50,38,0,White,White
61,4,96073,14,15,2,9,0,1,0,0,50,8,1,White,Asian-Pac-Islander
52,5,231166,8,11,2,3,0,1,0,0,40,38,0,White,White
24,2,179423,11,9,4,0,3,0,0,0,40,38,0,White,White
23,2,211046,11,9,4,11,1,0,2463,0,40,38,0,White,White
60,1,204062,12,14,2,9,0,1,0,0,48,38,1,White,White
43,2,182437,9,13,4,9,1,1,0,0,45,38,1,White,White
55,2,144071,1,7,2,3,0,1,0,0,45,38,0,White,White
42,2,367049,12,14,4,3,1,0,4650,0,40,38,0,White,White
52,2,133403,15,10,2,2,0,1,0,0,55,38,0,White,White
26,2,223464,15,10,2,0,0,1,0,0,40,38,0,White,White
18,2,243900,11,9,4,0,3,0,0,0,15,38,0,White,White
27,2,216481,15,10,6,0,4,0,0,0,40,38,0,White,White
56,0,155238,11,9,2,0,0,1,0,0,40,38,1,White,White
35,2,267866,11,9,2,11,0,1,0,1887,50,19,1,Asian-Pac-Islander,White
61,2,98350,13,1,3,7,1,1,0,0,40,2,0,Asian-Pac-Islander,Asian-Pac-Islander
36,3,242080,14,15,2,9,0,1,0,0,80,38,1,White,White
41,2,152958,11,9,2,2,0,1,0,0,40,38,1,White,White
29,2,161097,11,9,2,6,0,1,0,0,40,38,1,Black,White
20,2,347530,11,9,4,7,4,0,0,0,25,38,0,Black,Black
35,2,155961,11,9,4,7,3,0,0,0,35,22,0,Black,White
30,2,110643,15,10,4,3,1,1,0,0,52,38,0,White,White
64,2,159715,15,10,2,2,0,1,0,0,20,38,0,White,White
20,0,119156,11,9,4,0,2,1,0,0,20,38,0,White,White
26,2,917220,2,8,4,13,3,1,0,0,40,38,0,Black,Black
39,4,188335,11,9,2,4,0,1,0,0,40,38,0,White,White
47,2,169549,11,9,2,2,0,1,0,0,40,38,1,White,White
44,4,254303,15,10,0,7,1,1,0,0,45,38,0,White,White
46,2,140782,7,12,0,9,1,0,0,0,50,38,0,White,White
59,4,178353,11,9,2,3,0,1,0,0,50,38,1,White,White
33,2,124827,11,9,2,13,0,1,0,0,40,38,0,White,White
30,2,206051,11,9,2,5,0,1,0,0,40,38,1,White,White
48,2,107373,0,6,2,13,0,1,0,0,40,38,1,White,White
27,2,89598,15,10,4,0,4,0,0,0,60,38,0,White,White
44,2,174051,15,10,4,7,1,1,0,0,35,38,0,White,White
24,2,204172,9,13,4,11,2,0,0,0,40,38,0,White,White
23,2,125525,9,13,4,9,3,1,0,0,42,38,0,White,White
33,2,239781,13,1,2,4,0,1,0,0,40,25,0,White,White
51,1,349431,11,9,2,2,0,1,4386,0,40,38,1,White,White
50,2,171924,9,13,2,9,0,1,0,0,43,38,1,White,White
51,4,25932,11,9,2,4,0,1,0,0,60,38,0,White,White
37,2,208358,15,10,2,2,0,1,0,0,40,38,1,White,White
42,2,175515,11,9,2,2,0,1,0,0,40,38,0,White,White
31,2,118941,15,10,0,7,3,0,0,0,20,38,0,White,White
32,2,124187,6,5,2,4,0,1,0,0,40,38,0,Black,White
42,2,177989,11,9,2,13,0,1,0,0,40,38,0,White,White
23,5,305498,8,11,4,12,1,0,0,0,40,38,0,White,White
36,1,293358,15,10,4,3,4,0,0,0,48,38,0,Black,Black
61,2,180632,11,9,2,11,0,1,0,0,40,38,0,White,White
41,2,49797,11,9,2,2,0,1,0,0,40,38,0,White,White
29,2,185019,2,8,4,7,1,1,0,0,40,38,0,Other,White
42,2,208875,15,10,2,3,5,0,0,0,40,7,1,White,White
37,2,227597,15,10,2,2,0,1,0,0,40,38,0,White,White
32,5,182556,9,13,2,10,0,1,0,1887,45,38,1,White,White
49,2,143459,6,5,5,5,3,1,0,0,38,38,0,White,White
54,5,119565,9,13,2,3,0,1,0,0,40,32,1,White,White
47,1,149700,12,14,2,9,0,1,15024,0,35,38,1,White,White
49,2,200471,3,2,2,2,0,1,0,0,40,31,0,White,White
37,2,312271,12,14,0,3,1,1,0,0,65,38,0,White,White
24,2,241857,15,10,4,0,1,0,0,0,35,38,0,Black,White
47,2,436770,8,11,4,9,1,0,0,0,40,38,0,White,White
37,2,236359,15,10,0,0,1,0,0,0,37,38,0,Black,White
30,2,232356,9,13,2,3,0,1,0,0,40,38,1,White,White
19,2,301747,11,9,5,0,3,0,0,0,30,38,0,White,White
39,3,239755,14,15,2,9,0,1,0,1902,50,38,1,White,White
56,2,156052,11,9,6,7,4,0,594,0,20,38,0,Black,White
18,2,338632,1,7,4,7,3,1,0,0,16,38,0,White,White
32,2,44675,10,16,2,9,0,1,0,0,65,38,1,White,White
39,2,114591,15,10,5,9,4,0,0,0,40,38,0,White,Black
59,1,100776,8,11,0,0,1,0,0,0,40,38,0,White,White
39,2,380614,15,10,0,9,1,0,0,0,45,38,1,White,White
56,4,48102,15,10,2,3,5,0,0,1977,50,38,1,White,White
27,2,257302,7,12,2,12,5,0,0,0,38,38,0,White,White
18,2,189487,15,10,4,11,3,0,0,0,35,38,0,White,White
25,2,27411,9,13,0,11,1,0,0,0,40,38,0,White,White
36,2,116138,11,9,2,9,0,1,0,0,40,0,0,Asian-Pac-Islander,Asian-Pac-Islander
44,4,124692,11,9,2,9,0,1,0,1902,40,38,1,White,White
47,2,197836,11,9,2,11,0,1,0,0,45,38,0,White,White
38,2,204640,15,10,6,0,4,0,0,0,40,38,0,Black,Black
34,2,279015,15,10,4,11,1,1,0,0,65,38,0,White,White
40,2,77357,14,15,2,9,0,1,0,0,40,38,1,White,White
57,2,365683,11,9,0,6,1,0,0,0,40,38,1,White,White
19,2,105908,11,9,4,5,2,1,0,0,70,38,0,White,White
23,2,275244,11,9,4,6,1,1,0,0,35,38,0,Black,White
50,2,196975,11,9,2,2,0,1,0,0,40,38,1,White,White
40,2,31621,11,9,3,0,4,0,0,0,40,38,0,White,White
35,2,172845,8,11,4,7,4,0,0,0,30,38,0,White,Black
26,2,318518,15,10,4,13,1,1,0,0,40,38,0,White,Black
21,2,116788,11,9,4,2,3,1,0,0,40,38,0,White,White
72,2,89299,11,9,0,7,1,0,0,0,16,38,0,White,White
49,2,60751,11,9,2,10,0,1,0,0,40,38,0,White,White
25,2,236267,11,9,2,5,0,1,0,0,40,38,0,White,White
46,5,314770,15,10,0,0,4,0,0,0,48,38,0,White,White
33,4,127894,14,15,2,9,0,1,0,0,60,38,1,White,White
18,2,210828,15,10,4,5,3,1,0,0,30,38,0,Other,White
30,2,129227,11,9,6,0,1,0,0,0,40,38,0,White,White
28,2,69107,11,9,2,5,0,1,0,0,40,38,0,Black,White
59,2,168569,14,15,4,9,1,1,0,0,50,38,0,White,White
59,3,107287,0,6,6,3,4,0,0,2559,50,38,1,White,White
48,3,213140,11,9,2,3,0,1,0,0,80,38,0,White,White
24,2,107882,11,9,4,11,1,0,0,0,40,38,0,White,White
43,2,477983,11,9,2,5,0,1,0,0,40,38,0,Black,Black
33,2,159929,11,9,2,2,0,1,0,0,40,38,0,White,White
41,2,122626,11,9,0,5,4,1,0,0,48,38,0,White,White
56,1,157525,15,10,0,10,1,1,0,0,48,38,0,Black,White
31,2,106753,8,11,2,2,0,1,0,1740,40,38,0,White,White
31,2,574005,9,13,2,2,0,1,0,0,44,38,1,White,White
48,2,235108,11,9,2,6,0,1,0,0,40,38,0,White,White
63,4,298249,9,13,2,11,0,1,10605,0,40,38,1,White,White
37,1,196529,12,14,2,9,5,0,0,0,45,38,1,White,White
49,4,43479,15,10,2,2,0,1,0,0,40,38,0,White,White
28,2,116372,9,13,4,3,1,0,0,0,60,38,0,White,White
42,2,175526,11,9,2,6,0,1,0,0,40,38,0,White,White
68,1,177596,0,6,5,7,1,0,0,0,90,38,0,Black,White
29,5,204516,12,14,2,9,0,1,0,0,15,38,0,White,White
36,2,114988,11,9,4,7,1,0,0,0,40,38,0,White,White
48,2,345831,11,9,0,6,1,1,0,0,40,38,0,White,Black
49,1,159641,9,13,0,3,4,0,0,625,40,38,0,White,Black
32,2,173998,15,10,4,0,1,0,0,0,60,38,0,White,White
39,2,290922,12,14,4,9,3,0,0,0,40,38,0,White,White
24,2,200973,15,10,4,0,1,0,0,0,40,38,0,White,White
27,2,265314,11,9,2,13,0,1,0,0,45,38,1,White,White
38,2,143123,9,13,2,3,0,1,0,0,40,38,1,White,White
62,2,122246,15,10,4,2,1,0,8614,0,39,38,1,White,White
30,2,195576,15,10,4,9,3,1,3325,0,50,38,0,White,White
69,4,92472,0,6,3,4,1,1,3273,0,45,38,0,White,White
31,2,196125,11,9,2,5,0,1,0,0,40,38,0,White,White
37,2,171968,8,11,2,0,0,1,0,0,40,38,0,White,White
39,2,134367,12,14,2,9,5,0,0,1977,24,38,1,White,White
39,2,129764,11,9,2,2,0,1,0,0,40,38,0,White,White
33,1,173806,7,12,2,5,0,1,0,0,40,38,0,White,White
41,4,29762,15,10,2,4,0,1,5013,0,70,38,0,White,White
35,2,212465,11,9,2,2,0,1,0,0,40,38,1,White,White
62,4,75478,9,13,2,3,0,1,0,0,40,38,0,White,White
30,5,54318,1,7,2,13,0,1,0,0,40,38,0,White,White
20,2,39764,11,9,4,5,3,1,0,0,40,38,0,White,White
55,4,99551,9,13,6,11,4,0,0,0,15,38,0,White,White
31,2,154297,11,9,4,11,4,0,0,0,24,38,0,Black,Black
48,2,39530,11,9,0,0,1,0,0,0,40,38,0,White,White
34,1,226443,15,10,2,10,0,1,0,0,40,38,1,White,White
59,2,121865,11,9,0,7,1,0,0,0,40,38,0,Black,White
88,4,206291,14,15,2,9,0,1,0,0,40,38,0,White,White
21,2,286824,15,10,4,5,3,1,0,0,12,38,0,White,Black
33,1,269604,4,3,4,7,4,0,0,0,40,7,0,Other,White
21,2,211385,7,12,4,7,1,1,0,0,35,22,0,Black,White
23,5,35633,15,10,4,7,1,1,0,0,50,38,0,White,White
34,2,204052,11,9,4,2,1,1,0,0,40,38,0,White,White
54,3,149650,11,9,0,7,1,1,0,0,40,1,0,White,Asian-Pac-Islander
18,1,152182,0,6,4,10,3,0,0,0,6,38,0,White,White
20,2,211293,15,10,4,11,3,0,0,0,14,38,0,Black,White
56,4,140558,11,9,2,11,0,1,0,0,40,38,0,White,White
35,5,154410,15,10,4,4,3,1,0,0,40,38,0,White,White
34,2,105493,12,14,0,9,4,0,0,0,40,38,0,White,White
40,2,186916,9,13,2,9,0,1,0,0,40,38,0,White,White
72,2,284080,3,2,0,7,1,1,0,0,40,38,0,Black,White
30,5,361497,9,13,2,10,0,1,0,0,72,38,1,White,White
29,1,219906,9,13,2,9,5,0,0,0,25,38,1,White,White
48,2,373366,3,2,2,4,0,1,3781,0,50,25,0,White,White
48,2,117251,11,9,6,0,1,0,0,0,32,38,0,White,White
60,1,141637,12,14,2,9,0,1,0,0,40,38,1,White,White
62,0,224277,15,10,6,10,1,0,0,0,40,38,0,White,Black
45,2,138626,15,10,0,3,1,1,0,1876,50,38,0,White,White
43,3,82488,9,13,2,11,3,0,0,0,40,29,1,Asian-Pac-Islander,Asian-Pac-Islander
43,2,64631,11,9,2,2,0,1,0,0,40,38,0,White,White
23,2,239539,11,9,4,6,3,1,0,0,40,29,0,Asian-Pac-Islander,Asian-Pac-Islander
31,2,37546,9,13,2,3,5,0,0,1902,35,38,1,White,White
37,2,186035,7,12,2,2,0,1,0,0,55,38,0,White,White
70,4,150886,15,10,2,2,0,1,0,0,25,38,0,White,White
51,2,153870,11,9,2,12,0,1,0,0,40,38,1,White,White
21,2,51047,11,9,4,0,1,0,0,0,25,38,0,White,White
44,2,156413,15,10,2,12,0,1,0,0,44,38,1,White,White
29,5,95423,12,14,2,0,0,1,0,0,36,38,0,White,White
42,2,76487,11,9,2,0,0,1,0,0,45,38,0,White,White
47,2,202322,4,3,2,5,0,1,0,0,40,25,0,White,White
41,2,117585,11,9,2,3,0,1,0,1485,40,38,1,White,White
61,2,160037,5,4,0,7,1,1,0,0,35,38,0,White,White
31,2,254293,15,10,4,9,1,1,0,0,40,38,0,White,White
40,2,205175,11,9,6,6,4,0,0,0,37,38,0,Black,Black
37,2,152307,15,10,2,6,0,1,0,0,40,38,1,White,White
20,2,266467,11,9,2,2,0,1,0,0,40,38,0,White,White
24,4,32921,11,9,4,11,1,1,0,0,40,38,0,White,White
52,4,242341,5,4,2,2,0,1,0,0,40,38,0,Amer-Indian-Eskimo,White
46,2,346978,9,13,0,9,4,0,0,0,40,38,0,White,White
45,4,210364,11,9,2,11,0,1,15024,0,80,38,1,White,White
56,2,31782,0,6,2,11,0,1,0,0,40,38,0,White,White
25,2,218667,11,9,2,5,0,1,0,0,40,38,0,White,White
39,3,222641,9,13,2,11,0,1,0,0,40,38,0,White,White
23,2,520231,15,10,4,9,1,0,0,0,45,38,0,White,White
43,2,158177,15,10,0,0,4,0,0,0,35,38,0,Black,Black
18,2,376647,11,9,4,5,3,1,2176,0,25,38,0,White,White
47,2,306183,15,10,0,7,3,0,0,0,44,38,0,White,White
57,0,21626,15,10,0,7,1,1,0,0,40,38,0,White,White
18,2,139576,11,9,4,0,3,0,0,0,40,38,0,White,White
26,2,263444,11,9,2,6,0,1,0,0,45,38,0,White,White
43,0,95902,7,12,2,9,5,0,0,0,40,38,0,Black,White
47,4,255934,15,10,2,3,0,1,0,0,80,38,0,White,White
40,2,168071,8,11,0,12,1,1,3325,0,40,38,0,White,White
20,2,122649,11,9,4,7,1,0,0,0,30,38,0,White,White
20,2,282604,15,10,4,5,2,1,0,0,20,38,0,White,White
51,2,24185,9,13,2,2,0,1,0,0,40,38,1,White,White
64,2,21174,11,9,2,3,0,1,0,0,40,38,1,White,White
27,0,196386,7,12,2,0,0,1,4064,0,40,7,0,White,White
47,2,148995,9,13,2,3,0,1,0,2415,60,38,1,White,White
56,2,160932,11,9,2,13,0,1,0,0,44,38,1,White,White
35,2,261646,11,9,2,10,0,1,0,0,55,38,0,White,White
21,2,265148,11,9,4,5,2,1,0,0,38,22,0,White,White
49,2,280525,15,10,2,0,0,1,0,0,45,38,1,White,White
33,2,267404,11,9,2,2,5,0,0,0,40,38,0,White,White
19,2,96176,15,10,4,0,3,0,0,0,20,38,0,White,White
44,3,311357,14,15,2,9,0,1,0,0,50,38,1,White,White
90,2,115306,12,14,4,3,3,0,0,0,40,38,0,White,White
24,1,155818,15,10,2,0,5,0,0,0,44,38,0,White,White
40,2,239708,1,7,2,13,0,1,0,0,55,38,0,White,White
21,2,166517,11,9,4,2,3,1,0,0,40,38,0,White,White
28,2,71733,15,10,5,7,4,0,0,0,15,38,0,White,White
52,1,317733,9,13,2,9,0,1,7688,0,40,38,1,White,White
26,2,213799,0,6,4,5,1,1,0,0,40,38,0,White,White
17,2,225106,0,6,4,7,3,0,0,1602,18,38,0,White,White
63,2,250068,2,8,2,11,0,1,0,0,40,38,1,White,White
34,2,165737,12,14,2,9,0,1,0,0,43,18,1,Asian-Pac-Islander,Asian-Pac-Islander
61,0,229062,15,10,2,0,0,1,0,1887,40,38,1,White,White
33,2,159548,15,10,0,0,4,0,0,0,38,38,0,Black,White
51,2,215854,9,13,0,9,1,0,0,0,50,38,0,White,White
51,2,138251,11,9,2,13,0,1,0,0,60,38,0,White,White
25,2,44861,11,9,4,7,1,1,0,0,40,38,0,White,White
27,2,115831,15,10,2,7,0,1,0,0,40,38,0,White,White
29,2,100563,11,9,4,13,3,1,0,0,40,38,0,Black,White
36,4,111957,15,10,2,3,0,1,0,0,52,38,0,White,White
46,2,155659,15,10,2,2,0,1,15024,0,45,38,1,White,White
18,2,270502,1,7,4,3,3,0,0,0,20,38,0,White,White
38,2,110013,15,10,0,0,4,0,0,0,43,38,0,White,White
47,1,39986,9,13,2,9,0,1,0,0,40,38,0,White,White
30,2,303990,11,9,4,13,1,1,0,0,60,38,0,White,White
47,4,28035,15,10,2,4,0,1,0,0,86,38,0,White,White
39,2,230329,11,9,2,2,0,1,0,0,35,38,0,White,Black
64,4,352712,8,11,2,4,0,1,0,0,55,38,0,White,White
33,2,618191,11,9,4,3,1,0,0,0,40,38,0,White,White
23,2,101885,0,6,4,2,1,0,0,0,40,38,0,White,White
41,2,227890,15,10,0,2,1,1,0,0,46,38,1,White,White
21,2,347292,11,9,4,2,1,1,0,0,40,38,0,White,White
29,2,213692,15,10,4,2,3,1,0,0,45,38,0,White,White
37,2,34378,3,2,4,7,1,1,0,0,40,38,0,White,White
48,4,185385,11,9,2,4,0,1,0,0,98,38,0,White,White
90,2,40388,9,13,4,3,1,1,0,0,55,38,0,White,White
29,2,261375,11,9,4,0,3,0,0,0,60,38,0,Black,White
20,2,190963,15,10,4,3,1,0,0,0,30,38,0,White,White
24,2,122166,15,10,4,0,3,0,0,0,40,19,0,White,White
50,4,401118,11,9,2,2,0,1,99999,0,50,38,1,White,White
20,2,148709,15,10,4,9,4,0,0,0,25,38,0,White,White
44,2,121874,15,10,0,11,4,1,0,0,55,38,1,White,White
48,2,173938,11,9,2,3,0,1,0,0,60,38,0,White,White
48,2,172709,11,9,0,7,4,0,0,0,40,38,0,Black,White
43,0,263502,11,9,0,0,1,1,0,0,40,38,0,White,Black
32,2,123253,7,12,2,2,0,1,0,0,42,38,0,White,White
49,2,199763,15,10,0,6,1,0,0,0,35,38,0,White,White
62,2,588484,9,13,2,11,0,1,0,0,20,38,1,White,White
55,5,153451,11,9,2,12,5,0,0,1887,40,38,1,White,White
35,2,388252,8,11,2,0,0,1,0,0,40,38,0,Black,White
35,2,255635,6,5,2,2,0,1,0,0,40,25,0,Other,White
44,5,296326,9,13,4,0,1,1,0,0,40,38,0,White,White
41,2,82319,2,8,2,7,5,0,0,0,10,38,0,White,White
43,2,143046,11,9,2,6,5,0,0,0,40,11,0,White,White
25,2,29599,11,9,4,4,1,1,0,0,40,38,0,White,White
43,2,235556,15,10,3,11,1,1,0,0,45,25,0,White,White
31,2,175509,9,13,4,9,1,1,0,0,50,38,0,White,White
52,2,273514,11,9,5,2,1,1,0,0,40,38,0,White,Black
90,2,84553,11,9,2,6,0,1,0,0,40,38,0,White,White
36,2,102729,15,10,4,2,1,1,0,0,40,38,0,White,White
28,2,195573,11,9,2,13,0,1,0,0,50,38,0,White,White
41,1,144995,12,14,2,3,0,1,0,0,55,38,0,White,White
32,2,236543,2,8,0,10,3,1,0,0,54,25,0,White,White
50,0,96657,9,13,0,9,4,0,0,0,40,38,0,Black,Black
37,1,34173,11,9,2,7,5,0,0,0,25,38,0,White,White
20,2,115057,15,10,4,7,1,1,0,0,40,38,0,White,White
50,3,121441,1,7,4,3,2,1,0,2444,40,38,1,White,White
26,2,143068,15,10,2,3,0,1,2407,0,50,38,0,White,White
31,2,232475,15,10,2,0,0,1,0,0,40,38,0,White,White
30,4,113838,8,11,2,11,0,1,3137,0,60,10,0,White,White
34,2,117983,11,9,4,0,1,0,0,0,40,38,0,White,White
54,2,104421,15,10,0,0,1,0,0,0,40,38,0,White,White
37,2,99233,11,9,2,0,0,1,0,0,40,38,0,White,White
49,2,99179,9,13,4,9,1,0,0,0,40,38,0,White,White
34,5,85218,12,14,4,9,4,0,0,0,24,38,0,Black,White
62,4,134768,2,8,2,2,0,1,0,0,40,38,1,White,White
30,2,328242,9,13,2,3,0,1,0,0,40,16,1,Asian-Pac-Islander,Asian-Pac-Islander
24,2,229826,11,9,4,11,1,1,0,0,30,38,0,White,White
29,2,24153,15,10,2,7,5,0,0,0,40,38,0,Amer-Indian-Eskimo,White
61,2,228287,11,9,2,2,0,1,0,0,50,38,0,White,White
26,2,55860,15,10,4,0,1,0,0,0,40,38,0,Black,White
31,2,241885,11,9,2,7,0,1,0,0,40,38,0,White,White
62,2,272209,11,9,0,8,4,0,0,0,99,38,0,Black,White
46,2,188027,15,10,4,3,4,0,0,0,45,38,0,White,White
38,2,207568,9,13,2,3,0,1,5178,0,40,38,1,White,White
34,4,174463,8,11,4,4,1,1,0,0,50,38,0,White,White
49,2,105614,0,6,2,6,0,1,0,0,50,38,0,White,White
39,2,148015,11,9,4,6,1,0,0,0,52,38,0,Black,White
26,2,233777,11,9,2,6,0,1,0,0,40,38,1,White,White
34,3,154227,15,10,4,11,1,1,0,0,75,38,0,White,White
20,2,138768,11,9,4,5,3,1,0,0,40,38,0,White,White
37,2,148143,11,9,4,6,4,0,0,0,40,38,0,Black,Black
34,2,344073,11,9,5,0,1,1,0,0,40,38,1,White,White
21,2,65225,15,10,4,0,1,0,0,0,30,38,0,White,White
35,2,217893,11,9,0,11,1,0,0,0,30,38,0,White,White
59,2,169133,11,9,2,2,0,1,0,0,45,38,0,White,White
42,2,235700,11,9,0,5,1,0,0,0,40,38,0,White,White
37,1,218490,11,9,2,10,0,1,7688,0,35,38,1,White,White
59,2,279232,0,6,2,13,0,1,0,0,40,32,0,White,White
28,2,51672,11,9,4,2,1,1,0,0,35,38,0,White,White
53,2,177705,9,13,2,2,0,1,0,0,44,38,1,White,White
32,2,108116,9,13,2,3,0,1,0,1902,60,38,1,White,White
44,3,178510,15,10,4,11,1,1,0,2258,60,38,0,White,White
23,2,236804,1,7,2,7,0,1,0,0,40,38,0,White,White
48,2,185039,11,9,0,11,4,0,0,0,30,38,0,White,White
44,2,202466,15,10,2,3,5,0,0,0,60,38,0,White,White
41,4,150533,14,15,2,9,0,1,0,0,50,38,1,White,White
42,2,226902,9,13,2,12,0,1,0,0,45,38,1,White,White
46,2,423222,15,10,2,2,0,1,3103,0,60,38,1,White,White
41,2,116825,12,14,2,9,0,1,0,0,55,38,1,White,White
76,3,120796,6,5,2,9,0,1,0,0,40,38,0,White,White
49,2,193366,11,9,2,2,0,1,0,0,40,38,0,White,White
38,2,104089,8,11,4,2,3,1,0,0,40,38,0,White,White
30,2,247156,11,9,4,13,3,1,0,0,40,38,0,Black,Black
24,2,373718,15,10,4,4,1,1,0,0,20,38,0,White,White
24,2,215243,9,13,4,0,1,0,0,0,42,38,0,White,White
44,2,210525,9,13,2,9,0,1,0,0,40,38,1,White,White
39,4,31848,15,10,2,4,0,1,2829,0,90,38,0,White,White
78,4,316261,9,13,4,3,1,1,99999,0,20,38,1,White,White
17,2,51939,1,7,4,11,3,0,0,0,15,38,0,White,White
56,2,413373,5,4,2,13,0,1,0,0,36,38,0,White,White
34,2,32528,8,11,3,0,4,0,0,974,40,38,0,White,White
37,1,126569,11,9,4,2,1,1,0,0,40,38,0,White,White
37,2,218955,11,9,2,7,0,1,0,0,40,38,0,White,Black
54,2,156003,11,9,2,2,0,1,0,0,40,38,0,White,White
44,2,192225,9,13,2,3,0,1,0,0,40,38,1,White,White
37,2,205339,15,10,4,12,1,1,0,0,40,38,1,White,White
28,2,37359,8,11,2,9,0,1,99999,0,50,38,1,White,White
50,2,108933,6,5,2,2,0,1,2885,0,40,38,0,White,White
42,3,369781,5,4,0,2,4,1,0,0,25,38,0,White,White
56,2,235205,11,9,6,7,4,0,0,0,40,38,0,White,Black
55,2,67450,10,16,4,9,1,1,0,0,40,8,0,White,White
28,0,214858,11,9,4,6,3,1,0,0,48,38,0,White,White
19,2,260333,11,9,4,7,3,0,0,0,20,38,0,White,White
53,2,113176,11,9,0,11,1,0,2597,0,40,38,0,White,White
22,2,410439,11,9,3,11,1,1,0,0,55,38,0,White,White
25,1,514716,9,13,4,0,3,0,0,0,40,38,0,Black,Black
31,2,363130,15,10,2,3,0,1,0,0,40,38,1,Black,White
53,2,163678,15,10,2,11,0,1,0,0,40,38,1,White,White
35,2,202027,9,13,0,3,1,1,27828,0,50,38,1,White,White
17,2,263746,0,6,4,7,3,1,0,0,24,38,0,White,White
38,1,162613,12,14,4,9,1,0,0,2258,60,38,0,White,White
22,3,375422,9,13,4,0,3,1,0,0,40,34,0,White,Asian-Pac-Islander
53,2,233165,11,9,2,3,0,1,0,0,60,38,1,White,White
52,2,349502,15,10,4,0,4,1,0,0,45,38,0,White,White
19,2,225775,15,10,4,2,1,1,0,0,45,25,0,White,White
22,4,143062,11,9,4,7,3,1,0,0,40,11,0,White,White
20,2,258517,15,10,4,5,3,1,0,0,25,38,0,White,White
23,2,183358,11,9,4,2,1,1,0,0,40,32,0,White,White
36,4,20333,11,9,2,11,5,0,7688,0,40,38,1,White,White
19,4,285263,6,5,4,9,1,1,0,0,35,25,0,White,White
26,2,102106,0,6,2,0,5,0,0,0,40,38,0,White,White
38,2,205852,9,13,2,3,0,1,0,0,40,38,1,White,White
36,2,346478,9,13,2,11,0,1,0,2415,45,38,1,White,White
53,3,55139,12,14,2,3,0,1,0,0,40,38,1,White,White
57,2,20953,15,10,2,11,0,1,0,1902,40,38,1,White,White
62,2,211035,9,13,2,0,5,0,0,0,30,38,1,White,White
50,4,196504,10,16,2,9,0,1,0,0,23,38,0,White,White
39,1,203070,11,9,5,10,1,1,0,0,40,38,0,White,Black
22,2,116800,7,12,4,10,3,1,0,0,60,38,0,White,White
39,2,387430,11,9,4,7,1,1,0,0,18,38,0,White,White
52,4,102346,15,10,4,9,3,0,0,0,35,38,0,White,White
42,1,55363,12,14,2,9,0,1,0,0,55,38,1,White,White
46,2,384795,9,13,0,9,4,0,0,0,32,38,0,Black,White
29,1,190525,9,13,2,9,0,1,0,1848,60,10,1,White,White
49,2,91251,11,9,2,7,0,1,0,0,40,2,0,Asian-Pac-Islander,Asian-Pac-Islander
44,2,198096,9,13,2,11,0,1,7688,0,40,38,1,White,White
39,2,108540,11,9,2,11,0,1,0,0,40,38,0,White,White
25,2,231016,12,14,4,9,1,0,4650,0,37,38,0,White,White
50,2,302372,9,13,2,9,0,1,0,0,40,38,0,White,White
31,2,129804,6,5,4,4,1,1,0,0,40,32,0,White,White
43,1,241528,12,14,0,9,4,0,0,0,40,38,0,White,White
24,2,39615,9,13,4,11,1,1,0,0,45,38,0,White,White
45,2,187370,12,14,0,3,4,1,7430,0,70,38,1,White,White
26,2,203492,11,9,0,2,1,1,0,0,40,38,0,White,White
74,0,181508,11,9,6,7,1,1,0,0,17,38,0,White,White
42,2,112607,11,9,2,2,0,1,0,0,50,38,0,White,White
19,2,143360,11,9,4,6,3,0,0,0,34,38,0,White,White
42,4,170649,15,10,2,4,0,1,0,0,60,38,0,White,White
47,2,296066,15,10,2,9,0,1,0,0,40,38,0,White,White
53,2,202720,6,5,3,6,4,1,0,0,75,13,0,Black,White
52,2,131631,1,7,5,6,4,1,0,0,40,38,0,Black,White
55,4,119762,0,6,2,13,0,1,0,0,50,38,0,White,White
31,0,113688,11,9,4,6,4,0,0,0,40,38,0,White,Black
21,2,35424,15,10,4,11,3,0,0,0,25,38,0,White,White
25,2,209428,15,10,2,11,0,1,0,0,25,7,0,White,White
28,2,200515,15,10,2,7,0,1,0,0,35,38,1,White,White
34,4,112650,5,4,4,2,3,1,0,0,40,38,0,White,White
45,2,377757,6,5,2,13,0,1,0,0,40,38,0,White,White
28,2,286452,0,6,4,6,4,0,0,0,40,38,0,White,Black
44,0,184099,11,9,2,0,0,1,0,0,40,38,1,White,White
36,2,73023,11,9,0,2,1,1,0,0,55,38,0,White,White
39,2,29814,11,9,2,2,0,1,0,0,40,38,0,White,White
55,0,113398,15,10,4,0,4,1,0,0,40,38,0,White,White
55,2,198145,9,13,2,9,0,1,7298,0,40,38,1,White,White
30,2,117963,9,13,2,0,0,1,0,0,40,38,1,White,White
44,5,87282,9,13,4,9,1,0,0,0,38,38,0,Asian-Pac-Islander,White
21,2,206008,15,10,4,0,3,1,0,0,50,38,0,Black,White
43,4,349341,9,13,0,3,1,1,0,0,60,38,0,White,White
17,2,143331,1,7,4,11,3,1,0,0,20,38,0,White,White
24,2,205844,9,13,4,3,3,0,0,0,65,38,0,Black,Black
51,2,138514,8,11,0,12,4,0,0,0,48,38,0,Black,White
29,2,164711,15,10,4,5,2,1,0,0,40,38,0,White,White
46,2,117313,6,5,5,6,1,0,0,0,40,20,0,White,White
50,2,132716,11,9,2,13,0,1,0,0,40,38,1,White,White
51,2,274502,5,4,0,6,1,0,0,0,48,38,0,White,White
23,2,222925,11,9,2,6,3,0,2105,0,40,38,0,White,White
40,0,112388,12,14,4,9,1,1,0,0,40,38,0,White,White
27,2,269444,11,9,0,5,1,1,0,0,40,38,0,White,White
54,2,171924,11,9,2,13,0,1,0,0,70,38,0,White,White
31,2,80511,7,12,0,12,1,0,0,0,44,38,0,White,White
33,2,248584,15,10,2,7,0,1,0,0,50,38,0,White,White
59,2,81973,12,14,2,3,0,1,0,0,40,38,1,Asian-Pac-Islander,White
52,2,236497,9,13,2,3,0,1,0,0,48,38,1,White,White
31,2,162572,11,9,4,7,3,1,0,0,16,38,0,White,White
51,2,312477,15,10,2,13,0,1,3908,0,40,38,0,White,White
23,2,129583,11,9,4,5,3,0,0,0,16,38,0,Black,White
46,2,166809,11,9,0,0,4,0,0,0,40,38,0,White,White
35,2,150057,15,10,2,3,0,1,0,0,40,38,1,White,White
69,2,71489,12,14,2,9,0,1,0,0,25,38,0,White,White
38,2,296125,11,9,5,8,4,0,0,0,30,38,0,Black,Black
24,2,172496,9,13,4,11,1,1,0,0,30,38,0,White,White
49,2,31267,5,4,2,2,0,1,0,0,40,38,0,White,White
43,5,242521,11,9,2,2,0,1,0,0,40,38,0,White,White
21,2,306114,15,10,4,0,3,1,0,0,20,38,0,White,Asian-Pac-Islander
43,2,52498,11,9,0,3,4,0,0,0,40,38,1,White,White
65,2,111095,11,9,2,13,0,1,0,0,16,38,0,White,White
40,3,92036,9,13,2,2,0,1,0,0,40,38,0,White,White
41,4,49572,15,10,2,3,0,1,0,0,60,38,0,White,White
51,2,161482,11,9,0,7,4,0,0,0,38,38,0,White,White
29,2,202878,11,9,4,2,1,1,0,0,50,38,0,White,White
37,2,37109,11,9,2,7,5,0,0,0,60,29,0,Asian-Pac-Islander,Asian-Pac-Islander
33,2,189843,5,4,2,6,0,1,0,0,40,38,0,White,White
40,2,694812,15,10,4,2,1,1,0,0,40,38,0,White,White
36,2,218490,9,13,2,9,0,1,0,0,45,10,1,White,White
38,2,161141,11,9,0,13,1,1,0,0,40,38,0,White,White
24,2,556660,11,9,4,3,2,1,4101,0,50,38,0,White,White
36,2,107302,11,9,2,12,0,1,0,0,50,38,0,White,White
43,2,122473,6,5,4,6,4,0,0,625,40,38,0,Black,Black
62,4,120939,15,10,0,11,1,1,0,0,40,38,0,White,White
42,2,204450,11,9,2,5,0,1,0,0,40,38,0,Black,White
52,2,143953,9,13,2,9,0,1,0,1902,40,38,1,White,White
37,2,40955,14,15,2,9,0,1,0,0,50,38,1,White,White
43,2,206878,11,9,4,0,4,0,0,0,60,38,0,White,White
48,1,407495,7,12,2,10,0,1,0,0,56,38,1,White,White
30,1,370990,12,14,4,9,1,0,0,0,40,38,0,White,White
47,2,326857,8,11,2,2,0,1,5013,0,40,38,0,White,White
21,2,184135,11,9,4,6,3,1,0,0,1,38,0,Black,White
65,4,99359,14,15,4,9,1,1,1086,0,60,38,0,White,White
38,2,196554,14,15,5,9,1,1,0,0,35,38,1,White,White
35,2,283305,9,13,4,3,1,0,0,0,40,38,0,White,White
18,2,343059,15,10,4,11,3,0,0,0,40,38,0,White,White
49,2,34545,15,10,2,3,0,1,0,1887,40,38,1,White,White
20,2,280714,15,10,4,7,3,1,0,0,40,38,0,White,White
59,2,70720,9,13,0,11,1,1,0,0,55,38,1,White,White
39,2,186183,11,9,2,2,0,1,0,0,40,38,1,White,White
35,2,263081,11,9,2,2,0,1,0,0,60,38,1,Black,White
39,2,24106,15,10,2,11,0,1,0,0,40,29,1,White,Asian-Pac-Islander
64,4,192695,4,3,2,4,0,1,0,0,70,1,0,White,White
23,2,278391,11,9,4,13,3,1,0,0,40,38,0,White,White
37,2,126675,15,10,2,3,0,1,0,0,57,38,0,White,White
50,2,63000,15,10,2,11,0,1,0,0,60,38,1,White,White
26,2,176008,11,9,0,0,3,0,0,0,40,38,0,White,White
51,2,259363,15,10,2,3,0,1,0,0,60,38,1,White,White
41,2,220132,11,9,2,3,0,1,7298,0,40,38,1,White,White
43,2,180599,11,9,2,2,0,1,0,0,55,38,0,White,White
28,2,30070,9,13,2,11,0,1,0,0,50,38,0,White,White
47,2,49298,11,9,0,11,1,1,0,0,50,38,0,White,White
45,4,160724,9,13,2,3,0,1,0,0,45,2,1,Asian-Pac-Islander,Asian-Pac-Islander
31,2,27494,15,10,2,11,0,1,0,0,50,35,0,Asian-Pac-Islander,Asian-Pac-Islander
23,1,197918,15,10,4,10,3,1,0,0,40,38,1,White,White
29,2,174645,1,7,0,2,4,0,0,0,52,38,0,White,White
62,4,71467,9,13,2,2,0,1,0,0,55,38,1,White,White
23,2,308498,15,10,4,2,3,1,0,0,15,38,0,White,White
41,2,146908,10,16,2,9,0,1,0,0,60,38,1,White,White
51,2,171409,15,10,2,13,0,1,0,0,40,38,1,White,White
34,2,232475,15,10,0,3,1,1,0,0,50,38,0,White,White
29,2,267034,1,7,4,2,3,1,0,0,40,13,0,Black,White
41,2,190885,11,9,0,8,1,0,0,0,40,12,0,White,White
33,2,178429,9,13,2,9,0,1,0,0,40,38,1,White,White
47,4,102583,9,13,4,11,1,1,0,0,35,38,0,White,White
27,2,189702,5,4,2,2,0,1,0,0,40,38,0,White,White
49,2,61307,5,4,2,6,0,1,0,0,38,38,0,Other,White
23,2,174754,15,10,4,11,1,0,0,0,30,38,0,White,White
33,2,153151,11,9,4,5,3,1,4416,0,40,38,0,White,White
57,3,125000,14,15,2,9,0,1,0,0,35,38,1,White,White
59,2,113203,11,9,0,0,1,0,0,0,40,38,0,White,White
47,2,70943,11,9,2,6,0,1,5178,0,40,38,1,White,White
28,2,312372,11,9,2,3,0,1,15024,0,40,38,1,Black,White
48,2,168283,15,10,2,13,0,1,0,0,45,38,1,White,White
43,1,174395,12,14,2,9,0,1,0,0,50,38,0,White,White
34,2,144949,0,6,2,2,0,1,0,0,45,38,1,White,White
54,1,113000,15,10,2,4,0,1,0,0,40,38,0,White,White
21,2,148211,11,9,4,5,1,1,3674,0,50,38,0,White,White
41,2,187336,11,9,5,0,4,0,0,0,40,38,0,White,White
39,5,152023,1,7,2,2,0,1,0,0,40,38,0,White,White
42,2,202872,15,10,0,0,4,0,0,0,12,38,0,White,Black
40,2,220589,7,12,4,0,1,0,0,0,40,38,0,White,White
33,2,219034,1,7,4,11,1,0,0,0,40,38,0,White,White
19,2,57067,11,9,4,6,2,1,0,0,45,38,0,White,White
43,2,90582,11,9,2,13,0,1,0,0,40,38,0,White,White
24,1,289886,1,7,4,7,1,1,0,0,45,38,0,Asian-Pac-Islander,White
51,2,148431,11,9,2,2,0,1,0,0,40,38,0,White,White
65,2,94552,15,10,0,0,1,0,0,0,40,38,0,White,White
53,2,251675,11,9,2,2,0,1,0,0,40,7,0,White,White
23,2,54472,15,10,3,7,1,0,0,0,50,38,0,White,White
79,2,333230,11,9,3,9,1,1,0,0,6,38,0,White,White
29,4,96718,11,9,2,2,0,1,0,0,37,38,0,White,White
41,1,66118,15,10,2,13,5,0,0,0,25,38,0,White,White
23,2,145389,15,10,2,11,5,0,0,0,40,38,0,White,Black
21,2,177526,15,10,4,7,3,1,0,0,40,38,0,White,White
24,2,215712,15,10,4,7,1,1,0,0,35,38,0,White,White
27,2,134048,1,7,4,2,1,1,0,0,45,38,0,White,White
46,2,279196,9,13,4,2,1,0,0,0,40,38,0,White,White
23,2,60668,0,6,2,2,0,1,0,0,40,31,0,White,White
49,1,194895,15,10,2,5,0,1,7298,0,40,38,1,White,Black
52,2,75839,15,10,2,12,0,1,0,0,40,38,0,White,White
48,2,180532,8,11,2,2,0,1,0,0,40,38,0,White,White
41,2,110562,9,13,2,3,0,1,0,0,40,38,0,White,White
53,5,43952,12,14,2,3,0,1,15024,0,38,38,1,White,White
45,3,191776,12,14,0,11,4,0,25236,0,42,38,1,White,White
41,4,227065,15,10,5,2,1,1,0,0,40,38,0,White,White
26,2,161007,8,11,2,5,0,1,0,0,80,38,0,White,White
80,4,132728,11,9,4,3,1,1,0,0,20,38,0,White,White
36,2,167440,15,10,2,6,0,1,0,0,44,38,0,White,White
56,2,75785,11,9,2,3,0,1,0,0,40,38,1,White,White
53,1,233722,7,12,4,0,1,1,0,0,40,38,0,Black,White
23,2,315877,9,13,4,0,1,1,0,0,30,38,0,White,White
52,2,98588,11,9,2,2,0,1,0,0,40,38,0,White,White
52,2,113094,9,13,5,0,4,0,0,1092,40,38,0,White,White
59,2,95165,10,16,2,11,0,1,0,0,40,38,0,White,White
56,3,205601,10,16,2,9,0,1,99999,0,70,38,1,White,White
33,2,189368,15,10,2,13,0,1,0,0,40,38,1,Black,White
20,2,224217,11,9,4,13,1,1,0,0,40,38,0,White,White
57,1,190561,11,9,0,5,1,0,0,0,30,38,0,Black,White
39,4,34378,11,9,2,4,0,1,0,0,50,38,0,White,White
41,2,198425,15,10,2,2,0,1,0,0,45,38,0,White,White
23,2,204641,0,6,4,5,4,1,0,0,50,38,0,White,White
37,3,26698,15,10,2,11,0,1,0,1485,44,38,1,White,White
46,2,106255,15,10,2,2,0,1,0,0,40,38,0,White,White
29,4,85572,1,7,2,7,5,0,0,0,5,38,0,White,White
31,2,223212,11,9,2,7,0,1,0,0,40,25,0,White,White
40,2,315321,11,9,0,3,4,0,0,625,52,38,0,White,White
44,4,120539,9,13,4,11,1,1,0,0,50,38,1,White,White
18,2,128086,2,8,4,5,3,1,0,0,18,38,0,White,White
18,2,54440,15,10,4,7,3,1,0,0,30,38,0,White,White
47,2,167787,11,9,4,0,2,0,0,0,40,38,0,White,White
40,1,196234,11,9,0,2,3,0,0,0,40,32,0,White,White
51,2,143822,15,10,2,2,0,1,7298,0,40,38,1,White,White
34,2,19847,11,9,0,0,4,0,0,0,40,38,0,White,Amer-Indian-Eskimo
34,2,294064,12,14,2,3,0,1,0,0,50,9,0,White,White
40,4,49156,15,10,2,9,0,1,0,0,20,38,0,White,White
26,2,183965,11,9,4,2,1,1,0,0,40,38,0,White,White
34,2,532379,15,10,2,2,0,1,0,0,40,38,0,White,White
46,2,195023,11,9,3,6,1,0,0,0,40,3,0,White,White
30,2,326199,6,5,2,2,0,1,2580,0,40,38,0,White,White
29,1,116751,8,11,0,10,4,1,0,0,56,38,0,White,White
24,2,162282,11,9,4,2,1,1,0,0,40,38,0,White,White
28,2,82488,11,9,0,12,3,0,0,0,40,38,0,Asian-Pac-Islander,White
49,2,340755,12,14,2,11,0,1,0,0,40,38,1,White,White
38,4,67317,9,13,2,4,0,1,0,0,60,38,0,White,White
36,2,206951,9,13,2,11,0,1,0,1902,45,38,1,White,White
38,2,231037,4,3,2,11,0,1,0,0,40,25,0,White,White
41,2,140886,11,9,2,4,0,1,0,0,40,38,0,White,White
19,2,44797,15,10,4,4,1,0,0,0,15,38,0,White,White
42,4,133584,15,10,2,2,0,1,0,0,40,7,0,White,White
49,2,183013,11,9,2,4,0,1,0,0,40,38,0,White,White
34,2,157747,11,9,2,0,0,1,0,0,45,38,1,White,White
33,2,283602,4,3,2,7,0,1,0,0,59,25,0,White,White
24,2,230229,4,3,4,6,2,1,0,0,40,25,0,White,White
19,2,117595,11,9,4,7,3,1,0,0,24,38,0,White,White
27,2,189974,15,10,0,0,3,0,0,0,20,38,0,White,White
47,2,123207,11,9,2,0,5,0,0,0,20,38,1,White,White
46,2,109209,15,10,2,0,0,1,0,0,40,38,1,White,White
23,2,64292,11,9,4,0,1,0,0,0,40,38,0,White,White
64,4,178472,6,5,5,13,1,1,0,0,45,38,0,White,White
21,2,260847,15,10,4,11,3,1,0,0,30,38,0,White,White
49,2,185385,12,14,2,9,0,1,0,0,50,38,1,White,White
38,2,190895,9,13,2,3,0,1,7298,0,50,38,1,White,White
32,2,195576,1,7,2,6,0,1,0,0,40,38,0,White,White
48,2,199763,11,9,2,9,5,0,0,0,8,38,0,White,White
25,2,403788,11,9,4,2,2,1,0,0,40,38,0,Black,White
44,2,162643,11,9,4,0,1,0,0,0,43,38,0,White,White
33,0,428271,11,9,0,0,4,0,0,0,35,38,0,Black,White
57,2,171242,1,7,3,2,1,1,0,0,40,1,0,White,White
30,2,158420,9,13,4,6,1,1,0,0,25,38,0,White,White
32,2,250354,0,6,4,2,2,1,0,0,45,38,0,White,White
40,1,179580,11,9,2,0,5,0,0,0,40,38,0,White,White
38,5,143517,9,13,4,3,3,1,0,0,40,38,0,White,White
43,2,83756,15,10,4,3,4,1,0,0,50,38,0,White,White
35,2,37314,15,10,2,2,0,1,5013,0,40,38,0,White,White
36,4,321274,9,13,2,4,0,1,0,0,50,38,0,White,White
58,2,156040,7,12,2,6,0,1,0,1848,40,38,1,Black,White
30,2,59496,15,10,2,13,0,1,0,0,40,38,0,White,White
54,2,185042,3,2,5,8,2,0,0,0,40,25,0,White,White
25,5,183678,9,13,4,9,1,0,0,0,50,38,0,White,White
33,2,168981,12,14,0,3,3,0,14084,0,50,38,1,White,White
44,2,59474,11,9,2,13,0,1,0,0,40,38,1,White,White
49,2,61885,1,7,2,2,0,1,0,0,40,38,0,White,White
39,2,122032,8,11,4,6,1,1,0,0,40,38,0,White,White
45,2,249935,9,13,2,4,0,1,0,0,60,38,0,White,White
31,2,195750,3,2,2,9,0,1,0,0,45,38,0,White,White
25,5,295912,15,10,4,2,1,1,0,0,20,38,0,White,White
43,2,180138,11,9,4,2,1,1,0,0,45,38,0,White,White
35,3,184655,11,9,2,11,0,1,0,0,62,38,0,White,White
20,2,188612,15,10,4,0,3,0,0,0,38,26,0,White,White
23,2,122346,11,9,4,11,3,1,0,0,40,38,0,White,White
28,2,199600,11,9,2,6,0,1,0,0,40,38,0,Black,White
41,2,120277,9,13,4,2,1,1,0,0,40,38,0,White,White
51,2,84399,11,9,2,6,0,1,0,0,40,38,0,Black,White
49,5,154493,11,9,0,3,4,0,0,0,44,38,0,White,White
38,1,252250,7,12,2,10,0,1,0,0,56,38,1,White,White
23,2,143003,12,14,2,9,0,1,0,1887,50,18,1,Asian-Pac-Islander,Asian-Pac-Islander
24,2,330571,9,13,2,9,5,0,0,0,40,38,0,White,White
40,2,201764,11,9,0,2,1,1,0,0,40,38,0,White,White
60,3,93272,5,4,2,11,0,1,0,0,60,38,0,White,White
37,2,202683,15,10,2,11,0,1,0,0,48,38,1,White,White
51,2,200450,11,9,2,5,0,1,0,0,48,38,0,White,White
65,4,225473,15,10,6,2,1,0,0,0,35,38,0,White,White
52,1,255927,15,10,6,0,1,0,0,0,24,38,0,White,White
19,2,187161,15,10,4,11,3,0,0,0,25,38,0,White,White
25,2,122175,9,13,2,9,0,1,0,0,45,38,1,White,White
36,4,202950,9,13,2,3,0,1,0,0,50,19,0,White,Asian-Pac-Islander
34,2,103651,15,10,2,3,0,1,0,0,40,38,1,White,White
60,3,197553,15,10,2,3,0,1,7688,0,50,38,1,White,White
29,2,356133,15,10,4,9,2,0,0,0,40,38,0,White,White
47,2,105273,9,13,6,2,4,0,6497,0,40,38,0,Black,White
22,2,83998,15,10,4,11,1,1,0,0,40,38,0,White,White
56,2,274475,6,5,6,11,4,0,0,0,40,38,0,White,Black
18,5,272918,11,9,4,0,3,1,0,0,15,38,0,Black,White
20,2,196643,15,10,4,7,3,1,0,0,20,38,0,White,White
58,2,104613,7,12,2,3,0,1,0,0,50,38,1,White,White
54,2,37237,9,13,2,9,0,1,0,0,40,38,1,White,White
49,2,265295,11,9,4,2,1,1,0,0,40,38,0,White,White
34,2,141058,15,10,2,7,0,1,0,0,62,25,0,White,White
46,2,294907,4,3,2,6,0,1,0,0,40,25,0,White,White
22,2,62507,9,13,4,9,3,0,0,0,40,38,0,White,Asian-Pac-Islander
34,2,62165,15,10,4,11,2,1,0,0,30,38,0,Black,White
76,2,93125,11,9,2,11,0,1,1424,0,24,38,0,White,White
21,2,32950,15,10,4,11,4,1,0,0,40,38,0,White,White
19,2,262601,11,9,4,7,3,0,0,0,14,38,0,White,White
31,2,36069,11,9,4,2,1,1,0,0,35,38,0,White,White
22,2,211968,9,13,4,0,3,0,0,0,40,38,0,White,White
40,2,177083,11,9,0,3,4,0,0,0,50,38,0,White,White
32,2,118161,11,9,2,10,0,1,0,0,40,38,0,White,White
54,2,466502,5,4,6,7,4,1,0,0,30,38,0,White,Black
32,2,63564,11,9,4,7,3,0,0,0,40,38,0,Black,White
38,1,161463,14,15,2,9,0,1,0,0,40,38,1,Black,White
25,2,34402,9,13,4,3,1,1,0,1590,60,38,0,White,White
23,2,303121,15,10,4,0,3,1,0,0,30,38,0,White,White
47,2,45564,15,10,2,3,0,1,0,0,40,38,1,White,White
28,2,334368,15,10,5,0,1,0,0,0,40,38,0,White,White
18,2,118376,15,10,4,7,3,0,0,0,15,38,0,White,White
63,2,149756,7,12,0,3,1,1,0,0,40,38,1,White,White
63,2,20323,15,10,0,7,1,0,0,0,40,38,0,White,White
21,2,306967,8,11,4,0,1,0,0,0,40,38,0,White,White
28,2,42881,0,6,0,6,3,0,0,0,40,38,0,White,White
29,2,265638,15,10,4,7,4,0,0,0,40,38,0,Black,Black
39,2,237943,9,13,2,11,0,1,0,0,30,38,1,White,White
29,2,370242,15,10,2,2,0,1,0,0,40,38,0,White,White
41,2,221172,9,13,2,2,0,1,0,0,40,38,1,White,White
29,2,114158,15,10,4,9,1,0,0,0,40,38,0,White,White
35,2,194960,11,9,4,4,1,1,0,0,40,32,0,Other,White
33,2,162572,9,13,2,9,0,1,99999,0,40,38,1,White,White
25,5,176077,12,14,4,9,1,0,0,0,37,38,0,White,White
29,2,40295,11,9,2,9,0,1,0,0,40,38,0,White,White
38,4,152621,9,13,2,4,0,1,0,0,99,38,0,White,White
32,2,79586,9,13,2,9,0,1,0,0,40,18,0,Asian-Pac-Islander,Asian-Pac-Islander
27,2,62737,8,11,2,12,0,1,0,0,40,38,0,White,White
43,2,174051,9,13,2,2,0,1,0,0,48,38,0,White,White
50,2,145409,11,9,2,13,0,1,0,0,50,38,1,White,White
67,1,190661,10,16,4,9,1,0,7896,0,50,38,1,White,White
41,2,170230,9,13,0,3,4,0,0,0,45,38,0,White,White
35,2,241998,11,9,4,11,1,1,4787,0,40,38,1,White,White
24,2,136687,11,9,5,6,4,0,0,0,40,38,0,Other,Black
39,2,53447,11,9,0,4,1,0,0,0,40,38,0,White,White
59,2,99131,11,9,6,9,1,0,0,0,18,38,0,White,White
27,2,126060,11,9,4,3,1,0,0,0,40,38,0,White,White
36,2,112497,9,13,2,12,0,1,0,0,40,38,0,White,White
57,2,200453,11,9,2,2,0,1,15024,0,40,38,1,White,White
39,2,30673,15,10,0,5,1,1,0,0,50,38,1,White,White
19,2,427862,15,10,4,7,3,1,0,0,35,38,0,White,White
32,2,160634,9,13,2,4,0,1,0,0,60,38,0,White,White
32,2,167990,12,14,4,3,1,1,14084,0,40,38,1,White,White
51,2,208899,9,13,5,0,4,0,0,0,40,38,0,White,Black
17,2,200199,1,7,4,11,3,0,0,0,35,38,0,White,White
17,2,174298,1,7,4,7,3,1,0,0,20,38,0,White,White
31,2,102270,5,4,0,6,4,0,0,0,40,38,0,White,White
30,2,190385,9,13,2,7,5,0,0,0,40,38,1,White,White
27,2,167336,15,10,4,0,1,0,0,0,39,38,0,White,White
37,2,143582,8,11,4,0,1,0,4101,0,35,38,0,Other,White
28,2,162404,9,13,4,2,1,1,0,0,60,38,0,Black,White
36,2,166509,11,9,0,2,1,0,0,0,40,38,0,White,White
40,2,326310,15,10,2,2,0,1,0,0,44,38,0,White,White
38,2,167482,15,10,2,2,0,1,0,0,52,38,1,White,White
45,5,312678,12,14,4,0,1,1,0,0,38,38,0,Black,White
55,2,199067,1,7,2,6,0,1,0,0,32,38,0,White,White
20,2,224640,7,12,4,3,3,0,0,0,40,38,0,White,White
49,1,166039,11,9,0,7,4,0,0,0,40,38,0,White,White
28,2,90196,9,13,2,3,0,1,0,0,45,38,1,White,White
29,3,124950,9,13,4,11,3,0,0,0,40,38,0,White,White
53,2,53197,12,14,2,9,0,1,3103,0,40,38,1,White,White
38,2,112093,1,7,2,13,0,1,0,0,40,38,0,White,White
34,2,193565,1,7,2,2,0,1,0,0,40,38,0,White,White
54,2,346014,15,10,2,2,5,0,0,0,40,38,0,White,White
43,2,129853,0,6,4,6,1,1,0,0,40,38,0,Black,White
28,2,138692,9,13,2,9,0,1,0,1887,40,38,1,White,White
50,4,30653,12,14,2,4,0,1,2407,0,98,38,0,White,White
50,2,71898,4,3,2,6,5,0,0,0,35,29,0,Asian-Pac-Islander,Asian-Pac-Islander
48,3,30575,8,11,2,2,0,1,0,0,70,38,1,White,White
22,2,146540,1,7,4,2,1,1,0,0,50,38,0,White,White
52,1,84808,11,9,0,0,4,0,0,0,40,38,0,Black,Black
32,4,84119,11,9,2,2,0,1,0,0,45,38,0,White,White
27,3,114158,9,13,4,3,3,0,0,0,40,38,0,White,White
19,2,129151,11,9,4,2,1,0,0,0,40,38,0,White,White
39,2,209867,15,10,4,0,1,0,13550,0,45,38,1,White,White
43,2,355728,11,9,0,6,3,1,0,0,40,38,0,White,White
20,2,386643,15,10,4,7,3,0,0,0,40,38,0,White,White
80,2,87518,15,10,4,9,1,1,0,1816,60,38,0,White,White
22,2,218886,2,8,4,5,3,1,0,0,40,38,0,Amer-Indian-Eskimo,White
25,2,218667,4,3,2,5,3,1,0,0,40,38,0,White,White
32,2,356689,11,9,0,0,4,1,3887,0,40,38,0,White,White
47,0,204900,11,9,2,9,5,0,0,0,40,38,0,Black,White
34,2,37210,11,9,4,0,3,1,0,0,50,38,0,White,White
40,1,188436,15,10,2,10,0,1,7298,0,40,38,1,White,White
34,2,125279,11,9,2,13,0,1,0,0,40,38,0,White,White
63,2,181863,9,13,4,11,1,1,0,0,27,38,0,White,White
23,2,223019,11,9,4,0,3,0,0,0,40,38,0,White,Black
66,4,427422,10,16,2,11,0,1,0,2377,25,38,1,White,White
49,3,122066,15,10,0,11,1,1,0,0,25,38,0,White,White
50,2,313321,7,12,0,11,1,0,0,0,40,38,0,White,White
64,2,143110,9,13,6,9,1,0,0,0,30,38,0,White,White
25,2,198632,15,10,3,11,1,1,0,0,50,38,0,White,White
39,2,32650,8,11,4,4,1,1,0,0,60,38,0,White,White
38,2,111128,7,12,2,3,0,1,0,0,40,38,1,White,White
43,3,135342,15,10,2,3,0,1,0,0,50,38,1,White,White
17,2,163494,0,6,4,11,3,1,0,0,30,38,0,White,White
44,2,199031,15,10,0,13,3,1,0,1380,40,38,0,White,White
25,2,372728,9,13,4,7,1,0,0,0,24,22,0,Black,White
22,2,190429,15,10,4,11,1,0,0,0,20,38,0,White,White
29,2,197288,11,9,2,0,5,0,0,0,40,38,0,Black,White
21,2,117606,15,10,4,9,1,0,0,0,40,38,0,White,White
36,2,398931,11,9,0,2,1,1,0,0,40,38,0,White,White
22,2,193090,11,9,4,11,1,0,0,0,37,38,0,White,White
22,4,214014,15,10,4,11,3,1,99999,0,55,38,1,Black,White
32,2,43403,15,10,0,4,1,0,0,1590,54,38,0,White,White
48,2,182862,15,10,2,2,0,1,0,0,40,38,1,White,White
55,2,171355,8,11,2,6,0,1,0,0,20,38,0,White,White
27,2,160786,1,7,2,2,0,1,0,1902,40,38,1,White,White
34,2,238246,9,13,4,9,1,0,0,0,40,38,0,White,White
36,2,749636,15,10,0,0,4,0,0,0,40,38,0,White,White
52,2,119111,11,9,2,6,0,1,0,0,40,38,0,White,White
50,2,304260,7,12,0,0,1,1,0,0,40,38,0,Asian-Pac-Islander,White
50,3,52565,15,10,2,11,0,1,0,1485,40,38,0,White,White
53,2,156612,2,8,0,13,1,0,0,0,40,38,0,White,White
48,2,123075,8,11,2,12,0,1,0,0,40,38,1,White,White
52,1,152795,15,10,2,2,0,1,0,0,40,38,0,White,White
58,5,109567,10,16,2,9,0,1,0,0,1,38,1,White,White
41,2,282882,11,9,4,11,4,0,0,0,40,38,0,Black,Black
55,5,120781,10,16,2,9,0,1,0,0,40,18,1,Asian-Pac-Islander,Asian-Pac-Islander
55,4,248841,12,14,2,9,0,1,0,1977,40,38,1,White,White
20,2,116791,11,9,4,6,2,0,0,0,40,38,0,White,White
39,2,421633,15,10,0,10,4,0,0,0,30,38,0,Black,Black
23,2,235894,1,7,2,3,0,1,0,0,55,38,0,White,White
41,3,99212,11,9,5,3,4,1,0,0,40,38,0,White,White
46,2,265275,12,14,2,9,0,1,0,0,60,38,0,White,White
35,2,86648,12,14,2,9,0,1,0,1977,45,38,1,White,White
35,2,331831,9,13,2,11,0,1,0,0,40,38,0,White,White
22,2,48988,15,10,4,13,1,1,0,0,40,38,0,White,White
27,2,90692,8,11,4,7,1,0,0,0,40,29,0,Asian-Pac-Islander,Asian-Pac-Islander
67,2,35015,12,14,4,9,1,1,0,0,99,38,0,White,White
35,2,185325,9,13,2,9,0,1,0,0,50,38,1,White,White
56,2,178202,15,10,2,6,0,1,0,0,40,38,0,White,White
33,4,155151,15,10,2,11,0,1,0,1740,50,38,0,White,White
23,2,139187,1,7,4,5,3,1,0,0,50,38,0,White,White
37,4,29054,11,9,2,4,0,1,0,0,50,38,0,White,White
17,2,114798,0,6,4,7,3,0,0,0,20,38,0,White,White
48,2,96798,12,14,0,11,1,1,0,0,35,38,0,White,White
34,4,313729,9,13,2,11,0,1,0,0,60,38,1,White,White
19,4,100999,1,7,4,0,3,0,0,0,30,38,0,White,White
47,0,44257,9,13,3,3,1,1,0,0,60,38,1,White,White
49,3,191277,15,10,2,3,0,1,15024,0,50,38,1,White,White
33,2,80058,11,9,4,7,3,1,0,0,48,38,0,White,White
28,2,161607,15,10,2,13,0,1,0,0,45,38,0,White,White
33,4,334744,15,10,2,2,0,1,0,0,50,38,1,White,White
40,2,202872,15,10,0,0,4,0,0,0,24,38,0,White,Black
43,2,257780,11,9,2,0,0,1,0,0,40,38,0,White,White
25,2,222539,0,6,4,13,1,1,2597,0,50,38,0,White,White
28,2,191355,9,13,2,11,0,1,0,0,45,38,1,White,White
29,5,133846,15,10,4,7,3,0,0,0,40,38,0,White,White
25,2,124111,11,9,4,7,1,0,0,0,38,38,0,White,White
34,2,154548,15,10,4,0,4,0,0,0,38,38,0,White,Black
20,2,39615,15,10,4,2,3,1,0,0,40,38,0,White,White
31,2,170983,9,13,2,3,0,1,0,0,60,38,1,White,White
41,2,136419,7,12,2,12,0,1,0,0,75,38,1,White,White
44,2,222434,11,9,2,2,0,1,0,0,40,38,0,White,White
54,2,420691,3,2,2,7,0,1,0,0,40,25,0,White,White
53,2,149650,11,9,4,11,1,1,0,2559,48,38,1,White,White
62,5,39630,9,13,2,9,0,1,0,0,40,38,0,White,White
38,0,95432,11,9,2,0,0,1,0,0,40,38,1,White,White
32,2,515629,11,9,5,5,1,0,0,0,40,38,0,White,White
56,2,170324,4,3,2,2,0,1,0,0,40,37,0,Black,White
36,2,174938,9,13,2,9,0,1,0,1887,50,38,1,White,White
44,2,419134,11,9,0,0,4,0,0,0,40,38,0,Black,White
25,2,137951,11,9,4,0,4,0,0,0,30,38,0,White,Black
34,2,167781,11,9,2,7,0,1,0,0,50,38,0,White,White
42,2,409902,11,9,4,3,4,0,0,0,25,38,0,Black,Black
81,4,193237,3,2,6,11,2,1,0,0,45,25,0,White,White
41,2,82161,11,9,2,13,0,1,0,0,40,38,0,White,White
51,5,172962,10,16,2,9,0,1,0,0,40,38,1,White,White
24,2,197757,9,13,4,9,3,0,0,0,40,29,0,Asian-Pac-Islander,Asian-Pac-Islander
21,2,124242,7,12,4,7,3,0,0,0,40,38,0,White,White
58,5,136982,11,9,3,7,4,0,0,0,40,15,0,Black,White
43,2,62857,15,10,2,2,0,1,0,0,60,38,0,White,White
46,2,218329,15,10,4,2,3,1,0,0,40,38,0,White,White
42,0,91468,11,9,0,0,1,0,0,0,40,38,0,White,White
31,2,61559,11,9,4,7,1,1,0,0,50,38,0,White,White
63,2,118798,11,9,2,2,0,1,99999,0,40,38,1,White,White
21,2,212661,0,6,4,0,1,0,0,0,39,38,0,White,White
39,2,185099,11,9,2,3,0,1,0,0,40,38,0,White,White
30,1,169020,9,13,2,9,0,1,0,0,40,38,0,White,White
24,2,306779,8,11,4,3,3,1,0,0,35,38,0,White,White
37,2,538443,11,9,0,2,1,1,14344,0,40,38,1,White,White
39,2,165799,11,9,2,3,0,1,0,0,40,38,0,White,White
57,1,121111,11,9,0,0,4,0,0,0,40,38,0,White,Black
30,2,112115,9,13,2,3,0,1,0,0,50,38,1,White,White
44,2,146906,14,15,2,9,0,1,0,0,50,38,1,White,White
20,2,138107,11,9,4,5,3,1,0,0,35,38,0,Black,White
48,1,273402,5,4,2,13,0,1,0,1902,40,38,0,White,White
50,2,213296,15,10,2,2,0,1,0,0,48,38,1,White,White
36,2,329980,9,13,4,3,1,1,27828,0,40,38,1,White,White
44,2,367749,3,2,4,6,1,0,0,0,40,7,0,White,White
63,4,159715,0,6,2,6,0,1,0,0,40,38,0,White,White
25,1,276249,12,14,4,9,3,0,0,0,40,38,0,White,Black
26,2,177929,9,13,4,11,1,1,0,0,48,38,0,White,White
24,2,165054,8,11,2,2,0,1,0,0,40,38,0,White,White
55,2,148590,0,6,6,2,4,0,0,0,40,38,0,Black,White
21,2,294789,15,10,4,7,1,0,0,0,25,38,0,White,White
31,2,43716,8,11,0,6,4,1,0,0,43,38,0,White,White
43,0,347720,9,13,4,12,1,1,0,0,50,38,0,White,White
47,2,185385,11,9,2,9,0,1,5013,0,24,38,0,White,White
37,2,209214,4,3,4,6,4,0,0,0,40,25,0,White,White
31,2,123983,15,10,5,11,4,1,0,0,40,34,0,Asian-Pac-Islander,Asian-Pac-Islander
25,2,184303,15,10,5,8,2,0,0,0,30,7,0,White,White
31,2,196788,11,9,2,0,5,0,0,0,40,38,0,White,White
32,0,566117,15,10,0,0,4,0,0,0,40,38,0,White,White
57,5,111224,9,13,0,6,1,1,0,0,39,38,0,Black,White
51,2,48343,12,14,2,3,0,1,7298,0,50,38,1,White,White
23,2,45713,15,10,4,2,2,1,0,0,40,38,0,White,White
43,2,54611,11,9,2,6,0,1,0,0,40,38,0,White,White
17,2,151141,1,7,4,5,3,1,0,0,15,38,0,White,White
43,2,361280,0,6,2,2,0,1,0,0,42,2,0,Asian-Pac-Islander,White
36,1,255454,9,13,4,10,1,1,0,0,40,38,0,Black,White
54,2,135803,9,13,2,3,0,1,15024,0,60,34,1,Asian-Pac-Islander,Asian-Pac-Islander
22,2,201268,9,13,4,11,3,0,0,0,15,38,0,White,White
41,2,200652,6,5,0,7,2,0,0,0,35,38,0,White,White
43,3,155293,9,13,2,11,0,1,0,0,60,38,1,White,White
24,2,200819,2,8,4,11,1,1,0,0,40,38,0,White,White
25,2,212304,11,9,4,6,4,1,0,0,40,38,0,White,Black
61,2,183735,15,10,2,11,0,1,0,0,45,38,1,White,White
31,2,118551,6,5,0,0,1,0,0,0,40,38,0,White,White
68,2,192829,7,12,0,3,1,0,0,0,43,38,0,White,White
41,2,230020,11,9,2,2,0,1,0,0,40,38,0,Other,Black
37,2,194004,1,7,2,2,0,1,0,0,25,38,0,White,White
23,2,103064,9,13,4,12,1,0,0,0,40,38,0,White,White
21,2,411068,15,10,4,0,3,0,0,0,35,38,0,White,White
42,2,118212,6,5,2,13,0,1,0,0,40,38,0,White,White
50,2,108446,15,10,2,11,0,1,0,0,40,38,0,White,White
61,2,171429,1,7,0,7,4,0,0,0,36,38,0,White,Black
46,2,163021,11,9,4,0,3,0,0,0,40,38,0,White,White
47,4,117865,11,9,1,2,0,1,0,0,90,38,0,White,White
18,2,189924,11,9,4,11,3,0,0,0,24,38,0,White,White
24,2,140001,15,10,4,5,2,1,0,0,40,21,0,White,Black
31,2,309974,9,13,5,11,3,0,0,0,40,38,0,Black,White
23,3,284651,9,13,0,11,1,0,0,0,43,38,0,White,White
40,4,188436,11,9,5,3,2,1,0,0,40,38,0,White,White
59,2,167963,11,9,4,0,4,1,0,0,40,38,0,White,White
64,3,161325,7,12,2,11,0,1,0,1887,50,38,1,White,White
27,2,198197,9,13,4,12,1,1,0,0,45,38,0,White,White
28,2,72443,15,10,4,3,1,1,0,1669,60,38,0,White,White
24,1,84257,9,13,4,9,1,1,0,0,50,38,0,White,White
35,2,146091,15,10,4,0,1,0,0,0,40,38,0,White,White
31,2,176831,0,6,0,11,2,0,0,0,40,38,0,White,White
17,2,152696,2,8,4,7,3,0,0,0,30,38,0,White,White
36,2,168276,0,6,0,7,1,0,0,0,40,38,0,White,White
44,1,387770,15,10,6,0,4,0,0,0,15,38,0,White,White
41,2,215479,15,10,4,13,1,1,0,0,43,38,0,Black,White
40,2,240504,9,13,2,11,0,1,0,0,45,38,1,White,White
48,2,160220,8,11,2,11,0,1,0,0,40,38,1,White,White
37,2,193815,7,12,2,9,0,1,0,0,45,38,1,White,White
17,1,308901,1,7,4,0,3,0,0,0,15,38,0,White,White
34,4,111985,11,9,2,2,0,1,0,0,50,38,0,White,White
25,2,276310,6,5,2,6,0,1,0,0,40,25,0,White,White
30,2,176123,0,6,4,6,2,1,0,0,40,39,0,Asian-Pac-Islander,Asian-Pac-Islander
55,4,183810,12,14,2,9,0,1,0,0,55,38,1,White,White
60,3,123218,15,10,2,3,0,1,0,0,40,38,0,White,White
71,2,182395,9,13,4,2,1,1,11678,0,45,38,1,White,White
36,3,251730,15,10,2,10,0,1,0,0,60,38,1,White,White
32,2,188048,9,13,4,0,3,0,0,0,40,38,0,White,White
49,1,223342,15,10,0,0,1,0,0,0,44,38,0,White,White
42,5,24264,15,10,0,13,4,1,0,0,38,38,0,White,White
40,4,125206,14,15,2,9,0,1,0,0,40,38,0,White,White
33,2,133503,11,9,2,10,0,1,2635,0,16,38,0,White,White
32,2,188557,11,9,4,6,1,1,0,0,40,38,0,White,White
68,2,185537,15,10,0,11,1,0,0,0,20,38,0,White,White
42,2,132222,9,13,4,11,3,1,0,0,60,38,0,White,White
36,1,312785,9,13,4,9,3,1,0,0,35,38,0,Black,White
24,1,195808,11,9,4,10,1,1,0,0,40,38,0,White,White
51,2,145166,11,9,2,0,0,1,0,0,50,38,0,White,White
25,4,182809,11,9,2,2,0,1,7298,0,40,38,1,White,White
18,2,130849,15,10,4,11,3,0,0,0,15,38,0,White,White
26,1,150553,9,13,4,0,3,0,0,0,50,38,0,Asian-Pac-Islander,White
18,2,232082,11,9,4,6,3,1,0,0,40,38,0,White,Black
18,2,188616,1,7,4,11,3,1,0,0,15,38,0,White,White
24,2,117583,9,13,4,3,3,1,0,0,48,38,0,White,White
25,2,262778,9,13,4,11,1,0,6849,0,50,38,0,White,White
44,2,173704,9,13,2,3,0,1,0,0,40,38,1,White,White
30,2,87054,11,9,2,2,0,1,0,0,50,38,0,White,White
35,2,189916,9,13,2,11,5,0,0,0,30,38,1,White,White
36,2,215503,11,9,4,2,1,1,0,0,65,38,0,White,White
32,2,156464,11,9,2,2,0,1,0,0,40,38,0,White,White
49,2,136455,9,13,4,9,1,0,0,0,45,38,0,White,White
47,2,238185,9,13,0,0,1,0,0,0,40,38,0,White,White
47,2,23545,15,10,2,5,0,1,0,0,40,38,0,White,White
58,3,78104,11,9,2,3,0,1,0,0,45,38,0,White,White
27,2,89813,11,9,4,5,3,0,0,0,40,38,0,White,White
24,5,166851,12,14,4,9,1,1,0,0,13,38,0,White,White
66,2,101607,11,9,0,6,1,1,0,0,10,38,0,White,White
29,2,87523,11,9,4,11,3,0,0,0,40,38,0,White,Asian-Pac-Islander
21,5,140764,15,10,4,0,3,0,0,0,12,38,0,White,White
17,2,112795,0,6,4,7,3,0,0,0,15,38,0,White,White
59,2,205759,10,16,4,9,1,1,0,0,50,38,0,White,White
31,2,502752,9,13,2,0,5,0,0,0,40,38,1,White,White
39,2,48915,11,9,2,6,0,1,0,0,40,38,1,White,White
49,2,195727,9,13,2,3,0,1,0,0,40,38,0,White,Black
25,2,171818,9,13,4,3,3,0,0,0,40,38,0,White,White
31,3,83748,15,10,2,3,5,0,0,0,70,34,0,Asian-Pac-Islander,Asian-Pac-Islander
41,2,201495,12,14,2,3,0,1,0,0,40,38,1,White,White
51,2,328947,15,10,6,0,1,0,0,0,40,38,0,White,White
24,2,216563,11,9,2,6,5,0,0,0,40,38,0,White,White
36,2,408229,9,13,4,9,1,0,0,0,32,38,0,White,White
27,3,190911,11,9,4,11,3,1,0,0,45,38,0,White,White
31,2,179013,11,9,5,2,1,1,0,0,40,38,0,Black,White
28,4,282972,9,13,4,9,1,0,0,0,4,38,0,White,White
24,2,69640,9,13,4,11,3,1,0,0,40,38,0,White,White
31,2,101761,11,9,2,2,0,1,0,0,51,38,0,White,White
27,2,38353,8,11,2,11,0,1,0,0,60,38,0,White,White
46,2,125487,8,11,2,12,0,1,0,0,40,38,0,White,White
43,2,156771,0,6,2,0,0,1,0,0,40,38,0,White,White
54,1,185846,12,14,2,9,0,1,0,1977,40,38,1,White,White
21,2,223352,11,9,4,7,1,0,1055,0,30,38,0,White,White
40,2,70761,7,12,4,12,1,1,0,0,40,38,0,Black,White
79,4,103684,11,9,2,4,0,1,0,0,40,38,0,White,White
25,2,167031,0,6,4,6,1,0,0,0,40,3,0,White,White
41,2,111483,11,9,2,6,0,1,0,0,45,38,0,White,White
38,2,241962,11,9,0,6,1,1,0,0,40,38,0,White,White
20,2,225395,5,4,4,6,2,0,0,0,60,25,0,White,White
61,2,132972,6,5,4,6,4,0,0,0,40,38,0,Black,Black
59,2,174040,15,10,0,9,4,1,0,0,40,38,0,White,White
28,2,120135,8,11,4,11,1,0,0,0,40,38,0,White,White
25,2,148300,15,10,4,7,3,0,0,0,35,38,0,White,White
58,3,258883,9,13,2,9,0,1,0,0,60,38,1,White,White
32,4,203408,11,9,2,2,0,1,0,0,44,38,0,White,White
47,2,218435,11,9,3,11,4,0,0,0,20,4,0,White,White
28,2,109162,12,14,4,9,1,0,0,0,50,38,0,White,White
52,2,208302,11,9,0,7,2,1,0,0,30,38,0,White,White
39,3,286261,12,14,4,9,1,0,0,0,40,38,0,White,White
43,2,152629,11,9,2,2,0,1,0,0,40,38,1,White,White
49,1,192349,12,14,4,9,1,0,4650,0,40,38,0,White,White
53,2,33304,15,10,2,13,0,1,0,0,40,38,1,White,White
57,3,146103,9,13,2,9,0,1,0,0,45,38,1,White,White
60,2,367695,7,12,2,0,0,1,0,0,40,38,1,White,White
48,2,108699,11,9,4,0,1,0,0,0,40,38,0,White,White
56,0,255386,15,10,2,0,0,1,0,0,40,24,0,Asian-Pac-Islander,White
41,4,141327,12,14,0,9,4,0,0,0,35,38,0,White,White
49,2,379779,9,13,0,3,1,0,0,0,40,38,0,White,White
30,1,200892,12,14,2,9,0,1,0,0,40,38,0,White,White
42,2,187294,15,10,0,2,4,1,0,0,40,38,0,White,White
32,2,462255,9,13,0,3,1,0,0,0,40,38,0,White,White
58,4,141165,11,9,2,4,0,1,0,0,50,38,0,White,White
81,2,98116,9,13,6,11,1,1,0,0,50,38,1,White,White
36,2,177285,8,11,4,9,4,0,0,0,38,38,0,Black,White
24,2,125905,11,9,2,2,0,1,0,0,40,38,0,White,White
28,2,110981,15,10,4,7,1,1,0,0,40,38,0,White,White
46,2,117605,6,5,0,11,1,1,0,0,35,38,0,White,White
62,2,118696,11,9,2,2,0,1,0,0,40,38,0,White,White
23,2,302195,9,13,2,9,0,1,0,0,40,38,0,White,White
64,4,100722,9,13,2,0,0,1,0,0,5,38,0,White,White
32,2,24961,8,11,2,12,0,1,0,0,40,38,0,White,White
68,2,121846,5,4,6,7,4,0,0,0,20,38,0,Amer-Indian-Eskimo,Black
60,2,167670,9,13,2,9,0,1,0,0,35,38,0,White,White
33,2,394727,0,6,4,5,4,1,0,0,40,38,0,Black,Black
23,2,188409,1,7,2,13,0,1,4508,0,25,38,0,White,White
66,2,166461,1,7,2,11,0,1,0,0,26,38,0,White,White
38,0,325538,14,15,2,9,0,1,0,0,50,38,1,White,White
18,2,675421,6,5,4,5,3,1,594,0,40,38,0,White,White
36,2,127686,11,9,5,0,4,0,0,0,37,38,0,White,White
66,2,192504,12,14,2,11,0,1,0,0,40,38,0,White,White
49,2,218676,15,10,2,6,0,1,0,0,43,38,0,White,White
27,2,617860,15,10,4,5,3,1,0,0,40,38,0,Black,Black
40,1,166893,9,13,2,10,0,1,0,0,40,38,1,Black,White
51,2,259323,9,13,2,3,0,1,0,0,50,38,1,White,White
20,2,206681,2,8,4,11,1,0,0,0,55,38,0,White,White
64,2,477697,11,9,2,3,0,1,0,0,16,38,0,White,White
40,4,170866,7,12,2,4,0,1,0,0,50,38,1,White,White
50,2,400630,14,15,2,9,0,1,0,0,36,38,1,White,White
45,4,222374,9,13,4,9,1,1,0,0,40,38,0,White,White
45,2,350440,11,9,2,3,0,1,0,0,40,38,1,Asian-Pac-Islander,White
55,2,259532,5,4,2,13,0,1,0,0,50,38,0,White,White
49,2,185041,11,9,2,6,0,1,0,0,40,38,0,White,White
23,2,1038553,11,9,4,3,1,1,0,0,45,38,0,Black,White
20,2,275357,8,11,4,12,3,0,0,0,25,38,0,White,White
20,2,210338,15,10,4,7,3,0,0,0,15,38,0,White,White
26,2,38232,9,13,4,9,1,1,0,0,50,38,0,White,White
51,2,284329,11,9,6,13,4,1,0,0,40,38,0,White,Black
46,3,98929,9,13,2,11,0,1,0,0,52,38,0,White,White
40,2,67852,11,9,0,13,1,1,0,0,35,38,0,White,White
45,2,189225,11,9,4,7,4,0,0,0,40,38,0,Black,Black
39,2,105813,11,9,2,2,0,1,0,0,40,38,0,White,White
37,2,330826,8,11,2,9,5,0,0,0,30,38,0,White,White
37,4,162834,11,9,2,11,0,1,0,1902,45,38,1,White,White
59,4,144071,4,3,2,7,0,1,2580,0,15,7,0,White,White
25,2,120238,15,10,2,11,0,1,2885,0,43,38,0,White,White
21,2,78170,11,9,4,2,1,1,0,0,42,38,0,White,White
19,2,29526,15,10,4,7,3,0,0,0,18,38,0,White,White
39,2,175232,15,10,2,9,0,1,0,0,50,38,0,White,White
36,2,108320,11,9,0,6,1,1,4101,0,40,38,0,White,White
40,2,121956,9,13,3,9,1,1,13550,0,40,0,1,Asian-Pac-Islander,White
30,2,115963,5,4,4,6,4,1,0,0,42,38,0,White,White
44,1,83286,12,14,2,9,5,0,0,0,40,38,1,White,White
39,2,80410,9,13,4,3,1,1,0,0,40,38,0,White,White
28,2,118861,0,6,2,2,5,0,0,0,48,12,0,Other,White
40,4,98985,11,9,0,3,1,1,0,0,50,38,0,Black,White
55,4,170166,9,13,2,3,5,0,0,0,25,38,0,White,White
44,2,267717,12,14,2,2,0,1,15024,0,45,38,1,White,White
25,2,267284,11,9,4,5,2,1,0,0,40,38,0,White,Black
49,2,129640,11,9,4,7,1,0,0,0,40,38,0,White,Black
29,2,214881,11,9,4,3,1,1,0,0,40,38,0,White,White
81,4,123959,9,13,6,9,1,0,0,1668,3,17,0,White,White
28,2,186239,15,10,4,0,4,0,0,0,40,38,0,Black,Black
42,2,71458,15,10,2,3,0,1,0,0,50,38,0,White,White
32,2,235124,15,10,2,10,0,1,0,0,46,5,0,White,White
51,2,146767,9,13,2,9,0,1,0,0,40,38,1,White,White
74,3,167537,15,10,2,3,0,1,0,0,35,38,1,White,White
47,4,159869,11,9,2,4,0,1,0,0,56,38,1,White,White
52,2,186785,11,9,4,11,1,1,0,1876,50,38,0,White,White
31,2,217460,11,9,2,13,0,1,0,0,45,38,1,White,White
37,4,241998,9,13,2,9,0,1,0,0,5,38,1,White,White
37,2,127772,9,13,2,3,0,1,0,0,50,38,1,White,White
19,2,321817,1,7,4,7,3,0,0,0,40,38,0,White,White
42,2,402367,15,10,2,13,0,1,7688,0,45,38,1,Black,White
65,2,180280,15,10,2,3,5,0,0,0,40,38,0,White,White
35,2,189382,11,9,0,2,1,1,0,0,40,38,0,White,White
33,2,174789,15,10,4,0,1,1,0,0,50,38,0,White,White
67,2,134906,11,9,6,11,1,0,0,0,32,38,0,White,White
27,1,177072,15,10,4,9,2,1,0,0,16,38,0,White,White
31,2,344200,11,9,2,3,0,1,0,0,40,38,1,White,White
26,4,227858,15,10,4,7,1,0,0,0,48,38,0,White,White
41,1,177599,9,13,0,9,4,0,0,0,35,38,0,White,Black
30,2,57651,11,9,4,0,4,1,0,2001,42,38,0,White,White
32,2,237478,1,7,0,6,4,0,0,0,40,38,0,White,White
38,2,348739,14,15,2,9,0,1,0,0,60,38,0,White,White
31,2,147284,10,16,2,9,0,1,0,1977,99,38,1,White,White
18,2,218889,6,5,4,7,3,1,0,0,35,38,0,Black,Black
63,2,106023,11,9,2,2,0,1,0,0,40,38,1,White,White
42,2,37869,15,10,0,6,1,1,0,1590,40,38,0,White,White
41,2,82778,3,2,2,4,0,1,0,0,40,25,0,White,White
33,2,182556,9,13,2,3,0,1,0,0,40,38,1,White,White
20,2,190457,11,9,4,7,3,0,0,0,30,38,0,White,White
40,2,105936,9,13,0,9,1,0,0,0,40,38,0,White,White
31,2,87418,8,11,2,3,0,1,0,0,40,38,0,White,White
24,2,176389,11,9,2,2,0,1,0,0,40,38,0,White,White
25,2,323139,9,13,4,5,3,1,0,0,35,38,0,White,White
32,2,342458,9,13,4,9,1,1,0,0,40,38,0,White,White
57,5,68830,11,9,0,3,1,0,0,0,50,38,0,White,White
43,2,206139,9,13,2,9,0,1,0,0,50,38,1,White,White
21,0,181096,15,10,4,12,3,1,0,0,20,38,0,Black,White
21,2,117210,15,10,4,11,3,1,0,0,45,38,0,White,White
67,2,247566,11,9,2,10,0,1,0,0,24,38,0,White,White
53,1,103995,9,13,0,9,1,0,0,1876,54,38,0,White,White
38,4,245090,6,5,2,2,0,1,0,0,40,25,0,White,White
34,2,303867,9,13,2,9,0,1,0,0,40,38,1,White,White
38,2,133963,9,13,0,9,1,0,0,0,50,38,1,White,White
40,2,375603,11,9,0,0,4,1,0,0,40,38,0,Black,White
45,4,160167,0,6,2,2,0,1,0,0,70,38,0,White,White
19,2,123718,15,10,4,11,3,0,0,0,20,38,0,White,White
28,2,185647,15,10,2,2,0,1,0,0,45,38,0,White,White
45,1,364563,11,9,2,13,0,1,0,0,40,38,1,White,Black
37,2,301070,11,9,0,4,4,1,0,0,45,38,0,White,White
53,2,195638,11,9,0,0,1,0,0,0,40,38,0,White,White
53,3,100029,10,16,2,9,0,1,0,0,40,38,1,White,White
44,2,156815,11,9,0,0,1,0,0,0,40,38,0,White,White
44,2,126199,15,10,0,13,4,1,1831,0,50,38,0,White,White
51,2,293196,10,16,2,9,0,1,15024,0,60,19,1,White,Asian-Pac-Islander
19,2,163578,15,10,4,11,3,1,0,0,30,38,0,White,White
32,2,168138,7,12,0,11,1,1,2597,0,48,38,0,White,White
60,3,181196,15,10,2,3,0,1,0,0,40,38,1,White,White
39,2,498785,11,9,0,0,1,1,0,0,40,38,0,White,Black
18,2,167147,2,8,4,11,3,1,0,0,24,38,0,White,White
41,2,188307,11,9,0,2,4,0,0,0,40,38,0,White,White
51,2,166934,11,9,2,6,0,1,0,0,40,38,1,White,Black
57,4,47857,15,10,2,4,0,1,0,0,50,38,0,White,White
47,2,140219,11,9,4,0,2,0,0,0,40,38,0,White,Black
45,3,170871,11,9,2,3,0,1,15024,0,55,38,1,White,White
54,2,175912,11,9,6,6,4,1,914,0,40,38,0,White,White
90,2,87285,11,9,4,7,3,0,0,0,24,38,0,White,White
49,2,214169,15,10,2,2,0,1,0,0,40,38,1,White,White
22,2,514033,11,9,4,7,1,1,0,0,80,38,0,Black,White
44,2,307468,14,15,2,9,0,1,0,0,29,38,1,White,White
56,2,174040,11,9,0,7,1,1,0,0,40,38,0,White,White
55,2,201112,11,9,0,9,4,0,0,0,40,38,0,Black,White
36,2,334291,15,10,2,2,0,1,0,1887,40,38,1,White,White
31,2,200192,11,9,0,0,1,0,0,0,40,10,0,White,White
21,2,61777,15,10,4,2,1,1,0,0,70,38,0,White,White
28,3,210295,1,7,2,2,0,1,0,0,50,38,1,White,White
68,2,159191,15,10,4,0,1,0,0,0,40,38,0,White,White
26,2,142914,7,12,2,9,5,0,0,0,75,38,0,White,White
22,1,121144,9,13,4,9,3,0,0,0,18,38,0,Black,White
19,2,187570,11,9,4,2,3,1,0,0,20,38,0,White,White
55,0,305850,14,15,2,3,0,1,15024,0,40,38,1,White,White
22,2,306779,15,10,4,5,3,1,0,0,50,38,0,White,White
22,2,297380,11,9,4,11,3,0,0,0,40,38,0,Black,Black
21,2,109414,15,10,4,9,3,1,0,1974,40,38,0,Asian-Pac-Islander,White
50,1,30682,12,14,2,9,0,1,0,0,50,38,0,White,White
44,2,106698,11,9,0,7,4,0,0,0,40,38,0,White,White
27,2,101364,11,9,2,5,0,1,0,0,40,25,0,White,White
22,2,134746,0,6,2,11,5,0,0,0,40,38,0,White,White
56,2,34626,15,10,0,3,1,0,0,1980,40,38,0,White,White
36,2,188571,11,9,2,2,0,1,0,0,40,38,0,White,White
56,2,198388,11,9,0,0,1,0,0,0,40,38,0,White,White
21,2,238917,4,3,2,7,0,1,0,0,40,25,0,White,White
20,2,185452,11,9,4,0,3,0,0,0,40,38,0,White,White
24,2,142022,15,10,4,5,3,1,0,0,50,38,0,White,White
30,5,180283,11,9,4,7,1,0,0,0,40,38,0,Black,White
35,2,54595,0,6,6,7,1,0,0,1980,40,38,0,Black,White
38,4,176657,15,10,5,11,1,1,0,0,60,23,0,Asian-Pac-Islander,White
35,2,186183,11,9,2,13,0,1,15024,0,80,38,1,White,White
52,1,392668,8,11,2,10,0,1,0,0,40,38,1,White,White
50,2,202044,9,13,0,9,4,0,0,0,45,38,0,White,White
30,1,118500,15,10,0,0,4,0,0,0,40,38,0,White,White
49,2,177211,9,13,2,7,0,1,0,0,40,38,0,White,White
36,1,126569,15,10,2,10,0,1,0,0,40,38,1,White,White
44,2,150011,9,13,0,9,4,0,0,0,40,38,0,White,Black
39,2,101260,11,9,4,6,3,1,0,0,40,38,0,White,White
41,2,96635,11,9,4,3,1,1,0,0,60,38,0,Asian-Pac-Islander,White
34,2,102858,11,9,5,0,4,1,0,0,40,38,0,White,White
50,2,211319,9,13,2,3,0,1,7298,0,50,38,1,White,White
46,2,196858,12,14,2,9,0,1,0,0,35,38,1,White,White
27,2,278720,11,9,2,2,0,1,0,0,45,38,1,White,White
25,2,431307,0,6,2,10,5,0,0,0,50,38,0,Black,White
55,0,88876,12,14,2,3,0,1,0,0,60,38,1,Asian-Pac-Islander,White
45,5,50567,11,9,2,3,5,0,0,0,40,38,0,White,White
27,2,180553,11,9,5,6,4,0,0,0,40,38,0,White,Black
23,2,111450,15,10,4,0,2,1,0,0,22,38,0,Black,Black
40,2,88909,9,13,2,3,0,1,15024,0,50,38,1,White,White
29,0,116394,9,13,1,9,0,1,0,0,50,38,1,White,White
24,5,155775,11,9,2,12,0,1,0,0,40,38,0,White,White
68,3,52052,8,11,6,11,1,0,25124,0,50,38,1,White,White
43,2,188199,6,5,0,5,4,0,0,0,40,38,0,White,White
54,2,378747,0,6,5,13,4,1,0,0,45,38,1,Black,White
46,1,199281,9,13,5,9,4,1,0,0,40,38,0,White,White
34,2,112212,11,9,2,0,0,1,0,1485,40,38,0,White,White
40,2,77975,15,10,2,3,0,1,0,0,40,38,0,White,White
32,4,174789,9,13,2,9,0,1,0,0,50,38,1,White,White
29,2,232784,7,12,4,3,3,1,0,0,40,38,0,White,White
29,2,413297,7,12,4,11,1,1,0,0,45,25,0,White,White
33,2,63184,11,9,4,4,1,1,0,0,40,38,0,White,White
24,0,29591,9,13,4,9,1,0,0,0,40,38,0,Other,White
47,5,189123,11,9,2,7,0,1,0,0,40,38,0,White,White
35,2,265662,9,13,2,11,0,1,0,0,40,38,1,White,White
37,2,113750,9,13,2,5,0,1,0,0,40,38,0,White,White
61,2,133164,5,4,4,7,1,1,0,0,48,38,0,White,White
40,2,93955,15,10,2,9,5,0,0,0,40,38,0,White,White
50,3,127315,9,13,2,3,0,1,15024,0,60,38,1,White,White
37,2,103323,7,12,2,11,0,1,0,0,40,38,0,White,White
46,4,57452,8,11,2,2,0,1,0,0,40,38,1,White,White
21,2,256356,1,7,4,8,2,0,0,0,40,25,0,White,White
28,1,197932,15,10,4,0,3,0,0,0,16,38,0,White,White
29,2,244473,8,11,2,12,0,1,0,2051,40,38,0,White,White
28,2,129882,15,10,4,0,4,0,0,0,40,38,0,Black,Black
36,2,370767,11,9,2,9,0,1,0,2377,60,38,0,White,White
67,3,76860,11,9,2,3,0,1,0,0,40,38,1,Asian-Pac-Islander,White
33,2,278514,11,9,0,2,3,0,0,0,42,38,0,White,White
58,2,216941,11,9,0,3,4,0,0,0,40,38,0,White,White
50,2,104729,11,9,0,6,2,0,0,0,48,38,0,White,White
48,2,255439,15,10,4,5,1,1,0,0,40,38,0,White,White
73,1,161027,4,3,2,10,0,1,0,0,20,38,0,White,White
33,2,183612,11,9,2,6,0,1,0,0,40,38,1,White,White
36,2,61178,1,7,2,2,0,1,0,0,40,38,0,White,White
31,2,176185,12,14,2,3,0,1,0,0,60,9,1,White,White
44,2,67671,15,10,2,5,0,1,0,0,40,38,0,White,White
36,2,130200,11,9,0,6,4,1,0,0,40,38,0,White,White
17,2,28031,6,5,4,7,3,1,0,0,16,38,0,White,White
47,2,133758,11,9,0,3,1,0,0,1974,40,38,0,White,White
45,3,212954,15,10,2,4,0,1,0,0,50,38,0,White,White
72,2,195184,11,9,6,8,4,0,0,0,12,4,0,White,White
27,2,466224,15,10,4,11,1,1,0,0,40,38,0,Black,White
41,2,173682,12,14,2,6,0,1,0,0,40,38,0,White,White
19,6,344858,11,9,4,4,3,1,0,0,20,38,0,White,White
59,2,168569,11,9,2,6,0,1,0,1887,40,38,1,White,White
50,4,172281,11,9,2,3,0,1,7688,0,50,38,1,White,White
32,4,379412,8,11,2,2,0,1,0,0,40,38,0,White,White
67,4,107138,15,10,2,11,0,1,0,0,40,38,0,White,White
35,2,207568,0,6,4,7,3,1,0,0,40,38,0,White,White
57,2,314153,9,13,2,11,0,1,0,1887,55,38,1,White,White
58,2,131608,15,10,6,2,1,1,0,0,40,38,0,White,White
22,2,275385,15,10,4,7,2,1,0,0,25,38,0,White,White
41,2,288679,11,9,2,2,0,1,0,0,40,38,0,White,Black
52,2,46788,9,13,0,2,4,1,0,0,25,38,0,White,White
48,2,125120,15,10,0,0,4,0,0,0,55,38,0,White,White
63,4,28612,11,9,6,11,1,1,0,0,70,38,0,White,White
21,2,29810,11,9,4,7,1,0,0,0,50,38,0,White,White
47,4,160131,15,10,0,2,1,1,0,0,40,38,0,White,White
49,2,83444,11,9,0,3,1,1,0,0,40,38,0,White,White
60,5,190682,8,11,6,7,1,0,0,0,37,38,0,Black,White
46,4,101722,15,10,2,3,0,1,3137,0,40,38,0,White,White
30,2,110643,12,14,2,0,0,1,4386,0,40,38,1,White,White
42,2,161510,9,13,2,11,0,1,7298,0,40,38,1,White,White
58,5,198145,9,13,2,0,0,1,0,0,35,38,1,White,White
24,2,187551,15,10,4,0,3,0,0,0,20,38,0,Black,White
63,1,28856,5,4,2,7,0,1,0,0,55,38,0,White,White
46,2,167915,11,9,2,2,0,1,0,0,40,38,0,White,White
54,2,50385,9,13,0,3,1,0,0,0,45,38,1,Black,White
43,2,34007,11,9,2,2,0,1,0,0,40,38,1,White,White
32,3,195447,9,13,2,11,0,1,0,0,45,38,0,White,White
47,2,84726,15,10,2,6,0,1,0,0,40,38,0,White,White
34,2,106742,11,9,2,2,0,1,0,0,45,38,0,White,White
52,2,99602,11,9,5,2,3,0,0,0,40,38,0,Black,White
34,4,77209,11,9,2,11,0,1,0,1902,60,38,1,White,White
44,2,193882,9,13,2,3,0,1,0,0,40,38,1,White,White
46,2,149640,5,4,3,13,1,1,0,0,45,38,0,White,White
25,4,217030,11,9,4,7,4,0,0,0,30,38,0,White,Black
31,2,127610,9,13,2,3,5,0,0,0,50,38,1,White,White
44,2,153489,11,9,4,7,4,1,0,0,40,38,0,White,Black
31,2,117526,15,10,4,4,1,0,0,0,45,38,0,White,Black
24,2,191948,11,9,0,11,4,0,0,0,30,38,0,White,White
54,1,288825,11,9,2,13,0,1,0,0,40,38,0,Black,White
24,2,181820,15,10,4,0,3,1,0,0,40,38,0,White,White
24,2,188925,8,11,2,6,0,1,0,0,40,38,0,White,White
60,1,113658,15,10,2,0,5,0,0,0,35,38,0,White,White
35,2,301862,11,9,2,6,0,1,0,0,40,38,0,White,White
45,3,201699,10,16,2,9,0,1,0,0,60,38,1,White,White
31,2,124569,15,10,2,0,5,0,0,0,40,38,1,White,White
69,2,277588,11,9,2,11,0,1,0,0,10,38,0,White,White
19,2,249609,15,10,4,10,3,1,0,0,8,38,0,White,White
32,2,147284,8,11,2,11,0,1,0,0,50,38,1,White,White
42,2,138662,15,10,5,0,3,0,0,0,40,38,0,White,Black
47,3,96798,11,9,2,3,0,1,0,0,80,38,1,White,White
30,2,77266,11,9,0,13,1,1,0,0,55,38,0,White,White
22,2,184756,15,10,4,11,3,0,0,0,30,38,0,White,White
26,2,101027,11,9,2,11,0,1,0,0,48,38,0,White,White
39,2,154410,11,9,2,0,0,1,0,0,40,38,1,White,White
38,4,243484,9,13,2,0,5,0,0,0,28,38,1,White,White
45,2,204057,9,13,0,0,4,0,0,0,40,10,0,White,White
31,2,243442,11,9,2,0,0,1,0,0,50,38,0,White,White
40,3,37997,15,10,2,4,0,1,0,0,50,38,0,White,White
34,2,157747,11,9,2,13,0,1,0,0,45,38,0,White,White
43,2,149909,11,9,2,2,0,1,0,0,42,38,1,White,White
44,2,278476,15,10,2,11,0,1,0,0,60,38,1,White,White
58,2,417419,5,4,0,6,3,1,0,0,40,38,0,White,White
54,2,143865,11,9,0,11,4,0,0,0,35,38,0,White,Black
37,2,104359,15,10,2,5,0,1,0,0,40,38,0,White,White
22,2,409230,2,8,4,13,2,1,0,0,40,38,0,White,White
33,2,260782,15,10,2,2,0,1,0,0,41,38,1,White,White
45,2,114032,14,15,2,9,0,1,0,0,60,38,1,White,White
47,2,159550,11,9,0,0,1,0,0,0,40,38,0,Black,White
38,2,32916,8,11,2,2,0,1,0,0,55,38,1,White,White
42,2,340234,11,9,2,12,0,1,15024,0,40,38,1,Asian-Pac-Islander,White
41,2,49797,15,10,5,3,1,0,0,0,40,38,0,Black,White
43,2,397963,11,9,0,5,1,1,594,0,16,38,0,White,White
29,2,177651,15,10,4,3,1,1,0,0,45,38,0,White,White
42,2,198422,15,10,0,0,3,0,0,0,40,38,0,White,White
37,2,179468,11,9,2,2,0,1,0,0,40,38,0,White,White
38,4,43712,1,7,2,3,0,1,0,1887,45,38,1,White,White
43,2,182254,15,10,0,9,4,0,0,0,40,38,0,White,White
23,2,180052,11,9,4,7,3,1,0,0,40,38,0,White,White
45,2,187666,8,11,6,3,1,0,0,0,45,38,0,White,White
44,2,192976,11,9,2,13,0,1,0,0,40,38,0,Amer-Indian-Eskimo,White
37,2,365465,11,9,5,2,4,1,0,0,70,29,0,White,White
51,0,97934,9,13,2,4,0,1,5178,0,40,38,1,White,White
39,3,329980,9,13,2,3,0,1,15024,0,50,38,1,White,White
53,5,50048,10,16,2,9,0,1,7688,0,50,38,1,White,White
61,2,273803,11,9,2,2,0,1,0,0,40,38,0,White,White
29,3,241431,10,16,2,9,0,1,0,0,35,38,1,White,White
33,2,132832,11,9,4,0,1,0,0,0,50,38,0,White,White
22,2,157145,8,11,4,2,3,1,0,0,50,38,0,White,White
52,2,117674,9,13,4,9,1,1,0,0,38,38,0,White,White
18,2,194059,2,8,4,0,3,1,0,0,40,38,0,White,White
47,2,223342,11,9,6,0,1,0,2174,0,40,8,0,White,White
48,2,107231,14,15,2,3,0,1,99999,0,50,38,1,White,White
23,2,204653,11,9,4,5,1,1,0,0,72,5,0,White,White
39,2,61178,9,13,0,0,4,1,0,0,40,38,0,White,White
19,2,188008,15,10,4,11,3,0,0,0,20,38,0,Black,White
64,2,153894,9,13,4,11,4,0,0,0,40,28,0,White,Asian-Pac-Islander
21,2,56582,1,7,4,7,3,1,0,0,50,38,0,White,White
32,2,113364,9,13,4,13,1,1,0,0,40,38,0,White,White
45,2,179659,9,13,2,2,0,1,3103,0,40,38,1,White,White
44,2,157249,9,13,2,9,0,1,0,1977,50,38,1,Black,White
17,2,95446,0,6,4,7,3,1,0,0,15,38,0,White,White
34,2,286675,11,9,2,13,0,1,0,0,40,38,0,White,White
21,2,351381,11,9,4,0,3,0,0,0,40,38,0,White,White
50,2,204518,5,4,0,2,1,1,0,0,40,38,0,White,White
18,2,362302,2,8,4,7,3,1,0,0,15,38,0,White,White
36,4,151094,8,11,5,3,1,1,0,0,48,38,0,White,White
42,2,27444,15,10,3,9,1,1,0,0,40,38,1,White,White
21,2,202373,15,10,4,11,3,1,0,0,25,38,0,Black,White
43,1,108945,9,13,0,9,4,0,0,0,48,38,0,White,White
28,3,146042,11,9,2,2,0,1,0,0,50,38,0,White,White
51,4,160724,9,13,2,11,0,1,0,2415,40,2,1,Asian-Pac-Islander,Asian-Pac-Islander
45,2,238567,9,13,2,3,0,1,0,0,40,8,1,White,White
31,2,198069,11,9,4,7,3,1,0,0,24,38,0,White,White
51,4,95435,11,9,2,11,0,1,0,0,60,38,1,White,White
32,1,87310,11,9,2,7,0,1,0,0,41,38,0,White,White
35,2,186815,11,9,2,6,0,1,0,0,40,38,0,White,White
21,2,351084,11,9,4,0,1,0,0,0,40,38,0,White,White
55,2,193130,11,9,2,5,0,1,0,1887,40,38,1,White,White
31,2,113838,11,9,2,6,0,1,0,0,45,38,0,White,White
18,2,304169,1,7,4,11,3,1,0,0,35,38,0,White,White
31,2,183043,12,14,2,3,0,1,0,1977,48,38,1,White,White
54,2,182187,8,11,2,10,0,1,15024,0,38,22,1,Black,White
35,2,35945,9,13,2,3,0,1,0,0,40,38,1,White,White
48,3,481987,0,6,2,3,0,1,0,0,40,38,0,White,White
31,2,112627,11,9,2,13,0,1,0,0,40,38,0,Amer-Indian-Eskimo,White
28,2,115464,11,9,4,7,3,0,0,0,40,38,0,Black,White
18,2,125441,1,7,4,7,3,1,1055,0,20,38,0,White,White
34,2,319854,10,16,4,9,1,1,0,0,40,35,1,White,Asian-Pac-Islander
28,2,73037,0,6,4,13,4,1,0,0,30,38,0,White,White
28,2,181776,15,10,4,0,1,0,0,0,40,38,0,White,White
57,2,49893,12,14,2,9,0,1,0,0,60,38,1,White,White
41,1,42346,15,10,0,7,1,0,0,0,24,38,0,Black,White
22,2,71469,7,12,4,11,3,0,0,0,25,38,0,White,White
39,2,33886,11,9,2,13,0,1,0,0,60,38,0,White,White
21,2,185582,15,10,4,11,3,1,0,0,43,38,0,White,White
27,2,29523,0,6,2,5,0,1,0,0,40,38,0,White,White
25,2,209227,9,13,4,9,3,0,0,0,21,38,0,White,White
41,2,425049,11,9,2,13,0,1,0,0,50,38,1,White,White
27,1,134813,12,14,4,9,3,1,0,0,52,38,0,White,White
31,3,149726,11,9,2,2,0,1,0,0,50,38,0,White,White
45,2,165937,11,9,0,13,3,1,0,0,60,38,0,White,White
32,2,168854,11,9,2,7,0,1,0,0,54,38,0,White,White
25,5,218184,9,13,4,10,1,0,0,0,40,38,0,Black,White
44,3,212760,9,13,2,3,0,1,0,0,60,38,1,White,White
38,4,423616,11,9,2,11,5,0,0,0,24,38,1,White,White
53,2,246117,11,9,2,2,0,1,0,0,40,25,0,White,Other
31,2,127595,11,9,0,9,1,0,0,0,40,38,0,White,White
33,2,111567,12,14,2,3,0,1,0,1902,45,10,1,White,White
30,2,370183,11,9,2,12,0,1,0,0,40,38,0,White,White
46,2,337050,12,14,2,3,0,1,0,1977,45,38,1,White,White
22,2,236684,8,11,4,7,3,0,0,0,36,38,0,Black,White
58,3,21626,8,11,0,11,1,1,2202,0,56,38,0,White,White
24,2,172987,9,13,2,12,0,1,0,0,50,38,0,White,White
35,2,244803,11,9,4,5,2,1,0,0,40,28,0,White,White
36,2,95654,9,13,2,9,5,0,0,0,50,19,1,White,Asian-Pac-Islander
48,4,317360,9,13,2,9,5,0,0,0,20,38,1,White,White
39,2,188038,15,10,0,5,1,1,0,0,40,38,0,White,White
24,2,191954,15,10,4,6,1,1,0,0,40,38,0,White,White
63,2,117681,11,9,0,4,1,1,0,0,25,38,0,White,White
45,2,185437,7,12,0,2,1,0,0,0,55,38,0,White,White
44,2,33155,10,16,4,9,1,1,0,0,45,38,0,White,White
50,2,128143,9,13,2,3,0,1,0,0,50,38,1,White,White
22,2,244773,11,9,4,11,3,0,0,0,15,38,0,Black,White
58,2,137547,9,13,2,7,0,1,0,0,40,34,0,Asian-Pac-Islander,Asian-Pac-Islander
47,2,244025,11,9,4,6,4,1,0,0,56,32,0,Amer-Indian-Eskimo,White
30,2,366065,15,10,4,2,4,1,0,0,40,38,0,Black,White
43,5,98989,11,9,2,7,0,1,0,0,40,38,0,Amer-Indian-Eskimo,White
49,2,209146,11,9,2,13,0,1,0,0,40,38,0,White,White
32,3,275094,9,13,2,11,0,1,7688,0,55,25,1,White,Asian-Pac-Islander
24,2,214542,15,10,4,2,3,1,0,0,60,1,0,White,White
30,2,103435,11,9,0,6,4,1,0,0,40,38,0,White,White
39,2,56648,11,9,5,11,1,0,0,0,47,38,0,White,White
29,2,413227,9,13,4,7,1,1,0,0,35,38,0,White,White
44,2,184105,7,12,2,11,0,1,4386,0,40,38,1,White,White
25,2,395512,2,8,2,6,2,1,0,0,40,25,0,Other,White
71,5,26109,14,15,2,7,0,1,0,0,28,38,0,White,White
56,2,149686,6,5,6,6,4,0,0,0,40,38,0,White,Black
44,2,277488,15,10,2,6,0,1,3103,0,40,38,1,White,White
50,4,391016,9,13,0,3,1,1,0,0,30,38,0,White,White
40,2,125776,8,11,2,0,0,1,0,0,40,38,1,White,White
22,2,151790,15,10,2,11,5,0,0,0,30,10,0,White,White
39,2,188503,9,13,2,3,5,0,0,0,60,38,1,White,White
52,2,112959,15,10,6,11,1,0,0,0,40,38,0,White,White
59,2,230899,6,5,5,6,4,0,0,0,40,25,0,White,White
33,5,163110,9,13,4,9,1,1,0,0,20,38,0,White,White
42,2,219591,9,13,2,0,0,1,0,0,55,38,1,White,White
64,2,183513,11,9,4,0,1,0,0,0,25,38,0,White,White
64,2,146110,15,10,6,7,4,0,0,0,24,38,0,White,White
28,2,328518,9,13,4,0,1,1,0,0,40,38,0,White,White
30,2,287986,15,10,4,5,1,1,0,0,40,38,0,White,White
40,5,182460,12,14,2,9,5,0,0,0,38,2,1,Asian-Pac-Islander,Asian-Pac-Islander
40,2,196029,11,9,0,13,4,1,0,0,45,38,0,White,White
53,2,260106,11,9,6,11,1,0,0,0,30,38,0,White,White
27,2,145284,11,9,2,4,0,1,0,0,40,38,0,White,White
28,5,73211,15,10,2,0,0,1,0,0,20,38,0,Asian-Pac-Islander,White
23,2,242375,11,9,4,7,1,0,0,0,30,38,0,White,White
43,2,270522,11,9,5,7,1,0,0,0,26,38,0,White,White
33,2,114691,9,13,2,11,0,1,0,0,60,38,1,White,White
26,2,491862,8,11,4,3,1,0,0,0,40,38,0,Black,White
18,2,282394,15,10,4,11,3,0,0,0,21,38,0,Black,White
44,2,340885,9,13,2,6,0,1,0,1977,40,38,1,White,White
37,2,114605,11,9,2,4,0,1,0,0,40,38,0,White,White
27,2,42734,15,10,4,7,1,1,0,0,25,38,0,White,White
23,2,214120,11,9,4,8,3,1,0,0,40,38,0,White,White
33,2,175412,6,5,0,2,4,1,114,0,55,38,0,White,White
48,3,193188,9,13,2,3,0,1,0,0,40,38,1,White,White
23,5,215443,15,10,4,0,1,1,0,0,15,38,0,White,White
45,4,162923,11,9,2,2,0,1,0,0,60,38,0,White,White
53,2,278114,5,4,2,3,0,1,0,0,40,38,1,White,White
36,2,207568,11,9,2,2,0,1,0,0,50,38,0,White,White
33,2,124052,11,9,2,2,0,1,0,0,40,38,0,White,White
23,2,263899,15,10,4,0,3,1,0,0,20,13,0,Black,Black
27,2,188941,15,10,2,12,0,1,3908,0,40,38,0,White,White
40,2,374367,8,11,5,11,1,1,0,0,44,38,0,Black,White
52,3,206054,15,10,2,2,0,1,0,0,40,38,0,White,White
22,2,445758,4,3,4,5,1,1,0,0,40,25,0,White,White
36,2,210452,9,13,0,9,4,1,0,0,45,38,0,White,White
51,1,387250,9,13,2,0,0,1,0,0,50,38,1,White,White
46,2,123598,9,13,2,11,0,1,0,0,40,38,0,White,White
50,2,297906,15,10,2,11,0,1,0,0,50,38,1,Asian-Pac-Islander,White
42,2,350387,11,9,5,6,1,1,0,0,15,38,0,White,White
58,5,123329,11,9,4,0,1,0,0,0,16,38,0,White,White
45,2,270842,12,14,0,3,1,0,0,0,50,38,1,White,White
26,2,33610,11,9,4,13,3,1,0,0,40,38,0,White,White
36,2,321760,9,13,4,0,1,0,0,0,17,38,0,White,White
39,2,234901,7,12,5,0,4,1,0,0,40,38,0,White,White
57,2,120302,11,9,2,6,0,1,0,0,40,38,0,White,White
29,2,270379,11,9,4,3,4,0,0,0,40,38,0,Black,White
32,2,190511,15,10,2,3,0,1,0,0,40,38,1,White,White
31,1,226494,9,13,4,9,1,1,0,0,45,38,0,White,White
26,0,95806,15,10,4,2,1,1,3325,0,40,38,0,White,White
31,2,119033,11,9,2,2,0,1,0,0,40,38,0,White,White
58,2,194733,7,12,2,2,0,1,0,0,40,38,1,White,White
54,4,108933,11,9,2,2,0,1,0,0,35,38,0,White,White
41,2,372682,15,10,2,0,5,0,0,0,40,38,1,White,Black
45,2,195554,11,9,2,6,0,1,0,0,45,38,1,White,White
32,2,180296,15,10,0,0,4,0,0,0,40,38,0,White,White
38,2,169469,11,9,0,11,1,1,0,0,80,38,0,White,White
43,2,216497,9,13,0,0,4,0,0,0,40,10,0,White,White
47,2,254367,15,10,2,3,0,1,0,0,50,38,1,White,White
29,2,103628,15,10,2,0,5,0,0,0,40,38,1,White,White
50,2,177896,10,16,2,9,0,1,0,0,40,38,1,White,White
28,2,185127,15,10,4,12,1,1,0,0,54,38,0,White,White
50,2,234657,15,10,0,0,4,0,0,0,40,38,0,White,White
35,2,356238,7,12,4,7,1,0,0,0,80,38,1,White,White
42,2,29702,0,6,2,6,0,1,0,0,40,38,0,White,White
54,2,172281,12,14,0,12,1,1,0,0,40,38,1,White,White
36,2,203717,11,9,0,2,4,1,0,0,40,38,0,White,White
56,2,172071,11,9,0,7,4,0,0,0,40,22,0,Black,White
36,2,135289,11,9,2,6,0,1,0,0,45,38,0,White,White
43,1,293535,9,13,2,9,0,1,0,0,40,38,1,Black,White
22,2,341368,15,10,4,7,1,1,0,0,50,38,0,White,White
33,2,207267,0,6,5,7,4,0,3418,0,35,38,0,White,Black
44,2,210648,9,13,2,12,0,1,0,0,40,38,1,White,White
48,3,54190,14,15,2,9,0,1,15024,0,40,38,1,White,White
27,2,249315,11,9,2,11,0,1,0,0,60,38,0,White,White
33,2,200246,15,10,3,9,1,1,0,0,40,38,0,White,White
24,2,33088,1,7,4,5,1,1,0,0,40,38,0,White,White
42,2,126003,11,9,2,12,0,1,0,0,40,38,1,White,White
33,1,27959,11,9,4,7,4,1,0,0,40,38,0,Amer-Indian-Eskimo,White
52,2,191529,9,13,0,4,1,1,0,0,40,38,0,White,White
44,3,138991,15,10,2,3,0,1,0,0,50,38,1,White,White
39,2,315776,12,14,4,3,1,1,8614,0,52,38,1,Black,White
65,5,29276,5,4,6,7,2,0,0,0,24,38,0,White,White
28,2,54042,8,11,4,7,1,0,2463,0,35,38,0,White,White
34,2,483777,11,9,4,5,1,1,0,0,40,38,0,Black,White
18,2,104704,11,9,4,0,3,1,0,0,40,38,0,Black,White
28,2,54243,11,9,0,13,1,1,0,0,60,38,0,White,White
64,5,264544,12,14,2,9,5,0,0,0,5,38,1,White,White
51,1,26832,11,9,2,2,0,1,0,0,40,38,1,White,White
56,4,220187,15,10,2,7,0,1,0,0,45,38,1,White,White
40,2,187164,11,9,2,3,0,1,0,1672,45,38,0,White,White
23,2,161708,15,10,4,7,4,0,0,0,20,38,0,White,White
42,2,144002,11,9,0,13,1,1,0,0,50,38,0,White,White
34,1,101517,15,10,0,0,4,0,0,0,35,38,0,White,White
32,2,116677,11,9,2,2,0,1,0,0,40,38,0,White,White
28,2,147560,15,10,2,11,0,1,0,1902,55,38,1,White,White
48,2,197683,15,10,2,11,0,1,0,0,40,38,1,Black,White
29,2,112847,8,11,2,2,0,1,7298,0,32,38,1,Asian-Pac-Islander,White
41,1,153132,7,12,5,2,1,1,0,0,50,38,0,White,White
52,2,276515,9,13,2,7,0,1,0,0,40,4,0,White,White
38,2,223433,11,9,4,6,1,1,0,0,40,38,0,White,White
36,2,272944,9,13,2,3,0,1,0,1887,40,38,1,White,White
69,2,185691,1,7,2,0,0,1,0,0,20,38,0,White,White
67,5,132819,15,10,2,10,0,1,0,0,41,38,1,White,White
34,2,213226,9,13,2,9,0,1,0,0,40,19,1,White,Asian-Pac-Islander
26,2,284250,11,9,4,2,4,0,0,0,40,38,0,Black,Black
67,2,336163,11,9,2,5,0,1,0,0,24,38,0,White,White
37,5,24342,15,10,2,3,0,1,0,0,38,38,0,White,White
67,4,354405,11,9,6,7,1,0,0,0,20,38,0,White,White
32,2,209103,15,10,2,3,0,1,3464,0,40,38,0,White,White
27,2,161155,0,6,4,7,1,1,0,0,40,38,0,White,Black
25,2,38090,9,13,4,11,1,1,0,0,44,38,0,White,White
43,2,83411,15,10,2,11,0,1,0,0,50,38,1,White,White
38,1,84570,15,10,4,0,3,0,0,0,40,38,0,Amer-Indian-Eskimo,Amer-Indian-Eskimo
51,4,134447,11,9,2,2,0,1,0,0,70,38,0,White,White
19,2,87497,1,7,4,13,2,1,0,0,10,38,0,White,White
40,2,139193,11,9,0,2,1,1,0,0,40,38,0,White,White
44,2,325461,9,13,2,3,0,1,0,1902,50,38,1,White,White
64,1,202984,11,9,2,2,0,1,3137,0,40,38,0,White,White
47,5,187087,9,13,2,3,0,1,0,0,40,38,1,White,White
29,2,229729,11,9,4,13,1,1,0,0,40,38,0,White,White
22,2,189924,15,10,4,7,1,0,0,0,50,38,0,White,White
37,0,329088,11,9,2,0,0,1,0,0,40,38,0,Black,White
34,2,221167,7,12,2,0,5,0,0,0,40,38,1,White,White
45,3,120131,11,9,2,2,0,1,0,0,50,38,1,White,White
49,2,180899,12,14,0,3,4,1,0,1755,45,38,1,White,White
33,2,174789,11,9,2,2,0,1,0,0,40,38,0,White,White
21,2,198050,7,12,4,0,1,0,0,0,25,38,0,White,White
45,1,164427,9,13,0,9,4,0,0,0,40,38,0,White,Black
26,2,245465,7,12,4,11,3,1,0,0,30,38,0,White,White
31,2,241885,11,9,4,4,4,1,0,0,45,38,0,White,White
31,2,150309,9,13,5,3,1,0,0,0,70,38,0,White,White
37,1,223020,8,11,4,7,4,0,0,0,32,38,0,Black,Black
17,2,46496,1,7,4,7,3,1,0,0,5,38,0,White,White
44,2,111275,11,9,0,6,4,0,0,0,56,38,0,Black,White
37,2,167777,11,9,2,13,0,1,0,0,52,38,0,White,White
36,2,150042,11,9,4,0,3,0,0,0,40,38,0,White,Black
36,2,172129,6,5,2,5,0,1,0,0,40,38,0,White,White
62,2,123411,5,4,2,13,0,1,0,0,53,38,0,White,White
25,2,150553,6,5,3,0,4,0,0,0,40,39,0,Asian-Pac-Islander,Asian-Pac-Islander
21,2,109952,0,6,2,6,0,1,0,0,50,38,0,White,White
32,2,186788,11,9,2,13,0,1,0,0,40,38,0,White,White
41,2,308296,11,9,2,13,5,0,0,0,20,38,0,White,White
38,2,127601,15,10,6,3,1,0,0,0,40,38,1,White,White
48,4,107231,9,13,2,3,0,1,99999,0,50,38,1,White,White
38,0,137953,11,9,2,0,0,1,0,0,45,38,0,White,White
26,2,194352,9,13,4,9,3,0,0,0,40,38,0,White,White
35,3,196373,9,13,2,3,0,1,0,0,45,38,1,White,White
27,2,69757,15,10,4,0,1,0,0,0,60,38,0,White,White
20,2,382153,15,10,4,11,3,1,0,0,25,38,0,White,White
39,2,206298,15,10,0,0,1,0,0,0,40,38,0,White,Black
54,2,176240,12,14,2,13,0,1,7688,0,60,38,1,White,White
41,2,421871,11,9,2,2,0,1,0,0,40,38,1,Black,White
39,2,111499,9,13,4,3,1,0,0,0,40,38,0,White,White
34,4,175697,8,11,2,2,0,1,0,0,75,38,0,White,White
38,2,156550,11,9,2,2,0,1,0,0,60,38,0,White,White
34,2,34572,11,9,4,5,1,1,0,0,60,38,0,White,White
49,1,321851,7,12,0,0,1,0,0,0,30,38,0,White,White
31,2,106437,11,9,4,0,1,0,0,0,40,38,0,White,White
42,2,194537,11,9,0,6,4,0,0,0,40,38,0,White,White
27,2,42696,11,9,3,7,4,0,0,0,40,38,0,White,White
36,2,41624,0,6,2,2,0,1,0,0,70,25,0,White,White
47,4,479611,9,13,0,11,1,1,0,0,50,38,0,White,White
28,2,157391,9,13,4,11,3,0,0,0,40,38,0,White,White
59,2,160362,11,9,2,11,0,1,0,0,60,38,0,White,White
48,5,50748,9,13,0,0,4,0,0,0,40,38,0,White,White
22,2,110684,11,9,4,0,3,1,0,0,20,38,0,White,White
33,0,339388,7,12,0,7,4,1,0,0,40,38,0,White,White
21,2,334618,15,10,4,10,1,0,99999,0,40,38,1,Black,White
23,2,293565,0,6,4,5,1,1,0,0,40,38,0,White,White
32,2,207201,9,13,4,9,1,1,0,0,45,38,1,White,White
30,3,119422,15,10,2,3,0,1,0,0,70,38,0,White,White
25,2,143267,11,9,4,0,1,0,0,0,48,38,0,White,White
37,2,221850,12,14,2,3,0,1,0,0,50,6,1,White,White
25,2,255474,9,13,4,0,1,0,0,0,40,38,0,White,White
22,2,355686,15,10,4,0,1,0,0,0,40,38,0,White,White
25,2,120535,11,9,0,11,4,0,0,0,40,38,0,White,White
43,2,111483,15,10,2,11,0,1,7298,0,40,38,1,White,White
25,2,194897,11,9,4,11,3,1,6849,0,40,38,0,Amer-Indian-Eskimo,White
67,2,105216,15,10,6,0,1,0,0,0,25,38,0,White,White
41,2,279297,11,9,4,11,1,0,0,0,60,38,0,Black,White
39,2,121468,9,13,4,3,3,0,0,0,35,38,0,Asian-Pac-Islander,White
59,2,108765,11,9,2,13,0,1,0,0,50,38,0,White,White
49,2,151584,15,10,2,2,0,1,0,0,40,38,1,White,White
51,2,96062,15,10,2,11,0,1,0,1977,40,38,1,White,White
25,2,188767,11,9,4,2,3,1,0,0,40,38,0,White,White
22,3,153516,15,10,4,2,3,1,0,0,35,38,0,White,White
26,2,285004,9,13,4,3,1,1,0,0,35,34,0,Asian-Pac-Islander,Asian-Pac-Islander
33,2,162930,9,13,2,9,0,1,0,0,50,21,0,White,White
26,2,182178,15,10,2,2,0,1,2829,0,40,38,0,White,White
47,2,160647,11,9,4,4,4,0,0,0,46,38,0,White,White
46,2,189763,11,9,0,11,1,0,0,0,30,38,0,White,White
56,2,105281,11,9,6,11,1,0,0,1974,40,38,0,White,White
33,2,221324,8,11,4,6,4,0,0,0,40,38,0,Black,Black
66,2,22313,1,7,2,2,0,1,0,0,20,38,0,White,White
40,2,192344,9,13,2,0,0,1,0,0,40,38,1,White,White
28,2,232782,15,10,4,0,1,0,0,0,40,38,0,White,White
60,2,146674,0,6,2,5,0,1,0,0,40,38,0,Black,White
27,2,289484,15,10,4,0,3,0,0,0,40,38,0,White,White
39,2,348960,11,9,2,5,0,1,0,0,40,38,0,White,Black
21,2,313702,15,10,4,11,1,1,0,0,40,38,0,White,White
22,2,140001,9,13,4,0,1,1,0,0,40,38,0,White,White
18,2,60981,0,6,4,7,3,0,0,0,30,38,0,White,White
24,2,255474,1,7,2,11,0,1,0,0,40,38,0,White,White
48,0,100067,15,10,6,7,4,0,0,0,40,38,0,Black,White
42,2,378384,14,15,2,9,0,1,0,1902,60,38,1,White,White
37,2,326886,11,9,2,13,0,1,0,0,40,38,0,White,White
22,2,107882,11,9,4,9,3,0,0,0,20,38,0,White,White
56,3,70720,12,14,0,3,1,1,27828,0,60,38,1,White,White
45,2,243631,10,16,2,9,0,1,0,0,45,2,1,Asian-Pac-Islander,Asian-Pac-Islander
51,2,107123,5,4,2,13,0,1,0,0,40,38,0,Black,White
37,2,315291,9,13,4,0,2,0,0,0,40,38,0,Black,White
32,2,184833,0,6,5,2,4,0,0,0,40,38,0,White,White
35,2,376455,15,10,2,3,0,1,15024,0,60,38,1,White,White
42,2,209370,11,9,5,11,1,0,0,0,30,38,0,White,White
33,2,227282,11,9,2,13,0,1,0,0,60,38,0,White,White
43,5,167298,11,9,0,3,4,0,0,0,40,38,0,White,White
47,5,118447,9,13,2,9,0,1,0,0,60,38,1,White,White
34,5,252529,9,13,4,9,1,1,0,0,48,38,0,White,White
37,3,27997,11,9,4,13,1,1,0,0,50,38,0,White,White
38,2,242559,11,9,4,0,1,0,0,0,38,38,0,White,White
21,2,199698,11,9,4,4,3,1,0,0,45,38,0,White,White
40,2,46990,10,16,2,9,5,0,0,1977,20,38,1,White,White
40,4,34007,11,9,2,4,0,1,0,0,70,38,1,White,White
34,2,96480,15,10,5,3,4,0,0,0,40,38,0,White,Black
50,2,151580,7,12,2,2,0,1,0,0,45,38,0,White,White
40,4,117721,11,9,2,4,0,1,0,0,60,38,0,White,White
55,4,189933,5,4,2,4,0,1,0,0,50,38,0,White,White
54,4,109413,9,13,2,4,0,1,0,0,50,38,0,White,White
18,2,142647,15,10,4,7,3,0,0,0,20,38,0,White,White
61,2,197286,6,5,2,2,0,1,0,0,40,38,0,White,White
29,2,34292,11,9,4,7,3,1,0,0,38,38,0,White,White
45,2,168837,15,10,2,0,5,0,0,0,24,1,1,White,White
34,2,112584,0,6,0,7,4,0,0,0,38,38,0,White,White
32,2,604506,11,9,2,13,3,1,0,0,72,25,0,White,White
37,2,70240,11,9,4,7,3,0,0,0,40,29,0,Asian-Pac-Islander,Asian-Pac-Islander
35,2,183898,11,9,0,2,4,1,2354,0,40,38,0,White,White
38,2,60313,11,9,4,2,1,1,0,0,40,38,0,White,White
45,4,192203,15,10,2,2,0,1,0,1485,40,38,1,White,White
46,5,265554,11,9,4,13,1,1,0,0,40,38,0,Black,White
27,2,311446,11,9,2,0,5,0,5178,0,40,38,1,White,White
28,2,205337,11,9,2,6,0,1,0,0,40,38,0,White,White
19,2,141868,11,9,4,13,3,1,0,0,40,38,0,White,White
27,1,66824,9,13,4,9,1,0,3325,0,43,38,0,Amer-Indian-Eskimo,White
42,2,107762,12,14,2,9,0,1,0,0,40,38,1,White,White
19,2,446219,0,6,4,11,4,0,0,0,40,38,0,Black,Black
46,2,383384,11,9,2,9,0,1,0,0,40,38,0,White,White
27,2,279580,9,13,4,11,1,1,10520,0,45,38,1,White,White
39,2,195253,11,9,2,6,0,1,0,0,40,38,1,White,White
45,2,101320,11,9,0,0,4,0,0,0,40,38,0,White,White
38,2,111398,9,13,2,9,5,0,7688,0,40,38,1,White,White
31,2,595000,11,9,4,5,2,0,0,0,35,38,0,Black,Black
40,1,101795,11,9,4,10,1,1,0,0,42,38,0,White,White
56,2,175127,0,6,2,5,0,1,0,0,40,38,0,White,White
35,2,108140,9,13,2,3,0,1,0,0,40,38,1,White,White
40,2,190044,7,12,2,7,0,1,0,0,40,38,0,White,White
23,2,291407,15,10,4,11,3,1,0,0,25,38,0,Black,White
60,2,82775,15,10,2,11,0,1,0,0,55,38,0,White,White
29,2,93662,15,10,0,9,4,0,0,0,24,38,0,White,White
48,2,205424,9,13,0,11,4,1,0,0,40,38,1,White,Black
21,2,207103,11,9,4,5,3,1,0,0,40,38,0,White,White
29,4,109001,15,10,2,2,0,1,0,0,35,38,0,White,White
49,2,360491,11,9,6,0,4,0,0,0,40,38,0,White,White
59,2,191965,1,7,2,7,5,0,3908,0,28,38,0,White,White
32,4,97723,8,11,4,2,1,1,0,0,40,38,0,White,White
40,2,198873,14,15,2,9,5,0,15024,0,30,38,1,White,White
31,2,197860,11,9,4,7,1,1,0,0,40,38,0,White,White
52,2,145166,9,13,2,3,0,1,15024,0,55,38,1,White,White
35,2,217274,15,10,2,6,0,1,0,0,50,38,0,White,White
40,2,218903,11,9,0,12,4,0,0,0,40,38,0,White,White
37,2,113120,8,11,0,9,1,0,0,0,40,38,0,White,White
33,2,25610,7,12,2,11,0,1,0,0,40,23,1,Other,Asian-Pac-Islander
32,2,193260,15,10,2,6,0,1,0,0,40,29,0,Asian-Pac-Islander,Asian-Pac-Islander
33,2,280111,1,7,4,0,4,0,0,0,38,38,0,Black,White
47,2,85129,11,9,0,7,1,0,0,0,40,38,0,Asian-Pac-Islander,White
29,2,100579,8,11,0,3,1,0,0,0,40,38,0,White,White
36,2,280169,12,14,2,3,0,1,0,0,50,38,1,White,White
30,1,83066,11,9,2,7,0,1,0,0,40,38,0,Black,White
67,0,65475,11,9,2,12,0,1,0,0,40,38,1,White,White
46,3,235320,12,14,0,11,1,1,0,0,60,38,1,White,White
31,2,87950,8,11,0,11,1,0,0,0,40,38,0,Amer-Indian-Eskimo,White
36,2,410034,7,12,2,2,0,1,0,0,45,38,0,White,White
38,4,108947,15,10,2,6,0,1,7688,0,40,38,1,White,White
46,2,108699,15,10,0,11,1,0,0,0,40,38,0,White,White
55,2,381965,9,13,2,2,2,1,0,0,40,38,0,White,White
30,2,118861,15,10,2,0,0,1,0,0,50,38,1,Asian-Pac-Islander,White
57,2,217886,11,9,6,0,1,0,0,0,36,38,0,White,White
47,1,166863,11,9,2,3,0,1,0,0,40,38,1,White,White
40,2,147206,11,9,2,2,0,1,0,0,40,38,1,White,White
29,2,134152,11,9,5,6,1,1,0,0,40,38,0,White,White
29,4,164607,11,9,2,2,0,1,0,0,40,38,0,White,White
33,2,208405,12,14,2,9,0,1,0,0,50,38,1,White,White
24,2,169129,15,10,4,9,1,1,0,0,40,38,0,White,White
47,2,109089,15,10,2,9,0,1,0,0,70,38,0,White,White
35,2,117381,9,13,0,11,1,1,0,0,40,38,0,White,White
63,4,122442,15,10,2,7,0,1,0,0,48,38,0,White,White
36,2,210945,9,13,2,9,0,1,0,0,40,38,1,White,White
27,2,32519,15,10,2,11,0,1,0,0,55,34,0,Asian-Pac-Islander,Asian-Pac-Islander
55,2,129173,11,9,4,5,1,1,0,0,40,38,0,Black,White
24,4,37440,9,13,4,4,4,1,0,0,50,38,0,White,White
34,5,20057,15,10,3,0,4,0,0,0,38,29,0,Asian-Pac-Islander,Asian-Pac-Islander
47,2,195978,11,9,2,2,0,1,0,0,40,38,1,White,White
20,2,380544,7,12,4,13,3,1,0,0,20,38,0,White,White
58,4,164065,12,14,0,11,1,1,0,0,18,38,0,White,White
51,2,139347,11,9,2,0,5,0,7688,0,40,38,1,White,White
58,2,119558,11,9,2,3,0,1,0,0,50,38,1,White,White
55,4,170350,11,9,0,7,2,0,0,0,40,38,0,White,White
73,3,80986,11,9,2,11,0,1,0,0,20,38,0,White,White
46,2,182689,15,10,2,11,0,1,0,0,40,38,0,White,White
36,2,256636,11,9,0,3,1,1,0,0,40,38,0,White,White
23,2,224640,15,10,4,3,1,0,0,0,40,38,0,White,White
26,2,162312,15,10,4,0,1,1,0,0,20,29,0,Asian-Pac-Islander,Asian-Pac-Islander
17,2,108470,1,7,4,7,3,1,0,0,17,38,0,Black,White
41,2,323790,11,9,0,5,4,1,0,0,55,38,0,White,White
48,2,159726,11,9,2,13,0,1,0,0,55,38,1,White,White
59,1,147707,11,9,6,4,4,1,0,2339,40,38,0,White,White
29,4,189346,15,10,0,2,1,1,2202,0,50,38,0,White,White
51,2,284211,11,9,6,9,4,0,0,0,35,38,0,White,Black
27,2,225291,15,10,4,0,1,0,0,0,40,38,0,White,White
44,1,68318,12,14,4,9,3,0,0,0,55,38,0,White,White
23,1,430828,15,10,5,3,4,1,0,0,40,38,0,Black,White
43,2,191982,8,11,4,0,3,0,0,0,55,38,0,White,White
35,2,194690,5,4,0,12,4,0,0,0,40,38,0,White,White
29,2,150717,8,11,4,3,1,1,0,0,40,38,0,White,White
17,2,47771,1,7,4,9,3,0,0,0,20,38,0,White,White
29,2,209472,11,9,2,6,0,1,0,0,38,38,0,White,White
30,2,35644,11,9,4,7,3,1,0,0,10,38,0,White,White
30,3,109282,9,13,2,11,0,1,0,0,52,38,1,White,White
23,2,211049,15,10,4,12,1,0,4101,0,40,38,0,White,White
27,2,333990,8,11,4,3,3,0,0,0,40,38,0,White,Black
23,2,174626,11,9,4,5,3,1,0,0,25,38,0,White,Black
45,2,341762,12,14,2,3,0,1,0,0,65,38,1,White,White
22,1,123727,15,10,4,9,1,0,0,0,21,38,0,White,White
29,2,228860,15,10,2,3,0,1,0,1887,50,38,1,White,White
60,2,151369,12,14,2,3,0,1,0,0,60,38,1,White,White
25,2,109419,11,9,4,0,3,0,0,0,40,38,0,White,White
30,2,174215,10,16,4,9,1,0,0,0,15,38,0,White,White
31,2,34572,8,11,2,5,0,1,0,0,45,38,0,White,White
62,2,174201,6,5,6,7,4,0,0,0,25,38,0,Black,Black
20,2,91733,15,10,4,11,3,0,0,0,8,38,0,White,White
22,2,214399,15,10,4,11,3,0,0,0,15,38,0,White,White
41,0,168294,11,9,2,0,0,1,5178,0,40,38,1,White,White
56,2,116143,9,13,2,0,0,1,5178,0,44,38,1,White,White
46,2,428350,11,9,2,7,3,0,0,0,15,38,0,White,White
58,2,289364,15,10,2,3,0,1,7688,0,45,38,1,White,White
30,2,118056,15,10,3,3,4,0,0,0,45,38,0,White,White
32,2,192965,11,9,5,11,1,0,0,0,45,38,0,White,White
41,2,225193,11,9,2,11,0,1,0,0,40,38,0,White,White
30,2,80625,9,13,4,3,1,1,0,0,40,38,0,White,White
32,2,244147,11,9,4,2,4,1,0,0,10,38,0,White,White
31,2,199655,12,14,0,7,1,0,0,0,30,38,0,Other,White
56,1,216824,14,15,2,0,0,1,0,0,40,29,1,Asian-Pac-Islander,Asian-Pac-Islander
29,2,340534,11,9,4,0,1,0,0,0,44,38,0,White,White
37,4,112497,12,14,2,3,0,1,0,0,50,38,1,White,White
38,2,153976,11,9,2,2,0,1,0,0,40,38,0,White,White
38,5,220421,9,13,4,3,1,0,0,0,40,38,0,White,White
38,5,364958,11,9,2,0,0,1,3464,0,40,38,0,White,White
42,1,193537,5,4,3,7,1,0,0,0,35,32,0,White,White
22,2,150175,15,10,4,0,3,0,0,0,20,38,0,White,White
29,2,138190,11,9,4,11,4,0,0,1138,40,38,0,Black,Black
56,2,247119,5,4,6,6,4,0,0,0,40,5,0,Other,White
50,2,173630,11,9,2,4,0,1,0,0,35,38,0,White,White
50,0,111700,12,14,4,3,1,0,0,0,50,38,0,White,White
36,2,187983,9,13,2,9,5,0,0,0,40,38,0,White,White
31,2,162160,11,9,2,2,0,1,0,0,47,38,0,White,White
60,2,223696,3,2,0,2,1,1,0,0,38,5,0,Other,White
24,2,341294,11,9,2,6,0,1,0,0,40,38,0,White,White
38,0,190174,11,9,0,9,4,0,0,0,40,38,0,White,White
40,5,150533,9,13,2,9,2,1,0,0,40,38,0,White,White
47,2,131002,9,13,2,9,0,1,0,0,50,38,1,White,White
24,2,179627,11,9,2,6,0,1,0,0,40,38,0,White,White
44,1,177240,14,15,4,9,1,1,10520,0,40,38,1,White,White
37,2,231180,11,9,2,6,0,1,0,0,40,38,0,White,White
41,2,84610,9,13,2,3,0,1,0,1902,60,38,1,White,White
38,2,368140,9,13,2,3,0,1,0,0,50,38,1,White,White
26,2,31143,15,10,4,2,1,1,0,0,40,38,0,White,White
29,2,227890,11,9,4,10,2,1,0,0,40,38,0,Black,White
38,0,125933,12,14,2,9,0,1,0,0,40,19,1,White,Asian-Pac-Islander
27,2,96226,11,9,2,2,0,1,0,0,70,38,0,White,White
21,2,387335,15,10,4,12,3,0,0,1719,9,38,0,White,White
62,5,265201,9,13,0,9,1,1,0,0,40,38,0,White,White
18,2,100875,1,7,4,7,4,0,0,0,28,38,0,White,White
54,1,172991,11,9,2,13,0,1,0,0,40,38,0,White,White
28,0,329426,9,13,4,3,1,1,0,0,40,38,0,White,White
36,2,49837,15,10,0,9,1,0,0,0,40,38,0,White,White
44,2,225879,15,10,2,0,5,0,0,0,30,25,1,Other,White
40,3,104235,12,14,4,7,3,1,0,0,99,38,0,White,White
21,2,195532,11,9,4,0,4,0,0,0,40,38,0,White,White
37,2,138441,11,9,0,13,1,1,0,0,40,38,0,White,White
28,1,50512,9,13,4,9,1,0,2202,0,50,38,0,White,White
25,2,167835,9,13,4,3,1,0,3325,0,40,38,0,White,White
25,2,206600,6,5,4,6,2,1,0,0,48,25,0,White,White
32,2,206541,8,11,2,12,0,1,0,0,45,38,1,White,White
23,2,433669,7,12,4,0,1,1,0,0,40,38,0,White,White
52,2,146567,11,9,0,6,1,1,14344,0,40,38,1,Black,White
64,0,271550,15,10,2,13,0,1,0,0,40,38,1,White,White
24,2,280134,0,6,4,11,1,1,0,0,49,7,0,White,White
33,2,301867,15,10,4,0,4,0,0,0,35,38,0,Asian-Pac-Islander,Black
38,1,37931,11,9,2,10,0,1,0,0,40,38,1,White,White
38,5,200289,10,16,2,9,0,1,0,0,40,35,0,Asian-Pac-Islander,Asian-Pac-Islander
45,2,294671,8,11,2,2,0,1,4386,0,38,38,1,White,White
61,2,83045,6,5,2,6,0,1,0,0,40,38,0,White,White
53,3,263925,11,9,2,11,0,1,99999,0,40,38,1,White,White
41,1,488706,15,10,2,5,0,1,0,0,40,38,0,White,White
32,2,90705,11,9,2,13,0,1,0,0,60,38,1,White,White
25,2,485496,11,9,4,6,1,0,0,0,40,38,0,Black,White
36,2,415578,15,10,2,2,0,1,0,0,40,38,1,White,White
51,1,97005,5,4,2,13,0,1,0,0,40,38,0,White,White
45,0,181970,11,9,2,0,0,1,0,1672,40,38,0,White,White
25,2,264012,9,13,2,0,0,1,0,0,45,38,1,White,White
43,2,198965,15,10,2,11,0,1,0,0,38,38,1,White,White
39,1,45607,11,9,2,10,0,1,0,0,56,38,0,White,White
37,1,221740,9,13,2,9,5,0,0,0,30,38,1,White,White
43,2,245056,11,9,2,0,0,1,0,0,40,38,1,Black,White
60,1,232769,1,7,2,13,0,1,0,0,20,38,0,White,White
37,2,42044,11,9,0,3,1,1,0,0,35,38,0,White,White
38,2,470663,9,13,4,3,1,1,0,0,50,38,0,White,White
19,2,97189,15,10,4,11,3,0,0,0,22,38,0,White,White
33,2,217460,7,12,2,9,0,1,0,0,40,38,1,White,White
29,2,218785,15,10,2,0,5,0,0,0,65,38,0,White,White
55,2,49996,1,7,4,6,1,0,0,0,40,38,0,Black,White
23,2,129042,11,9,4,6,4,0,0,0,40,38,0,Black,Black
34,2,35595,8,11,2,12,0,1,0,0,40,38,0,White,White
17,2,47199,1,7,4,8,3,0,0,0,24,38,0,White,White
41,2,86399,15,10,5,0,1,0,0,0,38,38,0,White,White
37,2,222450,1,7,3,7,2,1,0,0,40,7,0,White,White
66,2,114447,8,11,6,9,1,0,0,0,35,38,0,White,White
21,4,304602,8,11,4,4,3,1,0,0,98,38,0,White,White
19,2,248339,11,9,4,2,3,1,0,0,35,38,0,White,White
44,2,151294,15,10,6,11,1,0,0,0,25,38,0,White,White
28,2,227778,8,11,4,7,2,1,0,0,40,38,0,Black,Black
44,5,33658,12,14,2,9,0,1,7688,0,50,38,1,White,White
29,2,202182,15,10,2,2,0,1,0,0,50,38,0,White,White
40,2,257364,15,10,0,7,1,1,0,0,45,38,0,White,White
39,2,50700,11,9,2,9,0,1,0,0,40,38,0,White,White
35,2,229328,11,9,2,6,5,0,0,0,40,38,0,Black,White
34,2,331126,11,9,4,7,4,1,0,0,30,38,0,Black,Black
34,2,351810,9,13,4,9,1,0,0,0,45,4,0,White,White
44,2,240043,0,6,3,0,4,0,0,0,30,38,0,Black,White
47,4,77102,12,14,0,9,1,1,0,0,40,38,0,White,White
47,2,266281,1,7,4,6,4,0,6849,0,40,38,0,Black,Black
23,4,121313,11,9,4,2,3,1,0,0,40,38,0,White,White
55,2,408537,6,5,0,2,4,0,99999,0,37,38,1,White,White
33,2,166961,1,7,5,11,3,0,0,0,20,38,0,White,White
40,4,266324,15,10,0,3,2,1,0,1564,70,19,1,White,White
20,4,186014,15,10,4,0,3,0,0,0,12,10,0,White,White
54,2,29909,1,7,2,7,5,0,0,0,43,38,0,White,White
25,2,192149,9,13,4,0,3,0,0,0,40,38,0,White,White
44,4,216921,0,6,2,7,0,1,0,0,70,38,0,White,White
47,2,67716,11,9,2,11,0,1,0,0,40,38,1,White,White
45,2,180309,15,10,0,6,4,0,0,0,40,38,0,White,White
57,2,73411,15,10,2,2,0,1,0,0,40,38,1,White,White
20,2,38772,0,6,4,5,4,1,0,0,50,38,0,White,White
39,2,273362,11,9,2,2,0,1,0,0,40,38,1,White,White
38,2,245090,11,9,2,2,0,1,0,0,40,26,0,White,White
45,2,146497,15,10,6,3,4,0,0,0,55,38,0,White,Black
49,2,125421,11,9,0,0,4,0,0,0,38,38,0,White,White
56,2,191917,7,12,0,0,4,0,4101,0,40,38,0,White,White
26,5,294400,11,9,2,10,0,1,0,0,38,38,0,White,White
25,2,255647,11,9,2,7,5,0,0,0,25,25,0,White,White
34,2,316470,15,10,4,0,1,1,0,0,40,38,0,White,White
41,2,56795,12,14,2,9,5,0,0,0,45,8,0,White,White
45,2,185397,7,12,0,2,1,1,0,0,40,38,0,White,White
37,1,189878,15,10,2,10,0,1,0,0,60,38,0,White,White
43,1,247514,12,14,0,9,4,1,0,0,40,38,0,White,White
39,2,339442,11,9,5,6,1,1,2176,0,40,38,0,Black,Black
34,2,69251,11,9,2,13,0,1,0,0,40,38,1,Asian-Pac-Islander,White
54,2,457237,12,14,2,11,0,1,0,0,40,38,0,White,White
36,1,61299,15,10,2,2,0,1,0,0,40,38,0,White,White
32,2,97723,15,10,4,2,1,1,0,0,38,38,0,White,White
41,2,207578,7,12,2,3,0,1,0,0,50,18,1,Black,White
37,3,199265,15,10,2,3,0,1,0,0,50,38,0,White,White
48,2,355320,9,13,2,9,0,1,0,0,45,1,1,White,White
34,2,143699,11,9,2,11,5,0,0,0,15,38,0,White,White
35,2,219546,15,10,4,2,1,1,0,0,45,10,0,White,White
25,2,236242,14,15,4,9,1,0,0,0,30,38,0,White,White
33,2,34574,11,9,2,13,0,1,0,0,43,38,0,White,White
49,4,182211,11,9,6,4,1,1,0,0,55,38,0,White,White
30,3,127651,11,9,2,2,0,1,0,1887,48,38,1,White,White
23,2,210797,15,10,2,2,0,1,0,0,40,38,0,White,White
65,2,105491,9,13,2,3,0,1,99999,0,40,38,1,White,White
57,3,107617,11,9,5,4,1,1,0,0,60,38,1,White,White
59,3,349910,7,12,2,2,0,1,0,0,40,38,0,White,White
33,2,155475,11,9,2,11,0,1,0,0,40,38,0,White,White
32,2,113688,8,11,0,3,1,0,0,0,50,38,0,White,White
20,2,249543,15,10,4,10,3,0,0,0,16,38,0,White,White
36,2,188069,15,10,2,3,0,1,0,0,50,38,1,White,White
22,4,210165,15,10,4,2,1,1,0,0,40,38,0,White,White
25,2,104193,11,9,4,7,3,0,114,0,40,38,0,White,White
43,2,184846,11,9,6,6,4,0,0,0,60,38,0,White,White
19,2,228238,11,9,4,6,2,1,0,0,40,25,0,White,White
23,2,121471,9,13,4,0,1,0,0,0,40,38,0,White,White
55,2,194290,11,9,0,2,1,1,0,0,40,38,0,White,White
24,2,92609,9,13,4,3,3,1,0,0,45,38,0,White,White
46,2,292504,15,10,3,11,4,0,0,0,40,38,0,White,Black
49,4,179048,11,9,2,11,0,1,0,0,60,11,0,White,White
35,2,282979,11,9,2,11,0,1,5178,0,50,38,1,White,White
32,2,136935,11,9,4,7,4,0,0,0,13,38,0,Black,Black
58,5,69579,15,10,6,9,1,0,0,0,20,38,0,White,White
45,2,33794,12,14,2,7,0,1,0,0,40,38,0,White,White
39,2,206951,9,13,2,9,0,1,0,0,40,38,1,White,White
36,2,175759,11,9,0,3,4,1,0,0,40,38,0,White,White
29,2,220692,8,11,4,3,1,0,0,0,40,38,0,Black,White
39,2,47871,9,13,0,3,4,0,0,0,50,38,1,White,White
27,2,161087,11,9,2,9,5,0,0,0,40,38,0,Black,White
49,2,208978,11,9,0,0,4,0,0,0,16,38,0,White,White
20,2,157541,15,10,4,7,3,1,0,0,27,38,0,White,Black
51,2,269080,5,4,6,7,4,0,0,0,40,38,0,Black,Black
20,2,94744,11,9,4,0,3,0,0,0,20,38,0,Black,White
35,5,216035,11,9,2,10,0,1,0,0,40,38,0,White,White
44,2,191256,11,9,2,13,0,1,0,0,65,38,1,White,White
49,2,114797,9,13,0,3,4,0,0,0,40,38,0,Black,White
55,2,160662,10,16,2,3,0,1,0,0,80,38,1,White,White
30,2,222162,11,9,2,5,0,1,0,0,66,38,0,White,White
45,4,341117,15,10,0,9,1,0,0,0,50,38,0,White,White
40,2,221172,12,14,2,3,0,1,0,0,65,38,1,White,White
21,2,136610,2,8,4,5,3,1,0,0,32,38,0,White,White
40,4,238574,14,15,2,9,0,1,0,0,55,38,1,White,White
40,2,85995,0,6,2,6,0,1,0,0,40,38,1,White,White
47,5,223944,15,10,2,0,5,0,0,0,30,38,0,White,White
37,2,206699,11,9,0,12,3,1,0,0,45,38,0,White,White
28,2,108574,15,10,4,7,1,0,0,0,40,38,0,White,White
40,2,119493,15,10,4,3,3,0,0,0,40,38,0,White,White
45,2,195949,11,9,2,2,0,1,0,0,40,38,0,White,White
33,3,132601,11,9,2,2,0,1,0,0,40,38,1,White,White
30,4,303692,11,9,2,3,0,1,0,0,75,38,0,White,White
38,2,241153,12,14,2,3,0,1,0,0,48,38,1,White,White
39,1,203482,12,14,2,9,0,1,7298,0,40,38,1,White,White
49,2,171301,11,9,2,6,5,0,0,0,40,38,0,Black,Black
36,1,175255,11,9,2,7,5,0,0,0,35,38,0,White,White
23,1,220912,9,13,4,9,1,0,0,0,40,38,0,Black,White
39,2,49436,7,12,0,9,4,0,0,1380,40,38,0,White,White
19,2,69151,6,5,4,5,3,1,0,0,25,38,0,White,Black
19,2,228939,11,9,4,5,3,1,0,0,35,38,0,White,White
53,0,276868,12,14,2,0,0,1,0,0,40,38,1,White,White
22,5,347803,15,10,4,0,1,1,0,0,20,38,0,Other,White
30,2,108386,7,12,2,2,0,1,0,0,40,38,0,White,White
42,2,245626,11,9,2,2,0,1,0,0,60,38,0,Amer-Indian-Eskimo,White
33,1,154874,15,10,2,10,0,1,0,0,40,38,0,White,White
37,2,208391,15,10,2,13,0,1,0,0,40,38,1,White,White
31,2,152940,15,10,2,2,0,1,0,0,40,38,0,White,White
20,2,324469,15,10,4,6,1,0,0,0,40,38,0,White,White
36,1,95855,12,14,2,9,5,0,0,0,60,38,1,White,White
32,2,193042,9,13,2,11,0,1,0,0,44,38,0,White,White
53,2,608184,9,13,2,3,0,1,0,1902,40,38,1,Black,White
54,2,35459,11,9,4,11,1,1,0,0,40,38,0,White,White
28,2,119793,15,10,4,0,3,1,0,0,40,38,0,White,White
36,2,268292,11,9,2,2,0,1,0,0,41,38,0,White,White
46,2,134727,1,7,0,6,4,1,0,0,43,10,0,Amer-Indian-Eskimo,White
44,2,139907,15,10,4,11,3,1,0,0,50,38,0,White,White
36,3,183898,9,13,0,11,1,1,0,0,60,38,0,White,White
30,2,209691,5,4,0,13,1,1,0,0,40,38,0,White,White
33,2,333701,8,11,4,7,4,1,0,0,40,38,0,Black,Black
52,2,114228,11,9,0,2,1,1,3325,0,40,38,0,White,White
31,1,83671,15,10,4,0,1,0,0,0,40,38,0,Black,White
61,2,162391,5,4,2,13,0,1,0,1651,40,38,0,White,White
53,5,143822,12,14,2,9,0,1,0,0,36,38,1,White,White
37,4,348960,7,12,2,13,0,1,0,0,50,38,1,White,White
46,0,340718,1,7,6,0,1,0,0,0,40,38,0,White,White
26,2,240842,11,9,4,6,4,0,0,0,40,38,0,Black,Black
43,2,69758,7,12,2,12,0,1,0,0,40,38,0,Asian-Pac-Islander,White
37,2,38948,11,9,2,13,0,1,0,0,50,38,0,White,White
18,2,98667,1,7,4,7,3,0,0,0,16,38,0,White,White
37,2,89559,11,9,0,0,4,0,0,0,40,38,0,White,White
18,2,240747,11,9,4,6,3,0,0,0,40,5,0,White,White
61,4,268831,11,9,2,11,0,1,0,0,53,38,0,White,White
44,1,136986,12,14,2,9,0,1,15024,0,35,38,1,White,White
27,4,151402,11,9,2,4,0,1,0,1573,70,38,0,White,White
27,2,209891,15,10,4,5,1,1,0,0,50,38,0,Black,White
30,2,340917,15,10,2,6,0,1,0,0,40,38,0,White,White
33,4,520078,7,12,0,11,4,1,0,0,60,38,0,Black,White
27,2,588905,11,9,2,2,0,1,0,0,40,38,0,White,White
50,2,93690,11,9,2,13,0,1,0,0,40,38,1,White,White
27,5,230922,12,14,4,3,1,1,0,0,40,33,0,White,Asian-Pac-Islander
25,2,53903,15,10,2,2,0,1,0,0,40,38,0,White,Black
28,2,144063,11,9,2,3,0,1,0,0,40,38,0,White,White
39,2,184659,11,9,2,6,0,1,0,0,40,38,0,White,White
38,1,745768,15,10,0,3,4,0,0,0,45,38,0,Black,White
40,2,225432,15,10,2,6,0,1,0,0,45,38,0,White,White
45,5,37672,8,11,0,12,4,0,0,0,40,38,0,White,White
44,2,111275,11,9,4,7,4,0,0,0,38,38,0,Black,Black
26,2,212304,5,4,4,6,3,1,0,0,48,38,0,White,White
74,2,211075,11,9,2,7,0,1,0,0,30,38,0,White,White
29,2,246974,8,11,4,12,1,1,0,0,40,38,0,White,White
36,2,146412,15,10,0,0,4,0,0,0,40,38,0,White,White
39,2,169249,11,9,5,7,2,1,0,0,40,38,0,Black,White
33,2,203488,15,10,0,11,1,1,0,0,40,38,0,White,White
41,2,331651,14,15,2,3,5,0,0,0,50,23,1,White,Asian-Pac-Islander
37,2,203070,15,10,5,0,3,1,0,0,62,38,0,White,White
29,2,179498,11,9,2,3,0,1,0,0,40,10,0,White,White
25,2,262978,15,10,4,11,1,1,0,0,30,38,0,White,White
24,2,170277,11,9,4,7,1,0,0,0,35,38,0,White,White
58,2,293399,1,7,6,6,1,0,0,0,40,38,0,White,White
42,2,194636,9,13,2,9,0,1,0,0,45,38,1,White,White
51,2,157043,1,7,6,5,4,0,0,0,40,38,0,Black,Black
25,2,124111,15,10,4,0,3,0,0,0,40,38,0,White,White
40,4,34037,11,9,4,4,1,1,0,0,70,38,0,White,White
38,1,123983,9,13,4,3,4,1,0,1741,40,39,0,Asian-Pac-Islander,White
37,5,103474,11,9,4,7,3,0,0,0,40,38,0,White,White
26,2,104045,9,13,4,3,1,0,0,0,40,38,0,White,White
53,4,137547,14,15,4,9,1,1,27828,0,40,29,1,Asian-Pac-Islander,Asian-Pac-Islander
30,2,345122,14,15,2,9,0,1,0,0,50,38,0,White,White
29,2,229656,11,9,0,0,4,0,0,0,50,38,0,White,White
51,2,63424,12,14,2,9,5,0,0,0,40,38,1,White,White
40,2,109762,15,10,0,2,4,1,0,0,40,38,0,White,White
23,1,40021,15,10,0,0,4,0,0,0,70,38,0,White,White
58,1,205267,9,13,2,9,5,0,0,0,40,38,1,White,White
47,1,126754,12,14,2,9,0,1,0,0,40,38,1,White,White
55,4,141409,0,6,2,11,0,1,7688,0,50,38,1,White,White
29,2,301031,11,9,2,13,0,1,0,0,40,38,0,Black,White
30,2,191385,1,7,2,6,0,1,0,0,40,38,0,White,Black
26,2,322614,13,1,3,6,1,1,0,1719,40,25,0,White,White
35,1,387777,7,12,2,10,0,1,0,0,52,38,0,White,White
47,2,178341,9,13,2,11,0,1,4064,0,60,38,0,White,White
60,2,199378,11,9,2,2,0,1,0,0,40,38,0,White,White
31,2,594187,11,9,2,6,0,1,0,0,40,38,0,White,White
60,2,31577,11,9,2,13,0,1,0,0,60,38,1,White,White
30,2,188398,11,9,3,0,1,0,0,0,30,38,0,White,White
45,4,58683,15,10,2,13,0,1,0,0,40,38,0,White,White
52,2,259583,11,9,2,0,0,1,0,0,40,38,0,White,White
54,1,279881,8,11,2,13,0,1,0,0,40,38,0,Black,White
41,0,34178,9,13,0,9,1,1,0,0,40,38,0,White,White
54,1,173050,12,14,2,9,0,1,7688,0,40,38,1,White,White
27,2,330132,9,13,2,12,5,0,0,0,40,38,1,White,White
40,2,184655,7,12,4,7,2,1,0,0,25,38,0,White,White
49,2,30219,11,9,0,2,1,1,0,1669,40,38,0,White,White
37,5,252939,8,11,4,9,4,0,5455,0,40,38,0,Black,Black
24,2,223515,11,9,2,2,0,1,0,0,45,38,0,White,White
42,2,227397,9,13,2,0,5,0,0,0,40,38,1,White,White
18,2,166889,15,10,4,5,3,0,0,1602,35,38,0,Black,White
20,2,270517,11,9,4,7,3,0,0,0,40,25,0,White,White
59,2,147989,15,10,2,12,0,1,0,0,50,38,1,White,White
24,2,420779,11,9,2,4,0,1,0,0,35,38,0,Black,White
34,2,209691,8,11,2,9,0,1,4386,0,50,38,1,White,White
26,4,68729,11,9,4,11,2,1,0,0,50,38,1,Asian-Pac-Islander,White
48,2,105808,6,5,6,13,4,1,0,0,40,38,1,White,White
59,4,148526,15,10,2,11,0,1,0,0,40,38,0,White,White
42,2,143046,9,13,4,9,1,0,0,1564,38,38,1,White,White
42,1,569930,9,13,2,0,0,1,0,0,45,38,1,White,White
44,4,89172,9,13,2,9,0,1,0,0,80,38,0,White,White
26,2,245880,11,9,4,7,2,1,0,0,40,38,0,White,White
60,2,131681,9,13,2,3,0,1,0,0,50,38,1,White,White
23,2,38151,1,7,4,7,2,1,0,0,40,29,0,White,Asian-Pac-Islander
24,2,184839,15,10,4,6,1,1,0,0,40,38,0,White,White
30,2,178841,9,13,4,3,1,0,0,0,40,38,0,White,White
31,2,305692,15,10,2,11,5,0,0,0,40,38,0,Black,White
39,2,91711,12,14,2,3,0,1,0,0,40,38,1,White,White
37,2,202950,11,9,2,13,0,1,0,0,40,38,1,White,White
28,2,303954,11,9,2,2,0,1,0,1848,42,38,1,White,White
44,2,252930,0,6,0,0,4,0,0,0,42,38,0,Other,White
32,2,27051,9,13,2,0,0,1,0,0,44,38,0,White,White
65,2,101104,11,9,2,11,0,1,9386,0,10,38,1,White,White
43,2,320277,9,13,2,3,0,1,0,0,40,38,0,White,White
19,2,301606,15,10,4,7,3,1,0,0,35,38,0,Black,White
51,2,102828,8,11,2,5,0,1,0,0,40,11,0,White,White
37,4,282461,15,10,2,3,0,1,0,0,60,38,0,White,White
42,2,266710,15,10,5,0,4,0,0,0,41,38,0,Black,Black
26,2,269060,9,13,4,0,3,0,0,0,40,38,0,White,Black
43,2,175224,11,9,2,7,0,1,0,0,60,26,0,White,Asian-Pac-Islander
44,2,115562,15,10,2,12,0,1,0,0,40,38,0,White,White
57,4,25124,11,9,2,7,0,1,0,0,60,38,0,White,White
47,2,122026,8,11,0,11,1,1,0,0,50,38,0,White,White
25,2,213385,11,9,4,0,1,1,0,0,40,38,0,White,White
43,2,187322,9,13,2,2,0,1,0,0,40,38,1,White,White
22,2,214635,11,9,4,6,1,1,0,0,42,38,0,White,White
28,1,175262,7,12,2,10,0,1,0,2002,40,8,0,White,White
27,2,109611,6,5,2,6,5,0,0,0,37,31,0,White,White
26,2,167350,15,10,2,12,0,1,3103,0,40,38,1,White,White
51,2,338620,12,14,2,3,0,1,15024,0,60,38,1,White,White
33,2,149220,8,11,4,7,4,0,0,0,40,38,0,Black,Black
22,2,203182,9,13,4,3,2,0,0,0,20,38,0,White,White
30,2,243165,11,9,2,3,0,1,0,0,40,38,0,White,White
44,2,138966,11,9,2,0,5,0,0,0,38,38,0,White,White
23,5,156423,9,13,4,9,3,0,0,0,20,38,0,White,White
56,1,198277,2,8,4,5,1,1,0,0,40,38,0,White,White
30,1,303485,15,10,4,13,4,0,0,0,40,38,0,Black,Black
46,2,295566,10,16,0,9,4,0,25236,0,65,38,1,White,White
40,2,174515,11,9,3,7,3,0,0,0,40,38,0,White,White
34,2,185408,15,10,4,3,1,0,0,0,40,38,0,White,White
35,2,194809,1,7,0,6,4,0,0,0,40,38,0,White,White
52,2,170562,2,8,2,2,0,1,0,0,40,38,0,White,White
35,2,180342,11,9,2,2,0,1,0,0,40,38,0,White,White
31,2,127215,15,10,2,11,0,1,0,0,40,38,0,White,White
24,2,283806,15,10,4,7,1,0,0,0,40,38,0,White,White
48,1,334409,9,13,2,9,5,0,0,0,50,38,1,White,White
40,2,198096,11,9,2,6,0,1,0,0,40,38,1,White,White
58,2,197642,15,10,4,0,1,0,0,0,39,38,0,White,White
35,2,189240,15,10,0,7,4,0,0,0,40,38,0,Black,Black
32,2,326283,9,13,4,7,4,1,0,0,40,38,0,Other,White
41,2,154194,11,9,4,11,3,0,0,0,40,38,0,White,White
59,2,195835,5,4,0,13,1,1,0,0,40,38,0,White,White
31,2,191834,11,9,0,6,2,1,0,0,40,38,0,White,White
49,1,304246,12,14,5,9,4,0,0,0,70,38,0,White,White
36,2,128382,15,10,4,6,4,1,0,0,45,38,0,White,White
27,1,289039,15,10,4,10,4,0,0,0,40,38,0,Asian-Pac-Islander,Black
45,2,172822,11,9,2,6,0,1,0,0,52,38,1,White,White
42,1,174575,9,13,2,9,0,1,5178,0,40,38,1,White,White
28,2,140845,0,6,4,6,1,0,0,155,40,38,0,White,White
30,5,242122,11,9,5,0,4,0,0,0,40,38,0,Black,Black
23,5,199915,11,9,4,7,3,0,0,0,21,38,0,White,White
31,2,451744,11,9,4,2,1,1,0,0,50,38,0,White,White
63,2,180911,1,7,2,10,0,1,4386,0,37,38,1,White,White
30,2,348592,11,9,2,6,0,1,0,0,44,38,0,White,White
34,2,345360,9,13,2,12,0,1,0,0,40,8,0,White,Black
41,1,52037,15,10,0,0,4,0,0,0,40,38,0,White,White
21,2,164991,11,9,0,11,4,0,0,0,38,38,0,Amer-Indian-Eskimo,White
71,2,137499,11,9,6,11,2,0,0,0,16,38,0,White,White
43,2,159549,11,9,2,2,0,1,0,0,40,38,0,White,White
27,2,168107,9,13,2,2,0,1,0,0,40,38,0,White,White
52,2,138944,1,7,2,2,0,1,0,0,40,38,1,White,White
50,2,33304,11,9,2,2,0,1,0,0,40,38,1,White,White
45,2,428350,11,9,2,6,5,0,0,1740,40,38,0,White,White
42,5,148316,8,11,2,10,0,1,0,0,40,38,1,White,White
38,2,33975,11,9,2,3,2,1,0,0,40,38,1,White,White
22,2,190483,15,10,0,11,3,0,0,0,48,19,0,White,White
42,2,149909,15,10,2,11,0,1,0,0,25,38,1,White,White
31,2,139822,11,9,2,0,5,0,0,0,40,38,1,White,White
42,2,138634,11,9,2,11,0,1,0,0,40,38,0,White,White
45,2,213140,0,6,2,2,0,1,2829,0,40,38,0,White,White
52,2,108435,12,14,2,3,0,1,0,1902,50,11,1,White,White
39,2,168894,9,13,0,0,4,0,0,0,20,38,0,White,White
58,4,154537,9,13,0,7,1,0,0,0,20,38,0,White,White
31,2,202729,11,9,2,13,0,1,0,0,50,38,0,White,White
52,4,190333,11,9,0,4,1,1,0,0,25,38,0,White,White
44,2,174373,7,12,2,2,0,1,0,0,40,38,1,White,White
18,2,184277,11,9,4,11,3,0,0,0,25,38,0,White,White
36,2,288103,1,7,5,6,1,1,0,0,40,38,0,Black,Black
68,2,138714,9,13,2,9,0,1,0,0,55,38,1,White,White
50,3,251240,12,14,2,11,0,1,0,0,40,38,1,White,White
44,2,103218,11,9,0,0,4,0,0,0,40,38,0,Black,White
26,2,68895,11,9,4,0,1,1,0,0,50,25,0,White,White
29,2,439263,11,9,2,10,0,1,0,0,35,28,0,White,White
32,3,124052,11,9,2,11,0,1,0,0,50,38,0,White,White
48,5,224474,15,10,0,3,1,0,0,0,40,38,0,White,White
21,2,188923,15,10,4,11,3,0,0,0,55,38,0,White,White
35,4,278632,11,9,2,2,0,1,0,0,40,38,0,White,White
47,2,454989,11,9,2,3,5,0,0,0,40,38,1,White,White
35,5,49352,15,10,4,0,3,0,0,0,38,38,0,White,White
20,2,444554,0,6,4,5,3,1,0,0,40,38,0,White,White
22,2,187538,0,6,5,7,4,0,0,0,40,38,0,White,White
50,2,257933,15,10,0,0,1,0,0,0,40,38,0,White,White
46,4,177407,11,9,2,11,0,1,0,0,50,38,0,White,White
33,0,78307,9,13,2,9,0,1,0,0,40,38,0,White,White
41,2,146659,9,13,2,9,0,1,0,0,70,38,0,White,White
41,1,74581,9,13,0,9,4,1,0,0,65,38,0,White,White
60,4,220342,1,7,2,4,0,1,0,0,35,38,0,White,White
45,1,140644,9,13,0,10,1,1,0,0,40,38,1,White,White
32,0,127651,9,13,2,9,0,1,0,0,40,38,1,White,White
56,2,187295,9,13,2,9,0,1,0,0,40,38,1,White,White
28,2,96337,15,10,4,0,1,0,0,0,40,38,0,White,White
44,2,68748,15,10,2,11,0,1,0,0,48,38,0,White,White
22,2,320451,15,10,4,10,3,1,0,0,24,18,0,Asian-Pac-Islander,White
61,2,73809,15,10,0,0,1,0,0,0,40,38,0,White,White
20,4,306710,11,9,4,4,3,1,0,0,40,38,0,White,White
21,2,203914,15,10,4,7,3,0,0,0,10,38,0,White,White
30,0,49593,14,15,4,9,1,0,0,0,40,38,0,Black,White
28,2,115549,15,10,4,6,3,1,0,0,60,38,0,White,White
35,2,81280,9,13,2,4,0,1,0,0,65,40,1,White,White
30,2,194901,1,7,4,5,3,1,0,0,40,38,0,White,White
22,2,191444,11,9,4,11,2,1,0,0,40,38,0,White,White
27,1,209109,12,14,4,9,3,1,0,0,35,38,0,White,White
35,2,168675,11,9,5,13,3,1,0,0,50,38,0,White,White
17,2,295488,1,7,4,7,3,0,0,0,25,38,0,Black,White
32,2,156464,11,9,2,11,0,1,0,1902,50,38,1,White,White
54,3,196328,9,13,2,11,0,1,0,0,40,22,0,Black,Asian-Pac-Islander
46,2,91262,15,10,3,2,1,1,0,0,40,29,0,Asian-Pac-Islander,Asian-Pac-Islander
25,2,130302,11,9,2,6,0,1,0,0,40,38,0,White,White
39,2,706180,9,13,0,11,4,0,0,0,40,38,0,White,White
30,2,60426,11,9,2,0,3,0,0,0,40,38,0,Amer-Indian-Eskimo,White
32,2,316769,1,7,4,7,4,0,0,0,40,22,0,Black,White
49,2,62546,9,13,2,3,0,1,0,0,40,38,1,White,White
40,2,104196,11,9,2,12,0,1,0,0,40,38,0,White,White
55,2,98746,15,10,2,12,0,1,0,0,50,1,1,White,White
47,4,149116,12,14,4,9,1,0,0,0,50,38,0,White,White
67,2,154035,11,9,6,5,2,1,0,0,32,38,0,Black,White
39,2,324420,3,2,2,2,0,1,0,0,45,25,0,White,White
36,4,64875,8,11,2,12,0,1,0,0,60,38,0,White,White
19,2,199484,15,10,4,7,3,0,0,0,25,38,0,White,White
29,2,99369,9,13,4,9,1,0,0,0,50,38,0,Other,White
31,2,27856,11,9,4,7,4,0,0,0,8,38,0,White,White
47,2,156926,9,13,2,3,0,1,0,0,45,1,1,White,White
23,2,201138,15,10,4,0,1,0,0,0,8,38,0,White,White
31,2,182162,11,9,2,0,5,0,0,0,37,38,0,White,White
43,2,57322,7,12,0,2,1,1,0,0,40,38,0,White,White
36,2,185203,11,9,4,11,1,0,0,0,40,38,0,White,White
36,4,180686,14,15,2,9,0,1,0,0,50,38,0,White,White
26,2,94392,1,7,5,7,4,0,0,0,20,38,0,White,White
25,4,113948,8,11,2,7,5,0,0,0,45,38,0,White,White
49,2,104455,9,13,3,7,1,1,0,0,40,29,0,Asian-Pac-Islander,Asian-Pac-Islander
30,2,184687,11,9,4,9,3,0,0,0,30,38,0,White,White
29,4,337505,15,10,2,2,0,1,0,0,40,34,0,Asian-Pac-Islander,Asian-Pac-Islander
56,4,170217,11,9,2,4,0,1,0,0,45,38,0,White,White
39,2,91996,11,9,0,7,4,0,0,0,40,38,0,White,Black
40,2,184378,15,10,2,11,0,1,0,0,60,32,0,White,White
46,2,45288,9,13,4,7,1,1,0,0,40,38,0,White,White
59,2,75867,12,14,2,9,0,1,0,0,60,38,0,White,White
34,2,167893,15,10,2,9,0,1,0,0,64,38,1,White,White
44,2,178385,12,14,2,3,0,1,0,0,48,18,0,Asian-Pac-Islander,Asian-Pac-Islander
51,4,118259,11,9,2,2,0,1,3137,0,60,38,0,White,White
27,2,91501,11,9,2,12,5,0,0,0,40,38,0,White,White
57,3,61885,11,9,2,9,0,1,0,0,60,38,1,Black,White
34,2,281852,11,9,4,13,1,1,0,0,80,38,0,Black,White
30,5,190385,15,10,4,0,1,0,0,0,37,38,0,White,White
26,2,214069,11,9,5,4,1,1,0,0,40,38,0,White,White
36,2,167482,0,6,4,5,1,1,0,0,40,38,0,White,White
25,2,198587,15,10,4,12,1,0,2174,0,50,38,0,Black,White
49,2,82572,15,10,4,7,1,0,0,0,60,38,0,White,White
28,2,138692,9,13,2,3,0,1,0,0,40,38,1,White,White
32,2,131584,11,9,2,11,0,1,7298,0,40,38,1,White,White
46,2,308334,3,2,6,7,4,0,0,0,30,25,0,Other,White
23,2,291248,11,9,4,6,2,1,0,0,40,38,0,Black,White
56,2,201344,15,10,6,2,4,0,0,0,38,38,0,White,White
31,2,259531,8,11,4,0,1,0,0,0,40,38,0,White,White
24,2,86153,15,10,4,0,1,0,0,0,40,38,0,White,White
40,2,47902,11,9,2,3,0,1,0,0,40,38,0,White,White
34,2,737315,9,13,2,9,0,1,0,0,40,38,1,White,White
34,2,225548,9,13,2,10,0,1,0,0,30,38,0,Black,White
50,2,180522,15,10,4,5,1,1,0,0,38,38,0,White,White
25,4,368115,9,13,4,3,1,1,13550,0,35,38,1,White,White
44,4,197558,14,15,2,9,0,1,0,0,70,38,1,White,White
33,2,50276,9,13,4,3,1,1,0,0,40,38,0,White,White
61,2,232719,12,14,2,9,0,1,0,0,50,38,0,White,White
39,2,262158,9,13,0,3,4,0,0,0,45,38,0,White,White
65,3,210381,9,13,2,3,0,1,99999,0,65,38,1,White,White
22,2,59924,11,9,4,7,3,0,0,0,40,38,0,White,White
41,2,188615,15,10,2,2,0,1,0,0,40,38,1,White,White
32,2,29312,0,6,2,13,0,1,0,0,80,38,1,White,White
59,2,118358,11,9,2,2,0,1,0,0,40,38,1,White,White
44,2,213416,4,3,2,6,0,1,0,0,40,25,0,White,White
29,2,151382,8,11,0,5,4,1,0,0,50,38,0,White,White
36,2,52327,12,14,2,9,0,1,0,0,40,19,1,Other,Asian-Pac-Islander
31,2,306459,3,2,5,5,4,1,0,0,35,15,0,White,White
90,2,47929,11,9,2,6,0,1,0,0,40,38,0,White,White
29,2,250819,15,10,4,0,1,0,0,0,40,38,0,White,White
25,2,209286,15,10,2,2,0,1,0,0,40,38,0,White,White
42,1,199095,8,11,6,9,4,0,0,0,40,38,0,Black,White
59,4,140957,8,11,4,3,1,1,0,0,35,38,1,White,White
33,4,176185,11,9,2,2,0,1,0,0,40,38,0,White,White
53,4,101017,11,9,2,3,0,1,0,0,35,38,0,White,White
38,3,187411,11,9,2,3,0,1,0,0,40,38,1,White,White
66,3,220543,11,9,2,0,5,0,0,0,40,38,1,White,White
66,3,179951,9,13,2,3,0,1,0,0,70,38,0,White,White
39,2,110426,7,12,2,3,5,0,15024,0,45,38,1,White,White
27,2,153291,14,15,2,9,5,0,0,0,50,38,1,White,White
45,3,40666,14,15,2,9,0,1,0,0,55,38,1,White,White
31,2,203488,11,9,2,5,0,1,0,0,40,38,0,White,White
21,2,90935,8,11,4,13,3,1,0,0,40,38,0,White,White
37,2,241962,1,7,2,2,0,1,0,0,50,38,0,White,White
18,2,115443,1,7,2,2,0,1,0,0,40,38,0,White,White
46,2,128645,15,10,0,9,1,0,0,0,40,38,0,White,White
37,2,70562,3,2,4,7,4,0,0,0,48,7,0,White,White
46,2,161508,0,6,4,6,1,1,0,0,40,38,0,Black,White
43,2,220609,15,10,0,12,1,0,0,0,50,38,0,White,White
56,2,437727,6,5,2,11,0,1,0,0,40,38,0,White,White
39,2,337898,9,13,0,3,1,1,0,0,55,38,0,White,White
43,2,341204,15,10,0,0,1,0,0,0,40,38,0,White,Black
35,5,98776,11,9,4,12,3,1,0,0,40,38,0,White,White
34,2,386370,15,10,2,2,0,1,0,0,50,38,0,White,White
54,3,206862,11,9,2,3,0,1,0,0,36,38,1,White,White
17,2,79682,0,6,4,8,2,1,0,0,30,38,0,White,White
59,2,271571,15,10,2,2,0,1,15024,0,50,38,1,White,White
52,0,192386,12,14,2,3,0,1,5013,0,40,38,0,White,White
43,2,141858,1,7,2,5,0,1,0,0,40,38,0,White,White
21,5,166704,15,10,4,7,3,0,0,0,14,38,0,White,White
42,2,397346,11,9,4,2,1,1,3325,0,40,38,0,White,White
46,2,211226,7,12,2,13,0,1,0,0,36,38,0,Other,White
29,2,50295,15,10,2,3,0,1,0,0,48,38,0,White,White
39,2,108140,8,11,2,2,0,1,0,0,40,38,0,White,White
50,2,257126,11,9,2,2,0,1,0,0,40,38,1,White,White
48,2,193775,9,13,0,0,3,1,0,0,38,38,1,White,White
32,2,213750,8,11,4,7,1,1,0,0,45,38,0,White,White
29,2,180758,12,14,4,9,1,1,0,0,40,38,0,White,White
45,2,242391,9,13,2,3,0,1,0,0,40,38,1,White,White
18,2,352640,11,9,4,0,3,0,0,0,40,38,0,White,White
21,2,221157,11,9,4,7,3,0,0,0,30,38,0,Black,White
20,2,366929,15,10,4,0,3,0,0,0,35,38,0,White,White
36,2,182863,9,13,2,3,0,1,0,0,50,38,1,White,White
52,3,260938,15,10,2,3,0,1,0,0,60,38,1,White,White
25,2,234057,11,9,4,2,1,0,0,0,40,38,0,White,White
44,1,160943,11,9,2,13,0,1,0,0,40,38,0,Black,White
21,2,184756,15,10,4,0,3,0,0,0,16,38,0,White,White
39,2,186183,12,14,2,9,0,1,0,0,40,38,1,White,White
57,1,110417,11,9,2,2,0,1,99999,0,40,38,1,White,White
41,2,58124,11,9,2,7,0,1,0,0,40,38,0,White,White
22,2,117747,15,10,4,2,2,0,0,0,40,39,0,Asian-Pac-Islander,Asian-Pac-Islander
48,2,246891,15,10,6,11,4,1,0,0,50,38,1,White,White
38,2,190759,1,7,2,2,0,1,0,0,40,38,0,White,White
56,4,357118,9,13,4,3,1,0,0,0,60,38,0,White,White
44,2,182402,11,9,2,2,0,1,0,0,40,38,1,White,White
31,2,139000,11,9,0,11,4,0,0,0,25,38,0,White,White
45,2,240554,9,13,2,3,0,1,0,0,40,38,1,White,White
52,2,194259,11,9,0,11,1,0,0,0,40,10,0,White,White
45,2,220213,11,9,6,2,1,0,0,0,40,38,0,White,White
25,2,159732,15,10,4,0,1,1,0,0,42,38,0,White,White
42,4,104118,15,10,4,3,1,1,0,0,40,38,0,White,White
46,2,216999,9,13,4,3,1,1,0,0,55,38,1,White,White
30,0,59951,15,10,2,0,3,1,0,0,40,38,0,White,White
34,2,124827,8,11,4,13,3,1,0,0,40,38,0,White,White
29,2,423158,15,10,4,12,1,0,0,0,40,38,0,White,White
38,2,122952,11,9,5,2,4,0,0,0,35,38,0,White,Black
41,4,112362,11,9,2,4,0,1,0,0,38,38,0,White,White
35,2,30673,2,8,2,2,0,1,0,0,84,38,0,White,White
29,2,163003,9,13,4,0,3,0,2202,0,40,35,0,Asian-Pac-Islander,Asian-Pac-Islander
40,2,188942,15,10,2,11,5,0,0,0,40,32,0,Black,White
36,4,125933,14,15,4,9,1,1,0,0,55,38,1,White,White
33,2,190772,11,9,4,0,1,0,0,1617,40,38,0,White,White
47,2,160474,11,9,2,3,5,0,0,0,30,38,1,White,White
37,1,97136,15,10,3,0,4,0,0,0,40,38,0,Black,Amer-Indian-Eskimo
28,2,142712,15,10,2,2,0,1,0,0,40,38,0,White,White
53,2,208570,11,9,2,11,5,0,0,0,26,38,0,White,White
32,5,171111,9,13,4,0,1,1,0,0,37,38,0,White,White
48,2,67725,9,13,2,11,0,1,0,0,45,38,0,White,White
33,1,242150,8,11,2,12,0,1,0,0,50,38,0,White,White
32,2,286675,15,10,4,3,1,1,0,0,60,38,0,White,White
34,2,318641,9,13,2,3,0,1,0,0,45,38,1,Black,White
33,2,275369,5,4,5,5,1,1,0,0,35,13,0,Black,White
37,2,170174,11,9,2,3,0,1,0,0,46,38,1,White,White
46,1,230979,9,13,0,9,1,0,4787,0,25,38,1,White,White
54,2,88019,15,10,0,13,1,1,0,0,55,38,0,White,White
52,1,100226,9,13,2,0,5,0,0,0,40,38,1,White,White
34,4,204375,14,15,4,9,1,0,0,0,60,38,1,White,White
32,2,177792,9,13,0,3,1,0,0,0,48,38,1,White,White
46,2,116789,11,9,2,0,0,1,0,0,40,38,1,White,White
20,2,146879,11,9,4,7,1,1,0,2001,40,38,0,White,White
70,4,124449,12,14,2,3,0,1,0,2246,8,38,1,White,White
29,2,40083,10,16,4,9,1,1,0,0,40,1,0,White,White
21,2,221418,11,9,4,7,3,0,0,0,40,38,0,White,White
53,0,117847,7,12,2,0,0,1,0,0,40,38,0,White,White
31,4,216283,7,12,2,7,5,0,0,0,35,38,1,White,White
48,2,108557,9,13,2,12,5,0,99999,0,40,38,1,White,White
61,2,162432,11,9,6,3,1,0,0,0,40,38,0,White,White
25,2,315643,11,9,2,7,0,1,0,0,30,38,0,White,White
21,2,394484,15,10,4,0,3,0,0,0,40,38,0,White,White
33,2,206609,9,13,2,3,0,1,0,0,45,38,0,White,White
17,2,226717,2,8,4,5,3,1,0,0,20,38,0,White,White
47,0,53498,11,9,0,7,4,0,0,0,40,38,0,Black,White
41,2,175674,15,10,2,11,0,1,0,0,40,38,1,White,White
64,0,86837,7,12,2,7,0,1,0,0,40,38,1,Asian-Pac-Islander,White
30,2,97757,8,11,2,9,5,0,0,0,36,38,1,White,White
49,2,121602,9,13,2,3,0,1,0,0,40,38,0,White,White
40,1,165726,8,11,0,3,4,0,0,0,40,38,0,White,Black
21,2,96844,15,10,4,0,1,0,0,0,20,38,0,White,White
31,3,236415,15,10,2,0,5,0,0,0,20,38,1,White,White
39,2,98077,11,9,2,7,0,1,0,0,42,38,0,White,White
23,2,119665,11,9,4,0,1,1,0,0,60,38,0,White,White
44,2,162028,15,10,2,0,5,0,0,2415,6,38,1,White,White
31,1,206609,11,9,2,10,0,1,0,0,40,38,1,White,White
77,1,177550,9,13,2,0,0,1,3818,0,14,38,0,White,White
51,2,101722,5,4,2,3,0,1,3908,0,47,38,0,Amer-Indian-Eskimo,White
38,2,229700,12,14,2,9,0,1,0,0,40,38,1,Black,White
37,2,116358,11,9,4,2,2,1,27828,0,48,38,1,Amer-Indian-Eskimo,White
42,1,180318,0,6,4,4,4,1,0,0,35,38,0,White,White
37,5,28887,11,9,2,6,0,1,0,0,40,38,1,White,White
39,2,173175,9,13,2,3,0,1,15024,0,50,38,1,White,White
67,3,171564,11,9,2,9,5,0,20051,0,30,8,1,White,White
26,5,158963,12,14,4,3,1,0,0,0,40,38,0,White,White
25,2,352806,11,9,0,7,1,0,0,0,40,25,0,White,White
30,2,248584,15,10,2,2,0,1,0,0,40,38,0,White,White
56,2,208451,9,13,2,9,0,1,0,0,40,38,1,White,White
70,3,158437,14,15,2,9,0,1,0,0,35,38,1,White,White
39,5,42186,11,9,2,0,5,0,3464,0,20,38,0,Asian-Pac-Islander,White
40,2,30682,11,9,2,6,0,1,0,0,45,38,1,White,White
38,2,229015,9,13,2,3,0,1,0,0,50,38,1,White,White
37,2,95855,1,7,0,5,1,0,0,0,40,38,0,White,White
28,4,420054,11,9,2,2,0,1,0,0,40,21,0,White,White
51,1,176751,9,13,2,9,0,1,0,1902,40,38,1,White,White
64,4,103643,11,9,2,11,0,1,0,0,15,38,1,White,White
40,2,199303,11,9,2,2,0,1,0,0,40,38,0,White,White
22,2,46645,9,13,4,9,1,0,0,0,9,38,0,White,White
21,2,107882,7,12,4,7,3,0,0,0,9,38,0,White,White
44,2,206686,15,10,0,0,4,0,0,0,40,38,0,White,White
23,2,229826,11,9,4,6,3,1,0,0,40,38,0,White,White
36,2,184655,0,6,0,13,4,1,0,0,48,38,0,White,White
49,3,102771,9,13,2,11,0,1,0,0,52,38,1,White,White
22,2,145477,11,9,4,5,3,1,0,0,40,38,0,Amer-Indian-Eskimo,White
51,5,213296,9,13,6,0,1,1,0,0,40,38,0,White,White
24,2,216984,15,10,2,7,3,0,0,0,35,38,0,Asian-Pac-Islander,White
38,2,220783,11,9,0,7,1,0,0,0,20,38,0,White,Black
24,2,346909,11,9,2,2,0,1,0,0,44,25,0,White,White
77,2,187656,15,10,6,8,1,0,0,0,20,38,0,White,White
23,2,64520,11,9,4,0,3,1,0,0,30,38,0,White,White
28,2,201175,1,7,4,6,1,1,0,0,40,38,0,Black,White
37,2,123833,15,10,4,11,1,1,0,0,60,38,0,White,White
36,2,119957,9,13,5,7,4,0,0,0,35,38,0,Black,Black
23,2,132300,9,13,4,11,1,0,0,0,40,38,0,White,White
40,4,99651,15,10,2,9,0,1,0,0,60,38,0,White,White
33,2,121904,15,10,4,7,1,0,0,0,28,38,0,White,White
19,2,186096,11,9,4,7,3,1,0,0,30,38,0,Black,White
43,4,144218,2,8,2,13,0,1,0,0,60,38,0,White,White
21,2,313873,4,3,4,5,1,1,0,0,40,25,0,White,White
31,2,174201,11,9,2,13,0,1,0,0,65,38,0,White,White
32,2,205528,11,9,0,0,4,0,0,0,40,38,0,White,White
59,2,162136,15,10,0,6,1,1,0,0,56,38,0,White,White
51,4,135102,11,9,2,13,0,1,0,0,65,38,0,White,White
24,1,117109,9,13,4,0,3,0,0,0,27,38,0,Black,White
39,1,193815,15,10,2,10,0,1,0,0,40,38,1,White,White
30,4,167990,8,11,2,9,0,1,15024,0,65,38,1,White,White
41,2,171615,15,10,2,7,0,1,0,0,48,38,0,White,White
59,2,196482,11,9,6,0,4,0,0,0,40,38,0,White,White
60,2,53707,11,9,2,9,0,1,0,0,40,38,1,White,White
45,5,102308,15,10,2,3,0,1,0,0,40,38,0,White,White
24,2,325596,9,13,4,0,3,1,0,0,35,38,0,White,White
36,2,132879,3,2,2,5,0,1,0,0,40,21,0,White,White
45,1,160187,11,9,3,0,4,0,0,0,40,38,0,Black,White
62,1,407669,5,4,6,7,1,0,0,0,35,38,0,Black,White
57,5,183657,15,10,2,9,0,1,0,0,35,38,1,Black,White
29,0,440647,15,10,4,0,2,1,0,0,40,38,0,White,Black
34,5,180871,9,13,2,0,0,1,0,0,55,38,0,White,White
48,2,186539,15,10,2,9,0,1,0,0,40,38,0,White,White
30,1,27051,15,10,4,5,3,1,0,0,40,38,0,White,White
39,3,543042,11,9,2,2,0,1,5178,0,50,38,1,White,White
38,4,238980,15,10,4,11,1,1,0,0,60,38,0,White,White
40,3,132222,11,9,2,3,0,1,0,0,40,38,0,White,White
18,2,415520,1,7,4,2,3,1,0,0,20,38,0,White,White
27,4,420054,11,9,4,2,4,1,9562,0,50,38,1,White,White
28,5,189765,15,10,5,0,4,0,0,0,50,38,0,White,White
25,3,161007,11,9,2,3,0,1,0,0,40,38,0,White,White
39,2,203070,8,11,2,5,0,1,0,0,49,38,0,White,White
38,2,175441,11,9,4,5,1,1,0,0,40,38,0,Black,White
46,0,371373,11,9,0,0,1,1,0,0,40,38,0,White,Black
47,2,229737,11,9,2,2,0,1,0,0,45,38,1,White,White
49,5,231961,10,16,0,9,4,1,0,0,50,38,1,White,White
45,2,261278,9,13,2,9,5,0,5178,0,40,29,1,Asian-Pac-Islander,Asian-Pac-Islander
46,2,380162,11,9,2,12,0,1,0,0,40,38,1,Black,White
31,2,291052,15,10,2,0,0,1,0,2051,40,38,0,White,White
36,2,133569,3,2,4,4,1,1,0,0,40,25,0,White,White
24,2,190290,9,13,4,11,1,1,0,0,60,38,0,White,White
28,2,95566,3,2,3,7,3,0,0,0,35,5,0,Other,White
39,2,90646,8,11,0,0,4,0,0,0,40,38,0,White,White
32,2,175052,11,9,0,0,4,0,0,0,40,38,0,White,White
42,2,150568,11,9,5,11,4,0,0,0,45,38,0,White,Black
43,2,213844,11,9,1,2,5,0,0,0,42,38,1,Black,White
30,2,165503,9,13,4,11,3,0,0,0,65,38,0,White,White
38,2,99388,7,12,2,7,0,1,0,0,40,7,0,White,White
38,2,359001,8,11,2,9,0,1,0,0,42,38,0,White,White
26,2,124111,7,12,4,9,1,0,0,0,36,38,0,White,White
28,2,263015,0,6,2,2,0,1,0,0,40,38,0,White,White
37,2,190987,15,10,2,11,5,0,7298,0,40,38,1,White,White
31,2,263561,12,14,2,3,0,1,0,0,40,38,1,White,White
20,2,112668,15,10,4,7,3,0,0,0,20,38,0,White,White
20,4,54152,15,10,4,2,1,0,0,0,35,38,0,White,White
33,2,376483,15,10,0,0,1,0,0,0,40,38,0,Black,White
27,0,105189,11,9,0,0,1,1,4865,0,50,38,0,White,White
42,2,89413,2,8,4,4,3,1,0,0,40,38,0,White,White
35,2,22055,15,10,2,9,0,1,0,0,60,38,0,Amer-Indian-Eskimo,White
60,4,205246,11,9,4,3,1,1,0,2559,50,38,1,Black,White
24,2,52028,3,2,2,7,3,0,0,0,5,39,0,Asian-Pac-Islander,Asian-Pac-Islander
29,2,247445,11,9,0,11,1,1,0,0,45,38,0,White,White
22,2,100587,15,10,4,7,3,0,0,0,15,38,0,Black,White
34,2,97306,9,13,0,2,4,0,0,0,25,38,0,White,White
32,2,299635,15,10,2,3,0,1,0,0,50,10,0,White,White
24,2,98287,11,9,2,11,0,1,0,0,50,38,0,White,White
30,2,176175,8,11,0,0,4,0,0,0,24,38,0,White,White
33,2,176673,11,9,4,6,1,0,0,0,40,38,0,Black,White
54,3,172175,15,10,2,13,0,1,0,0,40,38,1,White,White
45,2,137604,15,10,4,7,1,1,0,0,40,38,0,White,Black
45,2,246431,9,13,4,9,1,1,0,0,30,38,0,White,White
41,2,67065,8,11,2,11,0,1,0,0,40,38,0,White,White
49,2,240869,5,4,4,7,2,1,0,0,35,38,0,White,White
47,2,208872,15,10,2,2,0,1,0,0,40,38,0,White,White
58,3,329793,9,13,2,3,0,1,0,0,45,38,1,White,White
34,2,66309,11,9,2,2,0,1,0,0,35,38,0,White,White
41,2,198965,11,9,2,6,0,1,0,0,40,38,0,White,White
43,2,208613,14,15,3,9,1,1,99999,0,40,38,1,White,White
53,5,71417,10,16,2,9,0,1,0,0,40,38,0,White,White
20,2,472789,3,2,4,4,1,1,0,0,30,7,0,White,White
28,2,232653,9,13,2,3,0,1,0,0,40,38,0,White,White
55,0,35723,12,14,2,3,0,1,0,0,60,38,1,White,White
51,1,110965,12,14,4,9,3,1,0,0,40,38,0,White,White
29,2,363425,9,13,4,9,1,1,0,0,40,38,0,White,White
34,2,245173,11,9,0,11,1,1,0,1669,45,38,0,White,White
23,2,120773,11,9,4,0,1,0,0,0,40,38,0,White,White
50,2,195844,7,12,2,3,0,1,0,0,50,38,1,White,White
32,2,229051,15,10,2,9,0,1,0,0,40,38,0,White,White
37,2,218490,12,14,2,3,0,1,0,0,55,7,1,White,White
46,1,354962,11,9,2,6,0,1,0,0,40,38,0,Black,White
24,2,38455,15,10,4,2,1,1,0,0,40,38,0,White,White
33,2,198660,9,13,2,11,0,1,0,0,50,38,0,White,White
58,4,231818,0,6,4,2,1,1,0,0,40,11,0,White,White
32,1,84119,11,9,2,2,0,1,0,0,40,38,0,White,White
26,2,90915,7,12,4,7,3,0,0,0,15,38,0,Black,White
62,0,209433,11,9,2,0,0,1,0,0,40,38,0,Black,White
25,2,86872,9,13,2,3,0,1,0,0,55,38,1,White,White
39,2,98941,9,13,4,9,1,1,0,0,40,38,1,White,White
24,2,278155,15,10,4,6,1,1,0,0,30,38,0,White,White
28,2,162551,5,4,2,6,2,0,0,0,48,2,0,Asian-Pac-Islander,Asian-Pac-Islander
58,1,311409,12,14,2,9,0,1,7688,0,30,38,1,Black,White
55,2,238216,11,9,2,2,0,1,0,0,40,38,0,White,White
68,2,284763,1,7,0,13,1,1,0,0,70,38,0,White,White
66,0,47358,0,6,2,2,0,1,3471,0,40,38,0,White,White
38,2,73471,15,10,2,11,0,1,0,0,50,38,0,White,White
22,2,190968,11,9,2,7,0,1,0,0,40,38,0,White,White
30,2,350979,11,9,2,2,0,1,0,0,40,24,0,Asian-Pac-Islander,White
22,2,272615,1,7,4,2,3,1,0,0,40,38,0,White,White
32,1,161478,9,13,0,0,4,0,0,0,46,38,0,Asian-Pac-Islander,White
33,2,198211,11,9,2,12,0,1,0,0,40,38,0,White,White
34,1,207383,12,14,6,9,1,0,0,0,40,38,0,White,White
30,2,112383,11,9,2,13,0,1,0,0,45,38,0,White,White
64,0,199298,5,4,6,7,4,0,0,0,30,32,0,White,White
37,2,239171,11,9,2,2,0,1,0,0,40,38,1,White,White
41,2,112763,14,15,2,9,5,0,0,0,40,38,1,White,White
25,2,292058,11,9,4,7,2,1,0,0,30,38,0,White,White
27,2,176683,11,9,4,13,3,1,0,0,40,38,0,White,White
43,2,218558,9,13,3,9,1,1,3325,0,40,38,0,White,White
20,2,203003,11,9,4,13,2,1,0,0,40,38,0,White,White
30,2,393965,7,12,0,0,1,0,0,0,25,38,0,White,White
33,2,105974,11,9,4,2,1,1,0,0,41,38,0,White,White
27,2,188519,11,9,0,11,3,0,0,0,40,38,0,White,White
36,2,356824,11,9,0,11,1,0,0,0,40,38,0,White,White
46,2,163352,11,9,2,11,0,1,0,0,36,38,0,White,White
42,0,178470,11,9,0,0,1,0,0,0,40,38,0,White,Black
24,4,267396,9,13,4,11,1,1,0,0,40,38,0,White,White
56,2,208431,15,10,6,3,1,0,0,0,32,38,0,Black,White
29,2,110134,15,10,0,6,1,1,0,0,40,38,0,White,White
25,2,258379,9,13,2,9,5,0,0,0,32,38,0,White,White
26,2,292303,11,9,4,5,3,0,0,0,40,38,0,White,Black
33,2,191856,15,10,0,0,1,0,0,0,40,38,0,White,White
58,4,165695,11,9,0,3,1,1,0,0,70,38,0,White,White
33,2,184306,11,9,0,5,4,1,0,0,30,38,0,White,White
65,4,223580,15,10,2,6,0,1,6514,0,40,38,1,White,White
43,4,34007,9,13,2,4,0,1,0,0,70,38,1,White,White
50,2,240612,11,9,3,3,4,0,0,0,10,38,0,White,White
30,2,54608,9,13,2,0,0,1,0,0,40,38,0,White,White
35,2,278403,14,15,2,9,0,1,0,0,80,38,1,White,White
54,2,163671,11,9,2,13,0,1,0,1887,65,38,1,White,White
48,2,194772,7,12,2,11,0,1,0,1902,40,38,1,White,White
19,2,220819,11,9,4,4,3,0,0,0,40,38,0,White,White
30,2,140011,8,11,2,5,0,1,0,0,53,38,0,White,White
25,2,126133,15,10,4,7,3,0,0,0,40,38,0,White,White
31,2,240771,15,10,2,2,0,1,4386,0,50,38,1,White,White
38,2,31964,6,5,2,0,0,1,0,0,40,38,0,White,White
51,3,100029,10,16,2,9,0,1,15024,0,40,38,1,White,White
43,2,350661,14,15,5,12,1,1,0,0,50,3,1,White,White
41,4,142725,11,9,2,13,0,1,0,0,45,38,0,White,White
22,2,147227,9,13,4,7,1,1,0,0,30,38,0,White,White
39,2,343476,11,9,2,2,0,1,0,0,30,38,0,White,White
33,4,118267,7,12,0,11,1,1,0,0,60,38,0,White,White
62,5,198686,11,9,2,7,0,1,0,0,40,38,0,White,White
51,2,194908,11,9,2,0,5,0,0,0,40,38,0,White,White
31,2,37546,9,13,4,9,1,0,0,0,40,38,0,White,White
22,5,178818,15,10,4,9,3,0,0,0,20,38,0,White,White
59,5,261584,9,13,4,3,1,0,0,0,40,27,0,Black,White
43,0,92775,8,11,0,2,1,1,0,0,40,38,0,White,White
44,2,353396,9,13,2,9,0,1,0,0,45,38,0,White,White
38,2,233194,11,9,2,11,0,1,0,0,40,38,1,Black,White
45,4,239093,15,10,2,3,0,1,3137,0,40,38,0,Amer-Indian-Eskimo,White
51,2,138358,0,6,0,2,1,0,0,0,35,38,0,Black,White
26,2,291968,11,9,2,13,0,1,0,0,44,38,0,White,White
49,2,138370,12,14,3,10,1,1,0,0,40,18,0,Asian-Pac-Islander,Asian-Pac-Islander
36,2,33355,15,10,4,7,3,1,0,0,45,38,0,White,White
35,2,171327,11,9,2,2,0,1,0,0,40,38,0,White,White
29,4,128516,7,12,6,11,4,0,0,0,40,38,1,White,White
51,2,74275,11,9,2,6,0,1,0,0,40,38,0,White,White
37,2,215392,9,13,0,9,1,0,0,0,40,38,0,White,White
46,2,54190,11,9,2,2,0,1,0,0,60,38,0,White,White
51,1,182985,11,9,2,0,5,0,0,0,40,38,0,White,White
37,2,78928,6,5,2,7,0,1,3137,0,40,38,0,White,White
21,2,99199,11,9,4,6,3,1,0,0,32,38,0,White,White
46,3,110702,15,10,0,3,4,0,2036,0,60,38,0,White,White
31,2,125457,11,9,4,2,1,1,0,0,45,38,0,White,White
23,2,359759,11,9,4,2,3,1,0,0,40,29,0,Asian-Pac-Islander,White
35,2,193815,7,12,2,0,0,1,0,0,40,38,1,White,White
27,2,472070,8,11,4,6,1,1,0,0,40,38,0,White,White
56,4,200235,15,10,2,11,0,1,0,0,60,38,0,White,White
19,2,169758,15,10,4,11,3,1,0,0,35,38,0,White,White
20,2,237305,15,10,4,6,2,0,0,0,35,38,0,Black,White
27,4,229125,1,7,2,2,0,1,0,0,40,38,0,White,White
24,2,39827,15,10,2,6,5,0,0,0,40,32,0,Other,Asian-Pac-Islander
24,1,103277,9,13,4,9,3,0,0,0,50,38,0,White,White
38,2,173047,9,13,0,0,4,0,0,213,40,29,0,Asian-Pac-Islander,Asian-Pac-Islander
31,2,173279,9,13,2,12,0,1,0,0,40,38,1,Asian-Pac-Islander,White
61,2,202202,11,9,4,0,1,0,0,0,40,38,0,White,White
28,2,166481,5,4,2,5,0,1,0,2179,40,32,0,Other,White
24,2,32311,15,10,2,7,5,0,0,0,40,38,0,White,Other
32,2,207301,11,9,4,5,1,0,0,0,40,38,0,White,White
47,2,235683,12,14,0,9,4,0,0,0,40,38,0,White,White
30,2,287908,11,9,2,6,0,1,0,0,40,38,0,Black,White
40,2,182268,13,1,3,0,3,1,0,0,40,38,0,White,White
30,2,97723,11,9,4,6,3,1,0,0,45,38,0,White,White
40,2,202565,7,12,2,11,0,1,0,0,52,38,0,White,White
33,2,62155,15,10,4,11,1,1,0,0,35,38,0,Black,White
19,2,244115,11,9,4,7,3,1,0,0,30,38,0,Black,White
34,4,152109,11,9,2,13,0,1,0,0,60,38,0,White,White
38,2,188503,15,10,4,0,4,0,6497,0,35,38,0,White,Black
40,2,91959,9,13,2,9,0,1,0,0,46,38,1,White,White
50,4,371305,11,9,2,11,0,1,0,1902,60,38,1,White,White
34,2,158420,9,13,2,3,0,1,0,0,70,38,0,White,White
28,2,110145,11,9,2,0,0,1,0,0,40,38,0,White,White
57,1,109973,11,9,0,7,1,0,0,0,40,38,0,White,White
45,2,55720,9,13,2,9,0,1,0,0,40,38,1,White,White
28,2,122540,0,6,0,5,1,1,0,0,40,38,0,White,White
25,2,441210,11,9,4,9,3,1,0,0,40,38,0,White,Black
27,2,114967,6,5,2,2,0,1,0,0,40,38,0,White,White
34,2,304030,11,9,2,0,0,1,0,0,40,38,0,Black,White
49,5,324791,9,13,2,9,0,1,0,0,50,38,1,White,White
51,2,125796,1,7,5,7,1,0,0,0,40,22,0,Black,Black
34,2,187215,9,13,2,9,5,0,15024,0,36,38,1,White,White
37,5,160402,9,13,2,9,0,1,0,0,55,38,1,White,White
70,3,379819,15,10,2,11,0,1,10566,0,40,38,0,White,White
40,2,266084,15,10,0,2,2,1,0,0,50,38,0,White,White
33,2,394447,12,14,2,9,0,1,0,0,33,38,1,White,White
82,4,71438,11,9,2,4,0,1,0,0,20,38,0,White,White
43,2,182757,11,9,2,2,0,1,0,0,40,38,1,White,White
25,2,169990,11,9,2,11,0,1,0,0,40,38,0,White,White
63,2,383058,9,13,2,11,0,1,0,1848,40,38,1,White,White
51,0,282680,10,16,4,9,1,0,0,1564,70,38,1,White,White
44,3,383493,11,9,2,2,0,1,0,0,60,38,1,White,White
58,4,33309,11,9,6,4,1,1,0,0,80,38,0,White,White
27,2,215504,9,13,2,11,0,1,0,1848,55,38,1,White,White
56,2,85018,11,9,4,0,1,0,0,0,40,38,0,White,White
48,4,379883,12,14,2,3,0,1,0,0,40,25,1,White,White
21,2,438139,11,9,4,11,1,1,0,0,50,38,0,White,White
39,2,114844,9,13,4,11,1,1,0,1876,50,38,0,White,White
29,2,236436,11,9,4,0,1,0,0,0,40,38,0,White,White
42,2,230684,11,9,2,11,0,1,5178,0,50,38,1,White,White
34,2,118710,8,11,2,7,0,1,0,0,40,38,1,White,White
27,2,177398,11,9,4,7,4,0,0,0,64,38,0,White,Black
31,2,279015,12,14,2,3,0,1,0,2415,70,35,1,White,Asian-Pac-Islander
30,2,39054,11,9,2,11,0,1,0,0,40,38,0,White,White
18,2,434268,1,7,4,0,3,0,0,0,15,38,0,White,White
38,5,462832,15,10,2,3,5,0,0,0,40,37,0,Black,Black
19,2,131615,11,9,4,6,3,1,0,0,40,38,0,White,White
51,5,105943,11,9,2,0,5,0,3908,0,40,38,0,White,White
37,2,269329,8,11,0,9,1,0,8614,0,45,38,1,White,White
59,4,119344,0,6,2,3,5,0,0,0,36,38,0,White,White
63,4,391121,5,4,2,4,0,1,0,0,30,38,0,White,White
62,2,92178,0,6,2,6,0,1,0,0,40,38,0,White,White
37,2,75024,11,9,0,11,4,0,0,0,25,1,0,White,White
28,4,227890,9,13,4,9,1,1,0,0,50,38,1,Black,White
50,1,153064,11,9,2,3,0,1,5178,0,40,38,1,White,White
50,2,283676,15,10,2,2,0,1,0,0,40,38,1,White,White
76,2,239880,11,9,0,0,1,0,0,0,8,38,0,White,White
46,2,124071,12,14,6,9,1,0,0,0,44,38,0,White,White
38,2,40319,15,10,0,3,1,0,0,0,42,38,0,White,White
41,2,204682,11,9,0,2,4,1,2174,0,40,23,0,White,White
62,2,138621,8,11,5,8,1,0,0,0,20,38,0,Black,White
25,2,122075,9,13,4,3,1,1,0,0,50,38,0,White,White
44,4,33121,15,10,2,4,0,1,0,0,72,38,0,White,White
20,2,55465,11,9,4,7,3,1,0,0,35,38,0,White,White
43,1,180407,9,13,0,3,4,1,0,0,42,10,0,White,White
36,2,91037,11,9,2,0,5,0,0,0,40,38,1,White,White
41,2,187322,11,9,2,6,0,1,0,0,48,38,0,White,White
44,2,147206,15,10,2,3,0,1,0,0,40,38,0,White,White
47,2,115358,11,9,0,6,1,0,0,0,40,38,0,Black,Black
60,2,174486,11,9,6,6,1,0,0,0,40,38,0,White,Black
55,5,169482,11,9,2,4,0,1,0,0,40,38,1,White,White
24,2,176580,4,3,3,4,1,1,0,0,40,25,0,White,White
62,3,200577,12,14,2,11,0,1,0,0,45,38,1,White,White
57,2,135339,9,13,2,3,0,1,0,0,40,29,1,Asian-Pac-Islander,Asian-Pac-Islander
43,4,35034,9,13,2,9,0,1,0,0,21,38,0,White,White
34,4,304622,9,13,0,9,4,0,0,0,50,38,0,White,White
25,2,189775,15,10,3,0,3,0,0,0,20,38,0,Black,White
61,0,60641,15,10,2,0,5,0,0,0,30,38,0,White,White
28,2,190067,9,13,4,9,3,0,0,1564,40,38,1,White,White
61,4,268797,11,9,2,7,5,0,0,0,17,38,0,Black,White
73,4,102510,5,4,2,4,0,1,6418,0,99,38,1,White,White
46,2,216164,11,9,2,5,0,1,0,0,40,38,0,White,White
18,2,293227,11,9,4,7,1,0,0,0,45,38,0,White,White
41,2,172828,6,5,2,7,0,1,0,0,55,27,0,White,White
47,4,102359,9,13,2,3,0,1,0,0,30,38,0,White,White
24,2,220323,15,10,2,9,0,1,0,0,40,38,0,Black,White
31,2,237824,11,9,3,8,2,0,0,0,60,22,0,Black,White
25,2,221757,11,9,0,2,1,1,3325,0,45,38,0,White,White
59,1,420537,11,9,2,0,5,0,0,0,38,38,1,White,White
21,2,201603,11,9,4,6,3,1,2176,0,40,38,0,White,White
37,2,183345,8,11,4,2,1,1,0,0,45,38,0,White,White
30,2,169583,11,9,4,11,3,0,0,0,35,38,0,White,White
21,2,216070,7,12,2,0,5,0,0,0,46,38,1,Amer-Indian-Eskimo,White
42,2,66006,0,6,4,13,1,1,0,0,40,38,0,Black,White
35,2,160120,12,14,2,3,0,1,0,0,50,38,1,Asian-Pac-Islander,White
63,2,237620,11,9,2,2,0,1,0,0,30,38,0,White,White
39,2,387068,11,9,2,3,0,1,0,0,40,38,1,White,White
42,2,284758,11,9,0,3,4,0,0,0,40,38,0,White,White
21,2,163870,0,6,2,7,0,1,3908,0,40,38,0,White,White
28,2,338409,9,13,2,9,5,0,0,0,40,4,0,Black,Asian-Pac-Islander
47,2,72896,11,9,2,13,0,1,0,0,40,38,0,White,White
18,2,133055,11,9,4,7,3,0,0,0,30,38,0,White,White
43,1,323627,15,10,4,3,1,0,0,0,12,38,0,White,White
37,2,170718,11,9,2,3,0,1,0,0,40,38,0,White,White
34,2,418020,10,16,2,9,0,1,0,0,50,38,1,White,White
24,5,90046,15,10,4,7,1,0,0,0,40,1,0,White,White
60,2,56248,15,10,2,11,0,1,0,0,40,38,0,White,White
20,2,120601,11,9,4,13,3,1,0,0,40,38,0,Black,White
40,2,82465,15,10,2,6,0,1,2580,0,40,38,0,White,White
30,2,446358,11,9,4,0,4,1,0,0,41,38,0,White,White
24,2,174461,7,12,0,7,1,0,0,0,22,38,0,White,White
33,4,62932,11,9,2,2,0,1,0,0,40,38,0,White,White
28,2,38309,8,11,2,0,0,1,2407,0,40,38,0,White,White
30,2,55291,9,13,2,9,0,1,0,0,40,38,1,White,White
31,2,169589,12,14,4,9,1,1,0,0,30,38,0,White,White
53,0,266598,11,9,2,9,0,1,0,0,40,38,1,White,White
50,3,160107,12,14,2,9,0,1,0,0,55,38,1,White,White
48,2,115585,9,13,2,11,0,1,0,0,40,38,0,White,White
40,2,179508,11,9,2,6,0,1,0,0,55,38,0,White,White
34,2,277314,7,12,2,11,0,1,0,1902,50,38,1,Black,White
50,5,172970,11,9,2,13,0,1,0,0,40,32,0,White,White
38,2,461337,11,9,4,11,1,0,0,0,33,38,0,White,White
50,2,193374,3,2,3,2,4,1,0,0,40,38,0,White,White
27,2,178778,11,9,2,13,0,1,0,0,40,38,0,White,White
18,2,210574,11,9,4,11,3,0,0,0,20,38,0,White,White
41,1,132125,11,9,2,10,0,1,0,0,40,38,0,White,White
21,2,283969,11,9,4,2,3,1,0,0,40,25,0,White,White
73,5,74040,5,4,0,7,1,0,0,0,40,38,0,Asian-Pac-Islander,White
45,3,204205,15,10,2,3,0,1,0,0,50,38,1,White,White
41,2,137126,9,13,2,9,0,1,0,1977,45,38,1,White,White
41,4,223763,12,14,2,2,0,1,0,0,65,38,0,White,White
31,4,181485,9,13,4,11,1,1,0,0,40,38,1,Black,White
43,2,143583,0,6,2,5,0,1,0,0,40,38,0,Black,White
38,2,22245,15,10,0,3,1,1,0,0,50,38,0,White,White
34,4,192259,14,15,2,9,0,1,0,0,35,38,1,White,White
34,2,160634,15,10,2,2,0,1,0,0,40,38,1,White,White
29,2,261725,9,13,4,0,1,0,0,0,35,38,0,White,Black
35,2,169638,15,10,0,11,4,0,0,0,36,38,0,White,White
28,2,183175,15,10,0,0,1,0,0,0,40,38,0,White,Black
29,2,124953,9,13,4,9,3,1,0,0,50,38,0,White,White
36,2,416745,7,12,0,3,1,1,0,0,48,38,0,White,White
43,4,241895,9,13,4,11,1,1,0,0,42,38,0,White,White
44,0,161240,11,9,0,6,1,1,0,0,40,38,0,White,White
33,2,609789,7,12,3,6,4,1,0,0,40,38,0,White,White
31,2,191834,15,10,2,2,0,1,0,0,40,38,1,White,White
47,2,44216,11,9,0,3,4,0,0,0,45,38,0,White,White
60,3,90915,1,7,2,13,0,1,0,0,40,38,1,White,White
61,0,181081,11,9,0,0,3,0,0,0,20,38,0,Black,White
25,4,210278,9,13,4,9,3,1,0,0,30,38,0,White,White
65,6,172949,11,9,2,13,0,1,2414,0,20,38,0,White,White
43,1,98130,9,13,0,9,3,0,0,0,39,38,0,White,White
24,2,283896,11,9,4,5,1,1,0,0,40,38,0,White,White
65,2,170939,9,13,0,9,1,1,6723,0,40,38,0,White,White
25,2,144259,11,9,4,2,3,1,0,0,50,38,0,Black,White
29,2,255817,4,3,4,7,2,0,0,0,40,7,0,White,White
40,2,26892,9,13,2,0,0,1,0,0,40,38,1,White,White
38,2,112561,9,13,2,3,0,1,0,0,55,38,1,White,White
45,4,285575,11,9,2,3,0,1,0,0,40,2,0,Asian-Pac-Islander,White
20,5,178628,15,10,4,0,3,1,0,0,40,38,0,White,White
59,2,87510,11,9,0,2,1,1,0,0,40,38,0,White,White
18,2,148644,11,9,4,11,3,0,0,0,28,38,0,White,White
34,2,384150,9,13,2,3,0,1,0,0,40,38,1,White,White
21,2,350001,15,10,4,4,3,1,0,0,20,38,0,White,White
21,2,149809,11,9,4,4,3,1,0,0,24,38,0,White,White
31,2,229636,15,10,2,2,0,1,0,0,45,25,0,White,White
43,0,19914,15,10,6,3,4,0,0,0,15,38,0,Amer-Indian-Eskimo,Amer-Indian-Eskimo
43,2,193672,11,9,2,6,0,1,0,0,40,38,0,White,White
33,2,100882,12,14,4,3,1,1,0,0,40,38,1,White,White
62,4,26857,5,4,6,4,2,0,0,0,35,38,0,White,White
29,1,188278,15,10,2,9,0,1,0,0,40,38,0,White,White
21,5,39236,15,10,4,9,1,0,0,0,8,38,0,White,White
39,4,188571,8,11,2,4,0,1,0,0,60,38,0,White,White
43,2,266324,11,9,2,2,0,1,0,1902,99,38,1,White,White
50,2,92079,15,10,2,12,0,1,0,0,45,38,1,White,White
18,2,401051,0,6,4,11,3,0,0,0,35,38,0,White,White
39,2,206520,11,9,4,0,1,1,0,0,45,38,0,White,White
50,2,266945,11,9,2,6,5,0,3137,0,40,7,0,White,White
46,1,377622,11,9,2,7,0,1,0,0,40,38,0,White,White
51,1,96190,15,10,2,0,5,0,0,0,40,38,0,White,White
56,2,311249,11,9,6,0,4,0,0,0,38,38,0,Black,White
47,2,89146,11,9,2,13,0,1,0,0,40,38,1,Amer-Indian-Eskimo,White
18,2,212370,11,9,2,2,0,1,0,0,25,38,0,White,White
31,2,183000,14,15,4,12,1,1,0,0,55,38,0,White,White
64,2,169871,11,9,2,13,0,1,0,0,45,38,0,White,White
62,2,210464,11,9,4,7,2,0,0,0,38,38,0,Black,Black
32,0,174215,9,13,4,3,1,0,0,0,60,38,0,White,White
25,2,361307,9,13,4,11,3,0,0,0,40,38,0,White,White
31,2,150309,10,16,2,9,5,0,0,0,90,38,0,White,White
39,2,70995,9,13,2,13,0,1,15024,0,99,38,1,White,White
46,4,51271,11,9,2,4,0,1,4386,0,70,38,0,White,White
53,2,123092,11,9,6,6,1,0,0,0,40,38,0,White,Black
26,2,136309,9,13,4,7,1,1,0,0,40,38,0,White,White
20,2,161708,15,10,4,11,3,0,0,0,35,38,0,White,White
62,4,82388,11,9,2,2,0,1,10566,0,40,38,0,White,White
54,1,238257,9,13,4,9,1,1,0,0,50,38,0,White,White
50,4,29231,11,9,2,3,0,1,0,0,45,38,1,White,White
56,4,94156,14,15,2,9,0,1,0,1977,50,38,1,White,White
35,2,182898,11,9,4,0,1,1,8614,0,40,38,1,White,White
24,2,48343,1,7,4,7,1,0,0,0,40,38,0,Black,White
42,2,246011,9,13,2,9,5,0,0,0,55,38,0,White,White
27,2,87006,15,10,2,0,5,0,0,1579,40,38,0,White,White
54,2,343242,9,13,2,11,0,1,0,0,40,38,1,White,White
28,2,302406,14,15,4,9,1,1,0,0,60,38,0,White,Black
27,4,212041,9,13,4,11,1,1,0,0,50,38,0,White,White
35,1,233327,15,10,2,10,0,1,0,0,40,38,0,White,White
23,2,197387,11,9,4,2,3,1,0,0,37,25,0,White,White
41,2,149909,9,13,2,11,0,1,7688,0,50,38,1,White,White
55,0,186791,11,9,0,0,1,0,0,0,40,38,0,White,White
18,2,238867,1,7,4,5,3,1,0,1602,40,38,0,White,White
42,2,168515,8,11,0,9,1,0,0,0,40,38,0,White,White
34,2,190040,11,9,2,0,5,0,0,0,40,38,0,White,White
31,5,176998,15,10,2,2,0,1,0,0,35,38,1,White,White
36,2,174717,9,13,2,9,0,1,7688,0,40,38,1,White,White
33,5,290614,11,9,2,7,0,1,0,0,40,38,0,White,White
38,2,447346,15,10,2,2,0,1,0,0,36,38,1,White,White
19,2,60661,11,9,4,5,3,1,0,0,52,38,0,White,White
45,2,138626,8,11,0,3,1,1,2174,0,50,38,0,White,White
56,1,267763,11,9,2,7,0,1,0,0,40,38,0,White,White
21,5,41183,15,10,4,9,3,0,0,0,20,38,0,White,White
31,4,175856,11,9,2,2,0,1,0,0,60,38,0,White,White
17,2,208463,11,9,4,11,3,0,0,0,20,38,0,White,White
43,2,271807,15,10,0,2,1,1,0,0,40,38,0,White,White
27,2,253814,9,13,2,12,5,0,0,0,40,38,1,White,White
56,2,170148,11,9,0,2,4,1,0,0,40,38,0,Black,White
43,2,112967,15,10,2,10,0,1,0,0,40,38,0,White,White
37,2,188069,11,9,2,6,0,1,0,0,40,38,0,White,White
35,2,281982,15,10,2,9,0,1,0,0,40,38,1,White,White
29,2,147340,15,10,4,11,3,0,0,0,40,38,0,White,White
55,2,325007,7,12,2,12,0,1,0,0,25,38,0,White,White
18,2,45316,1,7,4,7,3,0,0,0,20,38,0,White,White
35,4,191503,15,10,2,11,0,1,0,0,50,38,0,White,White
41,2,187802,15,10,0,12,1,1,0,0,50,38,0,White,White
19,2,164938,15,10,4,7,3,0,0,0,25,38,0,White,White
35,2,31964,9,13,2,11,0,1,0,0,50,38,1,White,White
32,2,185027,15,10,2,11,0,1,0,0,40,38,1,White,White
21,2,44793,15,10,4,0,1,1,0,0,65,38,0,White,White
17,2,146268,0,6,4,7,3,0,0,0,10,38,0,White,Black
58,2,213975,8,11,6,9,1,0,0,0,40,38,0,White,White
54,2,288992,0,6,0,9,4,1,14344,0,68,38,1,White,White
27,2,209205,9,13,4,12,3,1,0,0,40,38,0,White,White
49,1,170846,12,14,0,3,1,0,0,0,40,38,0,White,White
47,2,280798,15,10,2,3,0,1,0,0,40,38,1,White,White
50,0,183611,15,10,4,0,1,1,0,0,40,38,0,White,White
56,2,139616,9,13,0,3,1,1,0,0,45,38,1,White,White
22,2,374116,11,9,4,11,4,0,0,0,35,38,0,White,Black
50,3,158294,14,15,2,9,0,1,99999,0,80,38,1,White,White
47,2,144351,11,9,0,2,4,1,0,625,40,38,0,White,White
31,2,452405,13,1,4,7,2,0,0,0,35,25,0,White,White
38,2,91857,15,10,2,2,0,1,0,0,41,38,0,White,White
23,1,117618,9,13,4,9,3,1,0,0,24,38,0,White,White
46,2,117310,7,12,6,12,4,0,6497,0,40,38,0,White,White
21,2,189013,15,10,4,11,3,0,0,0,35,38,0,White,White
26,4,137795,9,13,2,3,0,1,0,0,20,38,0,White,White
38,2,32916,15,10,2,3,0,1,0,0,45,38,0,White,White
20,2,515797,11,9,2,2,0,1,0,0,40,38,0,White,White
42,2,162140,9,13,2,3,0,1,7298,0,45,38,1,White,White
21,2,177265,7,12,4,7,3,0,0,0,30,38,0,White,White
20,2,33221,15,10,4,7,3,0,0,0,25,38,0,White,White
58,1,53481,12,14,4,9,1,1,0,0,35,38,0,White,White
49,1,98738,11,9,2,2,0,1,0,0,40,38,1,White,White
34,2,252646,15,10,2,9,0,1,7298,0,50,38,1,White,White
32,2,123429,0,6,5,2,1,1,0,0,40,38,0,White,White
38,2,305597,11,9,4,13,4,1,0,0,40,38,0,White,Black
24,2,235722,11,9,4,7,1,1,0,0,40,38,0,White,White
19,2,67759,11,9,4,6,3,1,0,0,43,38,0,White,White
45,0,168232,9,13,4,0,1,1,0,0,55,38,1,White,White
55,2,110871,9,13,2,11,0,1,0,0,40,38,0,White,White
28,2,184078,11,9,0,0,1,0,0,0,40,38,0,White,White
34,2,122116,15,10,2,3,0,1,0,0,40,38,0,White,White
39,2,225544,12,14,2,13,0,1,0,0,40,30,0,White,Asian-Pac-Islander
29,2,1268339,11,9,3,12,3,1,0,0,40,38,0,Black,Black
34,2,473133,11,9,2,11,0,1,0,0,60,38,0,White,White
61,4,392694,15,10,0,3,1,1,0,0,50,38,1,White,White
26,2,108542,15,10,2,0,0,1,0,0,40,38,1,White,White
28,2,183151,1,7,2,5,0,1,7688,0,40,38,1,White,White
35,2,272338,8,11,0,9,4,0,0,0,40,38,0,White,White
32,2,226535,11,9,4,2,1,1,0,0,40,38,0,White,White
32,4,52647,0,6,2,3,0,1,0,0,45,38,0,White,White
29,2,184596,1,7,2,2,0,1,3942,0,50,38,0,White,White
25,2,35854,15,10,3,11,4,0,0,0,40,38,0,White,White
25,2,183575,1,7,4,2,3,1,0,0,40,38,0,White,White
26,2,102420,9,13,4,11,1,0,0,0,40,34,0,Asian-Pac-Islander,Asian-Pac-Islander
35,2,179668,15,10,2,9,0,1,0,0,40,38,1,White,White
45,2,112362,0,6,2,11,0,1,0,0,40,38,0,White,White
34,4,168906,15,10,0,0,4,0,0,0,50,38,0,White,White
24,2,186221,1,7,0,11,4,0,0,0,35,38,0,White,White
41,2,194636,8,11,2,6,0,1,0,0,40,38,0,White,White
44,2,298885,11,9,2,2,0,1,0,0,40,38,0,White,White
34,2,295855,1,7,0,7,1,0,0,0,70,38,0,White,White
50,0,65160,9,13,2,3,0,1,0,0,40,38,0,White,White
23,2,207546,1,7,2,6,0,1,0,0,40,38,0,White,White
34,2,159929,11,9,0,5,3,1,0,0,40,38,0,White,White
26,2,187652,7,12,4,12,3,1,0,0,40,38,0,White,White
45,1,102359,9,13,2,9,0,1,0,0,37,38,0,White,White
25,3,454934,15,10,4,11,3,0,0,0,35,38,0,White,White
43,2,48882,11,9,0,0,2,0,0,0,40,38,0,White,White
37,1,98725,9,13,4,12,3,0,0,0,42,38,0,White,White
17,2,24090,11,9,4,3,3,0,0,0,35,38,0,White,White
57,2,201991,9,13,2,9,0,1,0,0,40,38,0,White,White
31,2,202729,11,9,2,6,0,1,0,0,40,38,1,White,White
22,2,180449,15,10,2,5,0,1,0,0,28,38,0,White,White
52,2,158993,11,9,0,7,2,0,0,0,38,38,0,Black,White
21,2,68358,15,10,4,11,3,0,0,0,20,38,0,White,White
39,2,196308,15,10,2,7,5,0,0,0,24,38,0,White,White
38,2,342448,15,10,2,3,0,1,0,0,55,38,1,White,White
43,4,180599,11,9,4,2,1,1,0,0,35,38,0,White,White
32,2,282611,9,13,4,3,1,0,0,0,40,38,0,White,White
33,2,202051,12,14,2,9,0,1,0,0,50,38,0,White,White
30,2,214993,11,9,2,2,0,1,0,0,40,38,0,White,Amer-Indian-Eskimo
20,2,38001,15,10,4,7,3,0,0,0,20,38,0,White,White
46,2,121168,11,9,0,2,1,0,0,0,40,38,0,White,White
34,1,229531,7,12,2,9,0,1,0,0,60,38,0,White,White
38,1,185394,9,13,2,9,5,0,7688,0,40,38,1,White,White
35,2,25803,11,9,2,2,0,1,0,0,40,38,0,White,White
57,2,200316,15,10,2,2,0,1,0,0,40,38,1,White,White
20,2,231286,15,10,4,5,1,1,0,0,15,38,0,Black,White
35,0,287031,12,14,4,3,1,1,8614,0,40,38,1,White,White
77,4,138714,15,10,2,11,0,1,0,0,40,38,0,White,White
61,3,253101,15,10,6,11,1,0,0,0,20,38,0,White,White
28,2,90547,11,9,2,7,5,0,0,0,23,38,0,Black,White
47,2,161950,9,13,0,7,1,0,0,0,25,10,0,White,White
36,2,531055,11,9,2,2,0,1,0,1902,48,38,1,White,White
63,2,174826,11,9,0,7,1,0,0,0,40,38,0,White,White
39,2,219155,11,9,2,6,0,1,0,0,43,38,0,White,White
42,2,52781,15,10,2,12,0,1,0,0,40,38,0,White,White
77,2,83601,14,15,2,3,0,1,0,0,40,38,0,White,White
47,4,84735,12,14,2,9,5,0,0,0,20,38,1,White,White
34,2,198183,11,9,4,0,1,0,0,0,40,38,0,White,White
26,5,28366,9,13,4,9,1,1,0,0,40,38,0,White,White
27,2,132963,11,9,2,5,0,1,0,0,40,38,0,Black,White
41,1,89172,15,10,2,4,0,1,0,0,40,38,1,White,White
51,2,103824,11,9,4,7,1,1,0,0,40,13,0,Black,Black
23,2,227594,9,13,4,9,3,0,0,0,38,38,0,White,White
25,2,255004,0,6,4,2,1,1,0,0,40,38,0,White,White
34,1,325792,15,10,2,2,0,1,0,0,40,38,0,White,White
22,2,199336,15,10,4,6,3,1,0,0,25,38,0,White,White
48,5,183486,8,11,0,9,4,0,0,0,56,38,1,White,White
21,2,120326,15,10,4,0,3,0,0,0,40,38,0,White,White
40,2,310101,15,10,5,11,1,0,0,0,40,38,0,Amer-Indian-Eskimo,White
39,2,176296,7,12,2,10,0,1,0,0,60,38,0,Black,White
37,2,281751,15,10,0,7,4,0,0,0,30,38,0,White,Black
41,1,183224,12,14,2,9,5,0,0,0,40,35,1,Asian-Pac-Islander,Asian-Pac-Islander
34,0,345259,10,16,4,9,1,0,0,0,99,38,0,White,White
41,1,193524,7,12,2,12,0,1,0,0,40,38,1,White,White
26,2,125680,9,13,4,9,1,1,0,0,16,23,0,Asian-Pac-Islander,Asian-Pac-Islander
65,4,167414,11,9,2,3,0,1,0,0,59,38,1,White,White
23,2,217961,15,10,4,5,3,1,0,0,15,38,0,White,White
56,2,257555,15,10,2,11,0,1,0,0,40,38,0,White,White
25,2,240081,11,9,4,11,3,1,0,0,40,38,0,Black,White
33,2,141229,15,10,0,7,1,0,0,0,50,38,0,White,White
41,2,342164,15,10,0,11,1,0,0,0,15,38,0,White,White
45,2,151627,15,10,0,0,4,0,0,0,45,38,0,White,White
37,2,66686,11,9,2,5,0,1,0,0,40,38,0,White,White
65,2,255386,11,9,4,2,2,1,0,0,40,0,0,Asian-Pac-Islander,White
61,2,223133,11,9,0,5,1,0,0,0,40,38,0,Black,White
27,2,129629,8,11,4,12,2,0,0,0,36,38,0,White,White
19,2,299050,1,7,2,2,0,1,0,0,60,38,0,White,White
23,2,211678,15,10,4,6,1,1,0,0,40,38,0,White,White
61,2,80896,11,9,5,13,4,1,0,0,45,38,1,Asian-Pac-Islander,White
55,2,70088,12,14,2,9,0,1,0,0,40,38,1,White,White
34,2,89644,15,10,2,11,0,1,0,0,55,38,1,White,White
39,2,207568,11,9,2,5,0,1,0,0,48,38,1,White,White
47,0,126204,15,10,0,0,1,0,0,0,40,38,0,White,White
32,2,136480,9,13,2,11,0,1,0,0,60,38,1,White,White
43,2,223277,15,10,0,2,1,1,0,0,40,38,0,White,White
43,3,83348,11,9,2,2,0,1,0,0,60,38,0,White,White
27,5,249362,15,10,2,13,0,1,3411,0,40,38,0,White,White
34,2,203408,9,13,2,9,0,1,7688,0,50,38,1,White,White
46,2,138626,15,10,2,2,0,1,0,0,40,38,0,White,White
61,2,137554,5,4,2,2,0,1,0,0,40,38,0,White,White
53,2,215790,15,10,6,0,2,0,0,0,22,38,0,White,White
30,2,227551,11,9,2,13,0,1,0,0,40,38,0,White,Black
30,2,54334,6,5,4,11,1,1,0,0,40,38,0,White,White
25,3,163039,7,12,4,11,1,1,0,0,60,38,0,White,White
44,5,98989,9,13,2,9,0,1,0,0,38,38,1,Amer-Indian-Eskimo,White
33,2,193042,11,9,2,13,0,1,0,0,60,38,1,White,White
60,2,175273,11,9,6,6,4,0,0,0,40,38,0,White,Black
43,2,112494,11,9,0,13,1,1,0,0,45,38,0,White,White
44,1,150171,11,9,0,0,4,0,0,0,40,38,0,White,Black
34,2,290763,11,9,0,5,3,0,0,0,40,38,0,White,White
46,0,213140,12,14,2,3,0,1,0,1977,40,38,1,White,White
22,2,298489,15,10,4,2,3,1,0,0,40,38,0,White,White
61,2,539563,15,10,2,3,0,1,0,0,45,38,1,White,White
51,2,159604,15,10,2,9,5,0,0,0,40,38,1,White,White
30,2,247444,15,10,2,6,0,1,0,0,40,26,0,White,White
63,4,179981,15,10,2,3,0,1,0,0,60,38,1,White,White
23,2,292023,11,9,4,6,3,1,0,0,30,38,0,White,White
30,2,205407,11,9,4,0,4,1,0,0,40,38,0,White,Black
44,1,174684,11,9,0,2,4,1,0,0,40,38,0,Black,White
37,4,168496,11,9,0,5,3,1,0,0,10,38,0,White,White
28,2,294936,9,13,2,9,0,1,0,0,45,38,0,White,White
26,2,302097,11,9,2,6,0,1,3464,0,48,38,0,White,White
22,2,300871,15,10,4,0,3,1,0,0,40,38,0,White,White
28,1,33662,12,14,2,9,5,0,7298,0,40,38,1,White,White
41,2,65372,10,16,0,11,4,0,0,0,50,38,1,White,White
30,2,167309,9,13,2,0,0,1,0,1902,40,38,1,White,White
38,2,357173,11,9,2,2,0,1,0,0,40,38,0,White,White
30,2,33688,11,9,4,13,4,0,0,1669,70,38,0,White,White
26,5,234190,15,10,4,7,1,1,0,0,20,38,0,White,White
47,2,116279,11,9,0,2,4,0,0,0,43,38,0,White,White
26,2,166666,15,10,4,7,1,0,0,0,35,38,0,White,White
61,2,147393,14,15,2,3,0,1,0,0,20,38,0,White,White
37,0,289653,15,10,2,2,0,1,0,0,40,38,0,White,White
44,2,187584,11,9,2,10,0,1,0,0,40,1,0,White,Asian-Pac-Islander
47,0,117628,11,9,2,2,0,1,0,0,40,38,1,White,White
41,2,115562,11,9,0,10,3,1,0,0,40,38,0,White,White
48,3,136878,11,9,2,2,0,1,0,0,60,38,1,White,White
61,2,179743,11,9,2,2,0,1,0,2051,20,38,0,White,White
43,1,125461,9,13,4,9,1,1,0,0,40,38,0,White,White
53,1,248834,9,13,2,9,5,0,0,0,50,38,1,White,White
28,2,173611,11,9,4,3,3,0,0,0,40,38,0,White,White
46,2,28419,14,15,2,9,0,1,99999,0,50,38,1,White,White
40,2,260761,9,13,2,0,0,1,0,0,40,25,0,White,Asian-Pac-Islander
18,2,285013,11,9,4,11,3,1,0,0,10,38,0,White,White
37,2,380614,7,12,2,9,5,0,0,0,13,38,1,White,White
44,2,201924,9,13,0,11,4,0,0,0,35,38,0,White,Black
23,2,152189,7,12,4,7,1,1,0,0,40,38,0,White,White
35,4,77146,11,9,2,2,0,1,2829,0,45,38,0,White,White
55,3,124137,14,15,2,9,0,1,0,2415,35,11,1,White,Asian-Pac-Islander
56,2,89922,11,9,2,13,0,1,3103,0,45,38,1,White,White
26,2,77698,15,10,2,9,5,0,0,0,40,38,0,Asian-Pac-Islander,White
24,2,146706,15,10,4,7,1,0,0,0,30,38,0,White,White
59,2,227856,9,13,2,11,0,1,0,0,37,38,1,White,White
35,2,199753,11,9,4,6,3,1,0,0,48,38,0,White,White
38,2,105150,9,13,2,9,0,1,0,0,45,38,1,White,White
41,2,407425,2,8,0,6,1,0,0,0,40,38,0,Black,White
48,2,272778,15,10,0,7,4,0,0,0,32,38,0,White,White
58,2,68624,11,9,2,3,0,1,0,0,45,38,0,White,White
42,2,98427,11,9,2,7,5,0,0,0,35,38,0,Black,White
21,2,177125,15,10,4,5,1,1,0,0,20,38,0,White,White
37,5,150566,11,9,5,2,1,1,0,0,44,38,0,White,White
17,2,100828,1,7,4,7,1,1,0,0,20,38,0,White,White
34,3,177675,15,10,2,3,0,1,0,0,65,38,1,White,White
61,4,215591,11,9,2,3,0,1,0,1887,40,38,1,White,White
42,4,170721,11,9,2,2,0,1,0,2002,40,38,0,White,White
62,2,257277,11,9,6,0,1,0,0,0,38,38,0,White,White
38,2,100295,5,4,2,6,5,0,0,0,50,1,1,White,Asian-Pac-Islander
27,2,36440,14,15,4,9,1,0,0,0,65,38,1,White,White
58,4,321171,11,9,2,5,0,1,0,0,40,38,0,White,White
49,1,226871,11,9,2,6,0,1,0,0,40,38,1,Black,White
19,2,194905,15,10,4,7,3,0,0,0,12,38,0,White,White
69,4,170877,11,9,2,11,0,1,0,0,48,38,0,White,White
41,2,128354,9,13,2,12,5,0,0,0,25,38,1,White,White
42,2,318255,11,9,0,0,4,0,0,0,40,38,0,White,White
44,2,164043,11,9,2,11,0,1,0,0,40,38,0,White,White
62,4,122246,12,14,0,9,4,0,0,0,32,38,0,White,White
44,2,123983,9,13,0,7,1,1,0,0,40,2,0,Asian-Pac-Islander,Asian-Pac-Islander
19,2,232368,15,10,4,7,3,0,0,0,35,38,0,White,White
55,2,163083,9,13,5,3,1,1,14084,0,45,38,1,White,White
38,4,58972,11,9,2,3,0,1,0,0,50,38,0,White,White
40,2,311534,11,9,2,5,0,1,0,0,40,38,1,White,White
30,1,159773,9,13,2,10,0,1,0,0,45,38,1,White,White
33,1,152351,15,10,2,10,0,1,3908,0,40,38,0,White,White
41,0,197069,15,10,3,0,1,1,4650,0,40,38,0,Black,White
51,1,96678,12,14,2,9,0,1,0,0,60,38,0,White,White
20,2,247794,11,9,4,11,1,0,0,0,84,38,0,White,White
21,2,149637,15,10,4,0,1,0,0,0,25,38,0,White,White
19,2,212468,15,10,4,7,3,0,0,0,15,38,0,White,White
73,2,123160,0,6,6,7,1,0,0,0,10,38,0,White,Black
46,4,154083,12,14,4,3,1,1,0,0,25,38,0,White,White
44,2,195545,11,9,0,6,3,0,0,0,40,38,0,Black,White
33,2,98995,0,6,0,5,1,0,0,0,36,38,0,White,White
27,2,247978,11,9,4,7,3,0,0,0,40,38,0,Black,White
60,2,297261,15,10,6,11,1,0,0,0,15,38,0,White,White
30,2,156890,11,9,2,6,0,1,0,0,45,38,0,White,White
34,2,182218,8,11,0,9,4,0,0,0,40,38,0,White,White
32,2,144064,9,13,4,12,1,1,0,0,40,38,0,White,White
55,4,200939,11,9,2,13,0,1,0,0,72,38,0,White,White
46,1,33373,9,13,0,9,4,0,0,0,40,38,0,White,White
67,2,95113,11,9,2,3,0,1,0,0,37,38,1,White,White
33,4,192256,9,13,2,2,0,1,0,0,50,38,0,White,White
35,2,139770,11,9,4,0,3,0,6849,0,40,38,0,White,White
39,1,149833,9,13,0,9,4,0,0,0,40,38,0,White,White
37,3,86459,7,12,5,3,4,1,0,0,50,38,0,White,White
21,2,434102,15,10,4,0,1,0,0,0,40,38,0,White,White
22,2,171419,8,11,4,3,4,1,0,0,40,34,0,Asian-Pac-Islander,Asian-Pac-Islander
28,2,294936,11,9,2,13,0,1,4064,0,45,38,0,White,White
24,2,153583,15,10,4,11,3,0,0,0,40,38,0,White,White
58,2,136841,9,13,2,9,5,0,99999,0,35,38,1,White,White
40,2,198790,1,7,2,6,0,1,0,0,30,38,0,White,White
32,2,108256,11,9,2,2,0,1,0,0,40,38,0,White,White
27,2,277760,11,9,0,3,4,0,0,0,40,38,0,White,White
45,2,361842,11,9,6,2,1,0,0,0,40,38,0,White,White
41,1,175149,11,9,0,13,1,0,0,0,38,38,0,Black,White
23,2,211527,15,10,4,5,3,1,0,0,60,38,0,White,White
28,2,212563,15,10,0,6,4,0,0,0,25,38,0,Black,White
48,2,227714,9,13,2,11,0,1,0,0,60,38,0,White,White
23,2,230704,15,10,4,5,3,1,0,0,22,38,0,Black,White
31,2,142038,11,9,2,2,5,0,0,0,45,38,0,White,White
43,5,206927,11,9,2,9,0,1,0,0,40,38,0,White,White
33,2,168981,8,11,4,9,4,0,0,0,55,38,0,White,White
21,2,234108,15,10,4,5,3,1,0,0,40,38,0,White,White
20,2,231981,15,10,4,13,1,1,0,0,32,38,0,White,White
22,2,194630,9,13,4,11,1,1,0,0,45,38,0,White,White
37,2,294919,15,10,0,13,1,1,0,0,40,38,0,White,White
37,2,108366,9,13,4,13,1,1,0,0,46,38,0,White,White
19,2,299598,11,9,4,5,3,1,0,0,16,38,0,White,White
30,2,149427,11,9,4,2,3,1,0,0,35,38,0,White,White
43,2,220589,11,9,0,3,4,0,0,0,40,38,0,White,White
55,2,80167,9,13,0,9,4,0,0,0,40,38,0,White,White
22,2,119359,9,13,4,3,3,0,0,0,40,38,0,Asian-Pac-Islander,White
47,1,154033,15,10,0,9,1,0,0,1876,40,38,0,White,White
32,1,177794,12,14,4,9,1,0,0,0,40,38,0,White,White
60,4,25825,11,9,0,2,1,1,0,0,50,38,1,White,White
24,1,33432,7,12,2,7,5,0,0,0,40,38,0,White,White
56,2,193453,9,13,2,9,0,1,0,1902,65,38,1,White,White
32,2,155232,9,13,0,10,1,1,0,0,60,38,1,Black,White
30,1,44566,9,13,2,9,0,1,0,0,40,38,0,White,White
19,2,205830,11,9,4,7,3,0,0,0,40,7,0,White,White
25,2,122489,9,13,4,3,3,0,0,1726,60,38,0,White,White
28,2,132686,15,10,2,3,0,1,0,0,40,38,1,White,White
36,2,447346,11,9,2,11,0,1,0,0,50,38,1,White,White
44,2,56483,9,13,4,0,3,0,0,0,37,38,0,White,White
31,2,283268,9,13,4,9,4,0,0,0,36,38,0,White,Black
34,2,375680,7,12,4,2,3,0,0,0,40,38,0,Black,White
44,5,351228,11,9,2,0,0,1,0,0,40,38,0,White,White
55,2,181220,11,9,2,3,0,1,0,0,50,38,0,White,White
68,2,186943,11,9,2,2,0,1,0,0,8,38,0,White,White
22,2,197838,9,13,4,3,1,1,0,0,40,38,0,White,White
37,2,256723,15,10,0,0,4,0,0,0,35,38,0,Black,White
41,1,351350,15,10,0,10,4,0,0,0,40,38,0,White,White
59,2,186385,0,6,2,6,0,1,0,0,40,38,0,White,White
39,3,163237,15,10,2,4,0,1,0,0,65,38,0,White,White
40,2,111067,9,13,2,5,0,1,0,0,80,38,1,White,White
36,2,544686,11,9,4,0,2,0,2907,0,40,26,0,White,White
47,2,114770,11,9,0,7,3,0,0,0,32,38,0,White,Black
55,5,111130,7,12,0,0,3,1,0,0,40,38,0,Asian-Pac-Islander,White
48,2,95244,15,10,0,7,4,0,0,0,35,38,0,Black,White
45,2,88061,1,7,3,6,4,0,0,0,40,34,0,Asian-Pac-Islander,Asian-Pac-Islander
47,3,205100,11,9,2,9,0,1,0,0,38,10,0,White,White
33,2,296453,12,14,2,12,0,1,0,0,15,38,0,White,White
43,0,72887,9,13,3,12,1,1,0,0,40,38,0,Asian-Pac-Islander,White
46,2,78529,9,13,2,12,0,1,0,0,60,38,1,White,White
22,5,186634,2,8,4,3,1,1,0,0,50,38,1,White,White
31,2,197252,5,4,2,7,0,1,0,0,40,25,0,White,White
17,2,169037,1,7,4,5,3,1,0,0,40,38,0,White,White
36,4,122493,11,9,2,2,0,1,0,0,47,38,0,White,White
51,2,86373,9,13,2,6,0,1,0,0,25,38,0,White,White
43,2,106760,11,9,2,0,5,0,0,0,50,1,1,White,White
32,2,210562,11,9,2,6,0,1,0,0,40,38,0,White,White
45,2,214068,10,16,2,9,0,1,0,0,50,38,1,White,White
66,1,36364,11,9,2,2,0,1,0,2267,40,38,0,White,White
49,2,277434,11,9,2,13,0,1,0,0,50,38,0,White,White
21,2,124589,11,9,4,11,3,0,0,0,40,38,0,White,White
58,4,261230,15,10,0,9,1,0,0,0,40,38,0,White,White
68,0,232151,15,10,0,0,2,0,2346,0,40,38,0,Black,White
44,3,69333,9,13,2,2,0,1,0,0,50,38,1,White,White
39,2,123945,11,9,2,0,5,0,0,0,40,38,1,White,White
50,2,94885,9,13,0,9,1,1,0,0,45,38,1,White,White
26,2,29957,12,14,4,12,2,1,0,0,25,38,0,White,White
29,2,197932,11,9,2,5,5,0,0,0,40,25,1,White,White
55,2,84231,11,9,2,13,0,1,0,0,50,38,0,White,White
49,4,233059,11,9,2,2,0,1,0,0,60,38,0,White,White
50,0,20179,12,14,2,12,0,1,0,0,40,38,1,White,White
31,2,263561,9,13,2,3,0,1,0,2246,45,38,1,White,White
37,2,176014,11,9,2,11,0,1,0,0,50,38,0,White,White
58,2,225603,6,5,0,4,1,1,0,0,40,38,0,Black,White
42,1,97277,12,14,0,9,4,0,0,0,40,38,0,White,White
52,2,174421,7,12,0,9,4,0,0,0,32,38,0,White,Black
19,2,185695,15,10,4,7,3,0,0,0,20,38,0,White,White
19,2,198459,11,9,4,0,3,1,0,2001,40,38,0,White,White
33,2,181372,12,14,2,3,5,0,0,0,50,38,1,White,White
43,2,238287,0,6,4,6,1,1,0,0,40,38,0,Black,White
21,2,104981,15,10,4,9,3,1,0,0,48,38,0,White,White
51,2,99316,2,8,0,13,4,1,0,0,50,38,0,White,White
53,2,177916,9,13,2,0,0,1,7298,0,40,38,1,White,White
34,2,422836,11,9,0,9,4,1,0,0,40,25,0,White,White
43,2,334946,11,9,2,5,0,1,0,0,40,38,0,Black,Black
22,2,35663,11,9,4,7,1,0,0,0,40,38,0,White,White
58,2,196643,11,9,0,11,1,0,0,0,15,38,0,White,White
37,4,154641,11,9,4,4,1,1,0,0,86,38,0,White,White
43,4,170721,15,10,2,2,0,1,0,0,20,38,0,White,White
49,2,66385,11,9,2,11,0,1,5013,0,40,38,0,White,White
36,2,174887,15,10,4,12,1,0,0,0,40,38,0,White,White
61,2,105384,9,13,2,9,0,1,0,0,40,38,0,White,White
53,2,158294,12,14,2,9,0,1,7298,0,40,38,1,White,White
53,2,99185,11,9,6,2,4,1,0,0,40,38,1,White,White
29,2,391867,8,11,2,2,0,1,0,0,40,38,1,White,White
38,2,132879,11,9,2,2,0,1,7298,0,50,38,1,White,White
29,2,24562,9,13,0,7,4,0,0,0,40,38,0,Other,White
33,2,48010,15,10,0,3,4,0,0,0,40,38,0,White,White
50,1,231725,11,9,2,5,0,1,0,0,40,38,0,White,White
57,2,220871,5,4,6,6,4,0,0,0,40,38,0,Black,Black
42,5,341638,9,13,2,9,0,1,0,0,40,38,1,White,White
25,2,95691,11,9,4,7,4,0,0,0,30,3,0,White,Other
33,3,206609,11,9,2,3,0,1,0,0,50,38,0,White,White
26,0,206983,14,15,2,9,0,1,0,0,60,3,0,White,White
32,0,454508,9,13,2,3,0,1,0,0,40,38,0,White,White
28,2,25955,15,10,4,2,3,1,0,0,40,38,0,Amer-Indian-Eskimo,White
61,5,159908,1,7,6,7,4,0,0,0,32,38,1,White,Black
25,2,345121,0,6,5,7,3,0,0,0,25,38,0,White,White
28,2,223751,15,10,2,0,0,1,0,0,40,38,1,White,White
35,2,227571,5,4,2,5,0,1,0,0,40,25,0,White,White
21,2,129674,15,10,4,3,1,1,0,0,48,25,0,Black,White
27,2,175262,9,13,4,3,3,1,0,0,40,38,0,White,White
55,2,177484,1,7,2,7,0,1,0,1672,40,38,0,Black,White
25,2,77071,9,13,4,9,3,0,0,2339,35,38,0,White,Asian-Pac-Islander
50,2,140592,11,9,2,6,5,0,0,0,40,38,0,White,Black
38,2,40955,9,13,2,9,0,1,0,0,40,8,1,White,White
19,2,175083,11,9,4,11,3,0,0,0,8,38,0,White,White
33,4,249249,4,3,2,2,0,1,0,0,50,38,1,White,White
43,1,118853,15,10,2,12,0,1,4386,0,99,38,1,White,White
25,2,204219,11,9,4,0,4,0,0,0,40,25,0,White,Black
26,2,48718,0,6,4,0,1,0,2907,0,40,38,0,White,White
45,2,380922,11,9,2,2,0,1,0,0,60,38,1,White,White
44,1,212665,15,10,2,10,0,1,0,0,99,38,0,Black,White
23,1,218678,1,7,2,5,0,1,0,0,40,38,0,White,White
36,2,231037,5,4,2,6,0,1,0,0,40,38,0,White,White
23,2,199336,8,11,4,2,4,1,0,0,50,38,0,White,White
37,2,359131,11,9,0,2,4,0,0,0,48,38,0,White,White
41,2,112763,11,9,6,11,1,0,0,0,40,38,0,White,White
25,1,334133,12,14,4,9,3,1,0,0,20,38,0,White,White
28,2,51461,12,14,2,9,0,1,0,0,60,38,0,White,White
30,2,19302,15,10,4,0,1,1,0,0,48,38,0,White,White
19,2,208656,15,10,4,0,3,0,594,0,20,38,0,White,White
42,2,181265,8,11,2,13,0,1,0,0,48,38,0,White,White
25,4,21472,15,10,4,7,1,0,0,0,22,38,0,White,White
50,0,306707,11,9,4,0,4,0,0,0,12,38,0,Black,White
40,4,55363,11,9,2,2,0,1,3411,0,40,38,0,White,White
51,2,172281,9,13,5,11,1,1,0,0,40,38,0,White,White
58,1,294313,15,10,2,0,5,0,0,0,55,38,0,Black,White
67,2,126849,0,6,2,13,0,1,0,0,20,38,0,Amer-Indian-Eskimo,White
31,2,69056,11,9,0,7,3,0,0,0,15,38,0,White,White
63,2,113324,15,10,2,10,0,1,0,0,40,38,0,White,White
32,2,34066,0,6,2,5,0,1,0,0,40,38,0,Amer-Indian-Eskimo,White
19,2,166153,15,10,4,7,3,0,0,0,30,38,0,White,White
36,2,29702,11,9,2,11,0,1,7688,0,40,38,1,White,White
40,2,106698,7,12,0,13,4,0,0,0,40,38,0,White,White
48,4,209057,9,13,3,11,3,1,0,0,50,38,1,White,White
39,2,456922,9,13,0,12,1,1,0,0,40,38,0,White,White
42,2,34278,15,10,2,11,0,1,0,0,50,38,1,White,White
29,2,201022,9,13,2,3,5,0,0,0,50,38,1,White,White
19,2,225294,11,9,4,7,3,0,0,0,40,38,0,Black,White
42,1,142756,9,13,0,9,1,0,0,0,50,38,0,White,White
37,2,251396,7,12,2,3,0,1,0,0,65,38,1,White,White
65,3,115922,9,13,2,3,0,1,0,0,40,38,1,White,White
41,2,37997,2,8,0,13,1,1,0,0,84,38,1,White,White
34,2,157747,15,10,2,3,0,1,7298,0,40,38,1,White,White
31,2,198751,9,13,4,2,1,1,0,0,40,39,0,Asian-Pac-Islander,Asian-Pac-Islander
34,1,104509,12,14,5,9,4,0,0,0,40,38,0,White,White
52,1,199995,12,14,2,3,0,1,7298,0,60,38,1,White,White
27,2,221912,11,9,4,5,3,1,0,0,40,38,0,White,Black
37,2,109133,12,14,5,3,1,1,27828,0,60,19,1,White,Asian-Pac-Islander
30,2,97453,11,9,0,11,4,0,0,0,54,38,0,White,White
34,4,276221,0,6,2,4,0,1,0,0,40,38,0,White,White
45,2,185385,11,9,2,6,0,1,0,0,40,38,0,White,White
24,2,493034,9,13,4,9,1,1,0,0,40,38,0,Black,White
42,5,83411,11,9,2,3,0,1,0,0,40,38,1,White,White
21,2,296158,11,9,4,7,3,1,0,0,40,38,0,White,White
53,2,208302,0,6,2,7,0,1,0,0,34,38,0,White,White
49,3,197332,15,10,2,11,0,1,0,0,60,38,0,White,White
27,1,151626,11,9,4,9,3,0,0,0,40,38,0,Black,Black
51,2,24344,7,12,4,0,1,0,0,0,40,38,0,White,White
54,2,35576,15,10,2,11,0,1,0,2415,50,38,1,White,White
38,3,140854,9,13,2,2,0,1,0,0,50,38,1,White,White
28,4,240172,12,14,4,9,3,1,0,0,40,38,0,White,White
25,2,61956,15,10,4,13,1,1,0,0,50,38,0,White,White
63,2,183608,0,6,2,3,0,1,0,0,40,38,0,White,White
33,2,232475,15,10,4,11,3,1,0,0,45,38,0,White,White
37,4,58343,11,9,0,4,4,1,0,0,56,38,0,White,White
26,2,258550,9,13,4,0,3,1,0,0,40,38,0,White,White
18,1,152171,1,7,4,10,3,1,0,0,10,38,0,White,White
18,2,151150,0,6,4,4,3,1,0,0,27,38,0,White,White
59,2,81929,10,16,2,9,0,1,0,2415,45,38,1,White,White
26,2,169121,9,13,2,11,0,1,0,0,48,38,1,White,White
24,2,82804,11,9,4,5,4,0,0,0,40,38,0,Black,White
22,2,141003,8,11,4,7,3,1,0,0,30,38,0,White,White
44,0,251305,7,12,2,0,0,1,0,0,40,38,1,White,Black
28,2,251905,9,13,2,9,0,1,0,0,50,38,0,White,White
46,2,122026,9,13,2,2,0,1,0,0,44,38,1,White,White
30,2,186932,10,16,2,9,0,1,5178,0,75,38,1,White,White
46,1,14878,14,15,2,9,0,1,0,0,40,29,1,Asian-Pac-Islander,Asian-Pac-Islander
35,3,185621,9,13,4,3,1,0,0,0,60,38,1,White,White
31,2,114691,11,9,4,11,3,1,0,0,40,38,0,White,White
23,2,151888,15,10,4,11,3,1,0,0,40,38,0,White,White
43,2,151089,15,10,2,13,0,1,0,0,50,38,0,White,White
40,2,799281,11,9,0,0,4,0,0,0,38,38,0,White,White
44,4,38876,11,9,2,4,0,1,0,0,40,38,0,White,White
25,2,29020,7,12,0,0,1,0,0,0,45,38,0,Black,White
33,5,108116,11,9,2,12,0,1,0,0,40,38,0,White,White
71,3,66624,9,13,2,3,0,1,0,2392,60,38,1,White,White
36,4,367020,5,4,2,2,0,1,0,0,35,38,0,White,White
40,4,111971,11,9,2,2,0,1,0,0,30,38,0,White,White
47,2,120939,15,10,2,12,0,1,0,0,45,38,0,White,White
21,2,195248,15,10,4,11,3,0,0,0,20,38,0,Other,White
45,1,160472,9,13,2,3,0,1,0,1977,50,38,1,White,White
36,2,288049,11,9,2,3,0,1,0,0,45,38,0,White,White
46,1,146497,11,9,0,9,1,0,0,0,40,38,0,White,White
57,5,283635,15,10,0,2,1,0,0,0,40,38,0,White,White
36,1,28996,11,9,2,13,0,1,0,0,40,38,0,White,Amer-Indian-Eskimo
20,2,105479,15,10,4,11,1,0,0,0,25,38,0,White,White
28,2,180299,11,9,2,13,0,1,0,0,70,38,0,White,White
32,2,211743,9,13,4,11,1,1,0,0,45,38,0,White,White
62,2,69867,9,13,2,9,0,1,0,0,55,38,1,White,White
54,5,137815,2,8,4,7,3,1,4101,0,40,38,0,White,White
20,2,113511,1,7,4,13,3,1,0,0,40,38,0,White,White
41,2,320984,14,15,2,9,0,1,99999,0,65,38,1,White,White
35,2,242094,11,9,2,7,2,1,0,0,40,38,0,Black,White
18,2,404868,1,7,4,11,3,0,0,1602,20,38,0,Black,White
52,2,198863,14,15,0,3,1,1,0,2559,60,38,1,White,White
25,2,202560,15,10,4,7,1,0,0,0,40,38,0,White,Other
58,4,49884,11,9,2,4,0,1,0,0,50,38,0,White,White
53,2,198824,9,13,4,3,4,0,0,0,40,38,0,White,Black
24,2,275884,11,9,5,7,4,0,0,0,40,38,0,Black,Black
35,5,190895,11,9,2,2,0,1,0,0,40,38,0,White,White
44,2,165492,15,10,2,11,0,1,0,0,40,38,1,White,White
42,2,221172,9,13,2,3,0,1,0,0,40,38,1,White,White
19,2,127190,11,9,4,7,3,0,0,0,15,38,0,White,White
29,2,186624,11,9,2,7,5,0,0,0,40,4,0,White,White
26,2,199600,11,9,4,11,1,1,0,0,40,38,0,Black,Other
48,2,107682,11,9,6,6,1,0,0,0,10,38,0,White,White
49,2,43206,14,15,4,9,1,0,0,0,55,38,1,White,White
45,2,190482,11,9,0,6,4,1,0,0,40,38,0,White,White
37,4,410919,11,9,4,2,3,1,0,0,35,38,0,White,White
74,4,119129,11,9,2,11,0,1,0,2149,20,38,0,White,White
26,2,276624,15,10,2,10,0,1,0,0,40,38,0,White,White
56,2,318329,11,9,2,6,0,1,0,0,40,38,0,White,White
29,2,71067,14,15,4,9,1,0,0,0,55,38,0,White,White
43,2,167265,9,13,2,2,0,1,0,0,84,38,1,White,White
17,2,126779,1,7,4,7,3,1,0,0,20,38,0,Black,White
21,5,110946,11,9,4,0,3,0,0,0,43,38,0,White,White
18,2,39411,1,7,4,5,3,1,0,0,24,38,0,White,White
35,5,172475,9,13,4,3,1,0,2977,0,45,38,0,Asian-Pac-Islander,White
45,2,77085,9,13,2,2,0,1,0,0,40,23,1,Asian-Pac-Islander,Asian-Pac-Islander
18,2,318190,1,7,4,7,3,1,0,0,15,38,0,White,Black
19,2,29083,11,9,4,11,3,0,0,0,25,38,0,Amer-Indian-Eskimo,White
39,2,191807,11,9,4,6,4,1,0,0,48,38,0,White,White
58,1,283635,9,13,4,9,1,0,0,0,40,38,0,White,White
25,2,148460,11,9,4,0,3,0,4416,0,40,32,0,Black,White
32,2,167990,11,9,2,3,0,1,0,0,40,20,0,White,Asian-Pac-Islander
38,2,65324,14,15,2,9,0,1,0,0,40,38,1,White,White
46,2,116666,11,9,0,3,1,0,0,0,40,38,0,White,White
43,4,147099,15,10,0,0,4,0,0,0,36,38,0,White,Black
27,2,198286,15,10,4,7,1,0,0,0,34,38,0,White,White
39,4,134475,9,13,0,0,1,1,0,1762,40,38,0,White,White
38,1,200153,7,12,4,9,1,1,0,0,40,38,0,White,White
50,2,154728,15,10,2,12,0,1,0,0,40,38,1,White,White
56,2,235197,11,9,4,0,1,0,0,0,38,38,0,White,White
53,2,47396,11,9,2,2,0,1,0,0,40,38,0,White,White
37,4,352882,11,9,0,3,1,0,0,0,70,34,1,Asian-Pac-Islander,Asian-Pac-Islander
44,5,115932,12,14,2,3,0,1,0,0,40,38,0,White,White
41,1,174491,11,9,5,7,4,0,0,0,40,38,0,Black,Black
24,2,132327,15,10,3,11,4,0,0,0,30,6,0,Other,Other
30,2,172304,8,11,2,3,0,1,0,0,55,38,0,White,White
50,2,158284,15,10,2,6,0,1,0,0,40,38,0,White,White
75,5,113868,10,16,2,9,0,1,0,0,20,38,1,Black,White
63,2,109517,15,10,6,0,4,0,0,0,43,38,0,White,White
31,4,156033,11,9,0,7,1,1,0,0,35,38,0,White,White
40,2,205706,11,9,2,3,5,0,0,0,40,38,0,White,White
55,2,199856,11,9,2,11,5,0,0,0,50,38,0,White,White
63,2,133144,11,9,2,7,0,1,2580,0,20,38,0,White,White
45,2,543922,12,14,0,13,1,1,14344,0,48,38,1,White,White
35,3,135436,14,15,2,9,0,1,0,0,50,38,1,White,White
35,2,200426,8,11,3,9,4,0,0,0,44,38,0,White,White
19,2,168294,11,9,4,2,3,1,0,0,40,38,0,White,White
27,2,212622,12,14,4,3,3,0,0,0,40,38,0,White,White
48,3,200471,9,13,2,3,0,1,0,0,40,38,1,White,Black
29,2,153416,9,13,4,3,1,0,0,0,55,38,0,White,White
45,2,241350,11,9,4,13,1,1,0,0,40,38,0,White,White
39,0,235485,7,12,4,3,1,1,0,0,42,38,0,White,White
32,4,197867,8,11,0,11,4,1,0,0,50,38,0,White,White
30,1,289442,11,9,4,10,1,1,0,0,40,38,0,White,Black
47,2,162494,15,10,0,11,4,0,0,0,45,38,1,White,White
45,2,197418,15,10,0,0,1,0,0,0,48,38,0,White,White
30,2,163003,9,13,4,3,3,0,0,0,52,35,0,Asian-Pac-Islander,Asian-Pac-Islander
38,2,179314,11,9,2,5,0,1,0,0,40,38,0,White,White
61,2,153790,11,9,2,0,5,0,0,0,40,38,0,Black,White
32,2,273241,9,13,2,3,5,0,0,0,40,38,1,White,White
46,2,224202,15,10,2,11,0,1,0,0,50,38,0,White,White
64,4,219661,14,15,2,9,0,1,0,0,9,38,1,White,White
28,2,154571,15,10,2,3,0,1,0,0,40,29,0,Asian-Pac-Islander,Asian-Pac-Islander
28,4,115945,15,10,4,9,4,1,0,0,40,38,0,White,White
22,2,311764,1,7,6,11,3,0,0,0,35,38,0,Black,White
35,2,328466,6,5,2,7,0,1,0,0,40,25,0,White,White
62,4,39630,11,9,2,11,0,1,0,0,40,38,0,White,White
32,4,65278,10,16,2,3,0,1,0,0,40,38,0,White,White
18,2,111256,11,9,4,0,3,0,0,0,20,38,0,White,White
31,2,400535,15,10,2,0,0,1,0,0,40,38,0,White,White
23,2,376383,11,9,4,7,4,1,0,0,35,25,0,White,White
42,2,156526,15,10,4,12,1,1,0,0,33,38,0,White,White
33,0,129707,15,10,4,3,1,1,0,0,50,38,0,White,White
43,3,33729,9,13,2,11,0,1,0,0,45,38,1,White,White
38,2,224566,8,11,2,5,0,1,0,0,50,38,0,White,White
19,2,142219,15,10,4,0,3,0,0,0,30,38,0,White,White
41,2,149909,11,9,2,2,0,1,0,1848,40,38,1,White,White
33,2,188246,12,14,2,3,0,1,7298,0,45,38,1,White,White
50,2,485710,10,16,0,9,1,0,0,0,50,38,0,White,White
19,2,318822,11,9,4,0,1,0,0,0,40,38,0,White,White
31,2,55849,15,10,2,2,0,1,0,0,45,38,0,White,Asian-Pac-Islander
41,4,147110,11,9,2,6,0,1,0,0,25,38,0,White,White
45,2,81132,15,10,2,12,0,1,0,0,55,38,1,Asian-Pac-Islander,White
18,2,215190,2,8,4,11,3,0,0,0,20,38,0,White,White
42,1,121012,15,10,2,3,0,1,0,0,45,38,1,White,White
23,2,124971,15,10,0,0,1,1,0,0,40,38,0,White,White
23,2,131275,11,9,4,2,3,1,0,0,40,38,0,Amer-Indian-Eskimo,White
37,3,98389,11,9,2,3,0,1,0,0,50,38,1,White,White
33,2,258932,11,9,0,3,1,0,0,0,40,38,0,White,White
34,2,36385,12,14,2,9,0,1,0,0,45,38,1,White,White
24,2,203518,9,13,4,9,1,0,0,0,40,38,0,White,White
40,5,166327,15,10,0,0,1,0,0,0,35,38,0,Black,White
39,2,352248,7,12,2,0,0,1,0,0,40,38,0,White,White
37,4,150993,1,7,2,13,0,1,0,0,45,38,0,White,White
38,2,337130,3,2,3,2,1,1,0,0,40,25,0,White,White
24,2,194630,9,13,4,12,1,1,0,0,35,38,0,White,White
63,4,404547,11,9,2,2,0,1,0,0,30,38,0,White,White
61,3,61040,15,10,2,11,0,1,7688,0,36,38,1,White,White
57,5,19520,10,16,0,9,4,0,0,0,50,38,0,White,White
24,2,23438,11,9,2,2,0,1,0,0,40,38,0,White,White
30,2,167558,11,9,4,11,4,0,0,0,35,25,0,White,White
68,2,45508,4,3,3,11,1,1,0,0,22,38,0,White,White
24,2,102493,11,9,2,5,0,1,0,0,40,38,0,White,White
44,2,317535,3,2,2,10,2,1,0,0,40,25,0,White,White
25,2,419658,11,9,4,7,3,0,0,0,8,38,0,White,White
41,2,293791,8,11,2,13,0,1,0,0,55,38,0,White,White
49,4,377622,7,12,0,11,1,1,0,0,50,38,0,White,White
20,2,279763,1,7,4,2,1,1,0,0,25,38,0,Black,White
59,4,195835,11,9,2,11,0,1,0,0,60,38,0,White,White
17,2,239346,0,6,4,7,3,1,0,0,18,38,0,White,Black
29,2,200511,11,9,2,11,0,1,0,0,50,38,0,White,White
32,2,215047,5,4,2,6,0,1,0,0,40,38,0,White,White
58,4,203039,6,5,5,2,1,1,0,0,40,38,0,White,White
24,2,289448,8,11,4,0,3,0,0,0,40,29,0,Asian-Pac-Islander,White
61,4,196773,5,4,2,11,0,1,0,0,30,38,1,White,White
26,4,202560,15,10,4,9,3,0,0,0,35,38,0,White,White
54,2,86837,11,9,2,2,0,1,0,1902,40,38,1,Asian-Pac-Islander,White
30,2,174789,7,12,2,3,0,1,0,1848,50,38,1,White,White
39,2,236391,11,9,2,2,0,1,0,0,45,38,0,White,White
31,2,161765,15,10,2,11,0,1,0,2051,57,38,0,White,White
20,2,39927,11,9,4,7,1,1,0,0,8,38,0,White,White
43,1,96102,15,10,2,10,0,1,0,1887,40,38,1,White,White
24,2,262570,11,9,4,6,1,1,0,0,40,38,0,White,White
19,2,158118,11,9,4,7,1,0,0,1719,40,38,0,White,White
46,2,102318,15,10,2,13,0,1,0,1887,40,38,1,White,White
49,2,147002,11,9,4,2,4,0,0,0,40,32,0,White,Asian-Pac-Islander
44,2,408531,11,9,0,0,4,0,0,0,40,38,1,White,White
37,5,136137,15,10,5,0,1,1,0,0,40,38,0,White,White
54,3,119570,7,12,2,11,0,1,0,0,50,38,1,White,White
40,2,224799,9,13,2,9,0,1,0,0,45,38,0,White,White
28,2,242482,11,9,2,11,0,1,0,0,40,38,0,White,White
17,2,193748,1,7,4,11,3,1,0,0,15,38,0,White,White
41,2,220531,14,15,2,9,0,1,0,0,60,38,1,White,White
27,2,141545,11,9,2,13,0,1,0,1902,45,38,0,White,White
46,2,169180,8,11,0,0,1,0,0,0,40,38,0,White,White
44,3,133060,15,10,0,6,1,1,0,0,60,38,0,White,White
52,2,416059,9,13,2,9,0,1,0,0,40,38,1,Black,White
25,2,114150,11,9,4,5,2,1,0,0,40,38,0,White,White
34,2,216864,11,9,0,7,4,0,0,3770,45,38,0,White,White
20,5,37482,15,10,4,0,3,0,0,0,40,38,0,White,White
47,1,246891,9,13,2,10,0,1,0,0,40,38,0,White,White
35,4,108808,11,9,0,2,1,1,0,0,50,38,0,White,White
53,2,165745,11,9,2,2,0,1,0,0,40,38,0,White,White
29,4,29616,11,9,4,4,3,1,0,0,65,38,0,White,White
49,4,219718,9,13,2,11,0,1,15024,0,40,38,1,White,White
20,2,172047,15,10,4,4,3,1,0,0,10,38,0,White,White
27,2,297296,11,9,2,2,0,1,0,0,40,38,0,White,White
21,2,255957,15,10,4,3,1,0,4101,0,40,38,0,White,White
57,4,24473,8,11,2,2,0,1,0,0,40,38,1,White,White
31,2,137952,15,10,2,7,0,1,0,0,40,32,0,Other,White
18,2,170183,11,9,4,7,3,0,0,0,20,38,0,White,White
47,1,242552,15,10,4,10,1,1,0,0,40,38,0,Black,Black
38,1,72338,11,9,2,10,0,1,0,0,54,38,1,Asian-Pac-Islander,White
39,5,176949,7,12,2,10,0,1,0,0,52,38,0,White,White
72,2,53684,15,10,2,10,0,1,0,0,40,38,0,Black,White
48,3,138370,12,14,3,11,1,1,0,0,50,18,0,Asian-Pac-Islander,Asian-Pac-Islander
23,2,257621,9,13,4,11,1,0,0,0,45,38,0,White,White
34,2,175413,7,12,0,11,4,0,0,0,45,38,0,Black,White
24,2,427686,3,2,2,5,2,1,0,0,40,25,0,White,White
43,2,247880,11,9,4,2,1,1,0,0,40,38,0,White,White
64,2,180624,7,12,4,9,2,0,0,0,30,38,0,White,White
24,2,276851,11,9,0,10,3,0,0,1762,40,38,0,White,White
19,2,284652,15,10,4,0,3,0,0,0,15,38,0,White,White
23,2,233711,11,9,2,7,0,1,0,0,50,38,0,White,White
33,2,287908,15,10,2,13,0,1,0,0,50,38,1,Black,White
41,2,191814,11,9,2,0,3,1,0,0,40,38,0,White,White
41,2,122381,15,10,2,2,0,1,0,1887,50,38,1,White,White
29,0,106179,15,10,4,9,1,0,0,1408,40,38,0,White,White
30,2,229504,11,9,2,2,0,1,0,0,50,38,0,White,White
33,2,347623,12,14,4,3,4,1,0,0,40,38,0,White,White
27,2,359155,9,13,2,9,5,0,0,0,40,38,1,White,White
45,4,28497,9,13,2,4,0,1,0,1485,70,38,1,White,White
42,2,227065,15,10,2,9,0,1,15024,0,32,38,1,White,White
41,5,210094,11,9,4,7,1,0,0,0,40,38,0,White,Black
28,2,227840,11,9,4,13,1,0,0,0,40,38,0,White,White
29,2,105694,11,9,2,5,0,1,0,0,42,38,0,White,White
35,2,48404,11,9,4,11,3,0,0,0,40,38,0,White,White
42,2,175935,11,9,2,6,0,1,0,0,40,38,0,White,White
31,4,312055,11,9,2,3,0,1,0,0,70,38,0,White,White
47,2,199832,11,9,2,2,0,1,0,0,40,38,0,White,White
42,5,404573,14,15,0,9,4,0,0,0,40,38,0,White,White
17,2,438996,0,6,4,7,2,1,0,0,40,25,0,White,White
35,2,330664,15,10,4,11,1,1,0,0,40,38,0,White,White
50,2,178530,14,15,2,9,0,1,0,0,60,38,1,White,White
71,2,180117,0,6,2,6,0,1,0,0,40,38,0,White,White
47,3,483596,11,9,2,3,0,1,2885,0,32,38,0,White,White
39,2,114079,7,12,4,2,1,1,0,0,40,38,0,White,White
58,4,310014,9,13,2,4,0,1,0,0,25,38,0,White,White
27,4,131298,0,6,2,2,0,1,0,0,48,38,0,White,White
41,3,151089,15,10,2,3,0,1,0,2415,55,38,1,White,White
46,1,102308,11,9,4,2,3,1,0,0,40,38,0,White,White
43,2,114043,15,10,0,0,4,0,0,0,40,38,0,Black,White
56,5,143931,9,13,6,9,1,0,0,0,40,38,0,White,White
47,2,33710,9,13,2,3,0,1,3103,0,60,38,1,White,White
55,5,181641,15,10,0,9,1,0,0,0,37,38,0,Black,White
28,2,407043,11,9,2,0,0,1,0,0,40,38,0,Black,White
50,2,133963,11,9,0,0,4,0,0,0,35,38,0,White,White
37,2,177181,11,9,2,2,0,1,0,0,40,38,0,White,White
41,2,204415,9,13,2,11,0,1,0,0,48,38,1,White,White
24,5,184216,15,10,4,0,3,0,0,0,40,38,0,White,White
24,2,153542,15,10,4,11,2,1,0,0,35,38,0,White,White
28,2,150296,7,12,4,7,1,0,0,0,80,38,0,White,White
29,2,191535,11,9,0,2,1,1,0,0,60,38,0,White,White
23,2,174461,11,9,4,7,1,0,0,0,40,38,0,White,White
31,2,110643,9,13,2,9,0,1,0,0,40,38,1,White,White
32,2,151053,11,9,2,5,0,1,0,0,40,38,1,White,White
55,2,185436,15,10,2,3,0,1,0,0,70,38,1,White,White
40,2,175696,15,10,2,3,0,1,0,0,45,38,1,White,White
24,2,182812,15,10,4,0,3,0,3325,0,52,5,0,White,White
36,2,112264,11,9,2,13,0,1,0,0,50,38,0,White,White
48,2,121124,15,10,2,7,0,1,0,0,40,38,1,White,White
30,2,227146,9,13,2,11,0,1,0,0,40,38,1,White,White
34,2,184147,11,9,5,11,4,0,0,0,20,38,0,Black,Black
50,2,71417,11,9,2,2,0,1,3103,0,40,38,1,White,White
41,5,176663,11,9,2,0,5,0,0,0,40,38,0,White,White
29,2,53181,12,14,2,9,0,1,0,0,55,38,1,White,White
49,2,187454,11,9,2,11,0,1,99999,0,65,38,1,White,White
23,2,65038,11,9,4,11,3,1,0,0,40,38,0,White,Black
35,2,167990,6,5,2,6,0,1,0,0,40,1,0,White,Asian-Pac-Islander
25,2,152035,11,9,4,0,4,0,0,0,40,38,0,White,Black
42,0,141459,11,9,5,7,2,0,0,0,40,38,0,Black,Black
34,1,124827,15,10,2,3,0,1,0,0,40,38,1,White,White
28,2,132191,11,9,2,13,0,1,0,0,45,38,1,White,White
33,2,217235,11,9,2,11,0,1,0,0,20,38,0,White,White
49,2,125421,11,9,2,2,5,0,0,0,40,38,1,White,White
28,2,109282,15,10,0,9,1,1,0,0,40,38,0,White,White
42,4,109273,15,10,4,2,4,1,0,0,40,38,0,White,White
43,2,200355,11,9,2,13,0,1,0,0,70,38,1,White,White
36,2,258102,11,9,4,5,1,1,0,0,40,38,0,White,White
23,2,200967,11,9,0,7,3,0,0,0,10,38,0,White,White
90,2,87372,14,15,2,9,0,1,20051,0,72,38,1,White,White
58,2,137506,11,9,2,6,0,1,0,0,40,38,0,White,White
45,1,61885,12,14,2,9,0,1,0,0,37,38,1,White,White
26,1,220656,9,13,4,9,3,1,0,0,38,8,0,Black,White
44,2,105862,15,10,2,3,5,0,0,0,70,38,1,White,White
22,2,204226,11,9,4,3,3,0,0,0,40,38,0,White,White
27,2,129528,15,10,4,11,1,0,0,0,40,38,0,White,White
28,2,109001,12,14,2,9,0,1,0,0,38,38,1,White,White
77,2,154205,11,9,6,0,1,0,0,0,10,38,0,White,White
42,2,183241,12,14,2,9,5,0,0,0,45,38,1,White,White
21,2,455361,6,5,4,7,4,1,0,0,35,25,0,White,White
28,2,221452,11,9,4,0,1,1,0,0,40,38,0,White,White
29,0,107411,15,10,3,0,3,0,0,0,40,38,0,White,White
33,2,168981,3,2,4,11,3,0,0,0,24,38,0,White,White
35,2,308489,9,13,2,11,0,1,0,0,50,38,0,Black,White
40,2,406811,11,9,5,3,4,0,0,0,40,1,0,White,White
57,0,97837,15,10,0,9,1,1,0,0,48,38,1,White,White
19,2,97261,2,8,4,5,1,1,0,0,40,38,0,White,White
32,2,183304,8,11,2,13,0,1,0,0,99,38,1,White,White
56,4,179594,11,9,2,3,0,1,0,0,48,38,0,White,White
24,2,168997,15,10,2,2,0,1,0,0,40,38,0,White,White
37,2,199251,15,10,2,7,5,0,0,0,40,38,0,White,White
38,1,287658,12,14,0,9,1,1,0,0,40,22,0,Black,Black
41,2,112507,0,6,2,13,0,1,0,0,60,38,0,White,White
28,2,190391,9,13,4,11,1,1,0,0,40,38,0,White,White
30,2,191571,11,9,5,7,3,0,0,0,36,38,0,White,White
54,4,205066,0,6,2,2,0,1,0,0,36,38,0,White,White
37,1,191364,7,12,2,3,0,1,0,0,40,9,1,White,White
43,0,222756,12,14,2,2,0,1,0,0,40,38,0,White,White
32,5,230224,7,12,2,7,0,1,0,0,35,38,0,White,White
33,2,55699,11,9,2,13,0,1,3908,0,40,38,0,White,White
27,1,322208,15,10,4,13,3,1,0,0,40,38,0,White,White
37,2,103121,9,13,2,3,5,0,0,1848,40,38,1,White,White
37,2,69481,11,9,0,6,1,1,0,0,40,38,0,White,White
36,2,111499,12,14,4,3,1,0,14084,0,40,38,1,White,White
28,2,137296,7,12,4,7,1,0,0,0,40,38,0,Black,White
25,2,124590,11,9,4,3,2,1,0,0,40,38,0,White,White
34,2,60567,1,7,0,13,4,1,0,880,60,38,0,White,White
17,2,142912,0,6,4,7,3,1,0,0,40,38,0,White,White
51,4,136322,11,9,2,4,0,1,0,1579,40,38,0,White,White
39,0,209609,11,9,2,0,0,1,0,0,50,38,0,White,White
34,2,110978,14,15,4,9,1,0,0,0,40,38,0,Asian-Pac-Islander,White
29,2,195284,10,16,0,9,1,0,0,0,60,38,1,White,White
46,1,202560,9,13,0,9,1,0,0,1408,40,38,0,White,Black
26,2,162872,7,12,4,9,1,0,0,0,40,38,0,White,White
65,4,115498,9,13,2,11,0,1,3818,0,10,38,0,White,White
37,2,112554,11,9,2,11,0,1,0,0,45,38,0,White,White
35,4,127930,11,9,3,4,1,1,0,0,60,38,0,White,White
43,1,163434,9,13,2,10,0,1,0,0,55,38,1,White,White
43,2,117627,15,10,0,3,1,0,0,0,40,38,0,Black,White
33,2,129529,11,9,0,6,1,1,0,0,40,38,0,White,White
27,2,289147,11,9,4,6,3,0,0,0,40,38,0,White,Black
48,2,185143,12,14,2,3,0,1,0,0,40,38,0,White,White
25,5,129200,15,10,4,13,1,1,0,0,40,38,0,Black,White
23,2,190290,9,13,4,9,3,1,0,0,40,38,0,White,White
23,0,163870,15,10,4,1,2,1,0,0,40,38,0,White,White
21,2,91819,8,11,4,7,1,1,0,0,30,38,0,White,White
26,1,192213,12,14,4,9,1,0,0,0,40,1,0,White,White
19,2,183041,11,9,4,7,3,1,0,0,20,38,0,White,White
60,1,98350,15,10,2,7,0,1,0,0,60,29,0,Asian-Pac-Islander,Asian-Pac-Islander
47,2,162302,11,9,0,0,4,0,0,0,20,38,0,White,White
18,2,274057,1,7,4,7,3,1,0,0,8,38,0,Black,Black
40,1,24763,15,10,0,13,4,1,6849,0,40,38,0,White,White
46,2,192894,5,4,2,4,0,1,0,0,30,38,0,Black,White
29,2,308944,11,9,3,2,1,1,0,0,40,38,0,White,White
54,1,137678,15,10,0,0,4,0,0,0,40,38,0,White,Black
38,2,237608,9,13,4,11,1,0,0,2444,45,38,1,White,White
30,2,159888,9,13,4,11,1,1,0,0,60,38,1,White,White
29,2,194864,11,9,2,11,5,0,0,0,18,38,0,White,White
35,4,60269,11,9,2,3,0,1,0,0,60,38,0,White,White
45,2,200559,8,11,2,4,0,1,0,0,70,38,0,White,White
33,2,204752,11,9,4,7,3,1,0,0,40,38,0,White,White
49,2,34377,2,8,2,2,0,1,0,0,40,38,1,White,White
58,2,210673,15,10,2,0,5,0,0,0,40,38,1,White,White
28,2,243762,1,7,5,2,4,0,0,0,40,38,0,White,Black
47,0,99549,15,10,0,0,4,0,0,0,40,38,0,Black,White
35,0,182898,11,9,2,0,0,1,0,0,40,38,0,White,White
40,2,202872,11,9,2,11,5,0,0,0,40,38,1,White,White
44,2,232421,11,9,3,13,1,1,0,0,32,1,0,Other,White
28,2,148645,11,9,4,6,3,0,0,0,40,38,0,White,Black
52,2,146711,9,13,2,9,0,1,0,0,50,38,1,White,White
29,2,251905,7,12,2,2,0,1,0,0,45,38,0,White,White
55,2,156089,15,10,6,0,4,0,0,0,40,38,0,White,White
49,2,144844,11,9,2,13,0,1,0,0,52,38,1,White,White
54,2,169785,15,10,0,3,1,0,0,0,40,21,0,White,White
19,2,376240,11,9,4,6,3,1,0,0,42,38,0,White,White
49,2,31264,11,9,0,0,1,0,0,0,35,38,0,White,White
38,2,236391,9,13,2,3,0,1,7688,0,40,38,1,White,White
31,0,206823,9,13,0,10,1,1,0,0,50,38,1,White,White
20,2,124751,15,10,4,8,3,0,0,0,20,38,0,White,White
23,2,114357,11,9,4,12,3,1,0,0,50,38,0,White,White
28,2,148429,11,9,2,6,0,1,0,0,40,38,0,White,White
30,2,132601,9,13,2,3,0,1,99999,0,50,38,1,White,White
37,2,327323,4,3,5,4,1,1,0,0,32,12,0,White,White
32,2,102858,7,12,2,9,0,1,0,2002,42,38,0,White,White
30,2,112650,11,9,0,2,3,1,0,0,40,38,0,White,White
30,2,190511,11,9,2,6,0,1,0,0,40,38,1,White,White
57,4,103948,14,15,2,9,0,1,0,0,30,38,1,White,White
41,2,217902,11,9,2,3,0,1,0,0,40,38,1,White,White
36,4,90159,15,10,2,7,5,0,0,0,40,38,0,White,White
18,2,761006,1,7,4,7,3,0,0,0,20,38,0,White,White
34,2,398988,9,13,4,11,1,1,0,0,40,38,0,White,White
58,2,354024,11,9,2,0,5,0,0,0,40,38,1,White,White
23,2,213955,11,9,4,0,3,1,0,2001,40,38,0,Black,White
59,3,133201,4,3,2,4,0,1,0,0,40,21,0,White,White
74,2,129879,11,9,6,0,1,0,15831,0,40,38,1,White,White
23,2,414545,15,10,4,6,3,1,0,0,40,38,0,Black,White
42,2,424855,15,10,2,6,0,1,3908,0,40,38,0,White,White
18,2,43272,15,10,4,7,3,1,0,0,20,38,0,White,White
51,1,108435,11,9,2,2,0,1,0,0,40,38,0,White,White
60,1,149281,11,9,2,10,0,1,0,0,40,38,0,White,White
28,5,130620,1,7,5,0,4,0,0,0,40,18,0,Asian-Pac-Islander,White
34,4,289731,1,7,2,6,0,1,0,0,40,38,0,White,White
32,2,257978,8,11,6,12,4,0,0,0,40,38,0,Black,Black
17,2,230789,6,5,4,11,3,1,0,0,22,38,0,Black,White
36,2,292570,1,7,4,6,4,0,0,0,40,38,0,White,Black
29,2,184078,11,9,4,7,2,0,0,0,40,38,0,White,White
29,2,180299,15,10,2,13,0,1,0,0,35,38,0,White,White
35,2,148015,9,13,4,11,3,0,0,0,40,38,0,Black,White
21,2,34616,15,10,4,11,3,0,0,0,20,38,0,White,White
59,4,32552,11,9,2,13,0,1,0,0,48,38,0,White,White
48,2,239058,2,8,6,5,4,0,0,0,50,38,0,White,White
34,4,288486,1,7,2,2,0,1,0,0,40,38,0,White,White
57,2,175017,4,3,2,7,0,1,0,0,40,21,0,White,White
26,2,189185,11,9,0,0,3,0,0,0,40,38,0,White,White
51,3,28765,14,15,2,9,0,1,0,0,60,38,1,White,White
31,2,288419,0,6,2,6,0,1,0,0,40,38,0,White,White
44,2,300528,1,7,2,0,0,1,0,0,40,38,1,White,White
62,2,209844,15,10,0,0,4,0,0,0,30,38,0,White,White
35,4,190895,9,13,0,3,1,1,0,0,25,38,0,White,White
29,2,367706,15,10,4,0,3,1,0,0,40,38,0,Black,White
27,2,122922,9,13,4,11,1,0,0,0,40,38,0,White,White
61,4,30073,11,9,2,4,0,1,0,1848,60,38,1,White,White
29,2,34292,15,10,4,0,1,1,0,0,60,38,0,White,White
27,2,73587,11,9,4,5,1,1,0,0,35,38,0,Black,White
20,2,228686,1,7,2,7,0,1,0,0,40,38,0,White,White
50,2,270194,9,13,2,3,0,1,0,0,60,38,0,White,White
35,2,186110,11,9,0,13,1,1,0,0,45,38,0,White,White
27,0,508336,9,13,4,3,1,1,0,0,48,38,0,Black,White
31,5,113129,15,10,4,7,3,0,0,0,65,38,0,White,White
17,2,183110,1,7,4,5,3,1,0,0,16,38,0,White,White
26,2,164488,12,14,2,9,0,1,0,1887,40,38,1,White,White
48,2,175221,11,9,2,6,0,1,0,0,40,38,0,White,White
27,4,208406,9,13,2,3,0,1,0,0,60,38,1,White,White
47,2,293623,1,7,2,2,0,1,0,0,40,5,0,White,White
22,2,32616,15,10,4,7,1,0,0,0,30,38,0,White,White
64,2,102041,1,7,2,11,0,1,0,0,40,38,0,White,White
43,1,118600,9,13,0,9,4,0,0,625,40,38,0,White,White
18,2,263024,11,9,4,11,3,0,0,0,40,38,0,White,White
61,0,28291,9,13,2,3,5,0,0,0,40,38,0,White,White
48,2,54759,11,9,0,9,4,0,0,0,38,38,0,White,White
19,2,109928,1,7,4,11,3,0,0,0,35,38,0,Black,White
37,0,141029,12,14,0,9,1,0,0,0,40,38,0,White,White
38,4,190387,11,9,2,2,0,1,0,0,50,38,0,White,White
40,2,323790,15,10,2,7,0,1,0,0,40,38,0,White,White
27,2,214858,0,6,2,2,2,1,0,0,55,38,0,White,White
17,2,140117,0,6,4,11,3,0,0,0,12,38,0,White,White
26,2,150361,9,13,4,9,1,0,0,0,40,38,0,White,Black
26,2,205428,15,10,2,11,0,1,0,0,45,38,0,White,White
48,4,179337,11,9,2,2,0,1,0,0,60,8,0,White,White
57,3,140319,11,9,2,0,0,1,0,0,50,38,0,White,White
52,2,173987,0,6,2,2,0,1,0,0,40,38,0,White,White
61,2,238913,8,11,2,12,0,1,0,0,40,38,1,White,White
17,2,57324,0,6,4,7,3,1,0,0,30,38,0,White,White
23,2,133355,15,10,4,0,3,1,0,0,15,38,0,White,White
24,2,163665,9,13,4,7,3,0,0,0,40,38,0,White,White
18,4,230373,1,7,4,7,3,0,594,0,4,38,0,White,White
40,2,213821,12,14,4,9,1,1,0,0,40,38,1,White,White
30,2,143392,9,13,2,0,5,0,0,0,40,38,0,White,White
51,2,138022,12,14,2,3,0,1,0,0,60,38,1,White,White
36,2,167482,9,13,2,0,0,1,0,0,40,38,1,White,White
40,2,409922,15,10,2,9,0,1,7298,0,40,38,1,White,White
25,2,108542,9,13,4,3,3,1,0,0,35,38,0,White,White
24,2,456367,11,9,2,2,0,1,0,0,40,38,0,White,White
26,2,107827,11,9,4,7,4,1,0,0,25,38,0,White,Black
24,2,88126,11,9,4,2,1,1,0,0,40,38,0,White,White
29,2,168479,12,14,2,9,0,1,0,0,40,38,1,White,White
31,2,36302,9,13,2,6,0,1,0,0,50,38,0,White,White
61,4,503675,15,10,2,11,0,1,0,0,60,38,1,Black,White
33,2,107248,8,11,4,0,1,1,0,0,45,38,0,White,White
19,2,43003,15,10,4,7,3,1,0,0,20,38,0,White,White
41,2,166740,11,9,2,6,0,1,0,0,40,38,0,White,White
49,3,26502,9,13,0,9,4,1,6497,0,45,38,0,White,White
32,2,202952,11,9,2,0,0,1,0,0,40,38,0,White,White
18,4,132986,11,9,4,4,3,1,0,0,40,38,0,White,White
49,2,139268,15,10,4,2,3,1,0,0,40,38,0,White,White
49,1,78859,12,14,6,9,4,0,0,323,20,38,0,White,White
70,2,121993,11,9,2,0,5,0,0,0,5,38,0,White,White
34,2,153927,11,9,2,2,0,1,0,0,40,38,0,White,White
26,2,155752,15,10,2,6,0,1,0,0,40,38,0,Black,Black
35,2,202027,9,13,2,5,0,1,7298,0,35,38,1,White,White
48,2,425199,15,10,0,11,4,1,0,0,45,38,0,White,White
40,2,149466,11,9,0,5,1,1,0,0,35,38,0,Black,White
27,2,217379,15,10,0,9,3,0,0,0,40,38,0,White,White
19,2,206599,11,9,4,11,3,0,0,0,40,38,0,White,White
33,2,221762,15,10,4,9,1,1,0,0,40,38,0,Black,White
25,2,199224,9,13,2,9,0,1,0,0,45,38,1,White,White
66,2,313255,15,10,2,11,0,1,0,0,24,38,0,White,White
50,2,128478,11,9,2,2,0,1,0,0,60,38,1,White,White
24,2,284317,9,13,4,7,3,0,0,0,30,38,0,White,Black
40,0,118686,9,13,4,9,1,0,0,0,45,38,0,White,White
31,2,210562,11,9,2,13,0,1,0,0,65,38,0,White,White
37,2,179088,15,10,0,0,1,0,0,0,40,38,0,White,Black
36,2,272090,9,13,0,9,4,0,0,0,45,7,0,White,White
39,2,316211,9,13,4,9,1,1,0,0,40,38,1,White,White
38,2,222450,15,10,5,3,4,1,0,0,40,38,0,White,White
51,2,126010,11,9,2,2,0,1,0,0,40,38,0,White,White
25,2,190650,9,13,4,9,3,1,0,0,40,35,0,Asian-Pac-Islander,Asian-Pac-Islander
52,2,194580,4,3,0,4,4,1,0,0,40,38,0,White,White
38,2,32271,15,10,2,2,0,1,0,0,40,38,0,White,White
36,2,231052,11,9,5,7,4,0,0,0,35,38,0,Black,Black
29,2,369114,11,9,0,0,1,0,0,0,40,38,0,White,White
24,5,154432,9,13,4,6,1,1,0,0,35,38,0,White,White
45,2,259463,8,11,2,9,0,1,0,0,40,38,1,White,White
51,4,268639,15,10,2,9,5,0,0,2057,60,1,0,White,White
54,5,249096,8,11,2,10,0,1,0,0,40,38,0,White,White
53,1,215990,15,10,2,7,0,1,0,0,35,38,0,White,White
35,2,213208,8,11,2,12,0,1,0,0,38,22,0,Black,White
27,2,156266,11,9,4,11,3,1,0,0,20,38,0,Amer-Indian-Eskimo,White
20,2,184756,15,10,4,0,3,0,0,0,12,38,0,White,White
54,5,198741,15,10,2,10,0,1,0,0,40,38,1,White,White
20,2,33644,11,9,4,0,3,0,0,0,30,38,0,White,White
30,2,151967,15,10,2,2,0,1,0,0,58,38,0,White,White
46,2,193047,11,9,2,3,0,1,0,0,40,38,1,White,White
24,5,249385,9,13,4,0,2,0,0,0,10,38,0,White,White
46,4,119944,12,14,2,3,0,1,0,0,50,38,1,White,White
22,2,34616,15,10,4,11,1,0,0,0,30,38,0,White,White
50,1,186888,11,9,2,3,5,0,0,0,40,38,1,Black,White
19,1,276973,15,10,4,9,3,0,0,0,20,38,0,White,White
47,2,431515,8,11,2,2,0,1,0,0,40,38,1,White,Black
30,1,108386,8,11,2,10,0,1,0,0,40,38,0,White,White
24,1,162919,15,10,4,0,1,0,0,0,40,38,0,White,White
51,2,243361,15,10,6,0,4,0,0,0,45,38,0,White,Black
17,2,29571,2,8,4,5,3,1,0,0,15,38,0,White,Amer-Indian-Eskimo
60,2,243829,12,14,0,9,1,0,0,0,50,38,0,White,White
32,2,80058,1,7,0,11,1,1,0,0,43,38,1,White,White
57,2,182677,9,13,2,3,0,1,4508,0,40,34,0,Asian-Pac-Islander,Asian-Pac-Islander
43,3,244945,9,13,2,9,0,1,0,0,60,38,0,White,White
44,2,177905,15,10,0,6,4,1,0,0,58,38,1,White,White
45,2,228570,11,9,2,11,5,0,0,0,35,38,0,White,White
43,2,153489,9,13,2,11,0,1,0,0,50,38,0,White,White
57,2,183810,15,10,2,9,0,1,0,0,40,38,1,White,White
45,2,191858,11,9,2,6,0,1,0,0,45,38,1,White,White
61,3,134768,15,10,2,11,0,1,0,0,40,38,0,White,White
34,2,163110,12,14,2,11,0,1,0,0,40,38,0,White,White
44,2,163215,2,8,0,6,4,0,0,0,40,38,0,White,White
50,2,124963,9,13,2,3,0,1,99999,0,55,38,1,White,White
19,4,342384,1,7,2,2,3,1,0,2129,55,38,0,White,White
57,2,78707,11,9,4,0,3,0,0,0,40,38,0,White,Asian-Pac-Islander
63,0,97855,12,14,2,3,0,1,0,0,50,38,1,White,White
71,2,196610,5,4,6,3,1,1,6097,0,40,38,1,White,White
24,2,133520,15,10,4,11,3,0,0,0,15,38,0,White,White
28,2,186792,9,13,2,0,0,1,0,0,40,38,0,White,White
36,2,32958,15,10,5,0,2,0,0,0,40,38,0,White,White
31,4,80145,15,10,2,2,0,1,0,0,40,38,0,White,White
43,3,320984,15,10,2,6,0,1,0,0,50,38,0,White,White
34,4,181087,8,11,2,2,0,1,0,0,45,38,0,White,White
52,2,31533,11,9,0,7,1,1,0,0,40,38,0,White,White
38,2,186325,15,10,2,3,5,0,0,0,38,38,1,White,White
22,2,195532,9,13,4,9,1,0,8614,0,40,38,1,White,White
38,2,210438,5,4,0,11,4,0,0,0,40,38,0,White,White
19,2,25429,15,10,4,11,1,0,0,0,25,38,0,White,White
35,4,170174,11,9,2,2,0,1,7298,0,60,38,1,White,White
28,2,103389,12,14,0,11,3,0,0,0,40,38,0,White,White
35,4,233533,9,13,5,2,1,1,0,0,65,38,0,White,White
32,2,127895,15,10,4,3,4,0,0,0,35,38,0,Black,Black
38,2,126675,11,9,0,2,1,1,0,2205,40,38,0,White,White
37,2,359591,0,6,2,2,0,1,0,0,40,38,0,White,White
63,1,57674,12,14,2,9,0,1,0,0,48,38,0,White,White
24,2,403865,15,10,2,2,0,1,0,0,56,38,0,White,White
53,4,101432,11,9,2,11,0,1,0,0,50,38,0,White,White
20,2,51816,11,9,4,10,3,1,0,0,40,38,0,Black,White
51,1,110327,9,13,2,3,0,1,0,0,40,38,1,White,White
23,2,291011,11,9,4,2,1,1,0,0,40,38,0,White,White
47,2,102771,11,9,2,13,0,1,0,0,50,38,0,White,White
63,2,203783,11,9,0,9,1,0,0,0,72,38,0,White,White
20,2,157541,15,10,4,2,3,1,0,0,40,38,0,White,White
23,2,154978,11,9,2,7,0,1,0,0,40,12,0,White,White
36,2,131239,9,13,2,9,0,1,3103,0,45,38,1,White,White
52,2,294991,9,13,2,9,0,1,0,0,40,38,1,White,White
50,2,31014,11,9,2,9,5,0,0,0,40,38,1,White,White
28,2,199566,9,13,2,7,0,1,0,0,40,38,0,Black,White
60,2,226949,11,9,0,0,4,0,0,0,37,38,0,White,White
44,1,24982,15,10,2,3,0,1,0,0,40,38,1,White,White
22,2,141297,15,10,4,12,3,1,0,0,40,38,0,White,White
38,2,226357,11,9,2,2,0,1,0,0,40,38,0,White,Black
32,5,77723,9,13,0,3,1,0,0,0,40,38,0,Asian-Pac-Islander,White
22,2,216867,4,3,2,2,0,1,0,0,48,25,0,White,White
20,2,278391,15,10,4,0,3,1,0,0,25,26,0,White,White
25,2,238964,15,10,2,2,0,1,0,0,60,38,1,White,White
33,2,598802,15,10,0,0,4,0,0,0,40,38,0,Black,White
54,2,53833,11,9,2,6,0,1,0,0,40,38,1,White,White
43,1,147328,12,14,2,3,0,1,0,1977,60,38,1,White,White
42,2,306982,9,13,2,0,0,1,0,0,40,29,1,Asian-Pac-Islander,Asian-Pac-Islander
33,2,214129,15,10,0,0,1,0,0,0,40,38,0,White,White
70,3,243436,6,5,0,11,1,1,0,0,45,38,0,White,White
49,1,107231,11,9,2,2,0,1,0,2002,40,38,0,White,White
33,4,42485,1,7,2,3,0,1,0,0,70,38,0,White,White
68,2,107627,15,10,2,9,0,1,0,0,15,38,0,White,White
33,2,99309,15,10,0,2,4,1,0,0,50,38,0,White,White
17,3,61838,0,6,4,2,3,1,0,0,40,38,0,White,White
40,2,235371,8,11,0,9,4,1,0,0,40,38,0,White,White
19,2,358631,11,9,4,0,1,1,0,0,25,38,0,White,White
52,0,123011,11,9,0,0,1,1,0,0,45,38,0,White,White
39,2,300760,11,9,0,12,4,0,0,0,50,38,0,White,White
35,2,166193,11,9,0,6,3,1,0,0,40,38,0,White,White
45,2,166636,11,9,0,7,2,0,0,0,35,38,0,Black,White
23,2,233472,9,13,4,3,1,1,0,0,40,38,0,White,White
22,2,283499,11,9,4,13,1,1,0,0,35,38,0,White,White
27,2,180758,15,10,2,5,0,1,0,0,30,38,0,White,White
60,2,178312,11,9,2,11,0,1,7298,0,65,38,1,White,White
43,4,35236,15,10,2,4,0,1,0,0,84,38,0,White,White
55,2,26716,0,6,4,13,1,1,0,0,60,38,0,White,White
65,3,172684,9,13,2,3,0,1,0,0,44,25,1,White,Asian-Pac-Islander
26,2,32276,11,9,4,4,1,1,0,0,40,38,0,White,White
54,2,123374,5,4,2,2,0,1,0,0,40,38,0,White,White
35,2,107160,2,8,5,7,1,0,0,0,30,38,0,White,White
35,2,198841,8,11,0,12,3,1,0,0,35,38,0,White,White
46,2,175925,15,10,2,4,0,1,0,0,40,38,0,White,White
40,2,321758,11,9,2,11,0,1,0,0,40,38,1,White,White
20,2,344278,1,7,5,7,3,0,0,0,40,38,0,White,White
37,2,348796,9,13,0,7,1,1,0,0,40,38,0,White,White
32,1,177566,15,10,3,9,1,1,0,0,50,10,0,White,White
47,5,72333,11,9,0,0,4,0,0,0,40,38,0,Asian-Pac-Islander,White
24,2,403671,11,9,2,2,0,1,0,0,60,38,0,White,White
49,2,207677,5,4,0,2,1,1,0,0,70,38,0,White,White
27,2,210498,15,10,2,3,0,1,0,0,80,38,0,White,White
45,5,90803,15,10,2,0,0,1,0,0,40,38,0,White,White
32,2,200700,15,10,4,11,1,1,0,0,50,38,0,White,White
53,2,46155,11,9,2,8,2,0,0,0,40,38,0,White,White
48,2,83444,8,11,2,3,0,1,0,0,43,38,1,White,White
24,2,278107,11,9,4,2,3,1,0,0,60,38,0,White,White
23,2,208908,9,13,4,7,1,0,0,0,30,38,0,White,White
27,2,146764,15,10,2,3,5,0,0,0,40,38,1,White,White
41,2,268183,14,15,2,9,0,1,0,0,45,38,1,White,White
31,2,129761,11,9,4,3,4,0,0,0,40,38,0,White,White
59,2,175942,11,9,2,13,0,1,0,0,45,38,1,White,White
35,1,177305,15,10,2,3,0,1,0,2377,40,38,0,White,White
18,2,423024,2,8,4,5,3,1,0,0,20,38,0,White,White
41,4,100800,12,14,2,3,0,1,7298,0,70,38,1,White,White
44,2,304530,15,10,0,2,1,1,0,0,55,38,0,White,White
21,2,57916,11,9,4,10,3,1,0,0,40,38,0,White,White
30,2,341051,12,14,2,3,0,1,15024,0,60,38,1,White,White
43,2,373403,8,11,2,2,0,1,0,0,40,38,0,White,White
20,2,100605,11,9,4,11,3,1,0,0,40,32,0,Other,Asian-Pac-Islander
26,4,118523,11,9,2,0,0,1,0,0,40,38,0,White,White
21,2,301556,11,9,4,7,3,0,0,0,19,38,0,White,White
19,2,278480,15,10,4,3,1,1,0,0,40,38,0,White,White
47,2,285200,11,9,2,2,0,1,0,0,40,38,0,White,White
61,2,210464,11,9,0,0,2,0,0,0,35,38,0,Black,White
26,2,64289,11,9,4,4,3,1,0,0,40,38,0,White,White
59,4,31137,11,9,2,4,0,1,0,0,70,38,0,White,White
21,2,206354,11,9,4,7,4,0,0,0,35,38,0,Black,White
47,2,106544,11,9,4,7,1,0,0,0,40,38,0,White,White
18,2,205218,1,7,4,11,3,0,0,0,20,38,0,White,White
48,4,52240,8,11,2,3,5,0,0,0,25,38,1,White,White
48,2,185041,5,4,2,13,0,1,0,1672,55,38,0,White,White
54,1,29887,11,9,2,3,0,1,0,0,56,38,0,White,White
28,4,190391,9,13,4,11,1,1,0,0,50,38,0,White,White
31,5,190305,12,14,2,9,0,1,0,0,50,38,0,White,White
61,2,28291,11,9,0,4,1,0,0,0,82,38,0,White,White
30,2,342709,11,9,3,2,2,1,0,0,40,38,0,White,White
19,2,174732,15,10,4,7,3,1,0,0,25,38,0,Black,White
34,5,287908,11,9,4,7,3,1,0,0,42,38,0,Black,White
32,1,190228,11,9,2,7,0,1,0,0,40,38,0,White,White
39,2,185624,15,10,2,6,0,1,0,0,50,38,0,White,White
50,2,135339,2,8,2,11,0,1,0,0,40,0,1,Asian-Pac-Islander,White
28,4,35032,9,13,4,3,1,1,0,0,50,38,0,White,White
34,2,205733,11,9,4,0,1,0,0,0,40,38,0,White,White
39,1,344855,12,14,2,9,5,0,0,1977,20,38,1,White,White
17,2,52486,1,7,4,7,3,0,0,0,12,38,0,White,White
33,3,202153,12,14,2,2,0,1,0,0,40,38,0,White,White
48,1,317360,12,14,2,9,5,0,0,0,40,38,1,White,White
53,4,145419,3,2,2,3,0,1,7688,0,67,21,1,White,White
24,3,493034,11,9,4,7,1,1,13550,0,50,38,1,Black,White
26,2,76491,12,14,2,9,0,1,0,0,20,38,0,White,White
32,1,168387,12,14,2,9,0,1,0,0,50,38,0,White,White
44,2,165599,11,9,2,6,0,1,0,0,48,38,0,White,White
34,0,112115,15,10,4,2,2,1,0,0,40,38,0,White,White
35,2,70447,15,10,4,9,4,1,4650,0,20,38,0,Asian-Pac-Islander,White
23,2,13769,15,10,2,6,0,1,0,0,30,38,0,Amer-Indian-Eskimo,White
41,2,282964,15,10,0,0,1,0,0,0,40,38,0,White,Black
30,2,193598,13,1,4,4,1,1,0,0,40,25,0,White,White
29,2,196971,9,13,4,9,3,0,0,0,72,38,0,White,White
25,2,166971,11,9,2,11,0,1,0,0,52,38,0,White,White
57,2,319733,9,13,2,6,0,1,0,0,40,30,1,White,Asian-Pac-Islander
50,2,176924,0,6,2,2,0,1,0,0,38,38,0,White,White
36,2,99146,11,9,2,6,0,1,0,0,45,38,1,White,White
41,4,226505,11,9,0,7,4,0,0,0,40,38,0,White,White
53,4,118793,0,6,2,2,0,1,0,0,50,38,1,White,White
46,2,268281,9,13,4,9,1,0,0,0,40,38,0,White,White
36,2,176544,15,10,4,7,1,1,0,0,48,38,0,White,White
29,2,53642,8,11,2,0,0,1,0,0,40,38,0,White,White
43,2,195258,11,9,2,0,0,1,0,0,40,38,1,White,White
21,2,119156,11,9,4,2,3,1,0,0,40,38,0,White,White
42,2,169383,12,14,2,9,0,1,0,0,40,38,1,White,White
41,2,291965,15,10,4,12,4,0,0,0,40,29,0,Asian-Pac-Islander,White
32,2,184440,15,10,2,6,0,1,3464,0,40,38,0,White,White
37,2,161141,15,10,2,2,0,1,0,0,40,38,1,White,White
32,2,205152,9,13,4,2,3,1,0,0,40,38,0,White,White
54,2,99434,11,9,2,3,0,1,0,0,40,38,1,White,White
22,5,232742,15,10,4,0,4,0,0,0,40,38,0,Black,Black
29,2,452205,11,9,0,7,4,0,0,0,36,38,0,White,White
26,2,314798,11,9,4,0,1,1,0,0,50,38,0,White,White
65,2,185001,0,6,6,11,1,0,0,0,20,38,0,White,White
26,2,37202,9,13,4,9,1,0,0,0,45,38,0,White,White
60,4,176839,14,15,2,11,0,1,0,0,45,38,1,White,White
42,2,185057,11,9,5,0,4,0,0,0,35,33,0,White,White
25,2,125159,7,12,2,5,0,1,0,0,40,22,0,Black,White
55,1,123382,8,11,5,9,4,0,0,0,35,38,0,Black,White
48,2,193553,11,9,0,7,1,0,0,0,20,38,0,Black,White
52,2,127315,12,14,2,9,0,1,0,0,40,38,1,White,White
32,2,168854,9,13,2,11,0,1,0,1848,50,38,1,White,White
31,1,150324,11,9,2,2,0,1,0,0,40,38,0,White,White
53,2,137192,9,13,0,3,4,1,0,0,50,38,0,Asian-Pac-Islander,White
41,2,168071,9,13,2,3,0,1,7298,0,50,38,1,White,White
19,2,238474,1,7,4,6,3,1,0,0,40,38,0,White,White
62,2,88579,11,9,4,0,1,0,0,0,38,38,0,White,White
40,2,439919,6,5,2,6,0,1,0,0,40,25,0,White,White
41,2,274363,15,10,5,11,1,1,0,0,80,38,1,White,White
42,2,313945,12,14,2,11,0,1,0,0,40,6,0,White,Asian-Pac-Islander
23,2,115458,11,9,4,13,3,1,0,0,40,38,0,White,White
52,4,138611,11,9,2,11,0,1,7688,0,55,38,1,White,White
46,4,231347,15,10,5,9,1,1,0,0,20,38,0,White,White
38,2,107125,15,10,4,11,1,1,0,0,60,38,0,White,White
50,0,32801,9,13,2,3,5,0,0,0,40,38,1,Amer-Indian-Eskimo,White
65,2,161400,1,7,6,7,4,1,0,0,40,38,0,Other,Black
38,5,312528,9,13,2,3,0,1,0,0,37,38,0,White,White
45,2,225456,9,13,2,9,0,1,0,1977,40,38,1,White,White
34,2,34080,8,11,2,2,0,1,0,0,40,8,0,White,White
56,2,108276,9,13,6,7,1,0,0,0,40,38,0,White,White
52,2,232024,15,10,0,0,1,0,0,0,60,38,0,White,White
54,2,68985,12,14,2,11,0,1,0,0,55,38,1,White,White
26,2,176756,15,10,2,11,0,1,0,0,40,38,0,White,White
51,5,194475,15,10,0,9,1,0,0,0,40,38,0,White,White
32,2,509350,15,10,2,5,0,1,0,0,50,1,1,White,White
68,4,69249,11,9,2,4,0,1,0,0,50,38,1,White,White
43,2,115323,9,13,2,3,0,1,3103,0,40,38,1,White,White
39,1,178100,12,14,0,9,4,0,0,0,40,38,0,White,White
48,2,125120,15,10,2,0,5,0,0,0,37,38,0,White,White
42,2,211860,11,9,5,0,1,1,0,0,40,38,0,White,White
23,2,211601,15,10,2,3,5,0,0,0,40,38,0,Black,White
54,2,98436,12,14,2,7,0,1,0,0,40,38,0,White,White
30,2,423770,15,10,4,9,3,1,0,0,40,25,0,White,White
36,3,77146,9,13,2,11,0,1,15024,0,45,38,1,White,White
28,2,78870,9,13,4,11,1,1,8614,0,40,38,1,White,White
23,2,117789,9,13,4,9,1,0,0,0,60,38,0,White,White
36,5,77146,12,14,4,9,1,1,0,0,40,38,0,White,White
48,2,187715,11,9,2,2,0,1,0,0,46,38,0,White,White
56,4,115439,15,10,2,2,0,1,0,0,60,38,0,White,White
27,2,210498,11,9,2,2,0,1,5178,0,40,38,1,White,White
40,0,544792,15,10,2,4,0,1,0,0,40,38,0,White,Black
22,1,195532,15,10,4,10,2,0,0,0,43,38,0,White,White
32,2,339482,4,3,5,4,2,1,0,0,60,25,0,White,White
45,2,371886,9,13,4,9,1,1,0,0,46,38,0,White,White
33,2,259301,15,10,2,13,0,1,0,0,41,38,0,White,White
42,2,190786,8,11,2,2,0,1,0,0,40,38,0,White,White
22,0,218445,15,10,4,3,1,0,0,0,40,38,0,White,White
31,2,219619,11,9,4,11,2,1,0,0,48,38,0,White,White
46,2,229737,9,13,2,11,0,1,0,0,50,18,1,White,Asian-Pac-Islander
20,2,142233,11,9,4,11,1,0,0,0,35,38,0,White,White
81,2,122651,15,10,2,11,0,1,0,0,15,38,0,White,White
48,2,172695,8,11,0,7,3,0,0,0,40,38,0,White,White
30,2,167832,11,9,2,6,0,1,0,0,40,38,0,White,White
52,2,176134,11,9,2,6,0,1,0,0,48,38,0,Black,White
62,3,56248,9,13,2,4,0,1,0,2415,60,38,1,White,White
22,2,195179,15,10,4,11,3,1,0,0,24,38,0,White,White
30,2,110594,11,9,0,0,3,0,0,0,40,38,0,White,White
61,4,84409,10,16,2,9,0,1,0,0,40,38,1,White,White
64,2,59829,11,9,2,4,0,1,0,0,25,9,0,White,White
28,2,288598,11,9,2,2,0,1,0,0,35,38,0,White,White
42,0,170230,12,14,4,3,1,0,14084,0,60,38,1,White,White
26,0,52322,9,13,4,12,1,1,0,0,60,38,0,Other,White
24,4,81145,15,10,4,7,1,0,0,0,75,38,0,White,White
33,2,256362,15,10,4,7,1,1,0,0,35,38,0,White,Black
32,4,129497,15,10,2,2,0,1,0,0,55,38,1,White,White
42,2,297335,7,12,3,3,4,0,0,0,31,24,0,Asian-Pac-Islander,White
32,2,159187,8,11,4,9,1,1,0,0,40,38,0,White,White
18,2,140164,1,7,4,11,3,0,0,0,40,38,0,White,White
40,2,75363,15,10,5,3,4,0,0,0,40,38,0,White,White
38,2,65382,15,10,2,2,0,1,0,0,40,38,1,White,White
64,1,113324,11,9,6,3,1,1,0,0,40,38,0,White,Black
33,2,59083,9,13,2,0,0,1,0,1902,45,38,1,White,White
19,2,39026,11,9,4,7,1,1,0,0,30,38,0,White,White
36,2,195516,11,9,0,6,1,1,0,0,40,38,0,White,White
37,2,170020,11,9,2,2,0,1,0,0,40,38,0,White,White
55,5,136819,11,9,2,10,0,1,0,0,40,38,0,White,White
38,2,97759,2,8,4,7,4,0,0,0,17,38,0,White,White
52,2,110748,12,14,2,9,0,1,0,0,50,38,1,White,White
35,2,49749,15,10,0,0,1,0,0,0,40,38,1,White,White
57,2,262642,11,9,4,0,2,0,0,0,40,38,0,White,White
